Datetime,Open,High,Low,Close,Adj Close,Volume,Dividends,Stock Splits
2026-09-30 00:00:00-04:00,89.79000091552734,89.79000091552734,89.76000213623047,89.7699966430664,89.7699966430664,0,0.0,0.0
2026-09-30 00:01:00-04:00,89.77999877929688,89.77999877929688,89.76000213623047,89.77999877929688,89.77999877929688,16,0.0,0.0
2026-09-30 00:02:00-04:00,89.79000091552734,89.81999969482422,89.77999877929688,89.81999969482422,89.81999969482422,21,0.0,0.0
2026-09-30 00:03:00-04:00,89.80000305175781,89.80000305175781,89.75,89.7699966430664,89.7699966430664,31,0.0,0.0
2026-09-30 00:04:00-04:00,89.76000213623047,89.77999877929688,89.75,89.7699966430664,89.7699966430664,25,0.0,0.0
2026-09-30 00:05:00-04:00,89.76000213623047,89.77999877929688,89.75,89.77999877929688,89.77999877929688,25,0.0,0.0
2026-09-30 00:06:00-04:00,89.77999877929688,89.80000305175781,89.7699966430664,89.80000305175781,89.80000305175781,32,0.0,0.0
2026-09-30 00:07:00-04:00,89.80999755859375,89.80999755859375,89.79000091552734,89.80000305175781,89.80000305175781,7,0.0,0.0
2026-09-30 00:08:00-04:00,89.80999755859375,89.80999755859375,89.7699966430664,89.7699966430664,89.7699966430664,23,0.0,0.0
2026-09-30 00:09:00-04:00,89.79000091552734,89.79000091552734,89.7699966430664,89.79000091552734,89.79000091552734,5,0.0,0.0
2026-09-30 00:10:00-04:00,89.79000091552734,89.79000091552734,89.77999877929688,89.77999877929688,89.77999877929688,11,0.0,0.0
2026-09-30 00:11:00-04:00,89.7699966430664,89.7699966430664,89.69000244140625,89.69999694824219,89.69999694824219,69,0.0,0.0
2026-09-30 00:12:00-04:00,89.69000244140625,89.69999694824219,89.68000030517578,89.69999694824219,89.69999694824219,13,0.0,0.0
2026-09-30 00:13:00-04:00,89.69999694824219,89.70999908447266,89.66000366210938,89.70999908447266,89.70999908447266,40,0.0,0.0
2026-09-30 00:14:00-04:00,89.72000122070312,89.72000122070312,89.69999694824219,89.69999694824219,89.69999694824219,2,0.0,0.0
2026-09-30 00:15:00-04:00,89.70999908447266,89.70999908447266,89.68000030517578,89.69000244140625,89.69000244140625,7,0.0,0.0
2026-09-30 00:16:00-04:00,89.68000030517578,89.69999694824219,89.6500015258789,89.66000366210938,89.66000366210938,39,0.0,0.0
2026-09-30 00:17:00-04:00,89.6500015258789,89.66999816894531,89.63999938964844,89.66000366210938,89.66000366210938,16,0.0,0.0
2026-09-30 00:18:00-04:00,89.66000366210938,89.66000366210938,89.56999969482422,89.56999969482422,89.56999969482422,98,0.0,0.0
2026-09-30 00:19:00-04:00,89.58000183105469,89.58999633789062,89.56999969482422,89.58000183105469,89.58000183105469,9,0.0,0.0
2026-09-30 00:20:00-04:00,89.58000183105469,89.58000183105469,89.55999755859375,89.56999969482422,89.56999969482422,9,0.0,0.0
2026-09-30 00:21:00-04:00,89.56999969482422,89.56999969482422,89.55999755859375,89.55999755859375,89.55999755859375,8,0.0,0.0
2026-09-30 00:22:00-04:00,89.55000305175781,89.55999755859375,89.45999908447266,89.51000213623047,89.51000213623047,103,0.0,0.0
2026-09-30 00:23:00-04:00,89.51000213623047,89.51000213623047,89.48999786376953,89.5,89.5,9,0.0,0.0
2026-09-30 00:24:00-04:00,89.4800033569336,89.5199966430664,89.44000244140625,89.45999908447266,89.45999908447266,46,0.0,0.0
2026-09-30 00:25:00-04:00,89.45999908447266,89.5,89.37999725341797,89.5,89.5,119,0.0,0.0
2026-09-30 00:26:00-04:00,89.4800033569336,89.48999786376953,89.45999908447266,89.47000122070312,89.47000122070312,22,0.0,0.0
2026-09-30 00:27:00-04:00,89.44999694824219,89.51000213623047,89.44999694824219,89.48999786376953,89.48999786376953,12,0.0,0.0
2026-09-30 00:28:00-04:00,89.5,89.55000305175781,89.5,89.55000305175781,89.55000305175781,34,0.0,0.0
2026-09-30 00:29:00-04:00,89.55999755859375,89.55999755859375,89.52999877929688,89.52999877929688,89.52999877929688,15,0.0,0.0
2026-09-30 00:30:00-04:00,89.55999755859375,89.55999755859375,89.5199966430664,89.5199966430664,89.5199966430664,10,0.0,0.0
2026-09-30 00:31:00-04:00,89.52999877929688,89.52999877929688,89.51000213623047,89.52999877929688,89.52999877929688,8,0.0,0.0
2026-09-30 00:32:00-04:00,89.52999877929688,89.54000091552734,89.51000213623047,89.51000213623047,89.51000213623047,16,0.0,0.0
2026-09-30 00:33:00-04:00,89.5199966430664,89.54000091552734,89.5,89.52999877929688,89.52999877929688,18,0.0,0.0
2026-09-30 00:34:00-04:00,89.5,89.51000213623047,89.47000122070312,89.51000213623047,89.51000213623047,36,0.0,0.0
2026-09-30 00:35:00-04:00,89.5,89.5199966430664,89.5,89.51000213623047,89.51000213623047,15,0.0,0.0
2026-09-30 00:36:00-04:00,89.51000213623047,89.58000183105469,89.51000213623047,89.58000183105469,89.58000183105469,16,0.0,0.0
2026-09-30 00:37:00-04:00,89.58000183105469,89.58000183105469,89.58000183105469,89.58000183105469,89.58000183105469,6,0.0,0.0
2026-09-30 00:38:00-04:00,89.62000274658203,89.62000274658203,89.58000183105469,89.58999633789062,89.58999633789062,48,0.0,0.0
2026-09-30 00:39:00-04:00,89.58999633789062,89.5999984741211,89.58999633789062,89.58999633789062,89.58999633789062,9,0.0,0.0
2026-09-30 00:40:00-04:00,89.58999633789062,89.5999984741211,89.45999908447266,89.4800033569336,89.4800033569336,50,0.0,0.0
2026-09-30 00:41:00-04:00,89.47000122070312,89.4800033569336,89.41999816894531,89.44999694824219,89.44999694824219,35,0.0,0.0
2026-09-30 00:42:00-04:00,89.43000030517578,89.44999694824219,89.43000030517578,89.43000030517578,89.43000030517578,16,0.0,0.0
2026-09-30 00:43:00-04:00,89.44999694824219,89.48999786376953,89.44000244140625,89.4800033569336,89.4800033569336,20,0.0,0.0
2026-09-30 00:44:00-04:00,89.4800033569336,89.5199966430664,89.4800033569336,89.48999786376953,89.48999786376953,86,0.0,0.0
2026-09-30 00:45:00-04:00,89.5,89.51000213623047,89.5,89.5,89.5,16,0.0,0.0
2026-09-30 00:46:00-04:00,89.5,89.5199966430664,89.5,89.5199966430664,89.5199966430664,6,0.0,0.0
2026-09-30 00:47:00-04:00,89.55000305175781,89.55000305175781,89.48999786376953,89.48999786376953,89.48999786376953,24,0.0,0.0
2026-09-30 00:49:00-04:00,89.4800033569336,89.5,89.4800033569336,89.4800033569336,89.4800033569336,16,0.0,0.0
2026-09-30 00:50:00-04:00,89.5,89.51000213623047,89.48999786376953,89.51000213623047,89.51000213623047,24,0.0,0.0
2026-09-30 00:51:00-04:00,89.51000213623047,89.52999877929688,89.51000213623047,89.52999877929688,89.52999877929688,6,0.0,0.0
2026-09-30 00:52:00-04:00,89.55999755859375,89.56999969482422,89.5199966430664,89.52999877929688,89.52999877929688,44,0.0,0.0
2026-09-30 00:54:00-04:00,89.51000213623047,89.51000213623047,89.45999908447266,89.45999908447266,89.45999908447266,17,0.0,0.0
2026-09-30 00:55:00-04:00,89.45999908447266,89.47000122070312,89.44000244140625,89.47000122070312,89.47000122070312,18,0.0,0.0
2026-09-30 00:56:00-04:00,89.44999694824219,89.45999908447266,89.44000244140625,89.44999694824219,89.44999694824219,8,0.0,0.0
2026-09-30 00:57:00-04:00,89.47000122070312,89.47000122070312,89.44999694824219,89.45999908447266,89.45999908447266,12,0.0,0.0
2026-09-30 00:58:00-04:00,89.45999908447266,89.4800033569336,89.45999908447266,89.45999908447266,89.45999908447266,7,0.0,0.0
2026-09-30 00:59:00-04:00,89.48999786376953,89.52999877929688,89.48999786376953,89.5199966430664,89.5199966430664,25,0.0,0.0
2026-09-30 01:00:00-04:00,89.52999877929688,89.56999969482422,89.52999877929688,89.56999969482422,89.56999969482422,28,0.0,0.0
2026-09-30 01:01:00-04:00,89.58000183105469,89.58999633789062,89.55000305175781,89.58000183105469,89.58000183105469,12,0.0,0.0
2026-09-30 01:02:00-04:00,89.56999969482422,89.62999725341797,89.56999969482422,89.58999633789062,89.58999633789062,67,0.0,0.0
2026-09-30 01:03:00-04:00,89.5999984741211,89.5999984741211,89.56999969482422,89.56999969482422,89.56999969482422,10,0.0,0.0
2026-09-30 01:04:00-04:00,89.56999969482422,89.56999969482422,89.56999969482422,89.56999969482422,89.56999969482422,3,0.0,0.0
2026-09-30 01:05:00-04:00,89.55999755859375,89.58999633789062,89.55999755859375,89.58999633789062,89.58999633789062,5,0.0,0.0
2026-09-30 01:06:00-04:00,89.58999633789062,89.58999633789062,89.56999969482422,89.58999633789062,89.58999633789062,8,0.0,0.0
2026-09-30 01:07:00-04:00,89.58999633789062,89.5999984741211,89.58999633789062,89.5999984741211,89.5999984741211,15,0.0,0.0
2026-09-30 01:08:00-04:00,89.5999984741211,89.5999984741211,89.58999633789062,89.58999633789062,89.58999633789062,5,0.0,0.0
2026-09-30 01:09:00-04:00,89.61000061035156,89.62999725341797,89.61000061035156,89.61000061035156,89.61000061035156,16,0.0,0.0
2026-09-30 01:10:00-04:00,89.61000061035156,89.6500015258789,89.5999984741211,89.62999725341797,89.62999725341797,38,0.0,0.0
2026-09-30 01:11:00-04:00,89.62999725341797,89.69000244140625,89.61000061035156,89.62000274658203,89.62000274658203,115,0.0,0.0
2026-09-30 01:12:00-04:00,89.63999938964844,89.6500015258789,89.55999755859375,89.62000274658203,89.62000274658203,44,0.0,0.0
2026-09-30 01:13:00-04:00,89.62999725341797,89.70999908447266,89.62999725341797,89.69000244140625,89.69000244140625,43,0.0,0.0
2026-09-30 01:14:00-04:00,89.70999908447266,89.7300033569336,89.68000030517578,89.69999694824219,89.69999694824219,79,0.0,0.0
2026-09-30 01:15:00-04:00,89.69999694824219,89.70999908447266,89.68000030517578,89.69999694824219,89.69999694824219,20,0.0,0.0
2026-09-30 01:16:00-04:00,89.70999908447266,89.73999786376953,89.69000244140625,89.70999908447266,89.70999908447266,19,0.0,0.0
2026-09-30 01:17:00-04:00,89.7300033569336,89.7300033569336,89.69999694824219,89.69999694824219,89.69999694824219,17,0.0,0.0
2026-09-30 01:18:00-04:00,89.69999694824219,89.69999694824219,89.63999938964844,89.66000366210938,89.66000366210938,41,0.0,0.0
2026-09-30 01:19:00-04:00,89.66000366210938,89.66999816894531,89.6500015258789,89.66000366210938,89.66000366210938,10,0.0,0.0
2026-09-30 01:20:00-04:00,89.6500015258789,89.69999694824219,89.6500015258789,89.69000244140625,89.69000244140625,16,0.0,0.0
2026-09-30 01:21:00-04:00,89.68000030517578,89.69000244140625,89.68000030517578,89.69000244140625,89.69000244140625,9,0.0,0.0
2026-09-30 01:22:00-04:00,89.68000030517578,89.68000030517578,89.66000366210938,89.68000030517578,89.68000030517578,18,0.0,0.0
2026-09-30 01:23:00-04:00,89.68000030517578,89.69999694824219,89.66999816894531,89.66999816894531,89.66999816894531,19,0.0,0.0
2026-09-30 01:24:00-04:00,89.68000030517578,89.68000030517578,89.66000366210938,89.68000030517578,89.68000030517578,5,0.0,0.0
2026-09-30 01:25:00-04:00,89.68000030517578,89.72000122070312,89.68000030517578,89.72000122070312,89.72000122070312,23,0.0,0.0
2026-09-30 01:26:00-04:00,89.70999908447266,89.70999908447266,89.66000366210938,89.66999816894531,89.66999816894531,14,0.0,0.0
2026-09-30 01:27:00-04:00,89.66999816894531,89.69999694824219,89.66999816894531,89.69999694824219,89.69999694824219,13,0.0,0.0
2026-09-30 01:29:00-04:00,89.69000244140625,89.69000244140625,89.69000244140625,89.69000244140625,89.69000244140625,16,0.0,0.0
2026-09-30 01:30:00-04:00,89.69999694824219,89.70999908447266,89.66999816894531,89.66999816894531,89.66999816894531,59,0.0,0.0
2026-09-30 01:31:00-04:00,89.68000030517578,89.68000030517578,89.48999786376953,89.5199966430664,89.5199966430664,95,0.0,0.0
2026-09-30 01:32:00-04:00,89.55999755859375,89.58999633789062,89.5,89.54000091552734,89.54000091552734,86,0.0,0.0
2026-09-30 01:33:00-04:00,89.5199966430664,89.62000274658203,89.5199966430664,89.61000061035156,89.61000061035156,50,0.0,0.0
2026-09-30 01:34:00-04:00,89.62000274658203,89.63999938964844,89.52999877929688,89.55999755859375,89.55999755859375,29,0.0,0.0
2026-09-30 01:35:00-04:00,89.55999755859375,89.56999969482422,89.38999938964844,89.41999816894531,89.41999816894531,159,0.0,0.0
2026-09-30 01:36:00-04:00,89.4000015258789,89.45999908447266,89.4000015258789,89.41999816894531,89.41999816894531,64,0.0,0.0
2026-09-30 01:37:00-04:00,89.41999816894531,89.44999694824219,89.4000015258789,89.41000366210938,89.41000366210938,46,0.0,0.0
2026-09-30 01:38:00-04:00,89.4000015258789,89.44999694824219,89.4000015258789,89.44999694824219,89.44999694824219,28,0.0,0.0
2026-09-30 01:39:00-04:00,89.44999694824219,89.61000061035156,89.44000244140625,89.54000091552734,89.54000091552734,109,0.0,0.0
2026-09-30 01:40:00-04:00,89.54000091552734,89.55999755859375,89.48999786376953,89.48999786376953,89.48999786376953,45,0.0,0.0
2026-09-30 01:41:00-04:00,89.48999786376953,89.48999786376953,89.45999908447266,89.47000122070312,89.47000122070312,12,0.0,0.0
2026-09-30 01:42:00-04:00,89.5,89.5,89.44000244140625,89.44000244140625,89.44000244140625,8,0.0,0.0
2026-09-30 01:43:00-04:00,89.45999908447266,89.4800033569336,89.44000244140625,89.45999908447266,89.45999908447266,34,0.0,0.0
2026-09-30 01:44:00-04:00,89.44000244140625,89.5199966430664,89.4000015258789,89.5199966430664,89.5199966430664,69,0.0,0.0
2026-09-30 01:45:00-04:00,89.5199966430664,89.55999755859375,89.51000213623047,89.54000091552734,89.54000091552734,65,0.0,0.0
2026-09-30 01:46:00-04:00,89.5199966430664,89.52999877929688,89.44999694824219,89.4800033569336,89.4800033569336,24,0.0,0.0
2026-09-30 01:47:00-04:00,89.4800033569336,89.5,89.45999908447266,89.48999786376953,89.48999786376953,14,0.0,0.0
2026-09-30 01:48:00-04:00,89.5199966430664,89.54000091552734,89.51000213623047,89.52999877929688,89.52999877929688,14,0.0,0.0
2026-09-30 01:49:00-04:00,89.51000213623047,89.54000091552734,89.5,89.54000091552734,89.54000091552734,50,0.0,0.0
2026-09-30 01:50:00-04:00,89.55000305175781,89.62999725341797,89.54000091552734,89.62999725341797,89.62999725341797,70,0.0,0.0
2026-09-30 01:51:00-04:00,89.62999725341797,89.69000244140625,89.62999725341797,89.66000366210938,89.66000366210938,60,0.0,0.0
2026-09-30 01:52:00-04:00,89.66999816894531,89.66999816894531,89.63999938964844,89.66999816894531,89.66999816894531,7,0.0,0.0
2026-09-30 01:53:00-04:00,89.66000366210938,89.68000030517578,89.56999969482422,89.66999816894531,89.66999816894531,44,0.0,0.0
2026-09-30 01:54:00-04:00,89.63999938964844,89.68000030517578,89.62000274658203,89.62999725341797,89.62999725341797,35,0.0,0.0
2026-09-30 01:55:00-04:00,89.63999938964844,89.69999694824219,89.62000274658203,89.6500015258789,89.6500015258789,46,0.0,0.0
2026-09-30 01:56:00-04:00,89.68000030517578,89.68000030517578,89.61000061035156,89.62999725341797,89.62999725341797,25,0.0,0.0
2026-09-30 01:57:00-04:00,89.62999725341797,89.66000366210938,89.62000274658203,89.6500015258789,89.6500015258789,47,0.0,0.0
2026-09-30 01:58:00-04:00,89.66000366210938,89.69000244140625,89.12000274658203,89.33999633789062,89.33999633789062,931,0.0,0.0
2026-09-30 01:59:00-04:00,89.37000274658203,89.5199966430664,89.33999633789062,89.4800033569336,89.4800033569336,164,0.0,0.0
2026-09-30 02:00:00-04:00,89.4800033569336,89.5,89.30999755859375,89.31999969482422,89.31999969482422,208,0.0,0.0
2026-09-30 02:01:00-04:00,89.33999633789062,89.4000015258789,89.19000244140625,89.4000015258789,89.4000015258789,256,0.0,0.0
2026-09-30 02:02:00-04:00,89.4000015258789,89.41000366210938,89.30999755859375,89.36000061035156,89.36000061035156,75,0.0,0.0
2026-09-30 02:03:00-04:00,89.36000061035156,89.48999786376953,89.3499984741211,89.48999786376953,89.48999786376953,85,0.0,0.0
2026-09-30 02:04:00-04:00,89.5,89.52999877929688,89.31999969482422,89.36000061035156,89.36000061035156,100,0.0,0.0
2026-09-30 02:05:00-04:00,89.36000061035156,89.41999816894531,89.33000183105469,89.37000274658203,89.37000274658203,93,0.0,0.0
2026-09-30 02:06:00-04:00,89.37999725341797,89.41000366210938,89.30999755859375,89.33999633789062,89.33999633789062,85,0.0,0.0
2026-09-30 02:07:00-04:00,89.31999969482422,89.33000183105469,89.29000091552734,89.29000091552734,89.29000091552734,55,0.0,0.0
2026-09-30 02:08:00-04:00,89.26000213623047,89.48999786376953,89.25,89.44999694824219,89.44999694824219,305,0.0,0.0
2026-09-30 02:09:00-04:00,89.43000030517578,89.43000030517578,89.33000183105469,89.3499984741211,89.3499984741211,81,0.0,0.0
2026-09-30 02:10:00-04:00,89.3499984741211,89.37999725341797,89.30999755859375,89.30999755859375,89.30999755859375,39,0.0,0.0
2026-09-30 02:11:00-04:00,89.33000183105469,89.33000183105469,89.2699966430664,89.29000091552734,89.29000091552734,101,0.0,0.0
2026-09-30 02:12:00-04:00,89.27999877929688,89.38999938964844,89.2699966430664,89.37000274658203,89.37000274658203,142,0.0,0.0
2026-09-30 02:13:00-04:00,89.37000274658203,89.37999725341797,89.30999755859375,89.3499984741211,89.3499984741211,44,0.0,0.0
2026-09-30 02:14:00-04:00,89.37999725341797,89.37999725341797,89.30000305175781,89.30999755859375,89.30999755859375,34,0.0,0.0
2026-09-30 02:15:00-04:00,89.29000091552734,89.30999755859375,89.25,89.27999877929688,89.27999877929688,77,0.0,0.0
2026-09-30 02:16:00-04:00,89.2699966430664,89.29000091552734,89.20999908447266,89.2300033569336,89.2300033569336,85,0.0,0.0
2026-09-30 02:17:00-04:00,89.22000122070312,89.2300033569336,89.06999969482422,89.18000030517578,89.18000030517578,230,0.0,0.0
2026-09-30 02:18:00-04:00,89.18000030517578,89.29000091552734,89.18000030517578,89.19000244140625,89.19000244140625,122,0.0,0.0
2026-09-30 02:19:00-04:00,89.19000244140625,89.31999969482422,89.16000366210938,89.30000305175781,89.30000305175781,137,0.0,0.0
2026-09-30 02:20:00-04:00,89.30999755859375,89.31999969482422,89.20999908447266,89.27999877929688,89.27999877929688,134,0.0,0.0
2026-09-30 02:21:00-04:00,89.29000091552734,89.30999755859375,89.2300033569336,89.25,89.25,46,0.0,0.0
2026-09-30 02:22:00-04:00,89.25,89.30000305175781,89.19999694824219,89.2699966430664,89.2699966430664,143,0.0,0.0
2026-09-30 02:23:00-04:00,89.27999877929688,89.44000244140625,89.27999877929688,89.44000244140625,89.44000244140625,274,0.0,0.0
2026-09-30 02:24:00-04:00,89.43000030517578,89.4800033569336,89.41999816894531,89.44000244140625,89.44000244140625,171,0.0,0.0
2026-09-30 02:25:00-04:00,89.44999694824219,89.5,89.3499984741211,89.3499984741211,89.3499984741211,120,0.0,0.0
2026-09-30 02:26:00-04:00,89.37000274658203,89.41999816894531,89.37000274658203,89.41000366210938,89.41000366210938,28,0.0,0.0
2026-09-30 02:27:00-04:00,89.4000015258789,89.43000030517578,89.37999725341797,89.41999816894531,89.41999816894531,93,0.0,0.0
2026-09-30 02:28:00-04:00,89.47000122070312,89.66999816894531,89.41999816894531,89.6500015258789,89.6500015258789,242,0.0,0.0
2026-09-30 02:29:00-04:00,89.66999816894531,89.76000213623047,89.66000366210938,89.7300033569336,89.7300033569336,145,0.0,0.0
2026-09-30 02:30:00-04:00,89.7300033569336,89.87999725341797,89.7300033569336,89.87000274658203,89.87000274658203,155,0.0,0.0
2026-09-30 02:31:00-04:00,89.9000015258789,89.98999786376953,89.8499984741211,89.87999725341797,89.87999725341797,327,0.0,0.0
2026-09-30 02:32:00-04:00,89.87999725341797,89.98999786376953,89.86000061035156,89.88999938964844,89.88999938964844,192,0.0,0.0
2026-09-30 02:33:00-04:00,89.88999938964844,89.91000366210938,89.86000061035156,89.88999938964844,89.88999938964844,42,0.0,0.0
2026-09-30 02:34:00-04:00,89.88999938964844,89.94000244140625,89.81999969482422,89.86000061035156,89.86000061035156,140,0.0,0.0
2026-09-30 02:35:00-04:00,89.83000183105469,89.87999725341797,89.76000213623047,89.76000213623047,89.76000213623047,112,0.0,0.0
2026-09-30 02:36:00-04:00,89.76000213623047,89.77999877929688,89.66000366210938,89.68000030517578,89.68000030517578,126,0.0,0.0
2026-09-30 02:37:00-04:00,89.69000244140625,89.77999877929688,89.63999938964844,89.63999938964844,89.63999938964844,204,0.0,0.0
2026-09-30 02:38:00-04:00,89.62999725341797,89.69000244140625,89.54000091552734,89.61000061035156,89.61000061035156,513,0.0,0.0
2026-09-30 02:39:00-04:00,89.62999725341797,89.72000122070312,89.5999984741211,89.69999694824219,89.69999694824219,177,0.0,0.0
2026-09-30 02:40:00-04:00,89.69000244140625,89.69000244140625,89.5999984741211,89.62000274658203,89.62000274658203,90,0.0,0.0
2026-09-30 02:41:00-04:00,89.61000061035156,89.75,89.61000061035156,89.75,89.75,94,0.0,0.0
2026-09-30 02:42:00-04:00,89.72000122070312,89.75,89.70999908447266,89.70999908447266,89.70999908447266,56,0.0,0.0
2026-09-30 02:43:00-04:00,89.69999694824219,89.69999694824219,89.63999938964844,89.66000366210938,89.66000366210938,37,0.0,0.0
2026-09-30 02:44:00-04:00,89.66999816894531,89.72000122070312,89.55999755859375,89.5999984741211,89.5999984741211,170,0.0,0.0
2026-09-30 02:45:00-04:00,89.62000274658203,89.91000366210938,89.5999984741211,89.80000305175781,89.80000305175781,540,0.0,0.0
2026-09-30 02:46:00-04:00,89.79000091552734,89.9000015258789,89.79000091552734,89.88999938964844,89.88999938964844,104,0.0,0.0
2026-09-30 02:47:00-04:00,89.87000274658203,89.88999938964844,89.76000213623047,89.88999938964844,89.88999938964844,216,0.0,0.0
2026-09-30 02:48:00-04:00,89.9000015258789,89.93000030517578,89.80000305175781,89.81999969482422,89.81999969482422,297,0.0,0.0
2026-09-30 02:49:00-04:00,89.79000091552734,89.83999633789062,89.62999725341797,89.68000030517578,89.68000030517578,270,0.0,0.0
2026-09-30 02:50:00-04:00,89.68000030517578,89.70999908447266,89.61000061035156,89.63999938964844,89.63999938964844,71,0.0,0.0
2026-09-30 02:51:00-04:00,89.66000366210938,89.68000030517578,89.62000274658203,89.66999816894531,89.66999816894531,45,0.0,0.0
2026-09-30 02:52:00-04:00,89.68000030517578,89.68000030517578,89.55999755859375,89.66000366210938,89.66000366210938,109,0.0,0.0
2026-09-30 02:53:00-04:00,89.66999816894531,89.69000244140625,89.58000183105469,89.5999984741211,89.5999984741211,207,0.0,0.0
2026-09-30 02:54:00-04:00,89.5999984741211,89.6500015258789,89.58000183105469,89.5999984741211,89.5999984741211,67,0.0,0.0
2026-09-30 02:55:00-04:00,89.61000061035156,89.66000366210938,89.5999984741211,89.61000061035156,89.61000061035156,90,0.0,0.0
2026-09-30 02:56:00-04:00,89.62999725341797,89.68000030517578,89.62999725341797,89.66000366210938,89.66000366210938,88,0.0,0.0
2026-09-30 02:57:00-04:00,89.66000366210938,89.66999816894531,89.62000274658203,89.62000274658203,89.62000274658203,27,0.0,0.0
2026-09-30 02:58:00-04:00,89.62000274658203,89.6500015258789,89.5999984741211,89.6500015258789,89.6500015258789,131,0.0,0.0
2026-09-30 02:59:00-04:00,89.6500015258789,89.79000091552734,89.6500015258789,89.73999786376953,89.73999786376953,239,0.0,0.0
2026-09-30 03:00:00-04:00,89.75,89.7699966430664,89.55000305175781,89.55000305175781,89.55000305175781,237,0.0,0.0
2026-09-30 03:01:00-04:00,89.55000305175781,89.5999984741211,89.41000366210938,89.41999816894531,89.41999816894531,229,0.0,0.0
2026-09-30 03:02:00-04:00,89.41999816894531,89.45999908447266,89.23999786376953,89.31999969482422,89.31999969482422,328,0.0,0.0
2026-09-30 03:03:00-04:00,89.33000183105469,89.37000274658203,89.29000091552734,89.33000183105469,89.33000183105469,208,0.0,0.0
2026-09-30 03:04:00-04:00,89.3499984741211,89.38999938964844,89.2300033569336,89.26000213623047,89.26000213623047,207,0.0,0.0
2026-09-30 03:05:00-04:00,89.2300033569336,89.25,89.12999725341797,89.16999816894531,89.16999816894531,300,0.0,0.0
2026-09-30 03:06:00-04:00,89.18000030517578,89.30999755859375,89.1500015258789,89.26000213623047,89.26000213623047,170,0.0,0.0
2026-09-30 03:07:00-04:00,89.26000213623047,89.29000091552734,89.18000030517578,89.19999694824219,89.19999694824219,148,0.0,0.0
2026-09-30 03:08:00-04:00,89.20999908447266,89.27999877929688,89.19000244140625,89.26000213623047,89.26000213623047,107,0.0,0.0
2026-09-30 03:09:00-04:00,89.26000213623047,89.33000183105469,89.23999786376953,89.25,89.25,94,0.0,0.0
2026-09-30 03:10:00-04:00,89.23999786376953,89.27999877929688,89.19000244140625,89.19999694824219,89.19999694824219,158,0.0,0.0
2026-09-30 03:11:00-04:00,89.19999694824219,89.33999633789062,89.16999816894531,89.2699966430664,89.2699966430664,150,0.0,0.0
2026-09-30 03:12:00-04:00,89.27999877929688,89.27999877929688,89.23999786376953,89.26000213623047,89.26000213623047,51,0.0,0.0
2026-09-30 03:13:00-04:00,89.27999877929688,89.31999969482422,89.23999786376953,89.29000091552734,89.29000091552734,106,0.0,0.0
2026-09-30 03:14:00-04:00,89.30000305175781,89.30000305175781,89.23999786376953,89.23999786376953,89.23999786376953,134,0.0,0.0
2026-09-30 03:15:00-04:00,89.2300033569336,89.26000213623047,89.12000274658203,89.13999938964844,89.13999938964844,499,0.0,0.0
2026-09-30 03:16:00-04:00,89.12000274658203,89.13999938964844,88.80999755859375,88.8499984741211,88.8499984741211,800,0.0,0.0
2026-09-30 03:17:00-04:00,88.83999633789062,88.88999938964844,88.7300033569336,88.86000061035156,88.86000061035156,658,0.0,0.0
2026-09-30 03:18:00-04:00,88.87000274658203,88.91000366210938,88.70999908447266,88.72000122070312,88.72000122070312,259,0.0,0.0
2026-09-30 03:19:00-04:00,88.70999908447266,88.75,88.66999816894531,88.69999694824219,88.69999694824219,213,0.0,0.0
2026-09-30 03:20:00-04:00,88.69000244140625,88.77999877929688,88.63999938964844,88.76000213623047,88.76000213623047,316,0.0,0.0
2026-09-30 03:21:00-04:00,88.79000091552734,88.80000305175781,88.62000274658203,88.63999938964844,88.63999938964844,243,0.0,0.0
2026-09-30 03:22:00-04:00,88.6500015258789,88.69999694824219,88.6500015258789,88.66000366210938,88.66000366210938,118,0.0,0.0
2026-09-30 03:23:00-04:00,88.66999816894531,88.69000244140625,88.58999633789062,88.6500015258789,88.6500015258789,448,0.0,0.0
2026-09-30 03:24:00-04:00,88.66000366210938,88.70999908447266,88.6500015258789,88.68000030517578,88.68000030517578,108,0.0,0.0
2026-09-30 03:25:00-04:00,88.68000030517578,88.79000091552734,88.62000274658203,88.79000091552734,88.79000091552734,169,0.0,0.0
2026-09-30 03:26:00-04:00,88.77999877929688,88.91000366210938,88.75,88.87000274658203,88.87000274658203,375,0.0,0.0
2026-09-30 03:27:00-04:00,88.86000061035156,89.13999938964844,88.8499984741211,89.13999938964844,89.13999938964844,334,0.0,0.0
2026-09-30 03:28:00-04:00,89.13999938964844,89.37000274658203,89.12999725341797,89.31999969482422,89.31999969482422,614,0.0,0.0
2026-09-30 03:29:00-04:00,89.33000183105469,89.3499984741211,89.20999908447266,89.22000122070312,89.22000122070312,277,0.0,0.0
2026-09-30 03:30:00-04:00,89.22000122070312,89.2699966430664,89.08999633789062,89.12000274658203,89.12000274658203,207,0.0,0.0
2026-09-30 03:31:00-04:00,89.12999725341797,89.26000213623047,89.08000183105469,89.2300033569336,89.2300033569336,114,0.0,0.0
2026-09-30 03:32:00-04:00,89.23999786376953,89.25,89.05999755859375,89.08999633789062,89.08999633789062,237,0.0,0.0
2026-09-30 03:33:00-04:00,89.05999755859375,89.0999984741211,88.98999786376953,89.05999755859375,89.05999755859375,132,0.0,0.0
2026-09-30 03:34:00-04:00,89.05999755859375,89.16000366210938,89.04000091552734,89.04000091552734,89.04000091552734,145,0.0,0.0
2026-09-30 03:35:00-04:00,89.05999755859375,89.08999633789062,88.9800033569336,89.01000213623047,89.01000213623047,158,0.0,0.0
2026-09-30 03:36:00-04:00,89.01000213623047,89.01000213623047,88.94000244140625,88.95999908447266,88.95999908447266,152,0.0,0.0
2026-09-30 03:37:00-04:00,88.94999694824219,89.06999969482422,88.94999694824219,89.05000305175781,89.05000305175781,129,0.0,0.0
2026-09-30 03:38:00-04:00,89.02999877929688,89.13999938964844,88.94999694824219,89.05000305175781,89.05000305175781,168,0.0,0.0
2026-09-30 03:39:00-04:00,89.08999633789062,89.0999984741211,89.01000213623047,89.04000091552734,89.04000091552734,115,0.0,0.0
2026-09-30 03:40:00-04:00,89.05000305175781,89.11000061035156,89.04000091552734,89.08999633789062,89.08999633789062,47,0.0,0.0
2026-09-30 03:41:00-04:00,89.0999984741211,89.12000274658203,89.05999755859375,89.08000183105469,89.08000183105469,64,0.0,0.0
2026-09-30 03:42:00-04:00,89.0999984741211,89.31999969482422,89.0999984741211,89.30999755859375,89.30999755859375,394,0.0,0.0
2026-09-30 03:43:00-04:00,89.30000305175781,89.36000061035156,89.22000122070312,89.33999633789062,89.33999633789062,225,0.0,0.0
2026-09-30 03:44:00-04:00,89.33000183105469,89.44000244140625,89.31999969482422,89.44000244140625,89.44000244140625,150,0.0,0.0
2026-09-30 03:45:00-04:00,89.44000244140625,89.47000122070312,89.30999755859375,89.36000061035156,89.36000061035156,188,0.0,0.0
2026-09-30 03:46:00-04:00,89.37999725341797,89.4000015258789,89.27999877929688,89.29000091552734,89.29000091552734,108,0.0,0.0
2026-09-30 03:47:00-04:00,89.30999755859375,89.33999633789062,89.29000091552734,89.30999755859375,89.30999755859375,76,0.0,0.0
2026-09-30 03:48:00-04:00,89.30999755859375,89.44000244140625,89.30000305175781,89.30999755859375,89.30999755859375,198,0.0,0.0
2026-09-30 03:49:00-04:00,89.31999969482422,89.37999725341797,89.20999908447266,89.23999786376953,89.23999786376953,181,0.0,0.0
2026-09-30 03:50:00-04:00,89.25,89.25,89.12000274658203,89.12000274658203,89.12000274658203,93,0.0,0.0
2026-09-30 03:51:00-04:00,89.11000061035156,89.16999816894531,89.08999633789062,89.16000366210938,89.16000366210938,101,0.0,0.0
2026-09-30 03:52:00-04:00,89.1500015258789,89.26000213623047,89.0999984741211,89.26000213623047,89.26000213623047,140,0.0,0.0
2026-09-30 03:53:00-04:00,89.26000213623047,89.37000274658203,89.26000213623047,89.3499984741211,89.3499984741211,149,0.0,0.0
2026-09-30 03:54:00-04:00,89.3499984741211,89.44999694824219,89.30000305175781,89.41999816894531,89.41999816894531,163,0.0,0.0
2026-09-30 03:55:00-04:00,89.41000366210938,89.54000091552734,89.4000015258789,89.5199966430664,89.5199966430664,179,0.0,0.0
2026-09-30 03:56:00-04:00,89.5199966430664,89.55999755859375,89.44000244140625,89.45999908447266,89.45999908447266,195,0.0,0.0
2026-09-30 03:57:00-04:00,89.44999694824219,89.56999969482422,89.41999816894531,89.55000305175781,89.55000305175781,164,0.0,0.0
2026-09-30 03:58:00-04:00,89.55999755859375,89.58000183105469,89.52999877929688,89.52999877929688,89.52999877929688,72,0.0,0.0
2026-09-30 03:59:00-04:00,89.52999877929688,89.61000061035156,89.47000122070312,89.5999984741211,89.5999984741211,240,0.0,0.0
2026-09-30 04:00:00-04:00,89.62000274658203,89.62000274658203,89.55000305175781,89.55000305175781,89.55000305175781,139,0.0,0.0
2026-09-30 04:01:00-04:00,89.55999755859375,89.62000274658203,89.25,89.36000061035156,89.36000061035156,796,0.0,0.0
2026-09-30 04:02:00-04:00,89.37000274658203,89.37000274658203,89.20999908447266,89.25,89.25,383,0.0,0.0
2026-09-30 04:03:00-04:00,89.2300033569336,89.23999786376953,89.05999755859375,89.13999938964844,89.13999938964844,259,0.0,0.0
2026-09-30 04:04:00-04:00,89.1500015258789,89.31999969482422,89.13999938964844,89.30000305175781,89.30000305175781,128,0.0,0.0
2026-09-30 04:05:00-04:00,89.30000305175781,89.37999725341797,89.25,89.30000305175781,89.30000305175781,234,0.0,0.0
2026-09-30 04:06:00-04:00,89.30000305175781,89.43000030517578,89.27999877929688,89.4000015258789,89.4000015258789,148,0.0,0.0
2026-09-30 04:07:00-04:00,89.37000274658203,89.44999694824219,89.30999755859375,89.33999633789062,89.33999633789062,396,0.0,0.0
2026-09-30 04:08:00-04:00,89.31999969482422,89.37999725341797,89.27999877929688,89.30000305175781,89.30000305175781,248,0.0,0.0
2026-09-30 04:09:00-04:00,89.30999755859375,89.44999694824219,89.30000305175781,89.37999725341797,89.37999725341797,146,0.0,0.0
2026-09-30 04:10:00-04:00,89.37999725341797,89.41999816894531,89.3499984741211,89.38999938964844,89.38999938964844,278,0.0,0.0
2026-09-30 04:11:00-04:00,89.37000274658203,89.4800033569336,89.31999969482422,89.37000274658203,89.37000274658203,472,0.0,0.0
2026-09-30 04:12:00-04:00,89.37000274658203,89.44000244140625,89.29000091552734,89.3499984741211,89.3499984741211,204,0.0,0.0
2026-09-30 04:13:00-04:00,89.37000274658203,89.58999633789062,89.33000183105469,89.58000183105469,89.58000183105469,344,0.0,0.0
2026-09-30 04:14:00-04:00,89.56999969482422,89.58000183105469,89.44000244140625,89.45999908447266,89.45999908447266,357,0.0,0.0
2026-09-30 04:15:00-04:00,89.45999908447266,89.55999755859375,89.44000244140625,89.48999786376953,89.48999786376953,285,0.0,0.0
2026-09-30 04:16:00-04:00,89.51000213623047,89.58000183105469,89.43000030517578,89.44999694824219,89.44999694824219,740,0.0,0.0
2026-09-30 04:17:00-04:00,89.44000244140625,89.58000183105469,89.33000183105469,89.43000030517578,89.43000030517578,813,0.0,0.0
2026-09-30 04:18:00-04:00,89.41000366210938,89.43000030517578,89.33000183105469,89.36000061035156,89.36000061035156,773,0.0,0.0
2026-09-30 04:19:00-04:00,89.37000274658203,89.62999725341797,89.33000183105469,89.58000183105469,89.58000183105469,512,0.0,0.0
2026-09-30 04:20:00-04:00,89.58999633789062,89.62000274658203,89.5,89.52999877929688,89.52999877929688,202,0.0,0.0
2026-09-30 04:21:00-04:00,89.52999877929688,89.54000091552734,89.4000015258789,89.4000015258789,89.4000015258789,482,0.0,0.0
2026-09-30 04:22:00-04:00,89.41000366210938,89.55000305175781,89.38999938964844,89.55000305175781,89.55000305175781,386,0.0,0.0
2026-09-30 04:23:00-04:00,89.52999877929688,89.5999984741211,89.5199966430664,89.52999877929688,89.52999877929688,244,0.0,0.0
2026-09-30 04:24:00-04:00,89.51000213623047,89.5199966430664,89.45999908447266,89.45999908447266,89.45999908447266,94,0.0,0.0
2026-09-30 04:25:00-04:00,89.47000122070312,89.62999725341797,89.47000122070312,89.62999725341797,89.62999725341797,185,0.0,0.0
2026-09-30 04:26:00-04:00,89.63999938964844,89.6500015258789,89.55000305175781,89.61000061035156,89.61000061035156,118,0.0,0.0
2026-09-30 04:27:00-04:00,89.5999984741211,89.66999816894531,89.58999633789062,89.58999633789062,89.58999633789062,140,0.0,0.0
2026-09-30 04:28:00-04:00,89.58999633789062,89.66999816894531,89.44999694824219,89.48999786376953,89.48999786376953,495,0.0,0.0
2026-09-30 04:29:00-04:00,89.4800033569336,89.69000244140625,89.4800033569336,89.69000244140625,89.69000244140625,720,0.0,0.0
2026-09-30 04:30:00-04:00,89.6500015258789,89.88999938964844,89.62999725341797,89.79000091552734,89.79000091552734,725,0.0,0.0
2026-09-30 04:31:00-04:00,89.79000091552734,89.87999725341797,89.77999877929688,89.81999969482422,89.81999969482422,171,0.0,0.0
2026-09-30 04:32:00-04:00,89.77999877929688,89.87000274658203,89.73999786376953,89.73999786376953,89.73999786376953,367,0.0,0.0
2026-09-30 04:33:00-04:00,89.7300033569336,89.7699966430664,89.5199966430664,89.55000305175781,89.55000305175781,271,0.0,0.0
2026-09-30 04:34:00-04:00,89.55000305175781,89.55999755859375,89.43000030517578,89.55999755859375,89.55999755859375,380,0.0,0.0
2026-09-30 04:35:00-04:00,89.55000305175781,89.5999984741211,89.51000213623047,89.5999984741211,89.5999984741211,133,0.0,0.0
2026-09-30 04:36:00-04:00,89.61000061035156,89.62999725341797,89.54000091552734,89.5999984741211,89.5999984741211,84,0.0,0.0
2026-09-30 04:37:00-04:00,89.58999633789062,89.5999984741211,89.4800033569336,89.52999877929688,89.52999877929688,202,0.0,0.0
2026-09-30 04:38:00-04:00,89.55000305175781,89.58999633789062,89.48999786376953,89.5,89.5,264,0.0,0.0
2026-09-30 04:39:00-04:00,89.51000213623047,89.55000305175781,89.44000244140625,89.52999877929688,89.52999877929688,233,0.0,0.0
2026-09-30 04:40:00-04:00,89.51000213623047,89.52999877929688,89.38999938964844,89.5,89.5,353,0.0,0.0
2026-09-30 04:41:00-04:00,89.51000213623047,89.6500015258789,89.51000213623047,89.55999755859375,89.55999755859375,179,0.0,0.0
2026-09-30 04:42:00-04:00,89.56999969482422,89.7300033569336,89.55000305175781,89.58999633789062,89.58999633789062,247,0.0,0.0
2026-09-30 04:43:00-04:00,89.58999633789062,89.69000244140625,89.55999755859375,89.66000366210938,89.66000366210938,186,0.0,0.0
2026-09-30 04:44:00-04:00,89.6500015258789,89.69999694824219,89.58999633789062,89.5999984741211,89.5999984741211,162,0.0,0.0
2026-09-30 04:45:00-04:00,89.62000274658203,89.63999938964844,89.54000091552734,89.58000183105469,89.58000183105469,206,0.0,0.0
2026-09-30 04:46:00-04:00,89.56999969482422,89.5999984741211,89.36000061035156,89.37000274658203,89.37000274658203,342,0.0,0.0
2026-09-30 04:47:00-04:00,89.37999725341797,89.45999908447266,89.36000061035156,89.44999694824219,89.44999694824219,124,0.0,0.0
2026-09-30 04:48:00-04:00,89.45999908447266,89.4800033569336,89.36000061035156,89.38999938964844,89.38999938964844,139,0.0,0.0
2026-09-30 04:49:00-04:00,89.38999938964844,89.44999694824219,89.37000274658203,89.44999694824219,89.44999694824219,61,0.0,0.0
2026-09-30 04:50:00-04:00,89.44000244140625,89.52999877929688,89.43000030517578,89.48999786376953,89.48999786376953,112,0.0,0.0
2026-09-30 04:51:00-04:00,89.5,89.6500015258789,89.5,89.5999984741211,89.5999984741211,105,0.0,0.0
2026-09-30 04:52:00-04:00,89.61000061035156,89.69999694824219,89.58000183105469,89.62000274658203,89.62000274658203,277,0.0,0.0
2026-09-30 04:53:00-04:00,89.56999969482422,89.79000091552734,89.55999755859375,89.76000213623047,89.76000213623047,355,0.0,0.0
2026-09-30 04:54:00-04:00,89.73999786376953,89.88999938964844,89.7300033569336,89.8499984741211,89.8499984741211,449,0.0,0.0
2026-09-30 04:55:00-04:00,89.83000183105469,89.87000274658203,89.7300033569336,89.86000061035156,89.86000061035156,178,0.0,0.0
2026-09-30 04:56:00-04:00,89.87999725341797,89.91999816894531,89.79000091552734,89.80999755859375,89.80999755859375,151,0.0,0.0
2026-09-30 04:57:00-04:00,89.80000305175781,90.02999877929688,89.80000305175781,89.95999908447266,89.95999908447266,328,0.0,0.0
2026-09-30 04:58:00-04:00,89.97000122070312,90.05000305175781,89.95999908447266,90.02999877929688,90.02999877929688,248,0.0,0.0
2026-09-30 04:59:00-04:00,90.05999755859375,90.16999816894531,90.01000213623047,90.16000366210938,90.16000366210938,254,0.0,0.0
2026-09-30 05:00:00-04:00,90.16999816894531,90.30000305175781,90.1500015258789,90.23999786376953,90.23999786376953,493,0.0,0.0
2026-09-30 05:01:00-04:00,90.2300033569336,90.29000091552734,90.1500015258789,90.19999694824219,90.19999694824219,177,0.0,0.0
2026-09-30 05:02:00-04:00,90.19999694824219,90.22000122070312,90.16000366210938,90.19000244140625,90.19000244140625,125,0.0,0.0
2026-09-30 05:03:00-04:00,90.19000244140625,90.20999908447266,90.02999877929688,90.08999633789062,90.08999633789062,201,0.0,0.0
2026-09-30 05:04:00-04:00,90.0999984741211,90.16999816894531,90.0999984741211,90.12999725341797,90.12999725341797,64,0.0,0.0
2026-09-30 05:05:00-04:00,90.12000274658203,90.16999816894531,90.12000274658203,90.1500015258789,90.1500015258789,94,0.0,0.0
2026-09-30 05:06:00-04:00,90.16000366210938,90.27999877929688,90.1500015258789,90.2300033569336,90.2300033569336,192,0.0,0.0
2026-09-30 05:07:00-04:00,90.20999908447266,90.23999786376953,90.18000030517578,90.22000122070312,90.22000122070312,116,0.0,0.0
2026-09-30 05:08:00-04:00,90.2300033569336,90.2300033569336,90.08999633789062,90.2300033569336,90.2300033569336,245,0.0,0.0
2026-09-30 05:09:00-04:00,90.2300033569336,90.30999755859375,90.2300033569336,90.30000305175781,90.30000305175781,100,0.0,0.0
2026-09-30 05:10:00-04:00,90.30999755859375,90.4000015258789,90.25,90.37999725341797,90.37999725341797,445,0.0,0.0
2026-09-30 05:11:00-04:00,90.37000274658203,90.44999694824219,90.3499984741211,90.44999694824219,90.44999694824219,147,0.0,0.0
2026-09-30 05:12:00-04:00,90.44000244140625,90.44999694824219,90.3499984741211,90.41999816894531,90.41999816894531,144,0.0,0.0
2026-09-30 05:13:00-04:00,90.41999816894531,90.5199966430664,90.38999938964844,90.51000213623047,90.51000213623047,354,0.0,0.0
2026-09-30 05:14:00-04:00,90.51000213623047,90.51000213623047,90.37000274658203,90.37999725341797,90.37999725341797,144,0.0,0.0
2026-09-30 05:15:00-04:00,90.37000274658203,90.38999938964844,90.30000305175781,90.30999755859375,90.30999755859375,172,0.0,0.0
2026-09-30 05:16:00-04:00,90.30999755859375,90.47000122070312,90.30000305175781,90.43000030517578,90.43000030517578,168,0.0,0.0
2026-09-30 05:17:00-04:00,90.43000030517578,90.44000244140625,90.37999725341797,90.41999816894531,90.41999816894531,115,0.0,0.0
2026-09-30 05:18:00-04:00,90.41000366210938,90.41999816894531,90.33999633789062,90.38999938964844,90.38999938964844,110,0.0,0.0
2026-09-30 05:19:00-04:00,90.38999938964844,90.43000030517578,90.36000061035156,90.38999938964844,90.38999938964844,124,0.0,0.0
2026-09-30 05:20:00-04:00,90.38999938964844,90.38999938964844,90.27999877929688,90.31999969482422,90.31999969482422,166,0.0,0.0
2026-09-30 05:21:00-04:00,90.30999755859375,90.41000366210938,90.29000091552734,90.36000061035156,90.36000061035156,124,0.0,0.0
2026-09-30 05:22:00-04:00,90.37000274658203,90.41999816894531,90.33000183105469,90.41000366210938,90.41000366210938,168,0.0,0.0
2026-09-30 05:23:00-04:00,90.41000366210938,90.41999816894531,90.38999938964844,90.38999938964844,90.38999938964844,26,0.0,0.0
2026-09-30 05:24:00-04:00,90.41000366210938,90.41000366210938,90.38999938964844,90.38999938964844,90.38999938964844,40,0.0,0.0
2026-09-30 05:25:00-04:00,90.38999938964844,90.44000244140625,90.33000183105469,90.43000030517578,90.43000030517578,141,0.0,0.0
2026-09-30 05:26:00-04:00,90.43000030517578,90.61000061035156,90.41999816894531,90.52999877929688,90.52999877929688,340,0.0,0.0
2026-09-30 05:27:00-04:00,90.5199966430664,90.54000091552734,90.41000366210938,90.44000244140625,90.44000244140625,179,0.0,0.0
2026-09-30 05:28:00-04:00,90.44000244140625,90.44000244140625,90.20999908447266,90.3499984741211,90.3499984741211,243,0.0,0.0
2026-09-30 05:29:00-04:00,90.33000183105469,90.41999816894531,90.23999786376953,90.31999969482422,90.31999969482422,271,0.0,0.0
2026-09-30 05:30:00-04:00,90.31999969482422,90.3499984741211,90.11000061035156,90.13999938964844,90.13999938964844,299,0.0,0.0
2026-09-30 05:31:00-04:00,90.12999725341797,90.13999938964844,90.02999877929688,90.05999755859375,90.05999755859375,232,0.0,0.0
2026-09-30 05:32:00-04:00,90.05000305175781,90.05999755859375,89.9800033569336,90.01000213623047,90.01000213623047,156,0.0,0.0
2026-09-30 05:33:00-04:00,90.0199966430664,90.04000091552734,89.98999786376953,90.02999877929688,90.02999877929688,164,0.0,0.0
2026-09-30 05:34:00-04:00,90.01000213623047,90.0199966430664,89.93000030517578,89.9800033569336,89.9800033569336,188,0.0,0.0
2026-09-30 05:35:00-04:00,89.97000122070312,90.04000091552734,89.97000122070312,90.04000091552734,90.04000091552734,93,0.0,0.0
2026-09-30 05:36:00-04:00,90.04000091552734,90.05999755859375,89.94999694824219,89.9800033569336,89.9800033569336,203,0.0,0.0
2026-09-30 05:37:00-04:00,89.97000122070312,90.04000091552734,89.97000122070312,90.02999877929688,90.02999877929688,90,0.0,0.0
2026-09-30 05:38:00-04:00,90.05000305175781,90.08000183105469,90.0199966430664,90.04000091552734,90.04000091552734,112,0.0,0.0
2026-09-30 05:39:00-04:00,90.04000091552734,90.20999908447266,90.0199966430664,90.16999816894531,90.16999816894531,318,0.0,0.0
2026-09-30 05:40:00-04:00,90.1500015258789,90.23999786376953,90.12999725341797,90.22000122070312,90.22000122070312,94,0.0,0.0
2026-09-30 05:41:00-04:00,90.2300033569336,90.27999877929688,90.16999816894531,90.22000122070312,90.22000122070312,132,0.0,0.0
2026-09-30 05:42:00-04:00,90.19999694824219,90.20999908447266,90.12000274658203,90.16000366210938,90.16000366210938,127,0.0,0.0
2026-09-30 05:43:00-04:00,90.16999816894531,90.25,90.13999938964844,90.2300033569336,90.2300033569336,93,0.0,0.0
2026-09-30 05:44:00-04:00,90.20999908447266,90.2699966430664,90.20999908447266,90.23999786376953,90.23999786376953,100,0.0,0.0
2026-09-30 05:45:00-04:00,90.2300033569336,90.2300033569336,90.05999755859375,90.08999633789062,90.08999633789062,281,0.0,0.0
2026-09-30 05:46:00-04:00,90.12000274658203,90.22000122070312,90.11000061035156,90.1500015258789,90.1500015258789,106,0.0,0.0
2026-09-30 05:47:00-04:00,90.13999938964844,90.16999816894531,90.05000305175781,90.13999938964844,90.13999938964844,213,0.0,0.0
2026-09-30 05:48:00-04:00,90.13999938964844,90.19000244140625,90.12999725341797,90.18000030517578,90.18000030517578,39,0.0,0.0
2026-09-30 05:49:00-04:00,90.16999816894531,90.19000244140625,90.13999938964844,90.16000366210938,90.16000366210938,33,0.0,0.0
2026-09-30 05:50:00-04:00,90.16999816894531,90.23999786376953,90.13999938964844,90.1500015258789,90.1500015258789,228,0.0,0.0
2026-09-30 05:51:00-04:00,90.13999938964844,90.2300033569336,90.13999938964844,90.20999908447266,90.20999908447266,82,0.0,0.0
2026-09-30 05:52:00-04:00,90.20999908447266,90.30999755859375,90.19999694824219,90.23999786376953,90.23999786376953,125,0.0,0.0
2026-09-30 05:53:00-04:00,90.2300033569336,90.27999877929688,90.2300033569336,90.2699966430664,90.2699966430664,92,0.0,0.0
2026-09-30 05:54:00-04:00,90.2699966430664,90.2699966430664,90.20999908447266,90.22000122070312,90.22000122070312,37,0.0,0.0
2026-09-30 05:55:00-04:00,90.22000122070312,90.25,90.19999694824219,90.22000122070312,90.22000122070312,44,0.0,0.0
2026-09-30 05:56:00-04:00,90.23999786376953,90.26000213623047,90.2300033569336,90.25,90.25,24,0.0,0.0
2026-09-30 05:57:00-04:00,90.23999786376953,90.25,90.16000366210938,90.16999816894531,90.16999816894531,106,0.0,0.0
2026-09-30 05:58:00-04:00,90.18000030517578,90.20999908447266,90.13999938964844,90.20999908447266,90.20999908447266,91,0.0,0.0
2026-09-30 05:59:00-04:00,90.20999908447266,90.25,90.19999694824219,90.19999694824219,90.19999694824219,62,0.0,0.0
2026-09-30 06:00:00-04:00,90.20999908447266,90.20999908447266,90.16000366210938,90.16999816894531,90.16999816894531,52,0.0,0.0
2026-09-30 06:01:00-04:00,90.18000030517578,90.2300033569336,90.18000030517578,90.18000030517578,90.18000030517578,111,0.0,0.0
2026-09-30 06:02:00-04:00,90.16999816894531,90.25,90.16999816894531,90.23999786376953,90.23999786376953,82,0.0,0.0
2026-09-30 06:03:00-04:00,90.23999786376953,90.23999786376953,90.18000030517578,90.22000122070312,90.22000122070312,32,0.0,0.0
2026-09-30 06:04:00-04:00,90.22000122070312,90.25,90.20999908447266,90.22000122070312,90.22000122070312,32,0.0,0.0
2026-09-30 06:05:00-04:00,90.2300033569336,90.25,90.13999938964844,90.16000366210938,90.16000366210938,100,0.0,0.0
2026-09-30 06:06:00-04:00,90.18000030517578,90.19000244140625,90.0999984741211,90.16000366210938,90.16000366210938,116,0.0,0.0
2026-09-30 06:07:00-04:00,90.16000366210938,90.16999816894531,90.08999633789062,90.16000366210938,90.16000366210938,74,0.0,0.0
2026-09-30 06:08:00-04:00,90.13999938964844,90.19000244140625,90.12999725341797,90.16000366210938,90.16000366210938,67,0.0,0.0
2026-09-30 06:09:00-04:00,90.16999816894531,90.31999969482422,90.16999816894531,90.31999969482422,90.31999969482422,64,0.0,0.0
2026-09-30 06:10:00-04:00,90.31999969482422,90.33999633789062,90.2699966430664,90.27999877929688,90.27999877929688,75,0.0,0.0
2026-09-30 06:11:00-04:00,90.27999877929688,90.33000183105469,90.27999877929688,90.30999755859375,90.30999755859375,52,0.0,0.0
2026-09-30 06:12:00-04:00,90.30999755859375,90.33000183105469,90.2699966430664,90.31999969482422,90.31999969482422,85,0.0,0.0
2026-09-30 06:13:00-04:00,90.31999969482422,90.31999969482422,90.2699966430664,90.2699966430664,90.2699966430664,17,0.0,0.0
2026-09-30 06:14:00-04:00,90.2699966430664,90.44999694824219,90.26000213623047,90.43000030517578,90.43000030517578,212,0.0,0.0
2026-09-30 06:15:00-04:00,90.44999694824219,90.45999908447266,90.33000183105469,90.3499984741211,90.3499984741211,99,0.0,0.0
2026-09-30 06:16:00-04:00,90.37000274658203,90.47000122070312,90.37000274658203,90.4000015258789,90.4000015258789,121,0.0,0.0
2026-09-30 06:17:00-04:00,90.38999938964844,90.38999938964844,90.23999786376953,90.29000091552734,90.29000091552734,182,0.0,0.0
2026-09-30 06:18:00-04:00,90.30000305175781,90.38999938964844,90.23999786376953,90.33999633789062,90.33999633789062,272,0.0,0.0
2026-09-30 06:19:00-04:00,90.33999633789062,90.43000030517578,90.27999877929688,90.38999938964844,90.38999938964844,355,0.0,0.0
2026-09-30 06:20:00-04:00,90.41000366210938,90.47000122070312,90.37999725341797,90.44999694824219,90.44999694824219,101,0.0,0.0
2026-09-30 06:21:00-04:00,90.47000122070312,90.48999786376953,90.41000366210938,90.41999816894531,90.41999816894531,86,0.0,0.0
2026-09-30 06:22:00-04:00,90.41999816894531,90.44999694824219,90.4000015258789,90.44999694824219,90.44999694824219,62,0.0,0.0
2026-09-30 06:23:00-04:00,90.44000244140625,90.44000244140625,90.37999725341797,90.4000015258789,90.4000015258789,123,0.0,0.0
2026-09-30 06:24:00-04:00,90.41000366210938,90.63999938964844,90.4000015258789,90.52999877929688,90.52999877929688,803,0.0,0.0
2026-09-30 06:25:00-04:00,90.54000091552734,90.56999969482422,90.45999908447266,90.4800033569336,90.4800033569336,106,0.0,0.0
2026-09-30 06:26:00-04:00,90.51000213623047,90.54000091552734,90.47000122070312,90.47000122070312,90.47000122070312,75,0.0,0.0
2026-09-30 06:27:00-04:00,90.4800033569336,90.48999786376953,90.30999755859375,90.38999938964844,90.38999938964844,103,0.0,0.0
2026-09-30 06:28:00-04:00,90.38999938964844,90.41000366210938,90.36000061035156,90.36000061035156,90.36000061035156,39,0.0,0.0
2026-09-30 06:29:00-04:00,90.37999725341797,90.38999938964844,90.36000061035156,90.37999725341797,90.37999725341797,28,0.0,0.0
2026-09-30 06:30:00-04:00,90.38999938964844,90.41999816894531,90.33000183105469,90.33999633789062,90.33999633789062,286,0.0,0.0
2026-09-30 06:31:00-04:00,90.33999633789062,90.33999633789062,90.23999786376953,90.30999755859375,90.30999755859375,149,0.0,0.0
2026-09-30 06:32:00-04:00,90.31999969482422,90.3499984741211,90.30000305175781,90.30000305175781,90.30000305175781,35,0.0,0.0
2026-09-30 06:33:00-04:00,90.30000305175781,90.33999633789062,90.29000091552734,90.33000183105469,90.33000183105469,53,0.0,0.0
2026-09-30 06:34:00-04:00,90.33999633789062,90.36000061035156,90.29000091552734,90.29000091552734,90.29000091552734,65,0.0,0.0
2026-09-30 06:35:00-04:00,90.29000091552734,90.29000091552734,90.19000244140625,90.19000244140625,90.19000244140625,128,0.0,0.0
2026-09-30 06:36:00-04:00,90.18000030517578,90.25,90.16000366210938,90.19000244140625,90.19000244140625,173,0.0,0.0
2026-09-30 06:37:00-04:00,90.18000030517578,90.22000122070312,90.11000061035156,90.22000122070312,90.22000122070312,186,0.0,0.0
2026-09-30 06:38:00-04:00,90.18000030517578,90.19000244140625,90.06999969482422,90.16999816894531,90.16999816894531,228,0.0,0.0
2026-09-30 06:39:00-04:00,90.18000030517578,90.19999694824219,90.05999755859375,90.08000183105469,90.08000183105469,135,0.0,0.0
2026-09-30 06:40:00-04:00,90.08000183105469,90.19000244140625,90.08000183105469,90.18000030517578,90.18000030517578,93,0.0,0.0
2026-09-30 06:41:00-04:00,90.19999694824219,90.25,90.16999816894531,90.2300033569336,90.2300033569336,67,0.0,0.0
2026-09-30 06:42:00-04:00,90.20999908447266,90.2300033569336,90.16000366210938,90.19999694824219,90.19999694824219,57,0.0,0.0
2026-09-30 06:43:00-04:00,90.19999694824219,90.20999908447266,90.08000183105469,90.08000183105469,90.08000183105469,121,0.0,0.0
2026-09-30 06:44:00-04:00,90.06999969482422,90.1500015258789,90.05999755859375,90.12999725341797,90.12999725341797,61,0.0,0.0
2026-09-30 06:45:00-04:00,90.12000274658203,90.20999908447266,90.0999984741211,90.20999908447266,90.20999908447266,63,0.0,0.0
2026-09-30 06:46:00-04:00,90.19000244140625,90.25,90.19000244140625,90.23999786376953,90.23999786376953,82,0.0,0.0
2026-09-30 06:47:00-04:00,90.26000213623047,90.31999969482422,90.22000122070312,90.30999755859375,90.30999755859375,146,0.0,0.0
2026-09-30 06:48:00-04:00,90.30000305175781,90.41999816894531,90.30000305175781,90.37999725341797,90.37999725341797,119,0.0,0.0
2026-09-30 06:49:00-04:00,90.36000061035156,90.37000274658203,90.27999877929688,90.27999877929688,90.27999877929688,60,0.0,0.0
2026-09-30 06:50:00-04:00,90.30999755859375,90.31999969482422,90.2699966430664,90.30999755859375,90.30999755859375,96,0.0,0.0
2026-09-30 06:51:00-04:00,90.31999969482422,90.4000015258789,90.31999969482422,90.37000274658203,90.37000274658203,124,0.0,0.0
2026-09-30 06:52:00-04:00,90.37999725341797,90.44999694824219,90.3499984741211,90.44000244140625,90.44000244140625,160,0.0,0.0
2026-09-30 06:53:00-04:00,90.43000030517578,90.44000244140625,90.37000274658203,90.37000274658203,90.37000274658203,84,0.0,0.0
2026-09-30 06:54:00-04:00,90.37000274658203,90.44000244140625,90.37000274658203,90.41000366210938,90.41000366210938,83,0.0,0.0
2026-09-30 06:55:00-04:00,90.4000015258789,90.47000122070312,90.37000274658203,90.38999938964844,90.38999938964844,107,0.0,0.0
2026-09-30 06:56:00-04:00,90.37999725341797,90.47000122070312,90.3499984741211,90.41999816894531,90.41999816894531,137,0.0,0.0
2026-09-30 06:57:00-04:00,90.41000366210938,90.44000244140625,90.37999725341797,90.41999816894531,90.41999816894531,114,0.0,0.0
2026-09-30 06:58:00-04:00,90.41999816894531,90.5,90.41999816894531,90.5,90.5,126,0.0,0.0
2026-09-30 06:59:00-04:00,90.5,90.5999984741211,90.4800033569336,90.58999633789062,90.58999633789062,198,0.0,0.0
2026-09-30 07:00:00-04:00,90.58000183105469,90.5999984741211,90.48999786376953,90.56999969482422,90.56999969482422,452,0.0,0.0
2026-09-30 07:01:00-04:00,90.58000183105469,90.61000061035156,90.55999755859375,90.58999633789062,90.58999633789062,108,0.0,0.0
2026-09-30 07:02:00-04:00,90.58000183105469,90.62000274658203,90.54000091552734,90.62000274658203,90.62000274658203,150,0.0,0.0
2026-09-30 07:03:00-04:00,90.61000061035156,90.63999938964844,90.5999984741211,90.62000274658203,90.62000274658203,61,0.0,0.0
2026-09-30 07:04:00-04:00,90.62000274658203,90.66999816894531,90.62000274658203,90.62000274658203,90.62000274658203,172,0.0,0.0
2026-09-30 07:05:00-04:00,90.62000274658203,90.66000366210938,90.61000061035156,90.62999725341797,90.62999725341797,367,0.0,0.0
2026-09-30 07:06:00-04:00,90.63999938964844,90.66999816894531,90.58999633789062,90.62000274658203,90.62000274658203,131,0.0,0.0
2026-09-30 07:07:00-04:00,90.62000274658203,90.69000244140625,90.58000183105469,90.66999816894531,90.66999816894531,119,0.0,0.0
2026-09-30 07:08:00-04:00,90.66999816894531,90.72000122070312,90.66999816894531,90.69000244140625,90.69000244140625,217,0.0,0.0
2026-09-30 07:09:00-04:00,90.69000244140625,90.69999694824219,90.66000366210938,90.68000030517578,90.68000030517578,107,0.0,0.0
2026-09-30 07:10:00-04:00,90.66999816894531,90.76000213623047,90.66000366210938,90.70999908447266,90.70999908447266,304,0.0,0.0
2026-09-30 07:11:00-04:00,90.72000122070312,90.75,90.69999694824219,90.70999908447266,90.70999908447266,85,0.0,0.0
2026-09-30 07:12:00-04:00,90.70999908447266,90.7699966430664,90.6500015258789,90.76000213623047,90.76000213623047,160,0.0,0.0
2026-09-30 07:13:00-04:00,90.75,90.75,90.70999908447266,90.72000122070312,90.72000122070312,141,0.0,0.0
2026-09-30 07:14:00-04:00,90.72000122070312,90.7300033569336,90.66999816894531,90.69000244140625,90.69000244140625,108,0.0,0.0
2026-09-30 07:15:00-04:00,90.69999694824219,90.7699966430664,90.63999938964844,90.72000122070312,90.72000122070312,221,0.0,0.0
2026-09-30 07:16:00-04:00,90.7300033569336,90.7300033569336,90.69000244140625,90.7300033569336,90.7300033569336,154,0.0,0.0
2026-09-30 07:17:00-04:00,90.7300033569336,90.76000213623047,90.69000244140625,90.73999786376953,90.73999786376953,160,0.0,0.0
2026-09-30 07:18:00-04:00,90.73999786376953,90.75,90.69000244140625,90.7300033569336,90.7300033569336,96,0.0,0.0
2026-09-30 07:19:00-04:00,90.73999786376953,90.75,90.70999908447266,90.7300033569336,90.7300033569336,80,0.0,0.0
2026-09-30 07:20:00-04:00,90.7300033569336,90.75,90.58999633789062,90.5999984741211,90.5999984741211,257,0.0,0.0
2026-09-30 07:21:00-04:00,90.5999984741211,90.62000274658203,90.54000091552734,90.55000305175781,90.55000305175781,232,0.0,0.0
2026-09-30 07:22:00-04:00,90.55000305175781,90.55999755859375,90.4800033569336,90.5,90.5,179,0.0,0.0
2026-09-30 07:23:00-04:00,90.5,90.52999877929688,90.47000122070312,90.5,90.5,173,0.0,0.0
2026-09-30 07:24:00-04:00,90.5199966430664,90.58999633789062,90.5,90.52999877929688,90.52999877929688,177,0.0,0.0
2026-09-30 07:25:00-04:00,90.52999877929688,90.56999969482422,90.48999786376953,90.56999969482422,90.56999969482422,77,0.0,0.0
2026-09-30 07:26:00-04:00,90.55000305175781,90.61000061035156,90.52999877929688,90.5999984741211,90.5999984741211,129,0.0,0.0
2026-09-30 07:27:00-04:00,90.61000061035156,90.61000061035156,90.55999755859375,90.58000183105469,90.58000183105469,83,0.0,0.0
2026-09-30 07:28:00-04:00,90.56999969482422,90.61000061035156,90.55999755859375,90.58999633789062,90.58999633789062,125,0.0,0.0
2026-09-30 07:29:00-04:00,90.5999984741211,90.66999816894531,90.52999877929688,90.61000061035156,90.61000061035156,166,0.0,0.0
2026-09-30 07:30:00-04:00,90.6500015258789,90.79000091552734,90.62000274658203,90.69000244140625,90.69000244140625,364,0.0,0.0
2026-09-30 07:31:00-04:00,90.69000244140625,90.72000122070312,90.6500015258789,90.69000244140625,90.69000244140625,212,0.0,0.0
2026-09-30 07:32:00-04:00,90.69000244140625,90.8499984741211,90.66999816894531,90.79000091552734,90.79000091552734,181,0.0,0.0
2026-09-30 07:33:00-04:00,90.7699966430664,90.80000305175781,90.72000122070312,90.7300033569336,90.7300033569336,68,0.0,0.0
2026-09-30 07:34:00-04:00,90.7300033569336,90.73999786376953,90.69000244140625,90.7300033569336,90.7300033569336,125,0.0,0.0
2026-09-30 07:35:00-04:00,90.72000122070312,90.75,90.72000122070312,90.7300033569336,90.7300033569336,70,0.0,0.0
2026-09-30 07:36:00-04:00,90.7300033569336,90.7699966430664,90.72000122070312,90.75,90.75,57,0.0,0.0
2026-09-30 07:37:00-04:00,90.75,90.76000213623047,90.70999908447266,90.72000122070312,90.72000122070312,61,0.0,0.0
2026-09-30 07:38:00-04:00,90.70999908447266,90.75,90.66999816894531,90.69000244140625,90.69000244140625,197,0.0,0.0
2026-09-30 07:39:00-04:00,90.62000274658203,90.69000244140625,90.61000061035156,90.68000030517578,90.68000030517578,258,0.0,0.0
2026-09-30 07:40:00-04:00,90.68000030517578,90.7300033569336,90.63999938964844,90.72000122070312,90.72000122070312,76,0.0,0.0
2026-09-30 07:41:00-04:00,90.72000122070312,90.76000213623047,90.70999908447266,90.7300033569336,90.7300033569336,89,0.0,0.0
2026-09-30 07:42:00-04:00,90.73999786376953,90.75,90.69999694824219,90.7300033569336,90.7300033569336,64,0.0,0.0
2026-09-30 07:43:00-04:00,90.75,90.79000091552734,90.7300033569336,90.73999786376953,90.73999786376953,185,0.0,0.0
2026-09-30 07:44:00-04:00,90.7300033569336,90.75,90.72000122070312,90.72000122070312,90.72000122070312,56,0.0,0.0
2026-09-30 07:45:00-04:00,90.70999908447266,90.76000213623047,90.70999908447266,90.73999786376953,90.73999786376953,95,0.0,0.0
2026-09-30 07:46:00-04:00,90.7300033569336,90.8499984741211,90.66000366210938,90.76000213623047,90.76000213623047,401,0.0,0.0
2026-09-30 07:47:00-04:00,90.77999877929688,90.83000183105469,90.73999786376953,90.79000091552734,90.79000091552734,102,0.0,0.0
2026-09-30 07:48:00-04:00,90.80999755859375,90.87000274658203,90.77999877929688,90.87000274658203,90.87000274658203,107,0.0,0.0
2026-09-30 07:49:00-04:00,90.86000061035156,90.87000274658203,90.81999969482422,90.8499984741211,90.8499984741211,78,0.0,0.0
2026-09-30 07:50:00-04:00,90.87999725341797,90.91000366210938,90.79000091552734,90.83000183105469,90.83000183105469,151,0.0,0.0
2026-09-30 07:51:00-04:00,90.8499984741211,90.87999725341797,90.77999877929688,90.87000274658203,90.87000274658203,304,0.0,0.0
2026-09-30 07:52:00-04:00,90.87000274658203,90.88999938964844,90.72000122070312,90.81999969482422,90.81999969482422,226,0.0,0.0
2026-09-30 07:53:00-04:00,90.80000305175781,90.80999755859375,90.77999877929688,90.80999755859375,90.80999755859375,78,0.0,0.0
2026-09-30 07:54:00-04:00,90.80000305175781,90.86000061035156,90.7699966430664,90.80000305175781,90.80000305175781,165,0.0,0.0
2026-09-30 07:55:00-04:00,90.80000305175781,90.80999755859375,90.75,90.77999877929688,90.77999877929688,201,0.0,0.0
2026-09-30 07:56:00-04:00,90.77999877929688,90.77999877929688,90.72000122070312,90.7300033569336,90.7300033569336,61,0.0,0.0
2026-09-30 07:57:00-04:00,90.7300033569336,90.81999969482422,90.69999694824219,90.79000091552734,90.79000091552734,174,0.0,0.0
2026-09-30 07:58:00-04:00,90.80000305175781,90.80999755859375,90.75,90.77999877929688,90.77999877929688,241,0.0,0.0
2026-09-30 07:59:00-04:00,90.7699966430664,90.77999877929688,90.5999984741211,90.61000061035156,90.61000061035156,213,0.0,0.0
2026-09-30 08:00:00-04:00,90.61000061035156,90.66000366210938,90.41999816894531,90.6500015258789,90.6500015258789,589,0.0,0.0
2026-09-30 08:01:00-04:00,90.66999816894531,90.75,90.66999816894531,90.75,90.75,126,0.0,0.0
2026-09-30 08:02:00-04:00,90.7699966430664,90.80000305175781,90.62999725341797,90.62999725341797,90.62999725341797,252,0.0,0.0
2026-09-30 08:03:00-04:00,90.61000061035156,90.6500015258789,90.55999755859375,90.61000061035156,90.61000061035156,211,0.0,0.0
2026-09-30 08:04:00-04:00,90.61000061035156,90.62999725341797,90.55000305175781,90.55999755859375,90.55999755859375,153,0.0,0.0
2026-09-30 08:05:00-04:00,90.55000305175781,90.66999816894531,90.54000091552734,90.63999938964844,90.63999938964844,223,0.0,0.0
2026-09-30 08:06:00-04:00,90.66000366210938,90.68000030517578,90.62999725341797,90.63999938964844,90.63999938964844,56,0.0,0.0
2026-09-30 08:07:00-04:00,90.63999938964844,90.6500015258789,90.51000213623047,90.51000213623047,90.51000213623047,215,0.0,0.0
2026-09-30 08:08:00-04:00,90.5199966430664,90.55999755859375,90.48999786376953,90.5199966430664,90.5199966430664,148,0.0,0.0
2026-09-30 08:09:00-04:00,90.52999877929688,90.54000091552734,90.4800033569336,90.48999786376953,90.48999786376953,129,0.0,0.0
2026-09-30 08:10:00-04:00,90.51000213623047,90.54000091552734,90.45999908447266,90.48999786376953,90.48999786376953,236,0.0,0.0
2026-09-30 08:11:00-04:00,90.5,90.54000091552734,90.5,90.52999877929688,90.52999877929688,96,0.0,0.0
2026-09-30 08:12:00-04:00,90.52999877929688,90.52999877929688,90.48999786376953,90.48999786376953,90.48999786376953,40,0.0,0.0
2026-09-30 08:13:00-04:00,90.4800033569336,90.48999786376953,90.45999908447266,90.45999908447266,90.45999908447266,87,0.0,0.0
2026-09-30 08:14:00-04:00,90.4800033569336,90.5199966430664,90.4800033569336,90.5199966430664,90.5199966430664,145,0.0,0.0
2026-09-30 08:15:00-04:00,90.52999877929688,90.62999725341797,90.47000122070312,90.61000061035156,90.61000061035156,175,0.0,0.0
2026-09-30 08:16:00-04:00,90.61000061035156,90.6500015258789,90.58999633789062,90.63999938964844,90.63999938964844,286,0.0,0.0
2026-09-30 08:17:00-04:00,90.62999725341797,90.69000244140625,90.62999725341797,90.69000244140625,90.69000244140625,131,0.0,0.0
2026-09-30 08:18:00-04:00,90.69999694824219,90.75,90.69000244140625,90.69999694824219,90.69999694824219,94,0.0,0.0
2026-09-30 08:19:00-04:00,90.70999908447266,90.7300033569336,90.69000244140625,90.69000244140625,90.69000244140625,42,0.0,0.0
2026-09-30 08:20:00-04:00,90.69000244140625,90.69000244140625,90.5199966430664,90.55999755859375,90.55999755859375,164,0.0,0.0
2026-09-30 08:21:00-04:00,90.55000305175781,90.55999755859375,90.5,90.5,90.5,161,0.0,0.0
2026-09-30 08:22:00-04:00,90.5,90.5,90.41999816894531,90.43000030517578,90.43000030517578,206,0.0,0.0
2026-09-30 08:23:00-04:00,90.44000244140625,90.45999908447266,90.36000061035156,90.43000030517578,90.43000030517578,245,0.0,0.0
2026-09-30 08:24:00-04:00,90.41999816894531,90.44000244140625,90.4000015258789,90.41000366210938,90.41000366210938,61,0.0,0.0
2026-09-30 08:25:00-04:00,90.4000015258789,90.41000366210938,90.30999755859375,90.37999725341797,90.37999725341797,201,0.0,0.0
2026-09-30 08:26:00-04:00,90.37999725341797,90.37999725341797,90.30999755859375,90.33999633789062,90.33999633789062,106,0.0,0.0
2026-09-30 08:27:00-04:00,90.33000183105469,90.36000061035156,90.33000183105469,90.3499984741211,90.3499984741211,60,0.0,0.0
2026-09-30 08:28:00-04:00,90.3499984741211,90.44000244140625,90.3499984741211,90.44000244140625,90.44000244140625,189,0.0,0.0
2026-09-30 08:29:00-04:00,90.43000030517578,90.44999694824219,90.41000366210938,90.44999694824219,90.44999694824219,131,0.0,0.0
2026-09-30 08:30:00-04:00,90.44000244140625,90.45999908447266,90.12999725341797,90.4000015258789,90.4000015258789,1015,0.0,0.0
2026-09-30 08:31:00-04:00,90.4000015258789,90.4000015258789,90.2300033569336,90.3499984741211,90.3499984741211,239,0.0,0.0
2026-09-30 08:32:00-04:00,90.3499984741211,90.44000244140625,90.31999969482422,90.38999938964844,90.38999938964844,347,0.0,0.0
2026-09-30 08:33:00-04:00,90.37999725341797,90.43000030517578,90.30999755859375,90.33999633789062,90.33999633789062,321,0.0,0.0
2026-09-30 08:34:00-04:00,90.3499984741211,90.36000061035156,90.30999755859375,90.33999633789062,90.33999633789062,127,0.0,0.0
2026-09-30 08:35:00-04:00,90.3499984741211,90.41000366210938,90.29000091552734,90.30000305175781,90.30000305175781,299,0.0,0.0
2026-09-30 08:36:00-04:00,90.30000305175781,90.4800033569336,90.30000305175781,90.45999908447266,90.45999908447266,216,0.0,0.0
2026-09-30 08:37:00-04:00,90.45999908447266,90.55999755859375,90.44000244140625,90.55000305175781,90.55000305175781,379,0.0,0.0
2026-09-30 08:38:00-04:00,90.56999969482422,90.58000183105469,90.5199966430664,90.54000091552734,90.54000091552734,127,0.0,0.0
2026-09-30 08:39:00-04:00,90.55000305175781,90.55999755859375,90.51000213623047,90.5199966430664,90.5199966430664,105,0.0,0.0
2026-09-30 08:40:00-04:00,90.48999786376953,90.5999984741211,90.48999786376953,90.58999633789062,90.58999633789062,195,0.0,0.0
2026-09-30 08:41:00-04:00,90.61000061035156,90.62999725341797,90.55000305175781,90.55999755859375,90.55999755859375,186,0.0,0.0
2026-09-30 08:42:00-04:00,90.56999969482422,90.63999938964844,90.54000091552734,90.62999725341797,90.62999725341797,121,0.0,0.0
2026-09-30 08:43:00-04:00,90.62999725341797,90.62999725341797,90.45999908447266,90.48999786376953,90.48999786376953,206,0.0,0.0
2026-09-30 08:44:00-04:00,90.48999786376953,90.5199966430664,90.44999694824219,90.5,90.5,207,0.0,0.0
2026-09-30 08:45:00-04:00,90.5,90.5,90.37000274658203,90.41000366210938,90.41000366210938,256,0.0,0.0
2026-09-30 08:46:00-04:00,90.4000015258789,90.73999786376953,90.4000015258789,90.72000122070312,90.72000122070312,1519,0.0,0.0
2026-09-30 08:47:00-04:00,90.75,91.0999984741211,90.73999786376953,90.91999816894531,90.91999816894531,1904,0.0,0.0
2026-09-30 08:48:00-04:00,90.91000366210938,90.91999816894531,90.69999694824219,90.69999694824219,90.69999694824219,442,0.0,0.0
2026-09-30 08:49:00-04:00,90.72000122070312,90.72000122070312,90.58000183105469,90.69999694824219,90.69999694824219,551,0.0,0.0
2026-09-30 08:50:00-04:00,90.68000030517578,90.69999694824219,90.61000061035156,90.61000061035156,90.61000061035156,451,0.0,0.0
2026-09-30 08:51:00-04:00,90.62999725341797,90.63999938964844,90.51000213623047,90.54000091552734,90.54000091552734,403,0.0,0.0
2026-09-30 08:52:00-04:00,90.55000305175781,90.66000366210938,90.48999786376953,90.48999786376953,90.48999786376953,195,0.0,0.0
2026-09-30 08:53:00-04:00,90.47000122070312,90.47000122070312,90.41000366210938,90.41000366210938,90.41000366210938,145,0.0,0.0
2026-09-30 08:54:00-04:00,90.41999816894531,90.44000244140625,90.36000061035156,90.37000274658203,90.37000274658203,210,0.0,0.0
2026-09-30 08:55:00-04:00,90.37000274658203,90.38999938964844,90.33000183105469,90.37999725341797,90.37999725341797,188,0.0,0.0
2026-09-30 08:56:00-04:00,90.37999725341797,90.41000366210938,90.3499984741211,90.3499984741211,90.3499984741211,126,0.0,0.0
2026-09-30 08:57:00-04:00,90.36000061035156,90.37000274658203,90.19999694824219,90.2699966430664,90.2699966430664,591,0.0,0.0
2026-09-30 08:58:00-04:00,90.30000305175781,90.31999969482422,90.2699966430664,90.30000305175781,90.30000305175781,229,0.0,0.0
2026-09-30 08:59:00-04:00,90.30999755859375,90.4000015258789,90.27999877929688,90.37000274658203,90.37000274658203,430,0.0,0.0
2026-09-30 09:00:00-04:00,90.3499984741211,90.41999816894531,90.19999694824219,90.20999908447266,90.20999908447266,1093,0.0,0.0
2026-09-30 09:01:00-04:00,90.22000122070312,90.2699966430664,90.0999984741211,90.1500015258789,90.1500015258789,478,0.0,0.0
2026-09-30 09:02:00-04:00,90.1500015258789,90.19000244140625,90.06999969482422,90.06999969482422,90.06999969482422,288,0.0,0.0
2026-09-30 09:03:00-04:00,90.06999969482422,90.1500015258789,90.05999755859375,90.12000274658203,90.12000274658203,412,0.0,0.0
2026-09-30 09:04:00-04:00,90.11000061035156,90.12999725341797,90.06999969482422,90.11000061035156,90.11000061035156,288,0.0,0.0
2026-09-30 09:05:00-04:00,90.12000274658203,90.2699966430664,90.11000061035156,90.20999908447266,90.20999908447266,359,0.0,0.0
2026-09-30 09:06:00-04:00,90.22000122070312,90.31999969482422,90.19999694824219,90.30999755859375,90.30999755859375,315,0.0,0.0
2026-09-30 09:07:00-04:00,90.33999633789062,90.37000274658203,90.2300033569336,90.33000183105469,90.33000183105469,428,0.0,0.0
2026-09-30 09:08:00-04:00,90.33000183105469,90.66000366210938,90.33000183105469,90.61000061035156,90.61000061035156,607,0.0,0.0
2026-09-30 09:09:00-04:00,90.61000061035156,90.76000213623047,90.5999984741211,90.69999694824219,90.69999694824219,547,0.0,0.0
2026-09-30 09:10:00-04:00,90.69999694824219,90.70999908447266,90.63999938964844,90.68000030517578,90.68000030517578,380,0.0,0.0
2026-09-30 09:11:00-04:00,90.69000244140625,90.7300033569336,90.5999984741211,90.63999938964844,90.63999938964844,582,0.0,0.0
2026-09-30 09:12:00-04:00,90.66000366210938,90.81999969482422,90.6500015258789,90.7699966430664,90.7699966430664,333,0.0,0.0
2026-09-30 09:13:00-04:00,90.76000213623047,90.8499984741211,90.76000213623047,90.83000183105469,90.83000183105469,239,0.0,0.0
2026-09-30 09:14:00-04:00,90.83000183105469,90.83999633789062,90.68000030517578,90.76000213623047,90.76000213623047,283,0.0,0.0
2026-09-30 09:15:00-04:00,90.79000091552734,90.9000015258789,90.73999786376953,90.86000061035156,90.86000061035156,389,0.0,0.0
2026-09-30 09:16:00-04:00,90.87999725341797,90.88999938964844,90.81999969482422,90.88999938964844,90.88999938964844,295,0.0,0.0
2026-09-30 09:17:00-04:00,90.87000274658203,91.01000213623047,90.87000274658203,90.97000122070312,90.97000122070312,464,0.0,0.0
2026-09-30 09:18:00-04:00,90.95999908447266,91.04000091552734,90.94999694824219,90.98999786376953,90.98999786376953,402,0.0,0.0
2026-09-30 09:19:00-04:00,90.98999786376953,91.12000274658203,90.91999816894531,91.06999969482422,91.06999969482422,683,0.0,0.0
2026-09-30 09:20:00-04:00,91.05999755859375,91.26000213623047,90.98999786376953,91.2300033569336,91.2300033569336,922,0.0,0.0
2026-09-30 09:21:00-04:00,91.2300033569336,91.26000213623047,91.1500015258789,91.26000213623047,91.26000213623047,1347,0.0,0.0
2026-09-30 09:22:00-04:00,91.25,91.27999877929688,91.0999984741211,91.19999694824219,91.19999694824219,896,0.0,0.0
2026-09-30 09:23:00-04:00,91.16000366210938,91.29000091552734,91.16000366210938,91.22000122070312,91.22000122070312,384,0.0,0.0
2026-09-30 09:24:00-04:00,91.23999786376953,91.2699966430664,91.20999908447266,91.2699966430664,91.2699966430664,227,0.0,0.0
2026-09-30 09:25:00-04:00,91.27999877929688,91.33000183105469,91.22000122070312,91.30000305175781,91.30000305175781,504,0.0,0.0
2026-09-30 09:26:00-04:00,91.27999877929688,91.30999755859375,91.2300033569336,91.25,91.25,364,0.0,0.0
2026-09-30 09:27:00-04:00,91.23999786376953,91.29000091552734,91.2300033569336,91.27999877929688,91.27999877929688,396,0.0,0.0
2026-09-30 09:28:00-04:00,91.27999877929688,91.37000274658203,91.26000213623047,91.3499984741211,91.3499984741211,730,0.0,0.0
2026-09-30 09:29:00-04:00,91.3499984741211,91.5,91.27999877929688,91.47000122070312,91.47000122070312,1342,0.0,0.0
2026-09-30 09:30:00-04:00,91.4800033569336,91.4800033569336,91.23999786376953,91.3499984741211,91.3499984741211,981,0.0,0.0
2026-09-30 09:31:00-04:00,91.3499984741211,91.48999786376953,91.13999938964844,91.16999816894531,91.16999816894531,1109,0.0,0.0
2026-09-30 09:32:00-04:00,91.18000030517578,91.33000183105469,91.16999816894531,91.30999755859375,91.30999755859375,288,0.0,0.0
2026-09-30 09:33:00-04:00,91.30999755859375,91.37000274658203,91.2699966430664,91.31999969482422,91.31999969482422,229,0.0,0.0
2026-09-30 09:34:00-04:00,91.31999969482422,91.33000183105469,91.2699966430664,91.27999877929688,91.27999877929688,295,0.0,0.0
2026-09-30 09:35:00-04:00,91.26000213623047,91.31999969482422,91.22000122070312,91.22000122070312,91.22000122070312,450,0.0,0.0
2026-09-30 09:36:00-04:00,91.22000122070312,91.2300033569336,91.12000274658203,91.19999694824219,91.19999694824219,433,0.0,0.0
2026-09-30 09:37:00-04:00,91.19999694824219,91.22000122070312,91.16000366210938,91.20999908447266,91.20999908447266,184,0.0,0.0
2026-09-30 09:38:00-04:00,91.19999694824219,91.45999908447266,91.19999694824219,91.33000183105469,91.33000183105469,678,0.0,0.0
2026-09-30 09:39:00-04:00,91.31999969482422,91.33999633789062,91.25,91.30999755859375,91.30999755859375,302,0.0,0.0
2026-09-30 09:40:00-04:00,91.31999969482422,91.3499984741211,91.2300033569336,91.2300033569336,91.2300033569336,361,0.0,0.0
2026-09-30 09:41:00-04:00,91.2300033569336,91.2300033569336,91.08999633789062,91.12000274658203,91.12000274658203,346,0.0,0.0
2026-09-30 09:42:00-04:00,91.0999984741211,91.16999816894531,91.08000183105469,91.16000366210938,91.16000366210938,289,0.0,0.0
2026-09-30 09:43:00-04:00,91.1500015258789,91.19999694824219,91.08999633789062,91.1500015258789,91.1500015258789,278,0.0,0.0
2026-09-30 09:44:00-04:00,91.13999938964844,91.16999816894531,91.0999984741211,91.12000274658203,91.12000274658203,172,0.0,0.0
2026-09-30 09:45:00-04:00,91.12999725341797,91.16000366210938,91.06999969482422,91.13999938964844,91.13999938964844,289,0.0,0.0
2026-09-30 09:46:00-04:00,91.12999725341797,91.16000366210938,91.05000305175781,91.08000183105469,91.08000183105469,527,0.0,0.0
2026-09-30 09:47:00-04:00,91.08000183105469,91.13999938964844,91.05000305175781,91.08000183105469,91.08000183105469,369,0.0,0.0
2026-09-30 09:48:00-04:00,91.08000183105469,91.22000122070312,91.0199966430664,91.12999725341797,91.12999725341797,747,0.0,0.0
2026-09-30 09:49:00-04:00,91.12999725341797,91.13999938964844,91.02999877929688,91.04000091552734,91.04000091552734,256,0.0,0.0
2026-09-30 09:50:00-04:00,91.05000305175781,91.08999633789062,90.98999786376953,91.04000091552734,91.04000091552734,332,0.0,0.0
2026-09-30 09:51:00-04:00,91.02999877929688,91.06999969482422,90.98999786376953,91.05000305175781,91.05000305175781,210,0.0,0.0
2026-09-30 09:52:00-04:00,91.05999755859375,91.13999938964844,91.04000091552734,91.04000091552734,91.04000091552734,429,0.0,0.0
2026-09-30 09:53:00-04:00,91.05000305175781,91.05000305175781,90.83000183105469,90.83999633789062,90.83999633789062,971,0.0,0.0
2026-09-30 09:54:00-04:00,90.8499984741211,90.8499984741211,90.72000122070312,90.73999786376953,90.73999786376953,814,0.0,0.0
2026-09-30 09:55:00-04:00,90.73999786376953,90.80000305175781,90.69000244140625,90.79000091552734,90.79000091552734,727,0.0,0.0
2026-09-30 09:56:00-04:00,90.79000091552734,90.8499984741211,90.76000213623047,90.80000305175781,90.80000305175781,488,0.0,0.0
2026-09-30 09:57:00-04:00,90.80000305175781,90.8499984741211,90.7699966430664,90.80999755859375,90.80999755859375,513,0.0,0.0
2026-09-30 09:58:00-04:00,90.80999755859375,90.8499984741211,90.79000091552734,90.80999755859375,90.80999755859375,163,0.0,0.0
2026-09-30 09:59:00-04:00,90.80000305175781,90.87000274658203,90.7300033569336,90.73999786376953,90.73999786376953,299,0.0,0.0
2026-09-30 10:00:00-04:00,90.7300033569336,90.73999786376953,90.6500015258789,90.72000122070312,90.72000122070312,428,0.0,0.0
2026-09-30 10:01:00-04:00,90.70999908447266,90.72000122070312,90.63999938964844,90.68000030517578,90.68000030517578,455,0.0,0.0
2026-09-30 10:02:00-04:00,90.69000244140625,90.69999694824219,90.58999633789062,90.63999938964844,90.63999938964844,219,0.0,0.0
2026-09-30 10:03:00-04:00,90.62999725341797,90.7300033569336,90.62000274658203,90.70999908447266,90.70999908447266,234,0.0,0.0
2026-09-30 10:04:00-04:00,90.72000122070312,90.73999786376953,90.63999938964844,90.6500015258789,90.6500015258789,198,0.0,0.0
2026-09-30 10:05:00-04:00,90.6500015258789,90.6500015258789,90.56999969482422,90.62999725341797,90.62999725341797,433,0.0,0.0
2026-09-30 10:06:00-04:00,90.63999938964844,90.63999938964844,90.54000091552734,90.55999755859375,90.55999755859375,467,0.0,0.0
2026-09-30 10:07:00-04:00,90.55999755859375,90.61000061035156,90.55000305175781,90.56999969482422,90.56999969482422,234,0.0,0.0
2026-09-30 10:08:00-04:00,90.58000183105469,90.7300033569336,90.58000183105469,90.70999908447266,90.70999908447266,394,0.0,0.0
2026-09-30 10:09:00-04:00,90.70999908447266,90.77999877929688,90.70999908447266,90.75,90.75,235,0.0,0.0
2026-09-30 10:10:00-04:00,90.79000091552734,90.8499984741211,90.76000213623047,90.80000305175781,90.80000305175781,824,0.0,0.0
2026-09-30 10:11:00-04:00,90.79000091552734,90.87000274658203,90.73999786376953,90.81999969482422,90.81999969482422,457,0.0,0.0
2026-09-30 10:12:00-04:00,90.80000305175781,90.83000183105469,90.70999908447266,90.75,90.75,247,0.0,0.0
2026-09-30 10:13:00-04:00,90.73999786376953,90.9000015258789,90.7300033569336,90.9000015258789,90.9000015258789,412,0.0,0.0
2026-09-30 10:14:00-04:00,90.86000061035156,91.01000213623047,90.8499984741211,91.01000213623047,91.01000213623047,297,0.0,0.0
2026-09-30 10:15:00-04:00,91.01000213623047,91.05999755859375,90.88999938964844,90.98999786376953,90.98999786376953,432,0.0,0.0
2026-09-30 10:16:00-04:00,90.97000122070312,91.06999969482422,90.95999908447266,91.05999755859375,91.05999755859375,226,0.0,0.0
2026-09-30 10:17:00-04:00,91.05999755859375,91.19999694824219,91.05000305175781,91.19000244140625,91.19000244140625,456,0.0,0.0
2026-09-30 10:18:00-04:00,91.19000244140625,91.3499984741211,91.16000366210938,91.31999969482422,91.31999969482422,439,0.0,0.0
2026-09-30 10:19:00-04:00,91.31999969482422,91.55000305175781,91.26000213623047,91.26000213623047,91.26000213623047,1568,0.0,0.0
2026-09-30 10:20:00-04:00,91.25,91.29000091552734,91.16000366210938,91.2699966430664,91.2699966430664,537,0.0,0.0
2026-09-30 10:21:00-04:00,91.25,91.2699966430664,91.19000244140625,91.2300033569336,91.2300033569336,206,0.0,0.0
2026-09-30 10:22:00-04:00,91.2300033569336,91.25,91.18000030517578,91.23999786376953,91.23999786376953,257,0.0,0.0
2026-09-30 10:23:00-04:00,91.23999786376953,91.44999694824219,91.23999786376953,91.41000366210938,91.41000366210938,564,0.0,0.0
2026-09-30 10:24:00-04:00,91.4000015258789,91.41999816894531,91.31999969482422,91.41000366210938,91.41000366210938,438,0.0,0.0
2026-09-30 10:25:00-04:00,91.41999816894531,91.43000030517578,91.33999633789062,91.36000061035156,91.36000061035156,650,0.0,0.0
2026-09-30 10:26:00-04:00,91.36000061035156,91.43000030517578,91.33000183105469,91.41999816894531,91.41999816894531,789,0.0,0.0
2026-09-30 10:27:00-04:00,91.41999816894531,91.41999816894531,91.30999755859375,91.31999969482422,91.31999969482422,616,0.0,0.0
2026-09-30 10:28:00-04:00,91.33000183105469,91.4000015258789,91.30999755859375,91.31999969482422,91.31999969482422,528,0.0,0.0
2026-09-30 10:29:00-04:00,91.31999969482422,91.38999938964844,91.2699966430664,91.30999755859375,91.30999755859375,291,0.0,0.0
2026-09-30 10:30:00-04:00,91.3499984741211,91.73999786376953,91.20999908447266,91.22000122070312,91.22000122070312,1262,0.0,0.0
2026-09-30 10:31:00-04:00,91.22000122070312,91.41000366210938,91.20999908447266,91.36000061035156,91.36000061035156,601,0.0,0.0
2026-09-30 10:32:00-04:00,91.33999633789062,91.3499984741211,91.16000366210938,91.19999694824219,91.19999694824219,331,0.0,0.0
2026-09-30 10:33:00-04:00,91.2300033569336,91.30000305175781,91.19000244140625,91.20999908447266,91.20999908447266,302,0.0,0.0
2026-09-30 10:34:00-04:00,91.2300033569336,91.30999755859375,91.22000122070312,91.27999877929688,91.27999877929688,640,0.0,0.0
2026-09-30 10:35:00-04:00,91.2699966430664,91.29000091552734,91.20999908447266,91.25,91.25,206,0.0,0.0
2026-09-30 10:36:00-04:00,91.23999786376953,91.29000091552734,91.19000244140625,91.19000244140625,91.19000244140625,414,0.0,0.0
2026-09-30 10:37:00-04:00,91.19999694824219,91.20999908447266,91.06999969482422,91.0999984741211,91.0999984741211,319,0.0,0.0
2026-09-30 10:38:00-04:00,91.0999984741211,91.33000183105469,91.05000305175781,91.13999938964844,91.13999938964844,1048,0.0,0.0
2026-09-30 10:39:00-04:00,91.1500015258789,91.16000366210938,91.08999633789062,91.13999938964844,91.13999938964844,267,0.0,0.0
2026-09-30 10:40:00-04:00,91.1500015258789,91.20999908447266,91.12000274658203,91.16999816894531,91.16999816894531,148,0.0,0.0
2026-09-30 10:41:00-04:00,91.18000030517578,91.20999908447266,91.12999725341797,91.18000030517578,91.18000030517578,293,0.0,0.0
2026-09-30 10:42:00-04:00,91.19000244140625,91.27999877929688,91.18000030517578,91.23999786376953,91.23999786376953,409,0.0,0.0
2026-09-30 10:43:00-04:00,91.23999786376953,91.36000061035156,91.12999725341797,91.31999969482422,91.31999969482422,1632,0.0,0.0
2026-09-30 10:44:00-04:00,91.30999755859375,91.41999816894531,91.16999816894531,91.4000015258789,91.4000015258789,804,0.0,0.0
2026-09-30 10:45:00-04:00,91.38999938964844,91.47000122070312,91.33000183105469,91.41000366210938,91.41000366210938,468,0.0,0.0
2026-09-30 10:46:00-04:00,91.4000015258789,91.44999694824219,91.33999633789062,91.44000244140625,91.44000244140625,330,0.0,0.0
2026-09-30 10:47:00-04:00,91.41000366210938,91.44000244140625,91.2699966430664,91.29000091552734,91.29000091552734,333,0.0,0.0
2026-09-30 10:48:00-04:00,91.27999877929688,91.4000015258789,91.27999877929688,91.38999938964844,91.38999938964844,539,0.0,0.0
2026-09-30 10:49:00-04:00,91.4000015258789,91.41999816894531,91.33999633789062,91.37000274658203,91.37000274658203,460,0.0,0.0
2026-09-30 10:50:00-04:00,91.37000274658203,91.41999816894531,91.33000183105469,91.3499984741211,91.3499984741211,292,0.0,0.0
2026-09-30 10:51:00-04:00,91.36000061035156,91.4000015258789,91.26000213623047,91.33999633789062,91.33999633789062,233,0.0,0.0
2026-09-30 10:52:00-04:00,91.33000183105469,91.43000030517578,91.33000183105469,91.41999816894531,91.41999816894531,231,0.0,0.0
2026-09-30 10:53:00-04:00,91.41000366210938,91.52999877929688,91.38999938964844,91.51000213623047,91.51000213623047,727,0.0,0.0
2026-09-30 10:54:00-04:00,91.5,91.51000213623047,91.25,91.4000015258789,91.4000015258789,1103,0.0,0.0
2026-09-30 10:55:00-04:00,91.4000015258789,91.47000122070312,91.30999755859375,91.43000030517578,91.43000030517578,258,0.0,0.0
2026-09-30 10:56:00-04:00,91.41999816894531,91.61000061035156,91.41999816894531,91.61000061035156,91.61000061035156,623,0.0,0.0
2026-09-30 10:57:00-04:00,91.61000061035156,91.62999725341797,91.48999786376953,91.54000091552734,91.54000091552734,496,0.0,0.0
2026-09-30 10:58:00-04:00,91.54000091552734,91.5999984741211,91.52999877929688,91.55000305175781,91.55000305175781,232,0.0,0.0
2026-09-30 10:59:00-04:00,91.54000091552734,91.63999938964844,91.54000091552734,91.58999633789062,91.58999633789062,391,0.0,0.0
2026-09-30 11:00:00-04:00,91.58000183105469,91.68000030517578,91.5199966430664,91.68000030517578,91.68000030517578,457,0.0,0.0
2026-09-30 11:01:00-04:00,91.66000366210938,91.69999694824219,91.61000061035156,91.66999816894531,91.66999816894531,493,0.0,0.0
2026-09-30 11:02:00-04:00,91.68000030517578,91.69000244140625,91.5999984741211,91.5999984741211,91.5999984741211,344,0.0,0.0
2026-09-30 11:03:00-04:00,91.5999984741211,91.5999984741211,91.47000122070312,91.5,91.5,302,0.0,0.0
2026-09-30 11:04:00-04:00,91.48999786376953,91.58000183105469,91.38999938964844,91.41000366210938,91.41000366210938,346,0.0,0.0
2026-09-30 11:05:00-04:00,91.44000244140625,91.56999969482422,91.4000015258789,91.54000091552734,91.54000091552734,702,0.0,0.0
2026-09-30 11:06:00-04:00,91.5199966430664,91.62000274658203,91.51000213623047,91.55999755859375,91.55999755859375,227,0.0,0.0
2026-09-30 11:07:00-04:00,91.55000305175781,91.63999938964844,91.48999786376953,91.5,91.5,267,0.0,0.0
2026-09-30 11:08:00-04:00,91.48999786376953,91.5,91.33999633789062,91.36000061035156,91.36000061035156,248,0.0,0.0
2026-09-30 11:09:00-04:00,91.38999938964844,91.45999908447266,91.36000061035156,91.44000244140625,91.44000244140625,133,0.0,0.0
2026-09-30 11:10:00-04:00,91.44000244140625,91.44999694824219,91.33000183105469,91.33999633789062,91.33999633789062,194,0.0,0.0
2026-09-30 11:11:00-04:00,91.3499984741211,91.4800033569336,91.25,91.47000122070312,91.47000122070312,309,0.0,0.0
2026-09-30 11:12:00-04:00,91.45999908447266,91.76000213623047,91.41999816894531,91.58999633789062,91.58999633789062,1646,0.0,0.0
2026-09-30 11:13:00-04:00,91.58999633789062,91.61000061035156,91.45999908447266,91.48999786376953,91.48999786376953,418,0.0,0.0
2026-09-30 11:14:00-04:00,91.48999786376953,91.61000061035156,91.45999908447266,91.5,91.5,398,0.0,0.0
2026-09-30 11:15:00-04:00,91.52999877929688,91.62999725341797,91.45999908447266,91.62999725341797,91.62999725341797,587,0.0,0.0
2026-09-30 11:16:00-04:00,91.62000274658203,91.73999786376953,91.5999984741211,91.66999816894531,91.66999816894531,405,0.0,0.0
2026-09-30 11:17:00-04:00,91.66000366210938,91.69000244140625,91.58000183105469,91.66000366210938,91.66000366210938,241,0.0,0.0
2026-09-30 11:18:00-04:00,91.69000244140625,91.73999786376953,91.58000183105469,91.61000061035156,91.61000061035156,570,0.0,0.0
2026-09-30 11:19:00-04:00,91.58999633789062,91.66999816894531,91.56999969482422,91.6500015258789,91.6500015258789,252,0.0,0.0
2026-09-30 11:20:00-04:00,91.6500015258789,91.76000213623047,91.5999984741211,91.73999786376953,91.73999786376953,536,0.0,0.0
2026-09-30 11:21:00-04:00,91.75,91.83000183105469,91.69999694824219,91.76000213623047,91.76000213623047,585,0.0,0.0
2026-09-30 11:22:00-04:00,91.7699966430664,91.93000030517578,91.70999908447266,91.93000030517578,91.93000030517578,477,0.0,0.0
2026-09-30 11:23:00-04:00,91.88999938964844,91.95999908447266,91.86000061035156,91.88999938964844,91.88999938964844,538,0.0,0.0
2026-09-30 11:24:00-04:00,91.87000274658203,91.91999816894531,91.80999755859375,91.87000274658203,91.87000274658203,692,0.0,0.0
2026-09-30 11:25:00-04:00,91.8499984741211,91.87999725341797,91.79000091552734,91.80999755859375,91.80999755859375,479,0.0,0.0
2026-09-30 11:26:00-04:00,91.80999755859375,91.83000183105469,91.75,91.80000305175781,91.80000305175781,409,0.0,0.0
2026-09-30 11:27:00-04:00,91.80000305175781,91.80000305175781,91.69000244140625,91.7300033569336,91.7300033569336,676,0.0,0.0
2026-09-30 11:28:00-04:00,91.7300033569336,91.73999786376953,91.58000183105469,91.6500015258789,91.6500015258789,520,0.0,0.0
2026-09-30 11:29:00-04:00,91.63999938964844,91.68000030517578,91.45999908447266,91.55999755859375,91.55999755859375,792,0.0,0.0
2026-09-30 11:30:00-04:00,91.55999755859375,91.55999755859375,91.4000015258789,91.41000366210938,91.41000366210938,832,0.0,0.0
2026-09-30 11:31:00-04:00,91.41000366210938,91.44000244140625,91.29000091552734,91.30000305175781,91.30000305175781,834,0.0,0.0
2026-09-30 11:32:00-04:00,91.30999755859375,91.30999755859375,91.20999908447266,91.27999877929688,91.27999877929688,593,0.0,0.0
2026-09-30 11:33:00-04:00,91.2699966430664,91.38999938964844,91.2699966430664,91.33999633789062,91.33999633789062,316,0.0,0.0
2026-09-30 11:34:00-04:00,91.33000183105469,91.5199966430664,91.29000091552734,91.43000030517578,91.43000030517578,836,0.0,0.0
2026-09-30 11:35:00-04:00,91.41999816894531,91.43000030517578,91.30999755859375,91.31999969482422,91.31999969482422,479,0.0,0.0
2026-09-30 11:36:00-04:00,91.33000183105469,91.38999938964844,91.30999755859375,91.33999633789062,91.33999633789062,271,0.0,0.0
2026-09-30 11:37:00-04:00,91.33000183105469,91.37999725341797,91.26000213623047,91.3499984741211,91.3499984741211,467,0.0,0.0
2026-09-30 11:38:00-04:00,91.33999633789062,91.38999938964844,91.29000091552734,91.29000091552734,91.29000091552734,516,0.0,0.0
2026-09-30 11:39:00-04:00,91.30000305175781,91.37000274658203,91.27999877929688,91.33999633789062,91.33999633789062,333,0.0,0.0
2026-09-30 11:40:00-04:00,91.33999633789062,91.41000366210938,91.30000305175781,91.31999969482422,91.31999969482422,643,0.0,0.0
2026-09-30 11:41:00-04:00,91.30999755859375,91.37000274658203,91.26000213623047,91.31999969482422,91.31999969482422,750,0.0,0.0
2026-09-30 11:42:00-04:00,91.31999969482422,91.47000122070312,91.31999969482422,91.47000122070312,91.47000122070312,358,0.0,0.0
2026-09-30 11:43:00-04:00,91.47000122070312,91.56999969482422,91.47000122070312,91.5,91.5,465,0.0,0.0
2026-09-30 11:44:00-04:00,91.5,91.70999908447266,91.47000122070312,91.63999938964844,91.63999938964844,1028,0.0,0.0
2026-09-30 11:45:00-04:00,91.62999725341797,91.69000244140625,91.55999755859375,91.5999984741211,91.5999984741211,432,0.0,0.0
2026-09-30 11:46:00-04:00,91.58000183105469,91.69999694824219,91.54000091552734,91.68000030517578,91.68000030517578,447,0.0,0.0
2026-09-30 11:47:00-04:00,91.70999908447266,91.76000213623047,91.58000183105469,91.58999633789062,91.58999633789062,476,0.0,0.0
2026-09-30 11:48:00-04:00,91.58999633789062,91.58999633789062,91.41999816894531,91.5,91.5,463,0.0,0.0
2026-09-30 11:49:00-04:00,91.5,91.56999969482422,91.43000030517578,91.43000030517578,91.43000030517578,227,0.0,0.0
2026-09-30 11:50:00-04:00,91.45999908447266,91.58999633789062,91.44999694824219,91.48999786376953,91.48999786376953,694,0.0,0.0
2026-09-30 11:51:00-04:00,91.4800033569336,91.61000061035156,91.45999908447266,91.56999969482422,91.56999969482422,170,0.0,0.0
2026-09-30 11:52:00-04:00,91.58000183105469,91.5999984741211,91.52999877929688,91.5999984741211,91.5999984741211,164,0.0,0.0
2026-09-30 11:53:00-04:00,91.5999984741211,91.62000274658203,91.54000091552734,91.55000305175781,91.55000305175781,330,0.0,0.0
2026-09-30 11:54:00-04:00,91.55000305175781,91.56999969482422,91.54000091552734,91.55999755859375,91.55999755859375,213,0.0,0.0
2026-09-30 11:55:00-04:00,91.55999755859375,91.55999755859375,91.45999908447266,91.48999786376953,91.48999786376953,328,0.0,0.0
2026-09-30 11:56:00-04:00,91.5,91.5,91.33000183105469,91.3499984741211,91.3499984741211,863,0.0,0.0
2026-09-30 11:57:00-04:00,91.3499984741211,91.3499984741211,91.2300033569336,91.2300033569336,91.2300033569336,445,0.0,0.0
2026-09-30 11:58:00-04:00,91.2300033569336,91.23999786376953,91.19999694824219,91.19999694824219,91.19999694824219,406,0.0,0.0
2026-09-30 11:59:00-04:00,91.19000244140625,91.20999908447266,91.13999938964844,91.16000366210938,91.16000366210938,363,0.0,0.0
2026-09-30 12:00:00-04:00,91.1500015258789,91.41999816894531,91.13999938964844,91.33999633789062,91.33999633789062,1128,0.0,0.0
2026-09-30 12:01:00-04:00,91.30999755859375,91.36000061035156,91.27999877929688,91.33999633789062,91.33999633789062,167,0.0,0.0
2026-09-30 12:02:00-04:00,91.3499984741211,91.4000015258789,91.27999877929688,91.38999938964844,91.38999938964844,541,0.0,0.0
2026-09-30 12:03:00-04:00,91.38999938964844,91.45999908447266,91.36000061035156,91.37999725341797,91.37999725341797,244,0.0,0.0
2026-09-30 12:04:00-04:00,91.38999938964844,91.5199966430664,91.31999969482422,91.31999969482422,91.31999969482422,331,0.0,0.0
2026-09-30 12:05:00-04:00,91.30999755859375,91.41999816894531,91.30999755859375,91.41000366210938,91.41000366210938,289,0.0,0.0
2026-09-30 12:06:00-04:00,91.4000015258789,91.41000366210938,91.36000061035156,91.36000061035156,91.36000061035156,315,0.0,0.0
2026-09-30 12:07:00-04:00,91.37000274658203,91.37999725341797,91.29000091552734,91.33000183105469,91.33000183105469,728,0.0,0.0
2026-09-30 12:08:00-04:00,91.33999633789062,91.38999938964844,91.30999755859375,91.36000061035156,91.36000061035156,114,0.0,0.0
2026-09-30 12:09:00-04:00,91.36000061035156,91.4800033569336,91.36000061035156,91.47000122070312,91.47000122070312,247,0.0,0.0
2026-09-30 12:10:00-04:00,91.44999694824219,91.5199966430664,91.44999694824219,91.4800033569336,91.4800033569336,217,0.0,0.0
2026-09-30 12:11:00-04:00,91.5,91.55000305175781,91.36000061035156,91.44000244140625,91.44000244140625,656,0.0,0.0
2026-09-30 12:12:00-04:00,91.45999908447266,91.5,91.43000030517578,91.47000122070312,91.47000122070312,220,0.0,0.0
2026-09-30 12:13:00-04:00,91.4800033569336,91.4800033569336,91.37000274658203,91.4800033569336,91.4800033569336,371,0.0,0.0
2026-09-30 12:14:00-04:00,91.47000122070312,91.48999786376953,91.44000244140625,91.45999908447266,91.45999908447266,112,0.0,0.0
2026-09-30 12:15:00-04:00,91.44999694824219,91.54000091552734,91.43000030517578,91.52999877929688,91.52999877929688,218,0.0,0.0
2026-09-30 12:16:00-04:00,91.54000091552734,91.54000091552734,91.4800033569336,91.5199966430664,91.5199966430664,137,0.0,0.0
2026-09-30 12:17:00-04:00,91.51000213623047,91.52999877929688,91.47000122070312,91.48999786376953,91.48999786376953,96,0.0,0.0
2026-09-30 12:18:00-04:00,91.48999786376953,91.5,91.31999969482422,91.33000183105469,91.33000183105469,296,0.0,0.0
2026-09-30 12:19:00-04:00,91.33000183105469,91.38999938964844,91.30999755859375,91.37000274658203,91.37000274658203,326,0.0,0.0
2026-09-30 12:20:00-04:00,91.3499984741211,91.41000366210938,91.33999633789062,91.4000015258789,91.4000015258789,197,0.0,0.0
2026-09-30 12:21:00-04:00,91.4000015258789,91.41999816894531,91.33999633789062,91.41999816894531,91.41999816894531,163,0.0,0.0
2026-09-30 12:22:00-04:00,91.41000366210938,91.48999786376953,91.36000061035156,91.43000030517578,91.43000030517578,328,0.0,0.0
2026-09-30 12:23:00-04:00,91.44000244140625,91.47000122070312,91.33000183105469,91.3499984741211,91.3499984741211,182,0.0,0.0
2026-09-30 12:24:00-04:00,91.3499984741211,91.41999816894531,91.33000183105469,91.4000015258789,91.4000015258789,102,0.0,0.0
2026-09-30 12:25:00-04:00,91.4000015258789,91.47000122070312,91.37999725341797,91.44999694824219,91.44999694824219,168,0.0,0.0
2026-09-30 12:26:00-04:00,91.48999786376953,91.5,91.41999816894531,91.44000244140625,91.44000244140625,121,0.0,0.0
2026-09-30 12:27:00-04:00,91.44999694824219,91.45999908447266,91.41000366210938,91.45999908447266,91.45999908447266,102,0.0,0.0
2026-09-30 12:28:00-04:00,91.45999908447266,91.4800033569336,91.41000366210938,91.41999816894531,91.41999816894531,109,0.0,0.0
2026-09-30 12:29:00-04:00,91.41000366210938,91.48999786376953,91.38999938964844,91.47000122070312,91.47000122070312,158,0.0,0.0
2026-09-30 12:30:00-04:00,91.47000122070312,91.52999877929688,91.37999725341797,91.52999877929688,91.52999877929688,227,0.0,0.0
2026-09-30 12:31:00-04:00,91.5199966430664,91.52999877929688,91.47000122070312,91.4800033569336,91.4800033569336,152,0.0,0.0
2026-09-30 12:32:00-04:00,91.5,91.5,91.44000244140625,91.4800033569336,91.4800033569336,107,0.0,0.0
2026-09-30 12:33:00-04:00,91.4800033569336,91.48999786376953,91.44999694824219,91.47000122070312,91.47000122070312,68,0.0,0.0
2026-09-30 12:34:00-04:00,91.48999786376953,91.5199966430664,91.45999908447266,91.48999786376953,91.48999786376953,218,0.0,0.0
2026-09-30 12:35:00-04:00,91.4800033569336,91.5199966430664,91.43000030517578,91.5199966430664,91.5199966430664,154,0.0,0.0
2026-09-30 12:36:00-04:00,91.52999877929688,91.56999969482422,91.51000213623047,91.55999755859375,91.55999755859375,145,0.0,0.0
2026-09-30 12:37:00-04:00,91.55000305175781,91.55000305175781,91.44000244140625,91.45999908447266,91.45999908447266,154,0.0,0.0
2026-09-30 12:38:00-04:00,91.45999908447266,91.4800033569336,91.4000015258789,91.4000015258789,91.4000015258789,151,0.0,0.0
2026-09-30 12:39:00-04:00,91.4000015258789,91.41000366210938,91.3499984741211,91.38999938964844,91.38999938964844,168,0.0,0.0
2026-09-30 12:40:00-04:00,91.4000015258789,91.43000030517578,91.38999938964844,91.4000015258789,91.4000015258789,143,0.0,0.0
2026-09-30 12:41:00-04:00,91.41000366210938,91.43000030517578,91.38999938964844,91.4000015258789,91.4000015258789,119,0.0,0.0
2026-09-30 12:42:00-04:00,91.41999816894531,91.44000244140625,91.37999725341797,91.37999725341797,91.37999725341797,237,0.0,0.0
2026-09-30 12:43:00-04:00,91.4000015258789,91.41000366210938,91.2699966430664,91.27999877929688,91.27999877929688,216,0.0,0.0
2026-09-30 12:44:00-04:00,91.2699966430664,91.27999877929688,91.18000030517578,91.26000213623047,91.26000213623047,369,0.0,0.0
2026-09-30 12:45:00-04:00,91.26000213623047,91.3499984741211,91.25,91.33000183105469,91.33000183105469,203,0.0,0.0
2026-09-30 12:46:00-04:00,91.33000183105469,91.44999694824219,91.33000183105469,91.4000015258789,91.4000015258789,235,0.0,0.0
2026-09-30 12:47:00-04:00,91.37999725341797,91.38999938964844,91.2699966430664,91.2699966430664,91.2699966430664,145,0.0,0.0
2026-09-30 12:48:00-04:00,91.29000091552734,91.30999755859375,91.26000213623047,91.27999877929688,91.27999877929688,107,0.0,0.0
2026-09-30 12:49:00-04:00,91.2699966430664,91.29000091552734,91.20999908447266,91.2699966430664,91.2699966430664,229,0.0,0.0
2026-09-30 12:50:00-04:00,91.2699966430664,91.29000091552734,91.20999908447266,91.2300033569336,91.2300033569336,139,0.0,0.0
2026-09-30 12:51:00-04:00,91.23999786376953,91.27999877929688,91.2300033569336,91.26000213623047,91.26000213623047,164,0.0,0.0
2026-09-30 12:52:00-04:00,91.26000213623047,91.27999877929688,91.23999786376953,91.2699966430664,91.2699966430664,208,0.0,0.0
2026-09-30 12:53:00-04:00,91.2699966430664,91.29000091552734,91.22000122070312,91.2300033569336,91.2300033569336,171,0.0,0.0
2026-09-30 12:54:00-04:00,91.2300033569336,91.29000091552734,91.20999908447266,91.20999908447266,91.20999908447266,195,0.0,0.0
2026-09-30 12:55:00-04:00,91.19999694824219,91.22000122070312,91.13999938964844,91.18000030517578,91.18000030517578,226,0.0,0.0
2026-09-30 12:56:00-04:00,91.16999816894531,91.22000122070312,91.13999938964844,91.1500015258789,91.1500015258789,217,0.0,0.0
2026-09-30 12:57:00-04:00,91.12000274658203,91.13999938964844,91.0199966430664,91.05000305175781,91.05000305175781,458,0.0,0.0
2026-09-30 12:58:00-04:00,91.04000091552734,91.05999755859375,90.87000274658203,90.91999816894531,90.91999816894531,874,0.0,0.0
2026-09-30 12:59:00-04:00,90.93000030517578,91.0,90.9000015258789,90.97000122070312,90.97000122070312,480,0.0,0.0
2026-09-30 13:00:00-04:00,90.95999908447266,91.01000213623047,90.93000030517578,90.94000244140625,90.94000244140625,172,0.0,0.0
2026-09-30 13:01:00-04:00,90.93000030517578,91.01000213623047,90.93000030517578,90.97000122070312,90.97000122070312,182,0.0,0.0
2026-09-30 13:02:00-04:00,90.97000122070312,90.98999786376953,90.9000015258789,90.9800033569336,90.9800033569336,192,0.0,0.0
2026-09-30 13:03:00-04:00,90.9800033569336,91.06999969482422,90.9800033569336,91.0199966430664,91.0199966430664,136,0.0,0.0
2026-09-30 13:04:00-04:00,91.04000091552734,91.08999633789062,91.0199966430664,91.02999877929688,91.02999877929688,263,0.0,0.0
2026-09-30 13:05:00-04:00,91.0199966430664,91.02999877929688,90.9800033569336,90.98999786376953,90.98999786376953,215,0.0,0.0
2026-09-30 13:06:00-04:00,90.98999786376953,90.98999786376953,90.87999725341797,90.91000366210938,90.91000366210938,269,0.0,0.0
2026-09-30 13:07:00-04:00,90.91999816894531,90.95999908447266,90.87999725341797,90.9000015258789,90.9000015258789,263,0.0,0.0
2026-09-30 13:08:00-04:00,90.9000015258789,90.91999816894531,90.8499984741211,90.91000366210938,90.91000366210938,667,0.0,0.0
2026-09-30 13:09:00-04:00,90.91000366210938,90.91999816894531,90.87000274658203,90.87000274658203,90.87000274658203,327,0.0,0.0
2026-09-30 13:10:00-04:00,90.8499984741211,90.87999725341797,90.83000183105469,90.83999633789062,90.83999633789062,173,0.0,0.0
2026-09-30 13:11:00-04:00,90.83999633789062,90.9000015258789,90.83999633789062,90.87999725341797,90.87999725341797,474,0.0,0.0
2026-09-30 13:12:00-04:00,90.87000274658203,90.88999938964844,90.83000183105469,90.87000274658203,90.87000274658203,187,0.0,0.0
2026-09-30 13:13:00-04:00,90.87000274658203,90.94999694824219,90.83000183105469,90.94999694824219,90.94999694824219,482,0.0,0.0
2026-09-30 13:14:00-04:00,90.94999694824219,90.94999694824219,90.87000274658203,90.93000030517578,90.93000030517578,98,0.0,0.0
2026-09-30 13:15:00-04:00,90.91999816894531,90.9800033569336,90.91000366210938,90.95999908447266,90.95999908447266,112,0.0,0.0
2026-09-30 13:16:00-04:00,90.94999694824219,91.01000213623047,90.9000015258789,90.9000015258789,90.9000015258789,212,0.0,0.0
2026-09-30 13:17:00-04:00,90.9000015258789,90.95999908447266,90.88999938964844,90.94000244140625,90.94000244140625,277,0.0,0.0
2026-09-30 13:18:00-04:00,90.93000030517578,90.94999694824219,90.87999725341797,90.87999725341797,90.87999725341797,306,0.0,0.0
2026-09-30 13:19:00-04:00,90.87999725341797,90.91999816894531,90.83000183105469,90.88999938964844,90.88999938964844,284,0.0,0.0
2026-09-30 13:20:00-04:00,90.88999938964844,90.9800033569336,90.87000274658203,90.97000122070312,90.97000122070312,127,0.0,0.0
2026-09-30 13:21:00-04:00,90.97000122070312,90.98999786376953,90.94000244140625,90.95999908447266,90.95999908447266,146,0.0,0.0
2026-09-30 13:22:00-04:00,90.97000122070312,91.01000213623047,90.95999908447266,91.01000213623047,91.01000213623047,160,0.0,0.0
2026-09-30 13:23:00-04:00,91.01000213623047,91.04000091552734,90.9800033569336,90.98999786376953,90.98999786376953,147,0.0,0.0
2026-09-30 13:24:00-04:00,90.98999786376953,91.0199966430664,90.97000122070312,90.9800033569336,90.9800033569336,140,0.0,0.0
2026-09-30 13:25:00-04:00,90.97000122070312,91.04000091552734,90.97000122070312,91.02999877929688,91.02999877929688,159,0.0,0.0
2026-09-30 13:26:00-04:00,91.02999877929688,91.05999755859375,90.97000122070312,90.98999786376953,90.98999786376953,221,0.0,0.0
2026-09-30 13:27:00-04:00,90.9800033569336,91.02999877929688,90.97000122070312,90.9800033569336,90.9800033569336,92,0.0,0.0
2026-09-30 13:28:00-04:00,90.98999786376953,91.08000183105469,90.98999786376953,91.01000213623047,91.01000213623047,219,0.0,0.0
2026-09-30 13:29:00-04:00,91.01000213623047,91.0199966430664,90.97000122070312,90.9800033569336,90.9800033569336,176,0.0,0.0
2026-09-30 13:30:00-04:00,90.9800033569336,91.0,90.94000244140625,90.98999786376953,90.98999786376953,384,0.0,0.0
2026-09-30 13:31:00-04:00,90.98999786376953,91.0,90.94999694824219,90.98999786376953,90.98999786376953,504,0.0,0.0
2026-09-30 13:32:00-04:00,90.98999786376953,91.04000091552734,90.97000122070312,91.0199966430664,91.0199966430664,242,0.0,0.0
2026-09-30 13:33:00-04:00,91.02999877929688,91.0999984741211,91.0,91.08000183105469,91.08000183105469,546,0.0,0.0
2026-09-30 13:34:00-04:00,91.08999633789062,91.12999725341797,91.08999633789062,91.0999984741211,91.0999984741211,291,0.0,0.0
2026-09-30 13:35:00-04:00,91.0999984741211,91.0999984741211,90.88999938964844,90.94000244140625,90.94000244140625,786,0.0,0.0
2026-09-30 13:36:00-04:00,90.94999694824219,90.95999908447266,90.87999725341797,90.94000244140625,90.94000244140625,592,0.0,0.0
2026-09-30 13:37:00-04:00,90.94999694824219,90.97000122070312,90.93000030517578,90.93000030517578,90.93000030517578,282,0.0,0.0
2026-09-30 13:38:00-04:00,90.93000030517578,90.93000030517578,90.76000213623047,90.81999969482422,90.81999969482422,862,0.0,0.0
2026-09-30 13:39:00-04:00,90.80999755859375,90.81999969482422,90.73999786376953,90.7699966430664,90.7699966430664,431,0.0,0.0
2026-09-30 13:40:00-04:00,90.7699966430664,90.9000015258789,90.76000213623047,90.86000061035156,90.86000061035156,268,0.0,0.0
2026-09-30 13:41:00-04:00,90.87000274658203,90.93000030517578,90.8499984741211,90.87999725341797,90.87999725341797,213,0.0,0.0
2026-09-30 13:42:00-04:00,90.87000274658203,90.91999816894531,90.87000274658203,90.88999938964844,90.88999938964844,124,0.0,0.0
2026-09-30 13:43:00-04:00,90.88999938964844,90.94000244140625,90.86000061035156,90.87999725341797,90.87999725341797,223,0.0,0.0
2026-09-30 13:44:00-04:00,90.87999725341797,90.87999725341797,90.83999633789062,90.87000274658203,90.87000274658203,112,0.0,0.0
2026-09-30 13:45:00-04:00,90.87000274658203,90.94999694824219,90.87000274658203,90.93000030517578,90.93000030517578,179,0.0,0.0
2026-09-30 13:46:00-04:00,90.91000366210938,90.91999816894531,90.8499984741211,90.8499984741211,90.8499984741211,173,0.0,0.0
2026-09-30 13:47:00-04:00,90.87000274658203,90.88999938964844,90.5999984741211,90.80999755859375,90.80999755859375,1030,0.0,0.0
2026-09-30 13:48:00-04:00,90.80999755859375,90.88999938964844,90.75,90.87000274658203,90.87000274658203,359,0.0,0.0
2026-09-30 13:49:00-04:00,90.87000274658203,90.94999694824219,90.86000061035156,90.94999694824219,90.94999694824219,311,0.0,0.0
2026-09-30 13:50:00-04:00,90.94000244140625,91.0,90.88999938964844,90.9800033569336,90.9800033569336,326,0.0,0.0
2026-09-30 13:51:00-04:00,90.9800033569336,91.02999877929688,90.94000244140625,90.94999694824219,90.94999694824219,290,0.0,0.0
2026-09-30 13:52:00-04:00,90.94999694824219,90.9800033569336,90.91000366210938,90.94999694824219,90.94999694824219,152,0.0,0.0
2026-09-30 13:53:00-04:00,90.95999908447266,90.98999786376953,90.94999694824219,90.98999786376953,90.98999786376953,131,0.0,0.0
2026-09-30 13:54:00-04:00,91.0,91.0999984741211,90.98999786376953,91.05000305175781,91.05000305175781,222,0.0,0.0
2026-09-30 13:55:00-04:00,91.05999755859375,91.05999755859375,91.0,91.0199966430664,91.0199966430664,348,0.0,0.0
2026-09-30 13:56:00-04:00,91.02999877929688,91.02999877929688,90.87999725341797,90.88999938964844,90.88999938964844,592,0.0,0.0
2026-09-30 13:57:00-04:00,90.87000274658203,90.87999725341797,90.69000244140625,90.69999694824219,90.69999694824219,855,0.0,0.0
2026-09-30 13:58:00-04:00,90.72000122070312,90.73999786376953,90.66000366210938,90.68000030517578,90.68000030517578,480,0.0,0.0
2026-09-30 13:59:00-04:00,90.68000030517578,90.70999908447266,90.62999725341797,90.66000366210938,90.66000366210938,525,0.0,0.0
2026-09-30 14:00:00-04:00,90.66000366210938,90.73999786376953,90.6500015258789,90.66999816894531,90.66999816894531,442,0.0,0.0
2026-09-30 14:01:00-04:00,90.68000030517578,90.77999877929688,90.6500015258789,90.69000244140625,90.69000244140625,426,0.0,0.0
2026-09-30 14:02:00-04:00,90.69000244140625,90.75,90.68000030517578,90.69000244140625,90.69000244140625,358,0.0,0.0
2026-09-30 14:03:00-04:00,90.69000244140625,90.70999908447266,90.66000366210938,90.69999694824219,90.69999694824219,194,0.0,0.0
2026-09-30 14:04:00-04:00,90.70999908447266,90.77999877929688,90.70999908447266,90.7699966430664,90.7699966430664,451,0.0,0.0
2026-09-30 14:05:00-04:00,90.7699966430664,90.7699966430664,90.63999938964844,90.66000366210938,90.66000366210938,521,0.0,0.0
2026-09-30 14:06:00-04:00,90.66999816894531,90.69999694824219,90.62999725341797,90.66999816894531,90.66999816894531,329,0.0,0.0
2026-09-30 14:07:00-04:00,90.66999816894531,90.7300033569336,90.66000366210938,90.68000030517578,90.68000030517578,228,0.0,0.0
2026-09-30 14:08:00-04:00,90.69000244140625,90.72000122070312,90.66000366210938,90.69000244140625,90.69000244140625,266,0.0,0.0
2026-09-30 14:09:00-04:00,90.69999694824219,90.7300033569336,90.62999725341797,90.63999938964844,90.63999938964844,518,0.0,0.0
2026-09-30 14:10:00-04:00,90.62000274658203,90.68000030517578,90.5999984741211,90.62000274658203,90.62000274658203,507,0.0,0.0
2026-09-30 14:11:00-04:00,90.62000274658203,90.6500015258789,90.56999969482422,90.62999725341797,90.62999725341797,465,0.0,0.0
2026-09-30 14:12:00-04:00,90.63999938964844,90.66999816894531,90.61000061035156,90.66999816894531,90.66999816894531,521,0.0,0.0
2026-09-30 14:13:00-04:00,90.66999816894531,90.80999755859375,90.66999816894531,90.79000091552734,90.79000091552734,481,0.0,0.0
2026-09-30 14:14:00-04:00,90.79000091552734,90.80999755859375,90.70999908447266,90.77999877929688,90.77999877929688,455,0.0,0.0
2026-09-30 14:15:00-04:00,90.76000213623047,90.77999877929688,90.66000366210938,90.66000366210938,90.66000366210938,505,0.0,0.0
2026-09-30 14:16:00-04:00,90.6500015258789,90.66000366210938,90.55000305175781,90.66000366210938,90.66000366210938,697,0.0,0.0
2026-09-30 14:17:00-04:00,90.66000366210938,90.68000030517578,90.5999984741211,90.63999938964844,90.63999938964844,598,0.0,0.0
2026-09-30 14:18:00-04:00,90.6500015258789,90.70999908447266,90.5999984741211,90.5999984741211,90.5999984741211,536,0.0,0.0
2026-09-30 14:19:00-04:00,90.61000061035156,90.68000030517578,90.58000183105469,90.66999816894531,90.66999816894531,584,0.0,0.0
2026-09-30 14:20:00-04:00,90.66999816894531,90.69000244140625,90.61000061035156,90.6500015258789,90.6500015258789,570,0.0,0.0
2026-09-30 14:21:00-04:00,90.66000366210938,90.69000244140625,90.62000274658203,90.6500015258789,90.6500015258789,466,0.0,0.0
2026-09-30 14:22:00-04:00,90.6500015258789,90.72000122070312,90.62999725341797,90.69999694824219,90.69999694824219,389,0.0,0.0
2026-09-30 14:23:00-04:00,90.69999694824219,90.7300033569336,90.66000366210938,90.69999694824219,90.69999694824219,332,0.0,0.0
2026-09-30 14:24:00-04:00,90.69999694824219,90.73999786376953,90.5199966430664,90.55000305175781,90.55000305175781,953,0.0,0.0
2026-09-30 14:25:00-04:00,90.54000091552734,90.58999633789062,90.5,90.56999969482422,90.56999969482422,468,0.0,0.0
2026-09-30 14:26:00-04:00,90.58000183105469,90.62999725341797,90.51000213623047,90.55999755859375,90.55999755859375,852,0.0,0.0
2026-09-30 14:27:00-04:00,90.55999755859375,90.63999938964844,90.52999877929688,90.61000061035156,90.61000061035156,788,0.0,0.0
2026-09-30 14:28:00-04:00,90.5999984741211,90.61000061035156,90.33000183105469,90.4000015258789,90.4000015258789,4379,0.0,0.0
2026-09-30 14:29:00-04:00,90.38999938964844,90.44999694824219,90.36000061035156,90.37999725341797,90.37999725341797,3609,0.0,0.0
2026-09-30 14:30:00-04:00,90.37999725341797,90.56999969482422,90.36000061035156,90.55999755859375,90.55999755859375,956,0.0,0.0
2026-09-30 14:31:00-04:00,90.55000305175781,90.68000030517578,90.55000305175781,90.68000030517578,90.68000030517578,1038,0.0,0.0
2026-09-30 14:32:00-04:00,90.66999816894531,90.69999694824219,90.61000061035156,90.62999725341797,90.62999725341797,265,0.0,0.0
2026-09-30 14:33:00-04:00,90.63999938964844,90.70999908447266,90.62000274658203,90.69999694824219,90.69999694824219,502,0.0,0.0
2026-09-30 14:34:00-04:00,90.69000244140625,90.69999694824219,90.63999938964844,90.69000244140625,90.69000244140625,264,0.0,0.0
2026-09-30 14:35:00-04:00,90.69000244140625,90.86000061035156,90.66999816894531,90.8499984741211,90.8499984741211,284,0.0,0.0
2026-09-30 14:36:00-04:00,90.83999633789062,90.9000015258789,90.83000183105469,90.83000183105469,90.83000183105469,251,0.0,0.0
2026-09-30 14:37:00-04:00,90.83999633789062,90.87999725341797,90.80999755859375,90.81999969482422,90.81999969482422,170,0.0,0.0
2026-09-30 14:38:00-04:00,90.81999969482422,90.8499984741211,90.79000091552734,90.79000091552734,90.79000091552734,340,0.0,0.0
2026-09-30 14:39:00-04:00,90.79000091552734,90.80999755859375,90.7699966430664,90.77999877929688,90.77999877929688,126,0.0,0.0
2026-09-30 14:40:00-04:00,90.80000305175781,90.83000183105469,90.77999877929688,90.80999755859375,90.80999755859375,89,0.0,0.0
2026-09-30 14:41:00-04:00,90.80000305175781,90.83999633789062,90.80000305175781,90.83000183105469,90.83000183105469,67,0.0,0.0
2026-09-30 14:42:00-04:00,90.8499984741211,90.86000061035156,90.73999786376953,90.73999786376953,90.73999786376953,295,0.0,0.0
2026-09-30 14:43:00-04:00,90.73999786376953,90.73999786376953,90.62999725341797,90.62999725341797,90.62999725341797,255,0.0,0.0
2026-09-30 14:44:00-04:00,90.62000274658203,90.69999694824219,90.62000274658203,90.69000244140625,90.69000244140625,47,0.0,0.0
2026-09-30 14:45:00-04:00,90.68000030517578,90.69000244140625,90.63999938964844,90.6500015258789,90.6500015258789,63,0.0,0.0
2026-09-30 14:46:00-04:00,90.63999938964844,90.69000244140625,90.63999938964844,90.6500015258789,90.6500015258789,128,0.0,0.0
2026-09-30 14:47:00-04:00,90.63999938964844,90.69999694824219,90.63999938964844,90.66999816894531,90.66999816894531,57,0.0,0.0
2026-09-30 14:48:00-04:00,90.66000366210938,90.66000366210938,90.63999938964844,90.63999938964844,90.63999938964844,17,0.0,0.0
2026-09-30 14:49:00-04:00,90.63999938964844,90.66000366210938,90.61000061035156,90.62000274658203,90.62000274658203,33,0.0,0.0
2026-09-30 14:50:00-04:00,90.62999725341797,90.6500015258789,90.61000061035156,90.6500015258789,90.6500015258789,42,0.0,0.0
2026-09-30 14:51:00-04:00,90.6500015258789,90.70999908447266,90.62000274658203,90.70999908447266,90.70999908447266,106,0.0,0.0
2026-09-30 14:52:00-04:00,90.72000122070312,90.73999786376953,90.69999694824219,90.69999694824219,90.69999694824219,62,0.0,0.0
2026-09-30 14:53:00-04:00,90.70999908447266,90.72000122070312,90.66999816894531,90.68000030517578,90.68000030517578,48,0.0,0.0
2026-09-30 14:54:00-04:00,90.66999816894531,90.69999694824219,90.66999816894531,90.66999816894531,90.66999816894531,22,0.0,0.0
2026-09-30 14:55:00-04:00,90.6500015258789,90.66999816894531,90.6500015258789,90.66999816894531,90.66999816894531,16,0.0,0.0
2026-09-30 14:56:00-04:00,90.68000030517578,90.69999694824219,90.56999969482422,90.62999725341797,90.62999725341797,204,0.0,0.0
2026-09-30 14:57:00-04:00,90.62000274658203,90.63999938964844,90.5999984741211,90.63999938964844,90.63999938964844,40,0.0,0.0
2026-09-30 14:58:00-04:00,90.6500015258789,90.66999816894531,90.5199966430664,90.58000183105469,90.58000183105469,194,0.0,0.0
2026-09-30 14:59:00-04:00,90.58999633789062,90.62000274658203,90.58000183105469,90.5999984741211,90.5999984741211,60,0.0,0.0
2026-09-30 15:00:00-04:00,90.5999984741211,90.5999984741211,90.55000305175781,90.58000183105469,90.58000183105469,95,0.0,0.0
2026-09-30 15:01:00-04:00,90.58000183105469,90.58999633789062,90.5199966430664,90.52999877929688,90.52999877929688,62,0.0,0.0
2026-09-30 15:02:00-04:00,90.55000305175781,90.5999984741211,90.54000091552734,90.5999984741211,90.5999984741211,90,0.0,0.0
2026-09-30 15:03:00-04:00,90.5999984741211,90.5999984741211,90.55999755859375,90.5999984741211,90.5999984741211,27,0.0,0.0
2026-09-30 15:04:00-04:00,90.61000061035156,90.63999938964844,90.56999969482422,90.56999969482422,90.56999969482422,49,0.0,0.0
2026-09-30 15:05:00-04:00,90.58000183105469,90.5999984741211,90.54000091552734,90.55999755859375,90.55999755859375,39,0.0,0.0
2026-09-30 15:06:00-04:00,90.55000305175781,90.58999633789062,90.51000213623047,90.58999633789062,90.58999633789062,215,0.0,0.0
2026-09-30 15:07:00-04:00,90.58000183105469,90.61000061035156,90.55000305175781,90.55000305175781,90.55000305175781,45,0.0,0.0
2026-09-30 15:08:00-04:00,90.55000305175781,90.61000061035156,90.55000305175781,90.58000183105469,90.58000183105469,70,0.0,0.0
2026-09-30 15:09:00-04:00,90.62999725341797,90.6500015258789,90.62000274658203,90.6500015258789,90.6500015258789,69,0.0,0.0
2026-09-30 15:10:00-04:00,90.6500015258789,90.66000366210938,90.62000274658203,90.66000366210938,90.66000366210938,37,0.0,0.0
2026-09-30 15:11:00-04:00,90.66999816894531,90.68000030517578,90.61000061035156,90.62000274658203,90.62000274658203,35,0.0,0.0
2026-09-30 15:12:00-04:00,90.62000274658203,90.62999725341797,90.61000061035156,90.62999725341797,90.62999725341797,18,0.0,0.0
2026-09-30 15:13:00-04:00,90.62999725341797,90.6500015258789,90.61000061035156,90.6500015258789,90.6500015258789,28,0.0,0.0
2026-09-30 15:14:00-04:00,90.66000366210938,90.69000244140625,90.62000274658203,90.62000274658203,90.62000274658203,53,0.0,0.0
2026-09-30 15:15:00-04:00,90.62999725341797,90.63999938964844,90.5999984741211,90.5999984741211,90.5999984741211,21,0.0,0.0
2026-09-30 15:16:00-04:00,90.61000061035156,90.62999725341797,90.58000183105469,90.58000183105469,90.58000183105469,45,0.0,0.0
2026-09-30 15:17:00-04:00,90.58000183105469,90.58999633789062,90.55000305175781,90.58000183105469,90.58000183105469,50,0.0,0.0
2026-09-30 15:18:00-04:00,90.58000183105469,90.61000061035156,90.56999969482422,90.58000183105469,90.58000183105469,42,0.0,0.0
2026-09-30 15:19:00-04:00,90.56999969482422,90.58999633789062,90.55000305175781,90.55999755859375,90.55999755859375,46,0.0,0.0
2026-09-30 15:20:00-04:00,90.56999969482422,90.58000183105469,90.47000122070312,90.5,90.5,168,0.0,0.0
2026-09-30 15:21:00-04:00,90.48999786376953,90.52999877929688,90.47000122070312,90.52999877929688,90.52999877929688,58,0.0,0.0
2026-09-30 15:22:00-04:00,90.5199966430664,90.52999877929688,90.48999786376953,90.48999786376953,90.48999786376953,39,0.0,0.0
2026-09-30 15:23:00-04:00,90.5,90.52999877929688,90.48999786376953,90.52999877929688,90.52999877929688,28,0.0,0.0
2026-09-30 15:24:00-04:00,90.51000213623047,90.55000305175781,90.48999786376953,90.5199966430664,90.5199966430664,77,0.0,0.0
2026-09-30 15:25:00-04:00,90.52999877929688,90.61000061035156,90.52999877929688,90.61000061035156,90.61000061035156,120,0.0,0.0
2026-09-30 15:26:00-04:00,90.58999633789062,90.61000061035156,90.56999969482422,90.61000061035156,90.61000061035156,51,0.0,0.0
2026-09-30 15:27:00-04:00,90.61000061035156,90.61000061035156,90.58000183105469,90.58000183105469,90.58000183105469,26,0.0,0.0
2026-09-30 15:28:00-04:00,90.5999984741211,90.63999938964844,90.5999984741211,90.62000274658203,90.62000274658203,68,0.0,0.0
2026-09-30 15:29:00-04:00,90.61000061035156,90.62999725341797,90.61000061035156,90.62999725341797,90.62999725341797,64,0.0,0.0
2026-09-30 15:30:00-04:00,90.62999725341797,90.69000244140625,90.62999725341797,90.63999938964844,90.63999938964844,257,0.0,0.0
2026-09-30 15:31:00-04:00,90.6500015258789,90.68000030517578,90.62999725341797,90.6500015258789,90.6500015258789,81,0.0,0.0
2026-09-30 15:32:00-04:00,90.63999938964844,90.6500015258789,90.63999938964844,90.63999938964844,90.63999938964844,74,0.0,0.0
2026-09-30 15:33:00-04:00,90.63999938964844,90.66000366210938,90.63999938964844,90.6500015258789,90.6500015258789,86,0.0,0.0
2026-09-30 15:34:00-04:00,90.6500015258789,90.66000366210938,90.63999938964844,90.6500015258789,90.6500015258789,28,0.0,0.0
2026-09-30 15:35:00-04:00,90.6500015258789,90.66000366210938,90.63999938964844,90.6500015258789,90.6500015258789,36,0.0,0.0
2026-09-30 15:36:00-04:00,90.62999725341797,90.63999938964844,90.58000183105469,90.5999984741211,90.5999984741211,111,0.0,0.0
2026-09-30 15:37:00-04:00,90.58000183105469,90.58999633789062,90.55000305175781,90.58999633789062,90.58999633789062,73,0.0,0.0
2026-09-30 15:38:00-04:00,90.58999633789062,90.62999725341797,90.58999633789062,90.61000061035156,90.61000061035156,176,0.0,0.0
2026-09-30 15:39:00-04:00,90.5999984741211,90.61000061035156,90.38999938964844,90.44999694824219,90.44999694824219,460,0.0,0.0
2026-09-30 15:40:00-04:00,90.44000244140625,90.55999755859375,90.38999938964844,90.44999694824219,90.44999694824219,386,0.0,0.0
2026-09-30 15:41:00-04:00,90.44999694824219,90.5199966430664,90.44000244140625,90.51000213623047,90.51000213623047,50,0.0,0.0
2026-09-30 15:42:00-04:00,90.48999786376953,90.52999877929688,90.48999786376953,90.52999877929688,90.52999877929688,37,0.0,0.0
2026-09-30 15:43:00-04:00,90.52999877929688,90.52999877929688,90.51000213623047,90.51000213623047,90.51000213623047,72,0.0,0.0
2026-09-30 15:44:00-04:00,90.52999877929688,90.52999877929688,90.48999786376953,90.5199966430664,90.5199966430664,39,0.0,0.0
2026-09-30 15:45:00-04:00,90.51000213623047,90.52999877929688,90.47000122070312,90.47000122070312,90.47000122070312,74,0.0,0.0
2026-09-30 15:46:00-04:00,90.45999908447266,90.55000305175781,90.45999908447266,90.55000305175781,90.55000305175781,79,0.0,0.0
2026-09-30 15:47:00-04:00,90.54000091552734,90.55000305175781,90.51000213623047,90.52999877929688,90.52999877929688,98,0.0,0.0
2026-09-30 15:48:00-04:00,90.5,90.5199966430664,90.43000030517578,90.5199966430664,90.5199966430664,167,0.0,0.0
2026-09-30 15:49:00-04:00,90.51000213623047,90.54000091552734,90.51000213623047,90.5199966430664,90.5199966430664,27,0.0,0.0
2026-09-30 15:50:00-04:00,90.5,90.5199966430664,90.41000366210938,90.44999694824219,90.44999694824219,152,0.0,0.0
2026-09-30 15:51:00-04:00,90.45999908447266,90.47000122070312,90.44000244140625,90.47000122070312,90.47000122070312,63,0.0,0.0
2026-09-30 15:52:00-04:00,90.4800033569336,90.5199966430664,90.4800033569336,90.51000213623047,90.51000213623047,88,0.0,0.0
2026-09-30 15:53:00-04:00,90.51000213623047,90.51000213623047,90.48999786376953,90.5,90.5,55,0.0,0.0
2026-09-30 15:54:00-04:00,90.5,90.51000213623047,90.45999908447266,90.47000122070312,90.47000122070312,66,0.0,0.0
2026-09-30 15:55:00-04:00,90.4800033569336,90.48999786376953,90.44999694824219,90.47000122070312,90.47000122070312,47,0.0,0.0
2026-09-30 15:56:00-04:00,90.4800033569336,90.54000091552734,90.4800033569336,90.52999877929688,90.52999877929688,152,0.0,0.0
2026-09-30 15:57:00-04:00,90.5199966430664,90.54000091552734,90.5199966430664,90.52999877929688,90.52999877929688,49,0.0,0.0
2026-09-30 15:58:00-04:00,90.5199966430664,90.58000183105469,90.5199966430664,90.56999969482422,90.56999969482422,126,0.0,0.0
2026-09-30 15:59:00-04:00,90.58999633789062,90.58999633789062,90.5199966430664,90.52999877929688,90.52999877929688,116,0.0,0.0
2026-09-30 16:00:00-04:00,90.5199966430664,90.62000274658203,90.5199966430664,90.62000274658203,90.62000274658203,75,0.0,0.0
2026-09-30 16:01:00-04:00,90.62000274658203,90.62000274658203,90.54000091552734,90.54000091552734,90.54000091552734,36,0.0,0.0
2026-09-30 16:02:00-04:00,90.54000091552734,90.58000183105469,90.54000091552734,90.58000183105469,90.58000183105469,14,0.0,0.0
2026-09-30 16:03:00-04:00,90.5999984741211,90.62999725341797,90.58000183105469,90.61000061035156,90.61000061035156,25,0.0,0.0
2026-09-30 16:04:00-04:00,90.62999725341797,90.6500015258789,90.5999984741211,90.62000274658203,90.62000274658203,38,0.0,0.0
2026-09-30 16:05:00-04:00,90.62000274658203,90.63999938964844,90.61000061035156,90.62000274658203,90.62000274658203,17,0.0,0.0
2026-09-30 16:06:00-04:00,90.62000274658203,90.62999725341797,90.58000183105469,90.61000061035156,90.61000061035156,44,0.0,0.0
2026-09-30 16:07:00-04:00,90.61000061035156,90.62999725341797,90.61000061035156,90.61000061035156,90.61000061035156,18,0.0,0.0
2026-09-30 16:08:00-04:00,90.61000061035156,90.62999725341797,90.58000183105469,90.58000183105469,90.58000183105469,66,0.0,0.0
2026-09-30 16:09:00-04:00,90.58000183105469,90.58999633789062,90.56999969482422,90.56999969482422,90.56999969482422,23,0.0,0.0
2026-09-30 16:10:00-04:00,90.55999755859375,90.58999633789062,90.54000091552734,90.55000305175781,90.55000305175781,171,0.0,0.0
2026-09-30 16:11:00-04:00,90.52999877929688,90.55000305175781,90.5,90.51000213623047,90.51000213623047,91,0.0,0.0
2026-09-30 16:12:00-04:00,90.51000213623047,90.5199966430664,90.4800033569336,90.5,90.5,57,0.0,0.0
2026-09-30 16:13:00-04:00,90.5199966430664,90.5199966430664,90.5199966430664,90.5199966430664,90.5199966430664,8,0.0,0.0
2026-09-30 16:14:00-04:00,90.52999877929688,90.54000091552734,90.51000213623047,90.52999877929688,90.52999877929688,8,0.0,0.0
2026-09-30 16:15:00-04:00,90.5199966430664,90.5199966430664,90.48999786376953,90.5,90.5,19,0.0,0.0
2026-09-30 16:16:00-04:00,90.51000213623047,90.52999877929688,90.51000213623047,90.5199966430664,90.5199966430664,19,0.0,0.0
2026-09-30 16:17:00-04:00,90.51000213623047,90.52999877929688,90.51000213623047,90.5199966430664,90.5199966430664,17,0.0,0.0
2026-09-30 16:18:00-04:00,90.51000213623047,90.55000305175781,90.51000213623047,90.55000305175781,90.55000305175781,26,0.0,0.0
2026-09-30 16:19:00-04:00,90.55999755859375,90.56999969482422,90.55000305175781,90.55999755859375,90.55999755859375,28,0.0,0.0
2026-09-30 16:20:00-04:00,90.55000305175781,90.55999755859375,90.55000305175781,90.55000305175781,90.55000305175781,5,0.0,0.0
2026-09-30 16:21:00-04:00,90.56999969482422,90.56999969482422,90.55000305175781,90.55000305175781,90.55000305175781,10,0.0,0.0
2026-09-30 16:22:00-04:00,90.55000305175781,90.55000305175781,90.54000091552734,90.54000091552734,90.54000091552734,14,0.0,0.0
2026-09-30 16:23:00-04:00,90.55999755859375,90.55999755859375,90.52999877929688,90.54000091552734,90.54000091552734,11,0.0,0.0
2026-09-30 16:24:00-04:00,90.54000091552734,90.54000091552734,90.5199966430664,90.54000091552734,90.54000091552734,7,0.0,0.0
2026-09-30 16:25:00-04:00,90.55000305175781,90.55000305175781,90.52999877929688,90.52999877929688,90.52999877929688,23,0.0,0.0
2026-09-30 16:26:00-04:00,90.55000305175781,90.55000305175781,90.52999877929688,90.54000091552734,90.54000091552734,15,0.0,0.0
2026-09-30 16:27:00-04:00,90.54000091552734,90.54000091552734,90.5,90.51000213623047,90.51000213623047,26,0.0,0.0
2026-09-30 16:28:00-04:00,90.5,90.51000213623047,90.44000244140625,90.44999694824219,90.44999694824219,105,0.0,0.0
2026-09-30 16:29:00-04:00,90.44999694824219,90.47000122070312,90.43000030517578,90.45999908447266,90.45999908447266,62,0.0,0.0
2026-09-30 16:30:00-04:00,90.45999908447266,90.4800033569336,90.44000244140625,90.47000122070312,90.47000122070312,39,0.0,0.0
2026-09-30 16:31:00-04:00,90.45999908447266,90.47000122070312,90.44999694824219,90.44999694824219,90.44999694824219,12,0.0,0.0
2026-09-30 16:32:00-04:00,90.44000244140625,90.44000244140625,90.41000366210938,90.41000366210938,90.41000366210938,31,0.0,0.0
2026-09-30 16:33:00-04:00,90.41000366210938,90.44000244140625,90.4000015258789,90.41000366210938,90.41000366210938,71,0.0,0.0
2026-09-30 16:34:00-04:00,90.38999938964844,90.38999938964844,90.30999755859375,90.33999633789062,90.33999633789062,77,0.0,0.0
2026-09-30 16:35:00-04:00,90.33999633789062,90.37999725341797,90.27999877929688,90.29000091552734,90.29000091552734,95,0.0,0.0
2026-09-30 16:36:00-04:00,90.27999877929688,90.31999969482422,90.26000213623047,90.30000305175781,90.30000305175781,81,0.0,0.0
2026-09-30 16:37:00-04:00,90.31999969482422,90.33999633789062,90.31999969482422,90.31999969482422,90.31999969482422,11,0.0,0.0
2026-09-30 16:38:00-04:00,90.30000305175781,90.30999755859375,90.2699966430664,90.29000091552734,90.29000091552734,90,0.0,0.0
2026-09-30 16:39:00-04:00,90.29000091552734,90.31999969482422,90.29000091552734,90.31999969482422,90.31999969482422,13,0.0,0.0
2026-09-30 16:40:00-04:00,90.30000305175781,90.33000183105469,90.29000091552734,90.31999969482422,90.31999969482422,26,0.0,0.0
2026-09-30 16:41:00-04:00,90.30999755859375,90.33000183105469,90.30000305175781,90.31999969482422,90.31999969482422,20,0.0,0.0
2026-09-30 16:42:00-04:00,90.30999755859375,90.33999633789062,90.30999755859375,90.31999969482422,90.31999969482422,8,0.0,0.0
2026-09-30 16:43:00-04:00,90.33000183105469,90.37000274658203,90.29000091552734,90.30000305175781,90.30000305175781,45,0.0,0.0
2026-09-30 16:44:00-04:00,90.30999755859375,90.33999633789062,90.30999755859375,90.33999633789062,90.33999633789062,78,0.0,0.0
2026-09-30 16:45:00-04:00,90.33000183105469,90.36000061035156,90.30999755859375,90.33000183105469,90.33000183105469,30,0.0,0.0
2026-09-30 16:46:00-04:00,90.33000183105469,90.36000061035156,90.33000183105469,90.33999633789062,90.33999633789062,38,0.0,0.0
2026-09-30 16:47:00-04:00,90.3499984741211,90.3499984741211,90.31999969482422,90.33000183105469,90.33000183105469,13,0.0,0.0
2026-09-30 16:48:00-04:00,90.3499984741211,90.43000030517578,90.33000183105469,90.4000015258789,90.4000015258789,98,0.0,0.0
2026-09-30 16:49:00-04:00,90.41000366210938,90.43000030517578,90.31999969482422,90.33999633789062,90.33999633789062,53,0.0,0.0
2026-09-30 16:50:00-04:00,90.33000183105469,90.36000061035156,90.30999755859375,90.36000061035156,90.36000061035156,44,0.0,0.0
2026-09-30 16:51:00-04:00,90.38999938964844,90.41000366210938,90.36000061035156,90.4000015258789,90.4000015258789,31,0.0,0.0
2026-09-30 16:52:00-04:00,90.4000015258789,90.43000030517578,90.4000015258789,90.43000030517578,90.43000030517578,22,0.0,0.0
2026-09-30 16:53:00-04:00,90.41000366210938,90.41000366210938,90.41000366210938,90.41000366210938,90.41000366210938,10,0.0,0.0
2026-09-30 16:54:00-04:00,90.4000015258789,90.41999816894531,90.37000274658203,90.37000274658203,90.37000274658203,58,0.0,0.0
2026-09-30 16:55:00-04:00,90.36000061035156,90.37999725341797,90.33999633789062,90.37999725341797,90.37999725341797,51,0.0,0.0
2026-09-30 16:56:00-04:00,90.37999725341797,90.37999725341797,90.36000061035156,90.37000274658203,90.37000274658203,11,0.0,0.0
2026-09-30 16:57:00-04:00,90.36000061035156,90.37000274658203,90.33999633789062,90.3499984741211,90.3499984741211,50,0.0,0.0
2026-09-30 16:58:00-04:00,90.36000061035156,90.37000274658203,90.33000183105469,90.33999633789062,90.33999633789062,81,0.0,0.0
2026-09-30 16:59:00-04:00,90.3499984741211,90.37000274658203,90.31999969482422,90.33999633789062,90.33999633789062,140,0.0,0.0
2026-09-30 18:00:00-04:00,90.33999633789062,90.51000213623047,90.26000213623047,90.37000274658203,90.37000274658203,0,0.0,0.0
2026-09-30 18:01:00-04:00,90.3499984741211,90.3499984741211,90.31999969482422,90.31999969482422,90.31999969482422,16,0.0,0.0
2026-09-30 18:02:00-04:00,90.33999633789062,90.36000061035156,90.30999755859375,90.36000061035156,90.36000061035156,15,0.0,0.0
2026-09-30 18:03:00-04:00,90.3499984741211,90.37000274658203,90.3499984741211,90.3499984741211,90.3499984741211,8,0.0,0.0
2026-09-30 18:04:00-04:00,90.33999633789062,90.3499984741211,90.23999786376953,90.33000183105469,90.33000183105469,62,0.0,0.0
2026-09-30 18:05:00-04:00,90.30999755859375,90.30999755859375,90.23999786376953,90.27999877929688,90.27999877929688,30,0.0,0.0
2026-09-30 18:06:00-04:00,90.29000091552734,90.29000091552734,90.23999786376953,90.2699966430664,90.2699966430664,13,0.0,0.0
2026-09-30 18:07:00-04:00,90.2699966430664,90.2699966430664,90.23999786376953,90.25,90.25,13,0.0,0.0
2026-09-30 18:08:00-04:00,90.2699966430664,90.27999877929688,90.19000244140625,90.19999694824219,90.19999694824219,43,0.0,0.0
2026-09-30 18:09:00-04:00,90.19000244140625,90.26000213623047,90.19000244140625,90.26000213623047,90.26000213623047,29,0.0,0.0
2026-09-30 18:10:00-04:00,90.23999786376953,90.25,90.23999786376953,90.25,90.25,4,0.0,0.0
2026-09-30 18:11:00-04:00,90.2699966430664,90.2699966430664,90.22000122070312,90.2300033569336,90.2300033569336,12,0.0,0.0
2026-09-30 18:12:00-04:00,90.20999908447266,90.20999908447266,90.19000244140625,90.19000244140625,90.19000244140625,16,0.0,0.0
2026-09-30 18:13:00-04:00,90.19999694824219,90.2300033569336,90.19999694824219,90.2300033569336,90.2300033569336,6,0.0,0.0
2026-09-30 18:14:00-04:00,90.23999786376953,90.23999786376953,90.2300033569336,90.2300033569336,90.2300033569336,5,0.0,0.0
2026-09-30 18:15:00-04:00,90.20999908447266,90.23999786376953,90.20999908447266,90.20999908447266,90.20999908447266,15,0.0,0.0
2026-09-30 18:16:00-04:00,90.19999694824219,90.20999908447266,90.19999694824219,90.20999908447266,90.20999908447266,8,0.0,0.0
2026-09-30 18:17:00-04:00,90.19000244140625,90.19999694824219,90.16000366210938,90.16000366210938,90.16000366210938,22,0.0,0.0
2026-09-30 18:18:00-04:00,90.19000244140625,90.22000122070312,90.18000030517578,90.18000030517578,90.18000030517578,20,0.0,0.0
2026-09-30 18:19:00-04:00,90.18000030517578,90.18000030517578,90.13999938964844,90.13999938964844,90.13999938964844,10,0.0,0.0
2026-09-30 18:20:00-04:00,90.13999938964844,90.19000244140625,90.12000274658203,90.19000244140625,90.19000244140625,25,0.0,0.0
2026-09-30 18:21:00-04:00,90.19000244140625,90.19000244140625,90.19000244140625,90.19000244140625,90.19000244140625,1,0.0,0.0
2026-09-30 18:22:00-04:00,90.19000244140625,90.19999694824219,90.19000244140625,90.19999694824219,90.19999694824219,6,0.0,0.0
2026-09-30 18:23:00-04:00,90.18000030517578,90.18000030517578,90.1500015258789,90.16000366210938,90.16000366210938,9,0.0,0.0
2026-09-30 18:24:00-04:00,90.16999816894531,90.16999816894531,90.16999816894531,90.16999816894531,90.16999816894531,1,0.0,0.0
2026-09-30 18:25:00-04:00,90.18000030517578,90.18000030517578,90.13999938964844,90.16999816894531,90.16999816894531,16,0.0,0.0
2026-09-30 18:26:00-04:00,90.1500015258789,90.16000366210938,90.1500015258789,90.16000366210938,90.16000366210938,3,0.0,0.0
2026-09-30 18:27:00-04:00,90.16000366210938,90.16000366210938,90.12000274658203,90.12000274658203,90.12000274658203,7,0.0,0.0
2026-09-30 18:28:00-04:00,90.12999725341797,90.1500015258789,90.12000274658203,90.1500015258789,90.1500015258789,10,0.0,0.0
2026-09-30 18:29:00-04:00,90.12000274658203,90.16000366210938,90.12000274658203,90.16000366210938,90.16000366210938,7,0.0,0.0
2026-09-30 18:31:00-04:00,90.12999725341797,90.13999938964844,90.11000061035156,90.11000061035156,90.11000061035156,22,0.0,0.0
2026-09-30 18:32:00-04:00,90.11000061035156,90.12999725341797,90.0999984741211,90.12000274658203,90.12000274658203,7,0.0,0.0
2026-09-30 18:33:00-04:00,90.12000274658203,90.12999725341797,90.11000061035156,90.12000274658203,90.12000274658203,50,0.0,0.0
2026-09-30 18:34:00-04:00,90.11000061035156,90.12999725341797,90.11000061035156,90.12000274658203,90.12000274658203,17,0.0,0.0
2026-09-30 18:35:00-04:00,90.12000274658203,90.12000274658203,90.0999984741211,90.0999984741211,90.0999984741211,20,0.0,0.0
2026-09-30 18:36:00-04:00,90.0999984741211,90.12999725341797,90.08999633789062,90.08999633789062,90.08999633789062,67,0.0,0.0
2026-09-30 18:37:00-04:00,90.08000183105469,90.08999633789062,90.0199966430664,90.0199966430664,90.0199966430664,51,0.0,0.0
2026-09-30 18:38:00-04:00,90.02999877929688,90.06999969482422,90.0199966430664,90.04000091552734,90.04000091552734,36,0.0,0.0
2026-09-30 18:39:00-04:00,90.05999755859375,90.05999755859375,90.02999877929688,90.02999877929688,90.02999877929688,15,0.0,0.0
2026-09-30 18:40:00-04:00,90.05000305175781,90.05000305175781,90.05000305175781,90.05000305175781,90.05000305175781,6,0.0,0.0
2026-09-30 18:41:00-04:00,90.05999755859375,90.08999633789062,90.05000305175781,90.08999633789062,90.08999633789062,28,0.0,0.0
2026-09-30 18:42:00-04:00,90.08999633789062,90.08999633789062,90.08000183105469,90.08999633789062,90.08999633789062,8,0.0,0.0
2026-09-30 18:43:00-04:00,90.0999984741211,90.0999984741211,90.05000305175781,90.08000183105469,90.08000183105469,14,0.0,0.0
2026-09-30 18:44:00-04:00,90.05000305175781,90.08000183105469,90.05000305175781,90.08000183105469,90.08000183105469,5,0.0,0.0
2026-09-30 18:46:00-04:00,90.06999969482422,90.06999969482422,90.05999755859375,90.06999969482422,90.06999969482422,7,0.0,0.0
2026-09-30 18:47:00-04:00,90.08000183105469,90.08000183105469,90.08000183105469,90.08000183105469,90.08000183105469,4,0.0,0.0
2026-09-30 18:48:00-04:00,90.05999755859375,90.06999969482422,90.05000305175781,90.05000305175781,90.05000305175781,20,0.0,0.0
2026-09-30 18:49:00-04:00,90.04000091552734,90.05999755859375,90.04000091552734,90.05999755859375,90.05999755859375,12,0.0,0.0
2026-09-30 18:50:00-04:00,90.05999755859375,90.06999969482422,90.02999877929688,90.04000091552734,90.04000091552734,75,0.0,0.0
2026-09-30 18:51:00-04:00,90.04000091552734,90.05000305175781,90.04000091552734,90.05000305175781,90.05000305175781,19,0.0,0.0
2026-09-30 18:52:00-04:00,90.0199966430664,90.02999877929688,90.0199966430664,90.0199966430664,90.0199966430664,8,0.0,0.0
2026-09-30 18:53:00-04:00,90.04000091552734,90.05999755859375,90.04000091552734,90.05999755859375,90.05999755859375,14,0.0,0.0
2026-09-30 18:56:00-04:00,90.05999755859375,90.06999969482422,90.05000305175781,90.05000305175781,90.05000305175781,10,0.0,0.0
2026-09-30 18:57:00-04:00,90.05000305175781,90.05999755859375,90.05000305175781,90.05999755859375,90.05999755859375,5,0.0,0.0
2026-09-30 18:58:00-04:00,90.05999755859375,90.1500015258789,90.05999755859375,90.0999984741211,90.0999984741211,86,0.0,0.0
2026-09-30 18:59:00-04:00,90.11000061035156,90.12999725341797,90.11000061035156,90.12000274658203,90.12000274658203,18,0.0,0.0
2026-09-30 19:00:00-04:00,90.12000274658203,90.12000274658203,90.08999633789062,90.08999633789062,90.08999633789062,17,0.0,0.0
2026-09-30 19:01:00-04:00,90.08999633789062,90.11000061035156,90.06999969482422,90.08000183105469,90.08000183105469,25,0.0,0.0
2026-09-30 19:02:00-04:00,90.08999633789062,90.08999633789062,90.08000183105469,90.08000183105469,90.08000183105469,1,0.0,0.0
2026-09-30 19:03:00-04:00,90.0999984741211,90.11000061035156,90.08999633789062,90.08999633789062,90.08999633789062,12,0.0,0.0
2026-09-30 19:04:00-04:00,90.08999633789062,90.0999984741211,90.08999633789062,90.08999633789062,90.08999633789062,5,0.0,0.0
2026-09-30 19:05:00-04:00,90.08999633789062,90.08999633789062,90.06999969482422,90.06999969482422,90.06999969482422,33,0.0,0.0
2026-09-30 19:06:00-04:00,90.08000183105469,90.08000183105469,90.08000183105469,90.08000183105469,90.08000183105469,5,0.0,0.0
2026-09-30 19:07:00-04:00,90.0999984741211,90.12999725341797,90.0999984741211,90.12000274658203,90.12000274658203,15,0.0,0.0
2026-09-30 19:08:00-04:00,90.13999938964844,90.16999816894531,90.13999938964844,90.16999816894531,90.16999816894531,10,0.0,0.0
2026-09-30 19:09:00-04:00,90.16000366210938,90.19000244140625,90.16000366210938,90.16000366210938,90.16000366210938,30,0.0,0.0
2026-09-30 19:10:00-04:00,90.18000030517578,90.18000030517578,90.16000366210938,90.16999816894531,90.16999816894531,5,0.0,0.0
2026-09-30 19:12:00-04:00,90.18000030517578,90.19999694824219,90.16999816894531,90.19999694824219,90.19999694824219,12,0.0,0.0
2026-09-30 19:13:00-04:00,90.19999694824219,90.19999694824219,90.19000244140625,90.19999694824219,90.19999694824219,6,0.0,0.0
2026-09-30 19:14:00-04:00,90.19999694824219,90.19999694824219,90.18000030517578,90.18000030517578,90.18000030517578,4,0.0,0.0
2026-09-30 19:15:00-04:00,90.16999816894531,90.18000030517578,90.1500015258789,90.16000366210938,90.16000366210938,36,0.0,0.0
2026-09-30 19:16:00-04:00,90.16000366210938,90.16999816894531,90.06999969482422,90.06999969482422,90.06999969482422,217,0.0,0.0
2026-09-30 19:17:00-04:00,90.06999969482422,90.06999969482422,90.04000091552734,90.05999755859375,90.05999755859375,12,0.0,0.0
2026-09-30 19:18:00-04:00,90.06999969482422,90.08000183105469,90.05000305175781,90.06999969482422,90.06999969482422,14,0.0,0.0
2026-09-30 19:19:00-04:00,90.06999969482422,90.06999969482422,90.05999755859375,90.05999755859375,90.05999755859375,3,0.0,0.0
2026-09-30 19:20:00-04:00,90.06999969482422,90.08999633789062,90.06999969482422,90.08000183105469,90.08000183105469,10,0.0,0.0
2026-09-30 19:21:00-04:00,90.0999984741211,90.11000061035156,90.0999984741211,90.11000061035156,90.11000061035156,5,0.0,0.0
2026-09-30 19:22:00-04:00,90.0999984741211,90.11000061035156,90.08000183105469,90.08000183105469,90.08000183105469,17,0.0,0.0
2026-09-30 19:23:00-04:00,90.08000183105469,90.08000183105469,90.08000183105469,90.08000183105469,90.08000183105469,2,0.0,0.0
2026-09-30 19:24:00-04:00,90.08000183105469,90.08000183105469,90.06999969482422,90.06999969482422,90.06999969482422,6,0.0,0.0
2026-09-30 19:25:00-04:00,90.08999633789062,90.08999633789062,90.08000183105469,90.08000183105469,90.08000183105469,4,0.0,0.0
2026-09-30 19:26:00-04:00,90.0999984741211,90.0999984741211,90.08999633789062,90.08999633789062,90.08999633789062,2,0.0,0.0
2026-09-30 19:27:00-04:00,90.0999984741211,90.0999984741211,90.0999984741211,90.0999984741211,90.0999984741211,5,0.0,0.0
2026-09-30 19:28:00-04:00,90.08000183105469,90.08999633789062,90.08000183105469,90.08999633789062,90.08999633789062,3,0.0,0.0
2026-09-30 19:30:00-04:00,90.08000183105469,90.08000183105469,90.06999969482422,90.06999969482422,90.06999969482422,3,0.0,0.0
2026-09-30 19:31:00-04:00,90.08999633789062,90.08999633789062,90.08000183105469,90.08000183105469,90.08000183105469,9,0.0,0.0
2026-09-30 19:32:00-04:00,90.08999633789062,90.08999633789062,90.08000183105469,90.08000183105469,90.08000183105469,3,0.0,0.0
2026-09-30 19:33:00-04:00,90.08999633789062,90.08999633789062,90.08999633789062,90.08999633789062,90.08999633789062,2,0.0,0.0
2026-09-30 19:34:00-04:00,90.08000183105469,90.08999633789062,90.08000183105469,90.08999633789062,90.08999633789062,3,0.0,0.0
2026-09-30 19:35:00-04:00,90.08999633789062,90.08999633789062,90.08000183105469,90.08000183105469,90.08000183105469,9,0.0,0.0
2026-09-30 19:36:00-04:00,90.08000183105469,90.08000183105469,90.05999755859375,90.05999755859375,90.05999755859375,2,0.0,0.0
2026-09-30 19:37:00-04:00,90.05000305175781,90.05000305175781,90.0199966430664,90.02999877929688,90.02999877929688,25,0.0,0.0
2026-09-30 19:38:00-04:00,90.0199966430664,90.0199966430664,90.0199966430664,90.0199966430664,90.0199966430664,3,0.0,0.0
2026-09-30 19:40:00-04:00,90.0199966430664,90.0199966430664,90.0199966430664,90.0199966430664,90.0199966430664,1,0.0,0.0
2026-09-30 19:41:00-04:00,90.02999877929688,90.02999877929688,89.97000122070312,89.97000122070312,89.97000122070312,79,0.0,0.0
2026-09-30 19:42:00-04:00,89.9800033569336,90.0,89.97000122070312,89.97000122070312,89.97000122070312,31,0.0,0.0
2026-09-30 19:43:00-04:00,89.98999786376953,89.98999786376953,89.9800033569336,89.98999786376953,89.98999786376953,8,0.0,0.0
2026-09-30 19:44:00-04:00,89.9800033569336,89.9800033569336,89.94999694824219,89.9800033569336,89.9800033569336,21,0.0,0.0
2026-09-30 19:45:00-04:00,89.97000122070312,89.97000122070312,89.93000030517578,89.93000030517578,89.93000030517578,21,0.0,0.0
2026-09-30 19:46:00-04:00,89.93000030517578,89.93000030517578,89.87999725341797,89.87999725341797,89.87999725341797,66,0.0,0.0
2026-09-30 19:47:00-04:00,89.87000274658203,89.94000244140625,89.86000061035156,89.93000030517578,89.93000030517578,61,0.0,0.0
2026-09-30 19:48:00-04:00,89.91000366210938,89.91999816894531,89.9000015258789,89.91000366210938,89.91000366210938,12,0.0,0.0
2026-09-30 19:49:00-04:00,89.91999816894531,89.94000244140625,89.91999816894531,89.94000244140625,89.94000244140625,7,0.0,0.0
2026-09-30 19:50:00-04:00,89.93000030517578,89.94000244140625,89.93000030517578,89.94000244140625,89.94000244140625,10,0.0,0.0
2026-09-30 19:51:00-04:00,89.93000030517578,89.94000244140625,89.93000030517578,89.94000244140625,89.94000244140625,10,0.0,0.0
2026-09-30 19:53:00-04:00,89.93000030517578,89.94999694824219,89.91000366210938,89.94000244140625,89.94000244140625,7,0.0,0.0
2026-09-30 19:54:00-04:00,89.93000030517578,89.95999908447266,89.93000030517578,89.94999694824219,89.94999694824219,25,0.0,0.0
2026-09-30 19:55:00-04:00,89.93000030517578,89.94999694824219,89.9000015258789,89.91000366210938,89.91000366210938,34,0.0,0.0
2026-09-30 19:56:00-04:00,89.91999816894531,89.98999786376953,89.91999816894531,89.97000122070312,89.97000122070312,19,0.0,0.0
2026-09-30 19:57:00-04:00,89.98999786376953,89.98999786376953,89.97000122070312,89.97000122070312,89.97000122070312,17,0.0,0.0
2026-09-30 19:58:00-04:00,89.9800033569336,89.98999786376953,89.97000122070312,89.98999786376953,89.98999786376953,9,0.0,0.0
2026-09-30 19:59:00-04:00,89.9800033569336,90.0199966430664,89.9800033569336,90.01000213623047,90.01000213623047,28,0.0,0.0
2026-09-30 20:00:00-04:00,90.0,90.02999877929688,89.91000366210938,89.91000366210938,89.91000366210938,279,0.0,0.0
2026-09-30 20:01:00-04:00,89.91999816894531,90.0199966430664,89.9000015258789,90.0,90.0,148,0.0,0.0
2026-09-30 20:02:00-04:00,89.94000244140625,90.08999633789062,89.94000244140625,90.06999969482422,90.06999969482422,60,0.0,0.0
2026-09-30 20:03:00-04:00,90.06999969482422,90.1500015258789,90.06999969482422,90.12000274658203,90.12000274658203,74,0.0,0.0
2026-09-30 20:04:00-04:00,90.0999984741211,90.13999938964844,90.0999984741211,90.12999725341797,90.12999725341797,31,0.0,0.0
2026-09-30 20:05:00-04:00,90.18000030517578,90.19999694824219,90.12999725341797,90.16999816894531,90.16999816894531,117,0.0,0.0
2026-09-30 20:06:00-04:00,90.19000244140625,90.25,90.16000366210938,90.19999694824219,90.19999694824219,156,0.0,0.0
2026-09-30 20:07:00-04:00,90.18000030517578,90.23999786376953,90.18000030517578,90.19000244140625,90.19000244140625,30,0.0,0.0
2026-09-30 20:08:00-04:00,90.20999908447266,90.2300033569336,90.20999908447266,90.22000122070312,90.22000122070312,6,0.0,0.0
2026-09-30 20:09:00-04:00,90.25,90.36000061035156,90.20999908447266,90.26000213623047,90.26000213623047,223,0.0,0.0
2026-09-30 20:10:00-04:00,90.26000213623047,90.43000030517578,90.23999786376953,90.41999816894531,90.41999816894531,200,0.0,0.0
2026-09-30 20:11:00-04:00,90.41000366210938,90.62999725341797,90.38999938964844,90.38999938964844,90.38999938964844,346,0.0,0.0
2026-09-30 20:12:00-04:00,90.38999938964844,90.43000030517578,90.30000305175781,90.4000015258789,90.4000015258789,95,0.0,0.0
2026-09-30 20:13:00-04:00,90.38999938964844,90.4800033569336,90.33000183105469,90.41999816894531,90.41999816894531,96,0.0,0.0
2026-09-30 20:14:00-04:00,90.47000122070312,90.48999786376953,90.41000366210938,90.44999694824219,90.44999694824219,56,0.0,0.0
2026-09-30 20:15:00-04:00,90.43000030517578,90.5,90.4000015258789,90.47000122070312,90.47000122070312,55,0.0,0.0
2026-09-30 20:16:00-04:00,90.4800033569336,90.4800033569336,90.4000015258789,90.41999816894531,90.41999816894531,31,0.0,0.0
2026-09-30 20:17:00-04:00,90.4000015258789,90.44000244140625,90.38999938964844,90.41999816894531,90.41999816894531,38,0.0,0.0
2026-09-30 20:18:00-04:00,90.41999816894531,90.44000244140625,90.41000366210938,90.43000030517578,90.43000030517578,29,0.0,0.0
2026-09-30 20:19:00-04:00,90.44000244140625,90.47000122070312,90.41000366210938,90.41000366210938,90.41000366210938,13,0.0,0.0
2026-09-30 20:20:00-04:00,90.41000366210938,90.41000366210938,90.36000061035156,90.37999725341797,90.37999725341797,93,0.0,0.0
2026-09-30 20:21:00-04:00,90.36000061035156,90.41999816894531,90.36000061035156,90.41999816894531,90.41999816894531,28,0.0,0.0
2026-09-30 20:22:00-04:00,90.43000030517578,90.43000030517578,90.38999938964844,90.4000015258789,90.4000015258789,13,0.0,0.0
2026-09-30 20:23:00-04:00,90.43000030517578,90.44999694824219,90.41999816894531,90.41999816894531,90.41999816894531,26,0.0,0.0
2026-09-30 20:24:00-04:00,90.4000015258789,90.4800033569336,90.4000015258789,90.44999694824219,90.44999694824219,59,0.0,0.0
2026-09-30 20:25:00-04:00,90.43000030517578,90.4800033569336,90.43000030517578,90.45999908447266,90.45999908447266,21,0.0,0.0
2026-09-30 20:26:00-04:00,90.44000244140625,90.51000213623047,90.44000244140625,90.47000122070312,90.47000122070312,32,0.0,0.0
2026-09-30 20:27:00-04:00,90.48999786376953,90.52999877929688,90.47000122070312,90.48999786376953,90.48999786376953,76,0.0,0.0
2026-09-30 20:28:00-04:00,90.4800033569336,90.48999786376953,90.43000030517578,90.44000244140625,90.44000244140625,33,0.0,0.0
2026-09-30 20:29:00-04:00,90.44000244140625,90.44999694824219,90.41000366210938,90.44000244140625,90.44000244140625,36,0.0,0.0
2026-09-30 20:30:00-04:00,90.4800033569336,90.62999725341797,90.4800033569336,90.61000061035156,90.61000061035156,74,0.0,0.0
2026-09-30 20:31:00-04:00,90.66000366210938,90.69000244140625,90.51000213623047,90.52999877929688,90.52999877929688,160,0.0,0.0
2026-09-30 20:32:00-04:00,90.55000305175781,90.55000305175781,90.5,90.5199966430664,90.5199966430664,30,0.0,0.0
2026-09-30 20:33:00-04:00,90.52999877929688,90.55000305175781,90.5199966430664,90.5199966430664,90.5199966430664,15,0.0,0.0
2026-09-30 20:34:00-04:00,90.51000213623047,90.51000213623047,90.41999816894531,90.48999786376953,90.48999786376953,63,0.0,0.0
2026-09-30 20:35:00-04:00,90.5,90.55000305175781,90.48999786376953,90.5199966430664,90.5199966430664,29,0.0,0.0
2026-09-30 20:36:00-04:00,90.54000091552734,90.54000091552734,90.48999786376953,90.48999786376953,90.48999786376953,12,0.0,0.0
2026-09-30 20:37:00-04:00,90.4800033569336,90.5,90.4800033569336,90.4800033569336,90.4800033569336,17,0.0,0.0
2026-09-30 20:38:00-04:00,90.45999908447266,90.54000091552734,90.44999694824219,90.5199966430664,90.5199966430664,33,0.0,0.0
2026-09-30 20:39:00-04:00,90.52999877929688,90.55999755859375,90.5199966430664,90.54000091552734,90.54000091552734,20,0.0,0.0
2026-09-30 20:40:00-04:00,90.52999877929688,90.52999877929688,90.51000213623047,90.5199966430664,90.5199966430664,8,0.0,0.0
2026-09-30 20:41:00-04:00,90.5199966430664,90.54000091552734,90.4800033569336,90.5,90.5,38,0.0,0.0
2026-09-30 20:42:00-04:00,90.48999786376953,90.48999786376953,90.45999908447266,90.47000122070312,90.47000122070312,15,0.0,0.0
2026-09-30 20:43:00-04:00,90.44999694824219,90.47000122070312,90.44000244140625,90.44000244140625,90.44000244140625,31,0.0,0.0
2026-09-30 20:44:00-04:00,90.37000274658203,90.43000030517578,90.30999755859375,90.33000183105469,90.33000183105469,110,0.0,0.0
2026-09-30 20:45:00-04:00,90.33000183105469,90.4000015258789,90.30999755859375,90.4000015258789,90.4000015258789,35,0.0,0.0
2026-09-30 20:46:00-04:00,90.38999938964844,90.38999938964844,90.37999725341797,90.37999725341797,90.37999725341797,14,0.0,0.0
2026-09-30 20:47:00-04:00,90.37999725341797,90.41999816894531,90.37000274658203,90.41000366210938,90.41000366210938,24,0.0,0.0
2026-09-30 20:48:00-04:00,90.36000061035156,90.37000274658203,90.33999633789062,90.33999633789062,90.33999633789062,12,0.0,0.0
2026-09-30 20:49:00-04:00,90.37000274658203,90.4000015258789,90.3499984741211,90.3499984741211,90.3499984741211,51,0.0,0.0
2026-09-30 20:50:00-04:00,90.37000274658203,90.5,90.37000274658203,90.43000030517578,90.43000030517578,83,0.0,0.0
2026-09-30 20:51:00-04:00,90.43000030517578,90.5,90.41000366210938,90.45999908447266,90.45999908447266,34,0.0,0.0
2026-09-30 20:52:00-04:00,90.45999908447266,90.54000091552734,90.44999694824219,90.5199966430664,90.5199966430664,32,0.0,0.0
2026-09-30 20:53:00-04:00,90.52999877929688,90.55000305175781,90.4800033569336,90.54000091552734,90.54000091552734,36,0.0,0.0
2026-09-30 20:54:00-04:00,90.55000305175781,90.6500015258789,90.54000091552734,90.58999633789062,90.58999633789062,77,0.0,0.0
2026-09-30 20:55:00-04:00,90.61000061035156,90.63999938964844,90.55999755859375,90.58000183105469,90.58000183105469,43,0.0,0.0
2026-09-30 20:56:00-04:00,90.5999984741211,90.5999984741211,90.55999755859375,90.56999969482422,90.56999969482422,16,0.0,0.0
2026-09-30 20:57:00-04:00,90.56999969482422,90.56999969482422,90.5199966430664,90.54000091552734,90.54000091552734,31,0.0,0.0
2026-09-30 20:58:00-04:00,90.54000091552734,90.55000305175781,90.4800033569336,90.52999877929688,90.52999877929688,62,0.0,0.0
2026-09-30 20:59:00-04:00,90.52999877929688,90.52999877929688,90.44000244140625,90.44000244140625,90.44000244140625,46,0.0,0.0
2026-09-30 21:00:00-04:00,90.41999816894531,90.44999694824219,90.25,90.30000305175781,90.30000305175781,132,0.0,0.0
2026-09-30 21:01:00-04:00,90.30000305175781,90.33000183105469,90.16000366210938,90.16999816894531,90.16999816894531,188,0.0,0.0
2026-09-30 21:02:00-04:00,90.18000030517578,90.18000030517578,90.05999755859375,90.16000366210938,90.16000366210938,330,0.0,0.0
2026-09-30 21:03:00-04:00,90.13999938964844,90.19000244140625,90.12000274658203,90.1500015258789,90.1500015258789,32,0.0,0.0
2026-09-30 21:04:00-04:00,90.13999938964844,90.13999938964844,90.05000305175781,90.06999969482422,90.06999969482422,48,0.0,0.0
2026-09-30 21:05:00-04:00,90.08000183105469,90.08999633789062,90.02999877929688,90.02999877929688,90.02999877929688,31,0.0,0.0
2026-09-30 21:06:00-04:00,90.05000305175781,90.08999633789062,90.0,90.05999755859375,90.05999755859375,73,0.0,0.0
2026-09-30 21:07:00-04:00,90.08000183105469,90.08000183105469,90.05000305175781,90.05999755859375,90.05999755859375,19,0.0,0.0
2026-09-30 21:08:00-04:00,90.04000091552734,90.08000183105469,90.0199966430664,90.05999755859375,90.05999755859375,28,0.0,0.0
2026-09-30 21:09:00-04:00,90.08000183105469,90.12999725341797,90.05999755859375,90.08999633789062,90.08999633789062,25,0.0,0.0
2026-09-30 21:10:00-04:00,90.08999633789062,90.13999938964844,90.08000183105469,90.0999984741211,90.0999984741211,44,0.0,0.0
2026-09-30 21:11:00-04:00,90.08999633789062,90.12999725341797,90.08999633789062,90.08999633789062,90.08999633789062,21,0.0,0.0
2026-09-30 21:12:00-04:00,90.08999633789062,90.12000274658203,90.04000091552734,90.05000305175781,90.05000305175781,63,0.0,0.0
2026-09-30 21:13:00-04:00,90.05000305175781,90.08000183105469,90.05000305175781,90.06999969482422,90.06999969482422,22,0.0,0.0
2026-09-30 21:14:00-04:00,90.05000305175781,90.08000183105469,90.05000305175781,90.05999755859375,90.05999755859375,16,0.0,0.0
2026-09-30 21:15:00-04:00,90.05000305175781,90.08000183105469,90.04000091552734,90.06999969482422,90.06999969482422,19,0.0,0.0
2026-09-30 21:16:00-04:00,90.08000183105469,90.08999633789062,90.05000305175781,90.06999969482422,90.06999969482422,6,0.0,0.0
2026-09-30 21:17:00-04:00,90.08000183105469,90.12000274658203,90.05999755859375,90.11000061035156,90.11000061035156,24,0.0,0.0
2026-09-30 21:18:00-04:00,90.06999969482422,90.06999969482422,90.0199966430664,90.04000091552734,90.04000091552734,26,0.0,0.0
2026-09-30 21:19:00-04:00,90.08000183105469,90.12999725341797,90.08000183105469,90.11000061035156,90.11000061035156,148,0.0,0.0
2026-09-30 21:20:00-04:00,90.11000061035156,90.12999725341797,90.11000061035156,90.12999725341797,90.12999725341797,19,0.0,0.0
2026-09-30 21:21:00-04:00,90.12999725341797,90.16999816894531,90.12000274658203,90.12000274658203,90.12000274658203,11,0.0,0.0
2026-09-30 21:22:00-04:00,90.12999725341797,90.16000366210938,90.12000274658203,90.13999938964844,90.13999938964844,23,0.0,0.0
2026-09-30 21:23:00-04:00,90.1500015258789,90.16000366210938,90.11000061035156,90.12000274658203,90.12000274658203,32,0.0,0.0
2026-09-30 21:24:00-04:00,90.11000061035156,90.12999725341797,90.06999969482422,90.0999984741211,90.0999984741211,209,0.0,0.0
2026-09-30 21:25:00-04:00,90.12000274658203,90.12999725341797,90.11000061035156,90.11000061035156,90.11000061035156,16,0.0,0.0
2026-09-30 21:26:00-04:00,90.0999984741211,90.0999984741211,90.08999633789062,90.0999984741211,90.0999984741211,5,0.0,0.0
2026-09-30 21:27:00-04:00,90.06999969482422,90.08999633789062,90.05000305175781,90.05000305175781,90.05000305175781,128,0.0,0.0
2026-09-30 21:28:00-04:00,90.05999755859375,90.05999755859375,89.98999786376953,89.98999786376953,89.98999786376953,83,0.0,0.0
2026-09-30 21:29:00-04:00,89.9800033569336,90.0999984741211,89.9800033569336,90.0999984741211,90.0999984741211,46,0.0,0.0
2026-09-30 21:30:00-04:00,90.0999984741211,90.13999938964844,90.08000183105469,90.12999725341797,90.12999725341797,36,0.0,0.0
2026-09-30 21:31:00-04:00,90.1500015258789,90.16000366210938,90.08000183105469,90.12999725341797,90.12999725341797,42,0.0,0.0
2026-09-30 21:32:00-04:00,90.1500015258789,90.18000030517578,90.11000061035156,90.12999725341797,90.12999725341797,92,0.0,0.0
2026-09-30 21:33:00-04:00,90.12000274658203,90.13999938964844,90.11000061035156,90.12999725341797,90.12999725341797,13,0.0,0.0
2026-09-30 21:34:00-04:00,90.12000274658203,90.12999725341797,90.12000274658203,90.12000274658203,90.12000274658203,7,0.0,0.0
2026-09-30 21:35:00-04:00,90.0999984741211,90.1500015258789,90.0999984741211,90.12999725341797,90.12999725341797,16,0.0,0.0
2026-09-30 21:36:00-04:00,90.12999725341797,90.1500015258789,90.12999725341797,90.1500015258789,90.1500015258789,18,0.0,0.0
2026-09-30 21:37:00-04:00,90.16000366210938,90.19000244140625,90.16000366210938,90.19000244140625,90.19000244140625,5,0.0,0.0
2026-09-30 21:38:00-04:00,90.19000244140625,90.2300033569336,90.18000030517578,90.18000030517578,90.18000030517578,103,0.0,0.0
2026-09-30 21:39:00-04:00,90.16000366210938,90.16999816894531,90.05999755859375,90.1500015258789,90.1500015258789,94,0.0,0.0
2026-09-30 21:40:00-04:00,90.13999938964844,90.1500015258789,90.13999938964844,90.13999938964844,90.13999938964844,5,0.0,0.0
2026-09-30 21:41:00-04:00,90.1500015258789,90.22000122070312,90.1500015258789,90.22000122070312,90.22000122070312,16,0.0,0.0
2026-09-30 21:42:00-04:00,90.16999816894531,90.19000244140625,90.16999816894531,90.18000030517578,90.18000030517578,5,0.0,0.0
2026-09-30 21:43:00-04:00,90.19999694824219,90.19999694824219,90.19000244140625,90.19000244140625,90.19000244140625,2,0.0,0.0
2026-09-30 21:44:00-04:00,90.16999816894531,90.16999816894531,90.16000366210938,90.16999816894531,90.16999816894531,9,0.0,0.0
2026-09-30 21:45:00-04:00,90.18000030517578,90.19999694824219,90.16999816894531,90.19999694824219,90.19999694824219,21,0.0,0.0
2026-09-30 21:46:00-04:00,90.20999908447266,90.20999908447266,90.19999694824219,90.19999694824219,90.19999694824219,3,0.0,0.0
2026-09-30 21:47:00-04:00,90.22000122070312,90.23999786376953,90.19000244140625,90.19000244140625,90.19000244140625,12,0.0,0.0
2026-09-30 21:48:00-04:00,90.20999908447266,90.23999786376953,90.20999908447266,90.23999786376953,90.23999786376953,12,0.0,0.0
2026-09-30 21:49:00-04:00,90.23999786376953,90.27999877929688,90.23999786376953,90.26000213623047,90.26000213623047,23,0.0,0.0
2026-09-30 21:50:00-04:00,90.26000213623047,90.2699966430664,90.1500015258789,90.16999816894531,90.16999816894531,25,0.0,0.0
2026-09-30 21:51:00-04:00,90.16000366210938,90.18000030517578,90.16000366210938,90.18000030517578,90.18000030517578,3,0.0,0.0
2026-09-30 21:52:00-04:00,90.16999816894531,90.18000030517578,90.1500015258789,90.1500015258789,90.1500015258789,23,0.0,0.0
2026-09-30 21:53:00-04:00,90.16999816894531,90.20999908447266,90.16999816894531,90.19999694824219,90.19999694824219,8,0.0,0.0
2026-09-30 21:54:00-04:00,90.18000030517578,90.19000244140625,90.18000030517578,90.19000244140625,90.19000244140625,2,0.0,0.0
2026-09-30 21:55:00-04:00,90.22000122070312,90.23999786376953,90.22000122070312,90.23999786376953,90.23999786376953,11,0.0,0.0
2026-09-30 21:56:00-04:00,90.2300033569336,90.38999938964844,90.2300033569336,90.38999938964844,90.38999938964844,100,0.0,0.0
2026-09-30 21:57:00-04:00,90.36000061035156,90.38999938964844,90.36000061035156,90.36000061035156,90.36000061035156,25,0.0,0.0
2026-09-30 21:58:00-04:00,90.36000061035156,90.36000061035156,90.33999633789062,90.33999633789062,90.33999633789062,12,0.0,0.0
2026-09-30 21:59:00-04:00,90.33999633789062,90.4000015258789,90.33999633789062,90.37999725341797,90.37999725341797,26,0.0,0.0
2026-09-30 22:00:00-04:00,90.37999725341797,90.41999816894531,90.37000274658203,90.41000366210938,90.41000366210938,44,0.0,0.0
2026-09-30 22:01:00-04:00,90.41000366210938,90.41000366210938,90.37000274658203,90.38999938964844,90.38999938964844,25,0.0,0.0
2026-09-30 22:02:00-04:00,90.37999725341797,90.38999938964844,90.36000061035156,90.38999938964844,90.38999938964844,22,0.0,0.0
2026-09-30 22:03:00-04:00,90.33999633789062,90.37999725341797,90.29000091552734,90.29000091552734,90.29000091552734,77,0.0,0.0
2026-09-30 22:04:00-04:00,90.29000091552734,90.3499984741211,90.27999877929688,90.29000091552734,90.29000091552734,28,0.0,0.0
2026-09-30 22:05:00-04:00,90.30999755859375,90.31999969482422,90.30999755859375,90.31999969482422,90.31999969482422,10,0.0,0.0
2026-09-30 22:06:00-04:00,90.33999633789062,90.41999816894531,90.33999633789062,90.3499984741211,90.3499984741211,35,0.0,0.0
2026-09-30 22:07:00-04:00,90.41000366210938,90.41000366210938,90.31999969482422,90.33000183105469,90.33000183105469,28,0.0,0.0
2026-09-30 22:08:00-04:00,90.33000183105469,90.33000183105469,90.29000091552734,90.30999755859375,90.30999755859375,47,0.0,0.0
2026-09-30 22:09:00-04:00,90.31999969482422,90.36000061035156,90.31999969482422,90.36000061035156,90.36000061035156,26,0.0,0.0
2026-09-30 22:10:00-04:00,90.36000061035156,90.37000274658203,90.31999969482422,90.33000183105469,90.33000183105469,34,0.0,0.0
2026-09-30 22:11:00-04:00,90.31999969482422,90.36000061035156,90.29000091552734,90.33999633789062,90.33999633789062,51,0.0,0.0
2026-09-30 22:12:00-04:00,90.31999969482422,90.31999969482422,90.30000305175781,90.31999969482422,90.31999969482422,15,0.0,0.0
2026-09-30 22:13:00-04:00,90.33999633789062,90.36000061035156,90.31999969482422,90.33999633789062,90.33999633789062,6,0.0,0.0
2026-09-30 22:14:00-04:00,90.36000061035156,90.38999938964844,90.36000061035156,90.36000061035156,90.36000061035156,17,0.0,0.0
2026-09-30 22:15:00-04:00,90.37999725341797,90.37999725341797,90.30999755859375,90.30999755859375,90.30999755859375,26,0.0,0.0
2026-09-30 22:16:00-04:00,90.30000305175781,90.33000183105469,90.27999877929688,90.27999877929688,90.27999877929688,21,0.0,0.0
2026-09-30 22:17:00-04:00,90.30000305175781,90.30999755859375,90.26000213623047,90.30000305175781,90.30000305175781,50,0.0,0.0
2026-09-30 22:18:00-04:00,90.30999755859375,90.30999755859375,90.27999877929688,90.29000091552734,90.29000091552734,11,0.0,0.0
2026-09-30 22:19:00-04:00,90.27999877929688,90.27999877929688,90.25,90.25,90.25,7,0.0,0.0
2026-09-30 22:20:00-04:00,90.2699966430664,90.2699966430664,90.12000274658203,90.12000274658203,90.12000274658203,87,0.0,0.0
2026-09-30 22:21:00-04:00,90.13999938964844,90.19999694824219,90.12000274658203,90.1500015258789,90.1500015258789,161,0.0,0.0
2026-09-30 22:22:00-04:00,90.13999938964844,90.19000244140625,90.13999938964844,90.16999816894531,90.16999816894531,16,0.0,0.0
2026-09-30 22:23:00-04:00,90.16999816894531,90.18000030517578,90.16000366210938,90.16000366210938,90.16000366210938,10,0.0,0.0
2026-09-30 22:24:00-04:00,90.1500015258789,90.1500015258789,90.11000061035156,90.12000274658203,90.12000274658203,21,0.0,0.0
2026-09-30 22:25:00-04:00,90.12999725341797,90.12999725341797,90.05000305175781,90.05000305175781,90.05000305175781,148,0.0,0.0
2026-09-30 22:26:00-04:00,90.05000305175781,90.08999633789062,90.05000305175781,90.06999969482422,90.06999969482422,24,0.0,0.0
2026-09-30 22:27:00-04:00,90.06999969482422,90.08999633789062,90.05999755859375,90.08000183105469,90.08000183105469,13,0.0,0.0
2026-09-30 22:28:00-04:00,90.08999633789062,90.08999633789062,89.98999786376953,90.0,90.0,110,0.0,0.0
2026-09-30 22:29:00-04:00,89.98999786376953,89.98999786376953,89.93000030517578,89.93000030517578,89.93000030517578,120,0.0,0.0
2026-09-30 22:30:00-04:00,89.93000030517578,89.9800033569336,89.9000015258789,89.97000122070312,89.97000122070312,40,0.0,0.0
2026-09-30 22:31:00-04:00,89.95999908447266,89.9800033569336,89.93000030517578,89.93000030517578,89.93000030517578,26,0.0,0.0
2026-09-30 22:32:00-04:00,89.94000244140625,89.94999694824219,89.9000015258789,89.93000030517578,89.93000030517578,28,0.0,0.0
2026-09-30 22:33:00-04:00,89.91999816894531,89.94000244140625,89.91000366210938,89.94000244140625,89.94000244140625,29,0.0,0.0
2026-09-30 22:34:00-04:00,89.94999694824219,89.95999908447266,89.94000244140625,89.94000244140625,89.94000244140625,26,0.0,0.0
2026-09-30 22:35:00-04:00,89.94000244140625,89.94000244140625,89.9000015258789,89.91999816894531,89.91999816894531,78,0.0,0.0
2026-09-30 22:36:00-04:00,89.93000030517578,89.94000244140625,89.91000366210938,89.91000366210938,89.91000366210938,24,0.0,0.0
2026-09-30 22:37:00-04:00,89.91000366210938,89.94000244140625,89.87000274658203,89.91999816894531,89.91999816894531,68,0.0,0.0
2026-09-30 22:38:00-04:00,89.94000244140625,90.01000213623047,89.93000030517578,89.9800033569336,89.9800033569336,67,0.0,0.0
2026-09-30 22:39:00-04:00,89.95999908447266,89.95999908447266,89.91999816894531,89.94000244140625,89.94000244140625,19,0.0,0.0
2026-09-30 22:40:00-04:00,89.93000030517578,89.94000244140625,89.91000366210938,89.91999816894531,89.91999816894531,16,0.0,0.0
2026-09-30 22:41:00-04:00,89.91999816894531,89.97000122070312,89.91999816894531,89.94999694824219,89.94999694824219,25,0.0,0.0
2026-09-30 22:42:00-04:00,89.97000122070312,89.98999786376953,89.93000030517578,89.95999908447266,89.95999908447266,31,0.0,0.0
2026-09-30 22:43:00-04:00,89.9800033569336,89.9800033569336,89.94000244140625,89.94999694824219,89.94999694824219,37,0.0,0.0
2026-09-30 22:44:00-04:00,89.94999694824219,89.97000122070312,89.94000244140625,89.94000244140625,89.94000244140625,7,0.0,0.0
2026-09-30 22:45:00-04:00,89.94999694824219,89.97000122070312,89.94000244140625,89.97000122070312,89.97000122070312,18,0.0,0.0
2026-09-30 22:46:00-04:00,89.9800033569336,89.9800033569336,89.91000366210938,89.91000366210938,89.91000366210938,70,0.0,0.0
2026-09-30 22:47:00-04:00,89.91999816894531,89.91999816894531,89.83000183105469,89.87999725341797,89.87999725341797,122,0.0,0.0
2026-09-30 22:48:00-04:00,89.87000274658203,89.87999725341797,89.81999969482422,89.87999725341797,89.87999725341797,35,0.0,0.0
2026-09-30 22:49:00-04:00,89.86000061035156,89.88999938964844,89.83000183105469,89.83000183105469,89.83000183105469,28,0.0,0.0
2026-09-30 22:50:00-04:00,89.83000183105469,89.8499984741211,89.81999969482422,89.8499984741211,89.8499984741211,20,0.0,0.0
2026-09-30 22:51:00-04:00,89.83999633789062,89.83999633789062,89.61000061035156,89.63999938964844,89.63999938964844,259,0.0,0.0
2026-09-30 22:52:00-04:00,89.6500015258789,89.66000366210938,89.5999984741211,89.63999938964844,89.63999938964844,89,0.0,0.0
2026-09-30 22:53:00-04:00,89.63999938964844,89.63999938964844,89.54000091552734,89.58999633789062,89.58999633789062,169,0.0,0.0
2026-09-30 22:54:00-04:00,89.58999633789062,89.68000030517578,89.56999969482422,89.6500015258789,89.6500015258789,119,0.0,0.0
2026-09-30 22:55:00-04:00,89.66000366210938,89.68000030517578,89.62999725341797,89.6500015258789,89.6500015258789,36,0.0,0.0
2026-09-30 22:56:00-04:00,89.66999816894531,89.69999694824219,89.61000061035156,89.61000061035156,89.61000061035156,58,0.0,0.0
2026-09-30 22:57:00-04:00,89.61000061035156,89.68000030517578,89.5999984741211,89.68000030517578,89.68000030517578,51,0.0,0.0
2026-09-30 22:58:00-04:00,89.66999816894531,89.66999816894531,89.5999984741211,89.5999984741211,89.5999984741211,51,0.0,0.0
2026-09-30 22:59:00-04:00,89.62000274658203,89.62000274658203,89.58000183105469,89.58999633789062,89.58999633789062,43,0.0,0.0
2026-09-30 23:00:00-04:00,89.58000183105469,89.5999984741211,89.55999755859375,89.56999969482422,89.56999969482422,43,0.0,0.0
2026-09-30 23:01:00-04:00,89.56999969482422,89.5999984741211,89.55000305175781,89.55000305175781,89.55000305175781,44,0.0,0.0
2026-09-30 23:02:00-04:00,89.56999969482422,89.62000274658203,89.56999969482422,89.62000274658203,89.62000274658203,29,0.0,0.0
2026-09-30 23:03:00-04:00,89.6500015258789,89.69999694824219,89.62000274658203,89.66999816894531,89.66999816894531,52,0.0,0.0
2026-09-30 23:04:00-04:00,89.66999816894531,89.72000122070312,89.66999816894531,89.69999694824219,89.69999694824219,60,0.0,0.0
2026-09-30 23:05:00-04:00,89.69999694824219,89.69999694824219,89.66000366210938,89.66000366210938,89.66000366210938,10,0.0,0.0
2026-09-30 23:06:00-04:00,89.66000366210938,89.68000030517578,89.62000274658203,89.63999938964844,89.63999938964844,35,0.0,0.0
2026-09-30 23:07:00-04:00,89.6500015258789,89.66000366210938,89.58999633789062,89.58999633789062,89.58999633789062,26,0.0,0.0
2026-09-30 23:08:00-04:00,89.58999633789062,89.62999725341797,89.58999633789062,89.62000274658203,89.62000274658203,17,0.0,0.0
2026-09-30 23:09:00-04:00,89.6500015258789,89.66999816894531,89.6500015258789,89.6500015258789,89.6500015258789,5,0.0,0.0
2026-09-30 23:10:00-04:00,89.6500015258789,89.70999908447266,89.6500015258789,89.69999694824219,89.69999694824219,27,0.0,0.0
2026-09-30 23:11:00-04:00,89.69999694824219,89.70999908447266,89.56999969482422,89.61000061035156,89.61000061035156,93,0.0,0.0
2026-09-30 23:12:00-04:00,89.61000061035156,89.63999938964844,89.58999633789062,89.63999938964844,89.63999938964844,22,0.0,0.0
2026-09-30 23:13:00-04:00,89.62999725341797,89.6500015258789,89.58000183105469,89.58000183105469,89.58000183105469,22,0.0,0.0
2026-09-30 23:14:00-04:00,89.58000183105469,89.61000061035156,89.56999969482422,89.61000061035156,89.61000061035156,19,0.0,0.0
2026-09-30 23:15:00-04:00,89.5999984741211,89.62000274658203,89.58000183105469,89.62000274658203,89.62000274658203,12,0.0,0.0
2026-09-30 23:16:00-04:00,89.63999938964844,89.6500015258789,89.62999725341797,89.62999725341797,89.62999725341797,7,0.0,0.0
2026-09-30 23:17:00-04:00,89.62999725341797,89.63999938964844,89.61000061035156,89.61000061035156,89.61000061035156,12,0.0,0.0
2026-09-30 23:18:00-04:00,89.61000061035156,89.61000061035156,89.54000091552734,89.58999633789062,89.58999633789062,36,0.0,0.0
2026-09-30 23:19:00-04:00,89.5999984741211,89.5999984741211,89.55999755859375,89.55999755859375,89.55999755859375,19,0.0,0.0
2026-09-30 23:20:00-04:00,89.55000305175781,89.58999633789062,89.55000305175781,89.55999755859375,89.55999755859375,14,0.0,0.0
2026-09-30 23:21:00-04:00,89.56999969482422,89.58999633789062,89.5199966430664,89.58999633789062,89.58999633789062,214,0.0,0.0
2026-09-30 23:22:00-04:00,89.58000183105469,89.62000274658203,89.58000183105469,89.5999984741211,89.5999984741211,38,0.0,0.0
2026-09-30 23:23:00-04:00,89.58999633789062,89.5999984741211,89.58999633789062,89.58999633789062,89.58999633789062,4,0.0,0.0
2026-09-30 23:24:00-04:00,89.62000274658203,89.62000274658203,89.52999877929688,89.55000305175781,89.55000305175781,54,0.0,0.0
2026-09-30 23:25:00-04:00,89.54000091552734,89.55999755859375,89.54000091552734,89.55000305175781,89.55000305175781,15,0.0,0.0
2026-09-30 23:26:00-04:00,89.55999755859375,89.56999969482422,89.52999877929688,89.54000091552734,89.54000091552734,34,0.0,0.0
2026-09-30 23:27:00-04:00,89.55000305175781,89.5999984741211,89.54000091552734,89.58999633789062,89.58999633789062,10,0.0,0.0
2026-09-30 23:28:00-04:00,89.58999633789062,89.58999633789062,89.55000305175781,89.56999969482422,89.56999969482422,28,0.0,0.0
2026-09-30 23:29:00-04:00,89.55000305175781,89.62000274658203,89.54000091552734,89.61000061035156,89.61000061035156,51,0.0,0.0
2026-09-30 23:30:00-04:00,89.61000061035156,89.66999816894531,89.56999969482422,89.66999816894531,89.66999816894531,138,0.0,0.0
2026-09-30 23:31:00-04:00,89.6500015258789,89.66999816894531,89.56999969482422,89.58999633789062,89.58999633789062,80,0.0,0.0
2026-09-30 23:32:00-04:00,89.5999984741211,89.66000366210938,89.58000183105469,89.63999938964844,89.63999938964844,68,0.0,0.0
2026-09-30 23:33:00-04:00,89.6500015258789,89.6500015258789,89.5999984741211,89.5999984741211,89.5999984741211,26,0.0,0.0
2026-09-30 23:34:00-04:00,89.58000183105469,89.62000274658203,89.55999755859375,89.61000061035156,89.61000061035156,17,0.0,0.0
2026-09-30 23:35:00-04:00,89.61000061035156,89.63999938964844,89.58000183105469,89.62999725341797,89.62999725341797,10,0.0,0.0
2026-09-30 23:36:00-04:00,89.62999725341797,89.62999725341797,89.58000183105469,89.58000183105469,89.58000183105469,26,0.0,0.0
2026-09-30 23:37:00-04:00,89.58000183105469,89.5999984741211,89.54000091552734,89.56999969482422,89.56999969482422,40,0.0,0.0
2026-09-30 23:38:00-04:00,89.55999755859375,89.56999969482422,89.52999877929688,89.52999877929688,89.52999877929688,17,0.0,0.0
2026-09-30 23:39:00-04:00,89.55000305175781,89.55999755859375,89.54000091552734,89.55999755859375,89.55999755859375,24,0.0,0.0
2026-09-30 23:40:00-04:00,89.55999755859375,89.55999755859375,89.44000244140625,89.5,89.5,150,0.0,0.0
2026-09-30 23:41:00-04:00,89.4800033569336,89.5,89.44999694824219,89.44999694824219,89.44999694824219,58,0.0,0.0
2026-09-30 23:42:00-04:00,89.45999908447266,89.48999786376953,89.41000366210938,89.4800033569336,89.4800033569336,77,0.0,0.0
2026-09-30 23:43:00-04:00,89.4800033569336,89.4800033569336,89.45999908447266,89.47000122070312,89.47000122070312,16,0.0,0.0
2026-09-30 23:44:00-04:00,89.45999908447266,89.4800033569336,89.44000244140625,89.44999694824219,89.44999694824219,17,0.0,0.0
2026-09-30 23:45:00-04:00,89.45999908447266,89.45999908447266,89.41000366210938,89.44000244140625,89.44000244140625,26,0.0,0.0
2026-09-30 23:46:00-04:00,89.41999816894531,89.43000030517578,89.36000061035156,89.43000030517578,89.43000030517578,93,0.0,0.0
2026-09-30 23:47:00-04:00,89.44999694824219,89.45999908447266,89.38999938964844,89.45999908447266,89.45999908447266,71,0.0,0.0
2026-09-30 23:48:00-04:00,89.44999694824219,89.45999908447266,89.43000030517578,89.44000244140625,89.44000244140625,34,0.0,0.0
2026-09-30 23:49:00-04:00,89.44999694824219,89.44999694824219,89.4000015258789,89.41000366210938,89.41000366210938,26,0.0,0.0
2026-09-30 23:50:00-04:00,89.41000366210938,89.41000366210938,89.33999633789062,89.36000061035156,89.36000061035156,146,0.0,0.0
2026-09-30 23:51:00-04:00,89.37000274658203,89.37999725341797,89.31999969482422,89.3499984741211,89.3499984741211,49,0.0,0.0
2026-09-30 23:52:00-04:00,89.3499984741211,89.3499984741211,89.31999969482422,89.33999633789062,89.33999633789062,47,0.0,0.0
2026-09-30 23:53:00-04:00,89.31999969482422,89.38999938964844,89.30999755859375,89.33000183105469,89.33000183105469,58,0.0,0.0
2026-09-30 23:54:00-04:00,89.31999969482422,89.31999969482422,89.2699966430664,89.29000091552734,89.29000091552734,75,0.0,0.0
2026-09-30 23:55:00-04:00,89.29000091552734,89.29000091552734,89.20999908447266,89.2300033569336,89.2300033569336,176,0.0,0.0
2026-09-30 23:56:00-04:00,89.2300033569336,89.26000213623047,89.18000030517578,89.19000244140625,89.19000244140625,90,0.0,0.0
2026-09-30 23:57:00-04:00,89.18000030517578,89.19999694824219,89.1500015258789,89.16000366210938,89.16000366210938,96,0.0,0.0
2026-09-30 23:58:00-04:00,89.16000366210938,89.16000366210938,89.13999938964844,89.13999938964844,89.13999938964844,80,0.0,0.0
2026-10-01 00:00:00-04:00,89.13999938964844,89.18000030517578,89.12999725341797,89.13999938964844,89.13999938964844,61,0.0,0.0
2026-10-01 00:01:00-04:00,89.12000274658203,89.18000030517578,89.11000061035156,89.11000061035156,89.11000061035156,80,0.0,0.0
2026-10-01 00:02:00-04:00,89.12000274658203,89.16999816894531,89.11000061035156,89.16999816894531,89.16999816894531,55,0.0,0.0
2026-10-01 00:03:00-04:00,89.16999816894531,89.19999694824219,89.16000366210938,89.19999694824219,89.19999694824219,57,0.0,0.0
2026-10-01 00:04:00-04:00,89.16999816894531,89.19999694824219,89.1500015258789,89.19999694824219,89.19999694824219,50,0.0,0.0
2026-10-01 00:05:00-04:00,89.19999694824219,89.22000122070312,89.12999725341797,89.13999938964844,89.13999938964844,61,0.0,0.0
2026-10-01 00:06:00-04:00,89.13999938964844,89.2300033569336,89.13999938964844,89.20999908447266,89.20999908447266,49,0.0,0.0
2026-10-01 00:07:00-04:00,89.22000122070312,89.23999786376953,89.20999908447266,89.22000122070312,89.22000122070312,19,0.0,0.0
2026-10-01 00:08:00-04:00,89.2300033569336,89.2699966430664,89.2300033569336,89.26000213623047,89.26000213623047,58,0.0,0.0
2026-10-01 00:09:00-04:00,89.26000213623047,89.2699966430664,89.19999694824219,89.25,89.25,71,0.0,0.0
2026-10-01 00:10:00-04:00,89.26000213623047,89.26000213623047,89.19000244140625,89.23999786376953,89.23999786376953,45,0.0,0.0
2026-10-01 00:11:00-04:00,89.23999786376953,89.23999786376953,89.19999694824219,89.22000122070312,89.22000122070312,14,0.0,0.0
2026-10-01 00:12:00-04:00,89.23999786376953,89.27999877929688,89.20999908447266,89.2300033569336,89.2300033569336,100,0.0,0.0
2026-10-01 00:13:00-04:00,89.2300033569336,89.2300033569336,89.13999938964844,89.13999938964844,89.13999938964844,52,0.0,0.0
2026-10-01 00:14:00-04:00,89.12999725341797,89.16000366210938,89.0999984741211,89.16000366210938,89.16000366210938,52,0.0,0.0
2026-10-01 00:15:00-04:00,89.1500015258789,89.19000244140625,89.13999938964844,89.16000366210938,89.16000366210938,67,0.0,0.0
2026-10-01 00:16:00-04:00,89.18000030517578,89.23999786376953,89.1500015258789,89.22000122070312,89.22000122070312,69,0.0,0.0
2026-10-01 00:17:00-04:00,89.23999786376953,89.25,89.20999908447266,89.20999908447266,89.20999908447266,18,0.0,0.0
2026-10-01 00:18:00-04:00,89.18000030517578,89.25,89.16000366210938,89.23999786376953,89.23999786376953,64,0.0,0.0
2026-10-01 00:19:00-04:00,89.25,89.25,89.19999694824219,89.19999694824219,89.19999694824219,39,0.0,0.0
2026-10-01 00:20:00-04:00,89.19999694824219,89.19999694824219,89.1500015258789,89.19000244140625,89.19000244140625,28,0.0,0.0
2026-10-01 00:21:00-04:00,89.18000030517578,89.2300033569336,89.16999816894531,89.22000122070312,89.22000122070312,11,0.0,0.0
2026-10-01 00:22:00-04:00,89.19999694824219,89.22000122070312,89.19999694824219,89.19999694824219,89.19999694824219,7,0.0,0.0
2026-10-01 00:23:00-04:00,89.20999908447266,89.22000122070312,89.19999694824219,89.22000122070312,89.22000122070312,12,0.0,0.0
2026-10-01 00:24:00-04:00,89.19999694824219,89.22000122070312,89.19999694824219,89.20999908447266,89.20999908447266,12,0.0,0.0
2026-10-01 00:25:00-04:00,89.20999908447266,89.25,89.19000244140625,89.19999694824219,89.19999694824219,51,0.0,0.0
2026-10-01 00:26:00-04:00,89.19999694824219,89.26000213623047,89.19000244140625,89.25,89.25,20,0.0,0.0
2026-10-01 00:27:00-04:00,89.25,89.2699966430664,89.23999786376953,89.25,89.25,28,0.0,0.0
2026-10-01 00:28:00-04:00,89.25,89.26000213623047,89.20999908447266,89.22000122070312,89.22000122070312,28,0.0,0.0
2026-10-01 00:29:00-04:00,89.20999908447266,89.23999786376953,89.20999908447266,89.23999786376953,89.23999786376953,10,0.0,0.0
2026-10-01 00:30:00-04:00,89.23999786376953,89.23999786376953,89.1500015258789,89.16999816894531,89.16999816894531,25,0.0,0.0
2026-10-01 00:31:00-04:00,89.16999816894531,89.16999816894531,89.12000274658203,89.13999938964844,89.13999938964844,49,0.0,0.0
2026-10-01 00:32:00-04:00,89.13999938964844,89.16000366210938,89.13999938964844,89.1500015258789,89.1500015258789,7,0.0,0.0
2026-10-01 00:33:00-04:00,89.1500015258789,89.16999816894531,89.13999938964844,89.13999938964844,89.13999938964844,17,0.0,0.0
2026-10-01 00:34:00-04:00,89.16999816894531,89.22000122070312,89.16999816894531,89.20999908447266,89.20999908447266,38,0.0,0.0
2026-10-01 00:35:00-04:00,89.22000122070312,89.22000122070312,89.19000244140625,89.19999694824219,89.19999694824219,15,0.0,0.0
2026-10-01 00:36:00-04:00,89.19000244140625,89.19999694824219,89.1500015258789,89.16999816894531,89.16999816894531,29,0.0,0.0
2026-10-01 00:37:00-04:00,89.16999816894531,89.18000030517578,89.16999816894531,89.16999816894531,89.16999816894531,12,0.0,0.0
2026-10-01 00:38:00-04:00,89.16999816894531,89.19999694824219,89.16999816894531,89.19999694824219,89.19999694824219,12,0.0,0.0
2026-10-01 00:39:00-04:00,89.19999694824219,89.19999694824219,89.18000030517578,89.19999694824219,89.19999694824219,14,0.0,0.0
2026-10-01 00:40:00-04:00,89.18000030517578,89.19000244140625,89.12999725341797,89.13999938964844,89.13999938964844,42,0.0,0.0
2026-10-01 00:41:00-04:00,89.1500015258789,89.18000030517578,89.1500015258789,89.18000030517578,89.18000030517578,8,0.0,0.0
2026-10-01 00:42:00-04:00,89.19000244140625,89.22000122070312,89.19000244140625,89.19000244140625,89.19000244140625,55,0.0,0.0
2026-10-01 00:43:00-04:00,89.19999694824219,89.19999694824219,89.18000030517578,89.19999694824219,89.19999694824219,15,0.0,0.0
2026-10-01 00:44:00-04:00,89.23999786376953,89.25,89.20999908447266,89.25,89.25,43,0.0,0.0
2026-10-01 00:45:00-04:00,89.23999786376953,89.25,89.22000122070312,89.25,89.25,26,0.0,0.0
2026-10-01 00:46:00-04:00,89.23999786376953,89.25,89.22000122070312,89.23999786376953,89.23999786376953,13,0.0,0.0
2026-10-01 00:47:00-04:00,89.2300033569336,89.25,89.2300033569336,89.23999786376953,89.23999786376953,23,0.0,0.0
2026-10-01 00:48:00-04:00,89.2300033569336,89.2300033569336,89.19999694824219,89.22000122070312,89.22000122070312,34,0.0,0.0
2026-10-01 00:49:00-04:00,89.22000122070312,89.22000122070312,89.22000122070312,89.22000122070312,89.22000122070312,3,0.0,0.0
2026-10-01 00:50:00-04:00,89.23999786376953,89.23999786376953,89.19999694824219,89.22000122070312,89.22000122070312,119,0.0,0.0
2026-10-01 00:51:00-04:00,89.19999694824219,89.19999694824219,89.13999938964844,89.1500015258789,89.1500015258789,158,0.0,0.0
2026-10-01 00:52:00-04:00,89.1500015258789,89.19999694824219,89.12999725341797,89.16999816894531,89.16999816894531,780,0.0,0.0
2026-10-01 00:53:00-04:00,89.16999816894531,89.19999694824219,89.12999725341797,89.19999694824219,89.19999694824219,87,0.0,0.0
2026-10-01 00:54:00-04:00,89.19000244140625,89.20999908447266,89.16999816894531,89.16999816894531,89.16999816894531,52,0.0,0.0
2026-10-01 00:55:00-04:00,89.19000244140625,89.19000244140625,89.12999725341797,89.13999938964844,89.13999938964844,12,0.0,0.0
2026-10-01 00:56:00-04:00,89.12999725341797,89.16000366210938,89.08999633789062,89.13999938964844,89.13999938964844,83,0.0,0.0
2026-10-01 00:57:00-04:00,89.12999725341797,89.1500015258789,89.12000274658203,89.1500015258789,89.1500015258789,13,0.0,0.0
2026-10-01 00:58:00-04:00,89.1500015258789,89.1500015258789,89.13999938964844,89.13999938964844,89.13999938964844,6,0.0,0.0
2026-10-01 00:59:00-04:00,89.1500015258789,89.16999816894531,89.06999969482422,89.08000183105469,89.08000183105469,37,0.0,0.0
2026-10-01 01:00:00-04:00,89.08000183105469,89.13999938964844,89.08000183105469,89.12000274658203,89.12000274658203,79,0.0,0.0
2026-10-01 01:01:00-04:00,89.12999725341797,89.13999938964844,89.11000061035156,89.11000061035156,89.11000061035156,24,0.0,0.0
2026-10-01 01:02:00-04:00,89.0999984741211,89.11000061035156,89.05999755859375,89.05999755859375,89.05999755859375,35,0.0,0.0
2026-10-01 01:03:00-04:00,89.04000091552734,89.05999755859375,89.01000213623047,89.0199966430664,89.0199966430664,101,0.0,0.0
2026-10-01 01:04:00-04:00,89.01000213623047,89.04000091552734,89.0,89.04000091552734,89.04000091552734,80,0.0,0.0
2026-10-01 01:05:00-04:00,89.04000091552734,89.04000091552734,89.0,89.01000213623047,89.01000213623047,49,0.0,0.0
2026-10-01 01:06:00-04:00,89.0199966430664,89.02999877929688,88.91999816894531,88.91999816894531,88.91999816894531,132,0.0,0.0
2026-10-01 01:07:00-04:00,88.93000030517578,88.94000244140625,88.87000274658203,88.87999725341797,88.87999725341797,82,0.0,0.0
2026-10-01 01:08:00-04:00,88.87999725341797,88.87999725341797,88.83000183105469,88.86000061035156,88.86000061035156,101,0.0,0.0
2026-10-01 01:09:00-04:00,88.86000061035156,88.87999725341797,88.83999633789062,88.8499984741211,88.8499984741211,34,0.0,0.0
2026-10-01 01:10:00-04:00,88.8499984741211,88.87000274658203,88.83000183105469,88.83000183105469,88.83000183105469,43,0.0,0.0
2026-10-01 01:11:00-04:00,88.83999633789062,88.87999725341797,88.81999969482422,88.86000061035156,88.86000061035156,27,0.0,0.0
2026-10-01 01:12:00-04:00,88.87000274658203,88.91000366210938,88.86000061035156,88.9000015258789,88.9000015258789,68,0.0,0.0
2026-10-01 01:13:00-04:00,88.91000366210938,88.91999816894531,88.87999725341797,88.88999938964844,88.88999938964844,47,0.0,0.0
2026-10-01 01:14:00-04:00,88.9000015258789,88.91000366210938,88.87999725341797,88.91000366210938,88.91000366210938,23,0.0,0.0
2026-10-01 01:15:00-04:00,88.91999816894531,88.9800033569336,88.91000366210938,88.95999908447266,88.95999908447266,51,0.0,0.0
2026-10-01 01:16:00-04:00,88.94000244140625,88.95999908447266,88.91000366210938,88.91000366210938,88.91000366210938,63,0.0,0.0
2026-10-01 01:17:00-04:00,88.91999816894531,88.93000030517578,88.88999938964844,88.93000030517578,88.93000030517578,28,0.0,0.0
2026-10-01 01:18:00-04:00,88.93000030517578,88.94000244140625,88.93000030517578,88.94000244140625,88.94000244140625,17,0.0,0.0
2026-10-01 01:19:00-04:00,88.93000030517578,88.95999908447266,88.91999816894531,88.91999816894531,88.91999816894531,21,0.0,0.0
2026-10-01 01:20:00-04:00,88.91000366210938,88.94999694824219,88.87999725341797,88.94000244140625,88.94000244140625,75,0.0,0.0
2026-10-01 01:21:00-04:00,88.94000244140625,88.94999694824219,88.9000015258789,88.91000366210938,88.91000366210938,49,0.0,0.0
2026-10-01 01:22:00-04:00,88.91000366210938,88.91000366210938,88.86000061035156,88.87999725341797,88.87999725341797,63,0.0,0.0
2026-10-01 01:23:00-04:00,88.87000274658203,88.88999938964844,88.8499984741211,88.87999725341797,88.87999725341797,33,0.0,0.0
2026-10-01 01:24:00-04:00,88.86000061035156,88.87000274658203,88.83000183105469,88.87000274658203,88.87000274658203,64,0.0,0.0
2026-10-01 01:25:00-04:00,88.87999725341797,88.88999938964844,88.87000274658203,88.87000274658203,88.87000274658203,22,0.0,0.0
2026-10-01 01:26:00-04:00,88.87000274658203,88.87999725341797,88.79000091552734,88.80999755859375,88.80999755859375,103,0.0,0.0
2026-10-01 01:27:00-04:00,88.81999969482422,88.86000061035156,88.80999755859375,88.83999633789062,88.83999633789062,24,0.0,0.0
2026-10-01 01:28:00-04:00,88.83000183105469,88.8499984741211,88.80999755859375,88.80999755859375,88.80999755859375,18,0.0,0.0
2026-10-01 01:29:00-04:00,88.83000183105469,88.83999633789062,88.79000091552734,88.81999969482422,88.81999969482422,43,0.0,0.0
2026-10-01 01:30:00-04:00,88.80999755859375,88.91000366210938,88.80999755859375,88.87999725341797,88.87999725341797,98,0.0,0.0
2026-10-01 01:31:00-04:00,88.86000061035156,88.87999725341797,88.86000061035156,88.87999725341797,88.87999725341797,34,0.0,0.0
2026-10-01 01:32:00-04:00,88.88999938964844,88.91000366210938,88.86000061035156,88.9000015258789,88.9000015258789,23,0.0,0.0
2026-10-01 01:33:00-04:00,88.91000366210938,88.93000030517578,88.8499984741211,88.8499984741211,88.8499984741211,35,0.0,0.0
2026-10-01 01:34:00-04:00,88.8499984741211,88.87999725341797,88.8499984741211,88.8499984741211,88.8499984741211,15,0.0,0.0
2026-10-01 01:35:00-04:00,88.83000183105469,88.8499984741211,88.80999755859375,88.83999633789062,88.83999633789062,47,0.0,0.0
2026-10-01 01:36:00-04:00,88.81999969482422,88.91000366210938,88.80999755859375,88.91000366210938,88.91000366210938,39,0.0,0.0
2026-10-01 01:37:00-04:00,88.91000366210938,88.94999694824219,88.9000015258789,88.94999694824219,88.94999694824219,23,0.0,0.0
2026-10-01 01:38:00-04:00,88.95999908447266,89.0199966430664,88.94999694824219,88.98999786376953,88.98999786376953,107,0.0,0.0
2026-10-01 01:39:00-04:00,89.0,89.16000366210938,88.98999786376953,89.1500015258789,89.1500015258789,192,0.0,0.0
2026-10-01 01:40:00-04:00,89.13999938964844,89.19000244140625,89.12000274658203,89.16999816894531,89.16999816894531,133,0.0,0.0
2026-10-01 01:41:00-04:00,89.18000030517578,89.19000244140625,89.16000366210938,89.18000030517578,89.18000030517578,56,0.0,0.0
2026-10-01 01:42:00-04:00,89.19000244140625,89.22000122070312,89.1500015258789,89.1500015258789,89.1500015258789,133,0.0,0.0
2026-10-01 01:43:00-04:00,89.13999938964844,89.16999816894531,89.11000061035156,89.16999816894531,89.16999816894531,83,0.0,0.0
2026-10-01 01:44:00-04:00,89.19000244140625,89.19999694824219,89.16999816894531,89.19000244140625,89.19000244140625,53,0.0,0.0
2026-10-01 01:45:00-04:00,89.18000030517578,89.2699966430664,89.18000030517578,89.23999786376953,89.23999786376953,98,0.0,0.0
2026-10-01 01:46:00-04:00,89.2300033569336,89.41999816894531,89.22000122070312,89.36000061035156,89.36000061035156,342,0.0,0.0
2026-10-01 01:47:00-04:00,89.36000061035156,89.41999816894531,89.33999633789062,89.41999816894531,89.41999816894531,184,0.0,0.0
2026-10-01 01:48:00-04:00,89.41000366210938,89.47000122070312,89.37000274658203,89.45999908447266,89.45999908447266,78,0.0,0.0
2026-10-01 01:49:00-04:00,89.45999908447266,89.45999908447266,89.41000366210938,89.41999816894531,89.41999816894531,52,0.0,0.0
2026-10-01 01:50:00-04:00,89.37999725341797,89.44999694824219,89.3499984741211,89.44999694824219,89.44999694824219,81,0.0,0.0
2026-10-01 01:51:00-04:00,89.44999694824219,89.45999908447266,89.41000366210938,89.45999908447266,89.45999908447266,61,0.0,0.0
2026-10-01 01:52:00-04:00,89.47000122070312,89.5199966430664,89.45999908447266,89.5,89.5,113,0.0,0.0
2026-10-01 01:53:00-04:00,89.5,89.51000213623047,89.45999908447266,89.4800033569336,89.4800033569336,64,0.0,0.0
2026-10-01 01:54:00-04:00,89.4800033569336,89.55000305175781,89.4800033569336,89.52999877929688,89.52999877929688,132,0.0,0.0
2026-10-01 01:55:00-04:00,89.5199966430664,89.54000091552734,89.5,89.54000091552734,89.54000091552734,52,0.0,0.0
2026-10-01 01:56:00-04:00,89.55000305175781,89.58000183105469,89.51000213623047,89.58000183105469,89.58000183105469,87,0.0,0.0
2026-10-01 01:57:00-04:00,89.55999755859375,89.5999984741211,89.5,89.58999633789062,89.58999633789062,216,0.0,0.0
2026-10-01 01:58:00-04:00,89.5999984741211,89.66999816894531,89.58999633789062,89.5999984741211,89.5999984741211,151,0.0,0.0
2026-10-01 01:59:00-04:00,89.5999984741211,89.62999725341797,89.52999877929688,89.54000091552734,89.54000091552734,74,0.0,0.0
2026-10-01 02:00:00-04:00,89.55999755859375,89.58999633789062,89.4800033569336,89.5,89.5,141,0.0,0.0
2026-10-01 02:01:00-04:00,89.51000213623047,89.51000213623047,89.37000274658203,89.4000015258789,89.4000015258789,243,0.0,0.0
2026-10-01 02:02:00-04:00,89.41999816894531,89.56999969482422,89.38999938964844,89.55999755859375,89.55999755859375,85,0.0,0.0
2026-10-01 02:03:00-04:00,89.55999755859375,89.66999816894531,89.51000213623047,89.63999938964844,89.63999938964844,195,0.0,0.0
2026-10-01 02:04:00-04:00,89.63999938964844,89.66999816894531,89.5999984741211,89.62999725341797,89.62999725341797,50,0.0,0.0
2026-10-01 02:05:00-04:00,89.61000061035156,89.61000061035156,89.51000213623047,89.5199966430664,89.5199966430664,42,0.0,0.0
2026-10-01 02:06:00-04:00,89.5199966430664,89.62000274658203,89.48999786376953,89.62000274658203,89.62000274658203,37,0.0,0.0
2026-10-01 02:07:00-04:00,89.61000061035156,89.69000244140625,89.58999633789062,89.68000030517578,89.68000030517578,37,0.0,0.0
2026-10-01 02:08:00-04:00,89.66999816894531,89.70999908447266,89.6500015258789,89.66000366210938,89.66000366210938,151,0.0,0.0
2026-10-01 02:09:00-04:00,89.66999816894531,89.69000244140625,89.66000366210938,89.69000244140625,89.69000244140625,41,0.0,0.0
2026-10-01 02:10:00-04:00,89.68000030517578,89.7300033569336,89.66000366210938,89.69999694824219,89.69999694824219,51,0.0,0.0
2026-10-01 02:11:00-04:00,89.70999908447266,89.72000122070312,89.56999969482422,89.56999969482422,89.56999969482422,83,0.0,0.0
2026-10-01 02:12:00-04:00,89.56999969482422,89.61000061035156,89.55999755859375,89.58000183105469,89.58000183105469,93,0.0,0.0
2026-10-01 02:13:00-04:00,89.58999633789062,89.61000061035156,89.55000305175781,89.55999755859375,89.55999755859375,60,0.0,0.0
2026-10-01 02:14:00-04:00,89.55000305175781,89.62000274658203,89.55000305175781,89.62000274658203,89.62000274658203,18,0.0,0.0
2026-10-01 02:15:00-04:00,89.62000274658203,89.6500015258789,89.61000061035156,89.62999725341797,89.62999725341797,31,0.0,0.0
2026-10-01 02:16:00-04:00,89.5999984741211,89.63999938964844,89.58999633789062,89.62000274658203,89.62000274658203,32,0.0,0.0
2026-10-01 02:17:00-04:00,89.58999633789062,89.5999984741211,89.52999877929688,89.5999984741211,89.5999984741211,49,0.0,0.0
2026-10-01 02:18:00-04:00,89.58999633789062,89.66000366210938,89.58000183105469,89.61000061035156,89.61000061035156,30,0.0,0.0
2026-10-01 02:19:00-04:00,89.58999633789062,89.62000274658203,89.58999633789062,89.61000061035156,89.61000061035156,30,0.0,0.0
2026-10-01 02:20:00-04:00,89.58000183105469,89.61000061035156,89.55999755859375,89.58999633789062,89.58999633789062,28,0.0,0.0
2026-10-01 02:21:00-04:00,89.58999633789062,89.58999633789062,89.52999877929688,89.56999969482422,89.56999969482422,47,0.0,0.0
2026-10-01 02:22:00-04:00,89.58999633789062,89.61000061035156,89.55999755859375,89.58000183105469,89.58000183105469,36,0.0,0.0
2026-10-01 02:23:00-04:00,89.55999755859375,89.56999969482422,89.51000213623047,89.55000305175781,89.55000305175781,57,0.0,0.0
2026-10-01 02:24:00-04:00,89.54000091552734,89.61000061035156,89.52999877929688,89.58999633789062,89.58999633789062,16,0.0,0.0
2026-10-01 02:25:00-04:00,89.5999984741211,89.61000061035156,89.56999969482422,89.56999969482422,89.56999969482422,24,0.0,0.0
2026-10-01 02:26:00-04:00,89.58999633789062,89.61000061035156,89.58000183105469,89.61000061035156,89.61000061035156,18,0.0,0.0
2026-10-01 02:27:00-04:00,89.5999984741211,89.61000061035156,89.5199966430664,89.54000091552734,89.54000091552734,43,0.0,0.0
2026-10-01 02:28:00-04:00,89.5199966430664,89.52999877929688,89.45999908447266,89.48999786376953,89.48999786376953,57,0.0,0.0
2026-10-01 02:29:00-04:00,89.48999786376953,89.52999877929688,89.45999908447266,89.48999786376953,89.48999786376953,70,0.0,0.0
2026-10-01 02:30:00-04:00,89.48999786376953,89.52999877929688,89.4000015258789,89.45999908447266,89.45999908447266,248,0.0,0.0
2026-10-01 02:31:00-04:00,89.45999908447266,89.51000213623047,89.44999694824219,89.4800033569336,89.4800033569336,50,0.0,0.0
2026-10-01 02:32:00-04:00,89.4800033569336,89.48999786376953,89.4800033569336,89.4800033569336,89.4800033569336,26,0.0,0.0
2026-10-01 02:33:00-04:00,89.4800033569336,89.58000183105469,89.4800033569336,89.52999877929688,89.52999877929688,85,0.0,0.0
2026-10-01 02:34:00-04:00,89.52999877929688,89.61000061035156,89.51000213623047,89.5999984741211,89.5999984741211,36,0.0,0.0
2026-10-01 02:35:00-04:00,89.62000274658203,89.80000305175781,89.5999984741211,89.77999877929688,89.77999877929688,246,0.0,0.0
2026-10-01 02:36:00-04:00,89.77999877929688,89.87000274658203,89.7699966430664,89.87000274658203,89.87000274658203,123,0.0,0.0
2026-10-01 02:37:00-04:00,89.8499984741211,89.9800033569336,89.8499984741211,89.9800033569336,89.9800033569336,258,0.0,0.0
2026-10-01 02:38:00-04:00,89.9800033569336,90.02999877929688,89.93000030517578,89.94999694824219,89.94999694824219,190,0.0,0.0
2026-10-01 02:39:00-04:00,89.94999694824219,90.19999694824219,89.94999694824219,90.18000030517578,90.18000030517578,246,0.0,0.0
2026-10-01 02:40:00-04:00,90.18000030517578,90.30000305175781,90.18000030517578,90.26000213623047,90.26000213623047,255,0.0,0.0
2026-10-01 02:41:00-04:00,90.26000213623047,90.36000061035156,90.23999786376953,90.30000305175781,90.30000305175781,202,0.0,0.0
2026-10-01 02:42:00-04:00,90.30000305175781,90.37000274658203,90.23999786376953,90.36000061035156,90.36000061035156,428,0.0,0.0
2026-10-01 02:43:00-04:00,90.37000274658203,90.43000030517578,90.30999755859375,90.41000366210938,90.41000366210938,198,0.0,0.0
2026-10-01 02:44:00-04:00,90.41000366210938,90.41999816894531,90.25,90.31999969482422,90.31999969482422,146,0.0,0.0
2026-10-01 02:45:00-04:00,90.30000305175781,90.33999633789062,90.25,90.27999877929688,90.27999877929688,115,0.0,0.0
2026-10-01 02:46:00-04:00,90.2699966430664,90.38999938964844,90.26000213623047,90.38999938964844,90.38999938964844,191,0.0,0.0
2026-10-01 02:47:00-04:00,90.37999725341797,90.38999938964844,90.29000091552734,90.3499984741211,90.3499984741211,92,0.0,0.0
2026-10-01 02:48:00-04:00,90.33999633789062,90.41000366210938,90.33999633789062,90.4000015258789,90.4000015258789,99,0.0,0.0
2026-10-01 02:49:00-04:00,90.41000366210938,90.58000183105469,90.3499984741211,90.5199966430664,90.5199966430664,394,0.0,0.0
2026-10-01 02:50:00-04:00,90.5199966430664,90.54000091552734,90.45999908447266,90.5,90.5,163,0.0,0.0
2026-10-01 02:51:00-04:00,90.48999786376953,90.55000305175781,90.41000366210938,90.44999694824219,90.44999694824219,151,0.0,0.0
2026-10-01 02:52:00-04:00,90.43000030517578,90.45999908447266,90.33999633789062,90.44999694824219,90.44999694824219,185,0.0,0.0
2026-10-01 02:53:00-04:00,90.45999908447266,90.55999755859375,90.44999694824219,90.55999755859375,90.55999755859375,136,0.0,0.0
2026-10-01 02:54:00-04:00,90.55000305175781,90.58999633789062,90.51000213623047,90.54000091552734,90.54000091552734,74,0.0,0.0
2026-10-01 02:55:00-04:00,90.54000091552734,90.56999969482422,90.48999786376953,90.55999755859375,90.55999755859375,119,0.0,0.0
2026-10-01 02:56:00-04:00,90.55000305175781,90.55999755859375,90.47000122070312,90.51000213623047,90.51000213623047,731,0.0,0.0
2026-10-01 02:57:00-04:00,90.51000213623047,90.58999633789062,90.5,90.55999755859375,90.55999755859375,155,0.0,0.0
2026-10-01 02:58:00-04:00,90.5999984741211,90.66999816894531,90.48999786376953,90.66000366210938,90.66000366210938,223,0.0,0.0
2026-10-01 02:59:00-04:00,90.6500015258789,90.86000061035156,90.6500015258789,90.8499984741211,90.8499984741211,426,0.0,0.0
2026-10-01 03:00:00-04:00,90.83999633789062,90.87000274658203,90.72000122070312,90.8499984741211,90.8499984741211,647,0.0,0.0
2026-10-01 03:01:00-04:00,90.86000061035156,91.02999877929688,90.86000061035156,90.98999786376953,90.98999786376953,709,0.0,0.0
2026-10-01 03:02:00-04:00,90.98999786376953,91.02999877929688,90.94000244140625,90.94999694824219,90.94999694824219,328,0.0,0.0
2026-10-01 03:03:00-04:00,90.9800033569336,90.9800033569336,90.7699966430664,90.81999969482422,90.81999969482422,274,0.0,0.0
2026-10-01 03:04:00-04:00,90.80000305175781,90.93000030517578,90.79000091552734,90.87999725341797,90.87999725341797,176,0.0,0.0
2026-10-01 03:05:00-04:00,90.88999938964844,91.04000091552734,90.88999938964844,90.9800033569336,90.9800033569336,422,0.0,0.0
2026-10-01 03:06:00-04:00,91.0,91.05999755859375,90.91000366210938,90.98999786376953,90.98999786376953,336,0.0,0.0
2026-10-01 03:07:00-04:00,91.01000213623047,91.02999877929688,90.86000061035156,90.9000015258789,90.9000015258789,321,0.0,0.0
2026-10-01 03:08:00-04:00,90.9000015258789,90.93000030517578,90.83000183105469,90.87000274658203,90.87000274658203,168,0.0,0.0
2026-10-01 03:09:00-04:00,90.87000274658203,91.0199966430664,90.80999755859375,91.0,91.0,206,0.0,0.0
2026-10-01 03:10:00-04:00,90.98999786376953,91.05999755859375,90.95999908447266,91.01000213623047,91.01000213623047,182,0.0,0.0
2026-10-01 03:11:00-04:00,90.98999786376953,91.05999755859375,90.94000244140625,90.94999694824219,90.94999694824219,200,0.0,0.0
2026-10-01 03:12:00-04:00,90.95999908447266,91.1500015258789,90.95999908447266,91.11000061035156,91.11000061035156,325,0.0,0.0
2026-10-01 03:13:00-04:00,91.0999984741211,91.16000366210938,91.08999633789062,91.13999938964844,91.13999938964844,223,0.0,0.0
2026-10-01 03:14:00-04:00,91.1500015258789,91.52999877929688,91.1500015258789,91.48999786376953,91.48999786376953,889,0.0,0.0
2026-10-01 03:15:00-04:00,91.47000122070312,91.52999877929688,91.41000366210938,91.47000122070312,91.47000122070312,592,0.0,0.0
2026-10-01 03:16:00-04:00,91.4800033569336,91.58000183105469,91.4800033569336,91.54000091552734,91.54000091552734,508,0.0,0.0
2026-10-01 03:17:00-04:00,91.55999755859375,91.69999694824219,91.55999755859375,91.68000030517578,91.68000030517578,546,0.0,0.0
2026-10-01 03:18:00-04:00,91.69000244140625,91.73999786376953,91.58000183105469,91.70999908447266,91.70999908447266,377,0.0,0.0
2026-10-01 03:19:00-04:00,91.7300033569336,91.87000274658203,91.69999694824219,91.77999877929688,91.77999877929688,1103,0.0,0.0
2026-10-01 03:20:00-04:00,91.76000213623047,91.76000213623047,91.58000183105469,91.61000061035156,91.61000061035156,308,0.0,0.0
2026-10-01 03:21:00-04:00,91.61000061035156,91.81999969482422,91.61000061035156,91.77999877929688,91.77999877929688,257,0.0,0.0
2026-10-01 03:22:00-04:00,91.76000213623047,91.83999633789062,91.69999694824219,91.76000213623047,91.76000213623047,376,0.0,0.0
2026-10-01 03:23:00-04:00,91.76000213623047,91.87000274658203,91.73999786376953,91.87000274658203,91.87000274658203,613,0.0,0.0
2026-10-01 03:24:00-04:00,91.87000274658203,92.08000183105469,91.86000061035156,92.02999877929688,92.02999877929688,932,0.0,0.0
2026-10-01 03:25:00-04:00,92.02999877929688,92.31999969482422,92.02999877929688,92.30000305175781,92.30000305175781,749,0.0,0.0
2026-10-01 03:26:00-04:00,92.30000305175781,92.58000183105469,92.30000305175781,92.52999877929688,92.52999877929688,792,0.0,0.0
2026-10-01 03:27:00-04:00,92.54000091552734,92.5999984741211,92.41999816894531,92.58999633789062,92.58999633789062,673,0.0,0.0
2026-10-01 03:28:00-04:00,92.56999969482422,92.62000274658203,92.55000305175781,92.61000061035156,92.61000061035156,312,0.0,0.0
2026-10-01 03:29:00-04:00,92.61000061035156,92.62000274658203,92.45999908447266,92.5199966430664,92.5199966430664,494,0.0,0.0
2026-10-01 03:30:00-04:00,92.54000091552734,92.58000183105469,92.37999725341797,92.38999938964844,92.38999938964844,462,0.0,0.0
2026-10-01 03:31:00-04:00,92.38999938964844,92.58000183105469,92.3499984741211,92.47000122070312,92.47000122070312,590,0.0,0.0
2026-10-01 03:32:00-04:00,92.44000244140625,92.45999908447266,92.19999694824219,92.22000122070312,92.22000122070312,775,0.0,0.0
2026-10-01 03:33:00-04:00,92.20999908447266,92.22000122070312,91.98999786376953,92.0999984741211,92.0999984741211,636,0.0,0.0
2026-10-01 03:34:00-04:00,92.08000183105469,92.1500015258789,92.0199966430664,92.04000091552734,92.04000091552734,465,0.0,0.0
2026-10-01 03:35:00-04:00,92.04000091552734,92.08000183105469,91.9800033569336,92.08000183105469,92.08000183105469,379,0.0,0.0
2026-10-01 03:36:00-04:00,92.06999969482422,92.19000244140625,92.05999755859375,92.12999725341797,92.12999725341797,314,0.0,0.0
2026-10-01 03:37:00-04:00,92.13999938964844,92.18000030517578,92.08999633789062,92.08999633789062,92.08999633789062,231,0.0,0.0
2026-10-01 03:38:00-04:00,92.11000061035156,92.13999938964844,91.98999786376953,92.0,92.0,232,0.0,0.0
2026-10-01 03:39:00-04:00,91.98999786376953,92.08000183105469,91.9800033569336,92.06999969482422,92.06999969482422,139,0.0,0.0
2026-10-01 03:40:00-04:00,92.06999969482422,92.19999694824219,92.05000305175781,92.1500015258789,92.1500015258789,297,0.0,0.0
2026-10-01 03:41:00-04:00,92.13999938964844,92.16999816894531,92.0999984741211,92.12000274658203,92.12000274658203,113,0.0,0.0
2026-10-01 03:42:00-04:00,92.12999725341797,92.22000122070312,92.0999984741211,92.16999816894531,92.16999816894531,287,0.0,0.0
2026-10-01 03:43:00-04:00,92.16999816894531,92.25,92.12999725341797,92.19000244140625,92.19000244140625,255,0.0,0.0
2026-10-01 03:44:00-04:00,92.19000244140625,92.19000244140625,91.9000015258789,92.08999633789062,92.08999633789062,779,0.0,0.0
2026-10-01 03:45:00-04:00,92.0999984741211,92.2300033569336,91.9800033569336,92.13999938964844,92.13999938964844,368,0.0,0.0
2026-10-01 03:46:00-04:00,92.12999725341797,92.16000366210938,91.87999725341797,91.94999694824219,91.94999694824219,294,0.0,0.0
2026-10-01 03:47:00-04:00,91.94999694824219,91.94999694824219,91.83999633789062,91.86000061035156,91.86000061035156,274,0.0,0.0
2026-10-01 03:48:00-04:00,91.86000061035156,91.97000122070312,91.83000183105469,91.94000244140625,91.94000244140625,271,0.0,0.0
2026-10-01 03:49:00-04:00,91.91999816894531,91.9800033569336,91.88999938964844,91.91000366210938,91.91000366210938,114,0.0,0.0
2026-10-01 03:50:00-04:00,91.9000015258789,91.9000015258789,91.81999969482422,91.86000061035156,91.86000061035156,281,0.0,0.0
2026-10-01 03:51:00-04:00,91.83000183105469,91.86000061035156,91.7300033569336,91.76000213623047,91.76000213623047,373,0.0,0.0
2026-10-01 03:52:00-04:00,91.79000091552734,91.9800033569336,91.7699966430664,91.9800033569336,91.9800033569336,328,0.0,0.0
2026-10-01 03:53:00-04:00,91.9800033569336,91.9800033569336,91.9000015258789,91.94000244140625,91.94000244140625,198,0.0,0.0
2026-10-01 03:54:00-04:00,91.94000244140625,92.22000122070312,91.94000244140625,92.19999694824219,92.19999694824219,273,0.0,0.0
2026-10-01 03:55:00-04:00,92.19000244140625,92.23999786376953,92.12999725341797,92.12999725341797,92.12999725341797,242,0.0,0.0
2026-10-01 03:56:00-04:00,92.1500015258789,92.25,92.13999938964844,92.2300033569336,92.2300033569336,324,0.0,0.0
2026-10-01 03:57:00-04:00,92.20999908447266,92.3499984741211,92.19999694824219,92.2699966430664,92.2699966430664,229,0.0,0.0
2026-10-01 03:58:00-04:00,92.27999877929688,92.4800033569336,92.27999877929688,92.37999725341797,92.37999725341797,368,0.0,0.0
2026-10-01 03:59:00-04:00,92.38999938964844,92.4800033569336,92.37999725341797,92.4000015258789,92.4000015258789,205,0.0,0.0
2026-10-01 04:00:00-04:00,92.38999938964844,92.4000015258789,92.19000244140625,92.2699966430664,92.2699966430664,366,0.0,0.0
2026-10-01 04:01:00-04:00,92.26000213623047,92.37000274658203,92.26000213623047,92.3499984741211,92.3499984741211,239,0.0,0.0
2026-10-01 04:02:00-04:00,92.36000061035156,92.37999725341797,92.27999877929688,92.37999725341797,92.37999725341797,227,0.0,0.0
2026-10-01 04:03:00-04:00,92.37000274658203,92.41000366210938,92.33000183105469,92.4000015258789,92.4000015258789,182,0.0,0.0
2026-10-01 04:04:00-04:00,92.4000015258789,92.44999694824219,92.20999908447266,92.22000122070312,92.22000122070312,257,0.0,0.0
2026-10-01 04:05:00-04:00,92.22000122070312,92.30999755859375,92.19999694824219,92.30999755859375,92.30999755859375,165,0.0,0.0
2026-10-01 04:06:00-04:00,92.30000305175781,92.31999969482422,92.20999908447266,92.2699966430664,92.2699966430664,217,0.0,0.0
2026-10-01 04:07:00-04:00,92.27999877929688,92.31999969482422,92.25,92.29000091552734,92.29000091552734,353,0.0,0.0
2026-10-01 04:08:00-04:00,92.29000091552734,92.4000015258789,92.2699966430664,92.29000091552734,92.29000091552734,510,0.0,0.0
2026-10-01 04:09:00-04:00,92.27999877929688,92.30999755859375,92.25,92.26000213623047,92.26000213623047,82,0.0,0.0
2026-10-01 04:10:00-04:00,92.25,92.25,92.1500015258789,92.18000030517578,92.18000030517578,121,0.0,0.0
2026-10-01 04:11:00-04:00,92.16000366210938,92.25,92.12000274658203,92.25,92.25,161,0.0,0.0
2026-10-01 04:12:00-04:00,92.23999786376953,92.2699966430664,92.19999694824219,92.23999786376953,92.23999786376953,162,0.0,0.0
2026-10-01 04:13:00-04:00,92.23999786376953,92.25,92.16000366210938,92.2300033569336,92.2300033569336,211,0.0,0.0
2026-10-01 04:14:00-04:00,92.2300033569336,92.2300033569336,92.18000030517578,92.19999694824219,92.19999694824219,63,0.0,0.0
2026-10-01 04:15:00-04:00,92.22000122070312,92.25,92.0999984741211,92.1500015258789,92.1500015258789,766,0.0,0.0
2026-10-01 04:16:00-04:00,92.1500015258789,92.16999816894531,92.08999633789062,92.11000061035156,92.11000061035156,366,0.0,0.0
2026-10-01 04:17:00-04:00,92.0999984741211,92.13999938964844,92.08999633789062,92.11000061035156,92.11000061035156,379,0.0,0.0
2026-10-01 04:18:00-04:00,92.0999984741211,92.16999816894531,92.08000183105469,92.13999938964844,92.13999938964844,173,0.0,0.0
2026-10-01 04:19:00-04:00,92.1500015258789,92.4000015258789,92.12999725341797,92.4000015258789,92.4000015258789,529,0.0,0.0
2026-10-01 04:20:00-04:00,92.4000015258789,92.5199966430664,92.37000274658203,92.48999786376953,92.48999786376953,656,0.0,0.0
2026-10-01 04:21:00-04:00,92.48999786376953,92.56999969482422,92.41999816894531,92.47000122070312,92.47000122070312,203,0.0,0.0
2026-10-01 04:22:00-04:00,92.4800033569336,92.52999877929688,92.30000305175781,92.31999969482422,92.31999969482422,237,0.0,0.0
2026-10-01 04:23:00-04:00,92.31999969482422,92.37000274658203,92.23999786376953,92.30000305175781,92.30000305175781,136,0.0,0.0
2026-10-01 04:24:00-04:00,92.31999969482422,92.44999694824219,92.31999969482422,92.38999938964844,92.38999938964844,130,0.0,0.0
2026-10-01 04:25:00-04:00,92.38999938964844,92.44999694824219,92.33999633789062,92.44000244140625,92.44000244140625,133,0.0,0.0
2026-10-01 04:26:00-04:00,92.44000244140625,92.44000244140625,92.30999755859375,92.37000274658203,92.37000274658203,127,0.0,0.0
2026-10-01 04:27:00-04:00,92.33000183105469,92.38999938964844,92.20999908447266,92.25,92.25,235,0.0,0.0
2026-10-01 04:28:00-04:00,92.26000213623047,92.43000030517578,92.23999786376953,92.41000366210938,92.41000366210938,198,0.0,0.0
2026-10-01 04:29:00-04:00,92.44000244140625,92.68000030517578,92.37000274658203,92.62000274658203,92.62000274658203,606,0.0,0.0
2026-10-01 04:30:00-04:00,92.66999816894531,92.76000213623047,92.62999725341797,92.68000030517578,92.68000030517578,947,0.0,0.0
2026-10-01 04:31:00-04:00,92.68000030517578,92.81999969482422,92.66000366210938,92.7699966430664,92.7699966430664,313,0.0,0.0
2026-10-01 04:32:00-04:00,92.76000213623047,92.81999969482422,92.7300033569336,92.77999877929688,92.77999877929688,340,0.0,0.0
2026-10-01 04:33:00-04:00,92.77999877929688,92.79000091552734,92.63999938964844,92.6500015258789,92.6500015258789,280,0.0,0.0
2026-10-01 04:34:00-04:00,92.68000030517578,92.76000213623047,92.5999984741211,92.63999938964844,92.63999938964844,411,0.0,0.0
2026-10-01 04:35:00-04:00,92.6500015258789,92.72000122070312,92.58999633789062,92.70999908447266,92.70999908447266,318,0.0,0.0
2026-10-01 04:36:00-04:00,92.69999694824219,92.75,92.61000061035156,92.69000244140625,92.69000244140625,571,0.0,0.0
2026-10-01 04:37:00-04:00,92.68000030517578,92.80999755859375,92.62999725341797,92.80999755859375,92.80999755859375,385,0.0,0.0
2026-10-01 04:38:00-04:00,92.80999755859375,92.86000061035156,92.66000366210938,92.7699966430664,92.7699966430664,339,0.0,0.0
2026-10-01 04:39:00-04:00,92.76000213623047,92.80000305175781,92.62999725341797,92.73999786376953,92.73999786376953,247,0.0,0.0
2026-10-01 04:40:00-04:00,92.7300033569336,92.80999755859375,92.69000244140625,92.80999755859375,92.80999755859375,173,0.0,0.0
2026-10-01 04:41:00-04:00,92.83999633789062,92.87000274658203,92.7699966430664,92.80000305175781,92.80000305175781,265,0.0,0.0
2026-10-01 04:42:00-04:00,92.80999755859375,92.83000183105469,92.7699966430664,92.83000183105469,92.83000183105469,138,0.0,0.0
2026-10-01 04:43:00-04:00,92.83000183105469,92.87000274658203,92.77999877929688,92.81999969482422,92.81999969482422,256,0.0,0.0
2026-10-01 04:44:00-04:00,92.81999969482422,92.83000183105469,92.69000244140625,92.70999908447266,92.70999908447266,197,0.0,0.0
2026-10-01 04:45:00-04:00,92.70999908447266,92.83999633789062,92.70999908447266,92.83999633789062,92.83999633789062,198,0.0,0.0
2026-10-01 04:46:00-04:00,92.8499984741211,92.88999938964844,92.70999908447266,92.72000122070312,92.72000122070312,427,0.0,0.0
2026-10-01 04:47:00-04:00,92.70999908447266,92.72000122070312,92.55000305175781,92.55999755859375,92.55999755859375,207,0.0,0.0
2026-10-01 04:48:00-04:00,92.55999755859375,92.58999633789062,92.5,92.54000091552734,92.54000091552734,279,0.0,0.0
2026-10-01 04:49:00-04:00,92.52999877929688,92.55999755859375,92.4800033569336,92.54000091552734,92.54000091552734,193,0.0,0.0
2026-10-01 04:50:00-04:00,92.54000091552734,92.63999938964844,92.5199966430664,92.58000183105469,92.58000183105469,401,0.0,0.0
2026-10-01 04:51:00-04:00,92.56999969482422,92.69999694824219,92.56999969482422,92.6500015258789,92.6500015258789,169,0.0,0.0
2026-10-01 04:52:00-04:00,92.6500015258789,92.72000122070312,92.58999633789062,92.70999908447266,92.70999908447266,166,0.0,0.0
2026-10-01 04:53:00-04:00,92.7300033569336,92.8499984741211,92.7300033569336,92.73999786376953,92.73999786376953,773,0.0,0.0
2026-10-01 04:54:00-04:00,92.72000122070312,92.9000015258789,92.72000122070312,92.83999633789062,92.83999633789062,722,0.0,0.0
2026-10-01 04:55:00-04:00,92.83000183105469,92.83999633789062,92.70999908447266,92.72000122070312,92.72000122070312,170,0.0,0.0
2026-10-01 04:56:00-04:00,92.7300033569336,92.83000183105469,92.69999694824219,92.81999969482422,92.81999969482422,119,0.0,0.0
2026-10-01 04:57:00-04:00,92.83000183105469,92.83999633789062,92.69000244140625,92.7300033569336,92.7300033569336,112,0.0,0.0
2026-10-01 04:58:00-04:00,92.73999786376953,92.87000274658203,92.7300033569336,92.83999633789062,92.83999633789062,195,0.0,0.0
2026-10-01 04:59:00-04:00,92.83000183105469,92.83000183105469,92.5999984741211,92.61000061035156,92.61000061035156,156,0.0,0.0
2026-10-01 05:00:00-04:00,92.62000274658203,92.72000122070312,92.61000061035156,92.70999908447266,92.70999908447266,158,0.0,0.0
2026-10-01 05:01:00-04:00,92.69999694824219,92.76000213623047,92.63999938964844,92.63999938964844,92.63999938964844,187,0.0,0.0
2026-10-01 05:02:00-04:00,92.66999816894531,92.77999877929688,92.66999816894531,92.72000122070312,92.72000122070312,129,0.0,0.0
2026-10-01 05:03:00-04:00,92.73999786376953,92.79000091552734,92.62000274658203,92.69000244140625,92.69000244140625,240,0.0,0.0
2026-10-01 05:04:00-04:00,92.69000244140625,92.7300033569336,92.63999938964844,92.68000030517578,92.68000030517578,157,0.0,0.0
2026-10-01 05:05:00-04:00,92.66999816894531,92.73999786376953,92.66000366210938,92.70999908447266,92.70999908447266,94,0.0,0.0
2026-10-01 05:06:00-04:00,92.69999694824219,92.76000213623047,92.68000030517578,92.68000030517578,92.68000030517578,165,0.0,0.0
2026-10-01 05:07:00-04:00,92.68000030517578,92.80999755859375,92.66999816894531,92.7699966430664,92.7699966430664,174,0.0,0.0
2026-10-01 05:08:00-04:00,92.76000213623047,92.7699966430664,92.69000244140625,92.69999694824219,92.69999694824219,169,0.0,0.0
2026-10-01 05:09:00-04:00,92.70999908447266,92.72000122070312,92.6500015258789,92.68000030517578,92.68000030517578,158,0.0,0.0
2026-10-01 05:10:00-04:00,92.66000366210938,92.76000213623047,92.62000274658203,92.69999694824219,92.69999694824219,349,0.0,0.0
2026-10-01 05:11:00-04:00,92.69999694824219,92.72000122070312,92.66000366210938,92.66000366210938,92.66000366210938,248,0.0,0.0
2026-10-01 05:12:00-04:00,92.66999816894531,92.69999694824219,92.5999984741211,92.62999725341797,92.62999725341797,443,0.0,0.0
2026-10-01 05:13:00-04:00,92.62999725341797,92.6500015258789,92.48999786376953,92.51000213623047,92.51000213623047,262,0.0,0.0
2026-10-01 05:14:00-04:00,92.51000213623047,92.62000274658203,92.51000213623047,92.5999984741211,92.5999984741211,249,0.0,0.0
2026-10-01 05:15:00-04:00,92.5999984741211,92.6500015258789,92.58000183105469,92.62000274658203,92.62000274658203,301,0.0,0.0
2026-10-01 05:16:00-04:00,92.62000274658203,92.62000274658203,92.51000213623047,92.5199966430664,92.5199966430664,216,0.0,0.0
2026-10-01 05:17:00-04:00,92.51000213623047,92.52999877929688,92.43000030517578,92.5,92.5,290,0.0,0.0
2026-10-01 05:18:00-04:00,92.5,92.5,92.41999816894531,92.45999908447266,92.45999908447266,147,0.0,0.0
2026-10-01 05:19:00-04:00,92.45999908447266,92.56999969482422,92.44000244140625,92.52999877929688,92.52999877929688,122,0.0,0.0
2026-10-01 05:20:00-04:00,92.54000091552734,92.56999969482422,92.47000122070312,92.47000122070312,92.47000122070312,297,0.0,0.0
2026-10-01 05:21:00-04:00,92.4800033569336,92.48999786376953,92.19999694824219,92.29000091552734,92.29000091552734,682,0.0,0.0
2026-10-01 05:22:00-04:00,92.30000305175781,92.4000015258789,92.30000305175781,92.33999633789062,92.33999633789062,247,0.0,0.0
2026-10-01 05:23:00-04:00,92.31999969482422,92.3499984741211,92.27999877929688,92.30999755859375,92.30999755859375,206,0.0,0.0
2026-10-01 05:24:00-04:00,92.30999755859375,92.37000274658203,92.19999694824219,92.33999633789062,92.33999633789062,435,0.0,0.0
2026-10-01 05:25:00-04:00,92.33999633789062,92.36000061035156,92.2699966430664,92.30000305175781,92.30000305175781,146,0.0,0.0
2026-10-01 05:26:00-04:00,92.29000091552734,92.41000366210938,92.23999786376953,92.2699966430664,92.2699966430664,1185,0.0,0.0
2026-10-01 05:27:00-04:00,92.26000213623047,92.26000213623047,92.13999938964844,92.22000122070312,92.22000122070312,291,0.0,0.0
2026-10-01 05:28:00-04:00,92.22000122070312,92.29000091552734,92.18000030517578,92.27999877929688,92.27999877929688,168,0.0,0.0
2026-10-01 05:29:00-04:00,92.2699966430664,92.27999877929688,92.18000030517578,92.23999786376953,92.23999786376953,175,0.0,0.0
2026-10-01 05:30:00-04:00,92.2300033569336,92.27999877929688,92.16000366210938,92.27999877929688,92.27999877929688,160,0.0,0.0
2026-10-01 05:31:00-04:00,92.27999877929688,92.29000091552734,92.13999938964844,92.13999938964844,92.13999938964844,169,0.0,0.0
2026-10-01 05:32:00-04:00,92.16000366210938,92.16999816894531,92.11000061035156,92.16000366210938,92.16000366210938,182,0.0,0.0
2026-10-01 05:33:00-04:00,92.16000366210938,92.16999816894531,92.06999969482422,92.06999969482422,92.06999969482422,206,0.0,0.0
2026-10-01 05:34:00-04:00,92.06999969482422,92.08000183105469,91.95999908447266,91.9800033569336,91.9800033569336,462,0.0,0.0
2026-10-01 05:35:00-04:00,91.95999908447266,92.04000091552734,91.95999908447266,92.02999877929688,92.02999877929688,227,0.0,0.0
2026-10-01 05:36:00-04:00,92.04000091552734,92.23999786376953,92.04000091552734,92.22000122070312,92.22000122070312,322,0.0,0.0
2026-10-01 05:37:00-04:00,92.20999908447266,92.26000213623047,92.18000030517578,92.22000122070312,92.22000122070312,209,0.0,0.0
2026-10-01 05:38:00-04:00,92.20999908447266,92.26000213623047,92.18000030517578,92.22000122070312,92.22000122070312,160,0.0,0.0
2026-10-01 05:39:00-04:00,92.23999786376953,92.26000213623047,92.19000244140625,92.2300033569336,92.2300033569336,197,0.0,0.0
2026-10-01 05:40:00-04:00,92.26000213623047,92.33999633789062,92.23999786376953,92.31999969482422,92.31999969482422,247,0.0,0.0
2026-10-01 05:41:00-04:00,92.33999633789062,92.38999938964844,92.25,92.33000183105469,92.33000183105469,226,0.0,0.0
2026-10-01 05:42:00-04:00,92.33000183105469,92.37999725341797,92.30000305175781,92.30000305175781,92.30000305175781,168,0.0,0.0
2026-10-01 05:43:00-04:00,92.30000305175781,92.36000061035156,92.26000213623047,92.30000305175781,92.30000305175781,232,0.0,0.0
2026-10-01 05:44:00-04:00,92.30999755859375,92.44999694824219,92.29000091552734,92.43000030517578,92.43000030517578,213,0.0,0.0
2026-10-01 05:45:00-04:00,92.41999816894531,92.45999908447266,92.31999969482422,92.33999633789062,92.33999633789062,209,0.0,0.0
2026-10-01 05:46:00-04:00,92.31999969482422,92.33000183105469,92.2300033569336,92.23999786376953,92.23999786376953,90,0.0,0.0
2026-10-01 05:47:00-04:00,92.2300033569336,92.2300033569336,92.1500015258789,92.18000030517578,92.18000030517578,149,0.0,0.0
2026-10-01 05:48:00-04:00,92.16000366210938,92.18000030517578,92.0999984741211,92.1500015258789,92.1500015258789,129,0.0,0.0
2026-10-01 05:49:00-04:00,92.12999725341797,92.19999694824219,92.12999725341797,92.19000244140625,92.19000244140625,101,0.0,0.0
2026-10-01 05:50:00-04:00,92.26000213623047,92.33999633789062,92.20999908447266,92.30000305175781,92.30000305175781,151,0.0,0.0
2026-10-01 05:51:00-04:00,92.2699966430664,92.4000015258789,92.2699966430664,92.38999938964844,92.38999938964844,171,0.0,0.0
2026-10-01 05:52:00-04:00,92.38999938964844,92.38999938964844,92.29000091552734,92.30999755859375,92.30999755859375,112,0.0,0.0
2026-10-01 05:53:00-04:00,92.31999969482422,92.33999633789062,92.23999786376953,92.25,92.25,140,0.0,0.0
2026-10-01 05:54:00-04:00,92.23999786376953,92.36000061035156,92.22000122070312,92.33000183105469,92.33000183105469,122,0.0,0.0
2026-10-01 05:55:00-04:00,92.31999969482422,92.41999816894531,92.31999969482422,92.38999938964844,92.38999938964844,151,0.0,0.0
2026-10-01 05:56:00-04:00,92.38999938964844,92.41999816894531,92.29000091552734,92.31999969482422,92.31999969482422,94,0.0,0.0
2026-10-01 05:57:00-04:00,92.33000183105469,92.3499984741211,92.2300033569336,92.23999786376953,92.23999786376953,87,0.0,0.0
2026-10-01 05:58:00-04:00,92.27999877929688,92.29000091552734,92.25,92.26000213623047,92.26000213623047,73,0.0,0.0
2026-10-01 05:59:00-04:00,92.26000213623047,92.2699966430664,92.16999816894531,92.22000122070312,92.22000122070312,168,0.0,0.0
2026-10-01 06:00:00-04:00,92.22000122070312,92.36000061035156,92.19999694824219,92.31999969482422,92.31999969482422,170,0.0,0.0
2026-10-01 06:01:00-04:00,92.33000183105469,92.37000274658203,92.20999908447266,92.27999877929688,92.27999877929688,160,0.0,0.0
2026-10-01 06:02:00-04:00,92.29000091552734,92.41000366210938,92.29000091552734,92.4000015258789,92.4000015258789,269,0.0,0.0
2026-10-01 06:03:00-04:00,92.41999816894531,92.54000091552734,92.41999816894531,92.47000122070312,92.47000122070312,1015,0.0,0.0
2026-10-01 06:04:00-04:00,92.45999908447266,92.45999908447266,92.33999633789062,92.33999633789062,92.33999633789062,99,0.0,0.0
2026-10-01 06:05:00-04:00,92.37000274658203,92.44000244140625,92.37000274658203,92.41999816894531,92.41999816894531,129,0.0,0.0
2026-10-01 06:06:00-04:00,92.44999694824219,92.4800033569336,92.36000061035156,92.37999725341797,92.37999725341797,196,0.0,0.0
2026-10-01 06:07:00-04:00,92.3499984741211,92.37999725341797,92.18000030517578,92.19000244140625,92.19000244140625,195,0.0,0.0
2026-10-01 06:08:00-04:00,92.19999694824219,92.22000122070312,92.11000061035156,92.12999725341797,92.12999725341797,208,0.0,0.0
2026-10-01 06:09:00-04:00,92.12999725341797,92.16000366210938,92.05000305175781,92.16000366210938,92.16000366210938,258,0.0,0.0
2026-10-01 06:10:00-04:00,92.16999816894531,92.26000213623047,92.16000366210938,92.26000213623047,92.26000213623047,70,0.0,0.0
2026-10-01 06:11:00-04:00,92.23999786376953,92.26000213623047,92.13999938964844,92.1500015258789,92.1500015258789,66,0.0,0.0
2026-10-01 06:12:00-04:00,92.13999938964844,92.16000366210938,92.08999633789062,92.0999984741211,92.0999984741211,132,0.0,0.0
2026-10-01 06:13:00-04:00,92.08000183105469,92.11000061035156,92.06999969482422,92.0999984741211,92.0999984741211,103,0.0,0.0
2026-10-01 06:14:00-04:00,92.08999633789062,92.11000061035156,92.04000091552734,92.05999755859375,92.05999755859375,109,0.0,0.0
2026-10-01 06:15:00-04:00,92.06999969482422,92.08000183105469,91.88999938964844,91.9000015258789,91.9000015258789,392,0.0,0.0
2026-10-01 06:16:00-04:00,91.88999938964844,92.05000305175781,91.87999725341797,91.98999786376953,91.98999786376953,896,0.0,0.0
2026-10-01 06:17:00-04:00,91.98999786376953,91.98999786376953,91.88999938964844,91.93000030517578,91.93000030517578,167,0.0,0.0
2026-10-01 06:18:00-04:00,91.94000244140625,91.95999908447266,91.77999877929688,91.81999969482422,91.81999969482422,327,0.0,0.0
2026-10-01 06:19:00-04:00,91.8499984741211,91.87999725341797,91.80000305175781,91.87000274658203,91.87000274658203,165,0.0,0.0
2026-10-01 06:20:00-04:00,91.8499984741211,91.87999725341797,91.80000305175781,91.81999969482422,91.81999969482422,154,0.0,0.0
2026-10-01 06:21:00-04:00,91.83999633789062,91.87000274658203,91.70999908447266,91.7699966430664,91.7699966430664,380,0.0,0.0
2026-10-01 06:22:00-04:00,91.75,91.77999877929688,91.70999908447266,91.76000213623047,91.76000213623047,141,0.0,0.0
2026-10-01 06:23:00-04:00,91.76000213623047,91.80999755859375,91.7300033569336,91.80000305175781,91.80000305175781,115,0.0,0.0
2026-10-01 06:24:00-04:00,91.77999877929688,91.93000030517578,91.77999877929688,91.91000366210938,91.91000366210938,140,0.0,0.0
2026-10-01 06:25:00-04:00,91.91000366210938,91.91000366210938,91.80000305175781,91.86000061035156,91.86000061035156,122,0.0,0.0
2026-10-01 06:26:00-04:00,91.8499984741211,91.8499984741211,91.7300033569336,91.75,91.75,90,0.0,0.0
2026-10-01 06:27:00-04:00,91.76000213623047,91.76000213623047,91.70999908447266,91.75,91.75,84,0.0,0.0
2026-10-01 06:28:00-04:00,91.76000213623047,91.7699966430664,91.70999908447266,91.7300033569336,91.7300033569336,91,0.0,0.0
2026-10-01 06:29:00-04:00,91.73999786376953,91.7699966430664,91.72000122070312,91.76000213623047,91.76000213623047,54,0.0,0.0
2026-10-01 06:30:00-04:00,91.75,91.80999755859375,91.69999694824219,91.79000091552734,91.79000091552734,119,0.0,0.0
2026-10-01 06:31:00-04:00,91.80000305175781,91.86000061035156,91.73999786376953,91.8499984741211,91.8499984741211,160,0.0,0.0
2026-10-01 06:32:00-04:00,91.81999969482422,91.8499984741211,91.76000213623047,91.83000183105469,91.83000183105469,97,0.0,0.0
2026-10-01 06:33:00-04:00,91.83999633789062,91.8499984741211,91.76000213623047,91.79000091552734,91.79000091552734,82,0.0,0.0
2026-10-01 06:34:00-04:00,91.77999877929688,91.79000091552734,91.69999694824219,91.73999786376953,91.73999786376953,60,0.0,0.0
2026-10-01 06:35:00-04:00,91.73999786376953,91.75,91.69000244140625,91.7300033569336,91.7300033569336,126,0.0,0.0
2026-10-01 06:36:00-04:00,91.72000122070312,91.7300033569336,91.66999816894531,91.70999908447266,91.70999908447266,91,0.0,0.0
2026-10-01 06:37:00-04:00,91.7300033569336,91.75,91.72000122070312,91.72000122070312,91.72000122070312,40,0.0,0.0
2026-10-01 06:38:00-04:00,91.7300033569336,91.77999877929688,91.70999908447266,91.72000122070312,91.72000122070312,64,0.0,0.0
2026-10-01 06:39:00-04:00,91.72000122070312,91.7300033569336,91.63999938964844,91.68000030517578,91.68000030517578,200,0.0,0.0
2026-10-01 06:40:00-04:00,91.69999694824219,91.70999908447266,91.62999725341797,91.66000366210938,91.66000366210938,119,0.0,0.0
2026-10-01 06:41:00-04:00,91.66000366210938,91.72000122070312,91.66000366210938,91.72000122070312,91.72000122070312,95,0.0,0.0
2026-10-01 06:42:00-04:00,91.70999908447266,91.72000122070312,91.33999633789062,91.37999725341797,91.37999725341797,678,0.0,0.0
2026-10-01 06:43:00-04:00,91.3499984741211,91.44000244140625,91.23999786376953,91.4000015258789,91.4000015258789,621,0.0,0.0
2026-10-01 06:44:00-04:00,91.41999816894531,91.55999755859375,91.4000015258789,91.52999877929688,91.52999877929688,167,0.0,0.0
2026-10-01 06:45:00-04:00,91.54000091552734,91.55999755859375,91.38999938964844,91.43000030517578,91.43000030517578,232,0.0,0.0
2026-10-01 06:46:00-04:00,91.44000244140625,91.45999908447266,91.41999816894531,91.44000244140625,91.44000244140625,120,0.0,0.0
2026-10-01 06:47:00-04:00,91.44999694824219,91.54000091552734,91.38999938964844,91.5199966430664,91.5199966430664,139,0.0,0.0
2026-10-01 06:48:00-04:00,91.54000091552734,91.55000305175781,91.44999694824219,91.48999786376953,91.48999786376953,108,0.0,0.0
2026-10-01 06:49:00-04:00,91.4800033569336,91.48999786376953,91.37999725341797,91.38999938964844,91.38999938964844,97,0.0,0.0
2026-10-01 06:50:00-04:00,91.37999725341797,91.41999816894531,91.33999633789062,91.3499984741211,91.3499984741211,279,0.0,0.0
2026-10-01 06:51:00-04:00,91.3499984741211,91.3499984741211,91.27999877929688,91.30999755859375,91.30999755859375,100,0.0,0.0
2026-10-01 06:52:00-04:00,91.30000305175781,91.33000183105469,91.2699966430664,91.33000183105469,91.33000183105469,93,0.0,0.0
2026-10-01 06:53:00-04:00,91.33000183105469,91.33999633789062,91.22000122070312,91.30000305175781,91.30000305175781,384,0.0,0.0
2026-10-01 06:54:00-04:00,91.29000091552734,91.30999755859375,91.22000122070312,91.25,91.25,125,0.0,0.0
2026-10-01 06:55:00-04:00,91.26000213623047,91.36000061035156,91.23999786376953,91.36000061035156,91.36000061035156,141,0.0,0.0
2026-10-01 06:56:00-04:00,91.36000061035156,91.37999725341797,91.27999877929688,91.36000061035156,91.36000061035156,129,0.0,0.0
2026-10-01 06:57:00-04:00,91.3499984741211,91.3499984741211,91.31999969482422,91.31999969482422,91.31999969482422,76,0.0,0.0
2026-10-01 06:58:00-04:00,91.33000183105469,91.41000366210938,91.31999969482422,91.4000015258789,91.4000015258789,107,0.0,0.0
2026-10-01 06:59:00-04:00,91.38999938964844,91.38999938964844,91.33999633789062,91.37999725341797,91.37999725341797,90,0.0,0.0
2026-10-01 07:00:00-04:00,91.4000015258789,91.58000183105469,91.37999725341797,91.5199966430664,91.5199966430664,230,0.0,0.0
2026-10-01 07:01:00-04:00,91.52999877929688,91.61000061035156,91.43000030517578,91.61000061035156,91.61000061035156,189,0.0,0.0
2026-10-01 07:02:00-04:00,91.61000061035156,91.69000244140625,91.54000091552734,91.66000366210938,91.66000366210938,192,0.0,0.0
2026-10-01 07:03:00-04:00,91.66999816894531,91.69000244140625,91.56999969482422,91.58999633789062,91.58999633789062,148,0.0,0.0
2026-10-01 07:04:00-04:00,91.58999633789062,91.61000061035156,91.55000305175781,91.58999633789062,91.58999633789062,87,0.0,0.0
2026-10-01 07:05:00-04:00,91.5999984741211,91.9000015258789,91.5999984741211,91.73999786376953,91.73999786376953,828,0.0,0.0
2026-10-01 07:06:00-04:00,91.73999786376953,91.94000244140625,91.72000122070312,91.87999725341797,91.87999725341797,302,0.0,0.0
2026-10-01 07:07:00-04:00,91.9000015258789,92.13999938964844,91.88999938964844,92.08000183105469,92.08000183105469,414,0.0,0.0
2026-10-01 07:08:00-04:00,92.08999633789062,92.25,92.08999633789062,92.16999816894531,92.16999816894531,483,0.0,0.0
2026-10-01 07:09:00-04:00,92.18000030517578,92.2300033569336,92.05999755859375,92.08999633789062,92.08999633789062,399,0.0,0.0
2026-10-01 07:10:00-04:00,92.12000274658203,92.19000244140625,92.05999755859375,92.08999633789062,92.08999633789062,96,0.0,0.0
2026-10-01 07:11:00-04:00,92.08999633789062,92.2300033569336,92.0199966430664,92.19999694824219,92.19999694824219,166,0.0,0.0
2026-10-01 07:12:00-04:00,92.23999786376953,92.37000274658203,92.20999908447266,92.25,92.25,384,0.0,0.0
2026-10-01 07:13:00-04:00,92.2699966430664,92.30000305175781,92.06999969482422,92.12999725341797,92.12999725341797,253,0.0,0.0
2026-10-01 07:14:00-04:00,92.16000366210938,92.26000213623047,92.1500015258789,92.19999694824219,92.19999694824219,209,0.0,0.0
2026-10-01 07:15:00-04:00,92.23999786376953,92.37000274658203,92.2300033569336,92.30999755859375,92.30999755859375,181,0.0,0.0
2026-10-01 07:16:00-04:00,92.30000305175781,92.3499984741211,92.27999877929688,92.30999755859375,92.30999755859375,225,0.0,0.0
2026-10-01 07:17:00-04:00,92.30000305175781,92.33999633789062,92.2699966430664,92.30000305175781,92.30000305175781,161,0.0,0.0
2026-10-01 07:18:00-04:00,92.29000091552734,92.30000305175781,92.25,92.29000091552734,92.29000091552734,81,0.0,0.0
2026-10-01 07:19:00-04:00,92.29000091552734,92.30000305175781,92.23999786376953,92.25,92.25,101,0.0,0.0
2026-10-01 07:20:00-04:00,92.26000213623047,92.27999877929688,92.2300033569336,92.25,92.25,84,0.0,0.0
2026-10-01 07:21:00-04:00,92.25,92.29000091552734,92.23999786376953,92.26000213623047,92.26000213623047,67,0.0,0.0
2026-10-01 07:22:00-04:00,92.27999877929688,92.30999755859375,92.19000244140625,92.2300033569336,92.2300033569336,245,0.0,0.0
2026-10-01 07:23:00-04:00,92.19999694824219,92.23999786376953,92.12999725341797,92.23999786376953,92.23999786376953,151,0.0,0.0
2026-10-01 07:24:00-04:00,92.23999786376953,92.2699966430664,92.20999908447266,92.23999786376953,92.23999786376953,99,0.0,0.0
2026-10-01 07:25:00-04:00,92.25,92.26000213623047,92.18000030517578,92.25,92.25,95,0.0,0.0
2026-10-01 07:26:00-04:00,92.25,92.26000213623047,92.16000366210938,92.18000030517578,92.18000030517578,106,0.0,0.0
2026-10-01 07:27:00-04:00,92.18000030517578,92.19999694824219,92.12999725341797,92.1500015258789,92.1500015258789,63,0.0,0.0
2026-10-01 07:28:00-04:00,92.13999938964844,92.25,92.13999938964844,92.25,92.25,110,0.0,0.0
2026-10-01 07:29:00-04:00,92.25,92.25,92.1500015258789,92.19000244140625,92.19000244140625,187,0.0,0.0
2026-10-01 07:30:00-04:00,92.19000244140625,92.19000244140625,92.11000061035156,92.12999725341797,92.12999725341797,147,0.0,0.0
2026-10-01 07:31:00-04:00,92.13999938964844,92.20999908447266,92.13999938964844,92.16999816894531,92.16999816894531,97,0.0,0.0
2026-10-01 07:32:00-04:00,92.18000030517578,92.20999908447266,92.12999725341797,92.16999816894531,92.16999816894531,102,0.0,0.0
2026-10-01 07:33:00-04:00,92.16999816894531,92.22000122070312,92.1500015258789,92.19000244140625,92.19000244140625,81,0.0,0.0
2026-10-01 07:34:00-04:00,92.19999694824219,92.20999908447266,92.16999816894531,92.19000244140625,92.19000244140625,42,0.0,0.0
2026-10-01 07:35:00-04:00,92.19999694824219,92.2300033569336,92.13999938964844,92.16999816894531,92.16999816894531,75,0.0,0.0
2026-10-01 07:36:00-04:00,92.16999816894531,92.20999908447266,92.13999938964844,92.18000030517578,92.18000030517578,144,0.0,0.0
2026-10-01 07:37:00-04:00,92.19000244140625,92.2300033569336,92.0999984741211,92.2300033569336,92.2300033569336,273,0.0,0.0
2026-10-01 07:38:00-04:00,92.22000122070312,92.26000213623047,92.18000030517578,92.23999786376953,92.23999786376953,103,0.0,0.0
2026-10-01 07:39:00-04:00,92.2699966430664,92.2699966430664,92.16999816894531,92.2300033569336,92.2300033569336,81,0.0,0.0
2026-10-01 07:40:00-04:00,92.22000122070312,92.22000122070312,92.1500015258789,92.16999816894531,92.16999816894531,70,0.0,0.0
2026-10-01 07:41:00-04:00,92.16000366210938,92.16999816894531,92.08999633789062,92.11000061035156,92.11000061035156,71,0.0,0.0
2026-10-01 07:42:00-04:00,92.12000274658203,92.12999725341797,92.08000183105469,92.11000061035156,92.11000061035156,74,0.0,0.0
2026-10-01 07:43:00-04:00,92.0999984741211,92.11000061035156,92.05999755859375,92.08999633789062,92.08999633789062,104,0.0,0.0
2026-10-01 07:44:00-04:00,92.08000183105469,92.08000183105469,92.0199966430664,92.08000183105469,92.08000183105469,156,0.0,0.0
2026-10-01 07:45:00-04:00,92.08000183105469,92.11000061035156,92.0,92.0199966430664,92.0199966430664,240,0.0,0.0
2026-10-01 07:46:00-04:00,92.0199966430664,92.08000183105469,91.83000183105469,91.91999816894531,91.91999816894531,377,0.0,0.0
2026-10-01 07:47:00-04:00,91.91000366210938,91.91999816894531,91.70999908447266,91.73999786376953,91.73999786376953,310,0.0,0.0
2026-10-01 07:48:00-04:00,91.75,91.80000305175781,91.69999694824219,91.76000213623047,91.76000213623047,308,0.0,0.0
2026-10-01 07:49:00-04:00,91.76000213623047,91.7699966430664,91.66000366210938,91.72000122070312,91.72000122070312,150,0.0,0.0
2026-10-01 07:50:00-04:00,91.76000213623047,91.80999755859375,91.68000030517578,91.69999694824219,91.69999694824219,145,0.0,0.0
2026-10-01 07:51:00-04:00,91.70999908447266,91.81999969482422,91.68000030517578,91.77999877929688,91.77999877929688,116,0.0,0.0
2026-10-01 07:52:00-04:00,91.80000305175781,91.88999938964844,91.76000213623047,91.88999938964844,91.88999938964844,123,0.0,0.0
2026-10-01 07:53:00-04:00,91.88999938964844,91.91000366210938,91.79000091552734,91.87000274658203,91.87000274658203,110,0.0,0.0
2026-10-01 07:54:00-04:00,91.86000061035156,91.86000061035156,91.69999694824219,91.72000122070312,91.72000122070312,72,0.0,0.0
2026-10-01 07:55:00-04:00,91.7300033569336,91.76000213623047,91.69000244140625,91.69000244140625,91.69000244140625,96,0.0,0.0
2026-10-01 07:56:00-04:00,91.69999694824219,91.70999908447266,91.55999755859375,91.55999755859375,91.55999755859375,214,0.0,0.0
2026-10-01 07:57:00-04:00,91.56999969482422,91.68000030517578,91.5,91.66000366210938,91.66000366210938,260,0.0,0.0
2026-10-01 07:58:00-04:00,91.66000366210938,91.7300033569336,91.62000274658203,91.72000122070312,91.72000122070312,103,0.0,0.0
2026-10-01 07:59:00-04:00,91.7300033569336,91.77999877929688,91.63999938964844,91.63999938964844,91.63999938964844,100,0.0,0.0
2026-10-01 08:00:00-04:00,91.63999938964844,91.69999694824219,91.58000183105469,91.66000366210938,91.66000366210938,125,0.0,0.0
2026-10-01 08:01:00-04:00,91.66999816894531,91.69999694824219,91.66000366210938,91.66999816894531,91.66999816894531,127,0.0,0.0
2026-10-01 08:02:00-04:00,91.66999816894531,91.70999908447266,91.62999725341797,91.63999938964844,91.63999938964844,113,0.0,0.0
2026-10-01 08:03:00-04:00,91.62999725341797,91.68000030517578,91.62000274658203,91.66000366210938,91.66000366210938,174,0.0,0.0
2026-10-01 08:04:00-04:00,91.66999816894531,91.81999969482422,91.63999938964844,91.81999969482422,91.81999969482422,194,0.0,0.0
2026-10-01 08:05:00-04:00,91.81999969482422,91.8499984741211,91.7300033569336,91.7300033569336,91.7300033569336,233,0.0,0.0
2026-10-01 08:06:00-04:00,91.73999786376953,91.76000213623047,91.6500015258789,91.73999786376953,91.73999786376953,128,0.0,0.0
2026-10-01 08:07:00-04:00,91.75,91.77999877929688,91.68000030517578,91.68000030517578,91.68000030517578,162,0.0,0.0
2026-10-01 08:08:00-04:00,91.69000244140625,91.69999694824219,91.61000061035156,91.6500015258789,91.6500015258789,174,0.0,0.0
2026-10-01 08:09:00-04:00,91.6500015258789,91.6500015258789,91.61000061035156,91.62000274658203,91.62000274658203,51,0.0,0.0
2026-10-01 08:10:00-04:00,91.62000274658203,91.6500015258789,91.58999633789062,91.5999984741211,91.5999984741211,62,0.0,0.0
2026-10-01 08:11:00-04:00,91.61000061035156,91.62000274658203,91.55000305175781,91.58999633789062,91.58999633789062,231,0.0,0.0
2026-10-01 08:12:00-04:00,91.56999969482422,91.62000274658203,91.55000305175781,91.58999633789062,91.58999633789062,139,0.0,0.0
2026-10-01 08:13:00-04:00,91.58000183105469,91.66999816894531,91.55000305175781,91.6500015258789,91.6500015258789,120,0.0,0.0
2026-10-01 08:14:00-04:00,91.6500015258789,91.68000030517578,91.58999633789062,91.61000061035156,91.61000061035156,101,0.0,0.0
2026-10-01 08:15:00-04:00,91.62999725341797,91.6500015258789,91.55999755859375,91.56999969482422,91.56999969482422,142,0.0,0.0
2026-10-01 08:16:00-04:00,91.58999633789062,91.73999786376953,91.55999755859375,91.7300033569336,91.7300033569336,613,0.0,0.0
2026-10-01 08:17:00-04:00,91.70999908447266,91.87000274658203,91.63999938964844,91.66999816894531,91.66999816894531,981,0.0,0.0
2026-10-01 08:18:00-04:00,91.69000244140625,91.69999694824219,91.33000183105469,91.47000122070312,91.47000122070312,1065,0.0,0.0
2026-10-01 08:19:00-04:00,91.47000122070312,91.4800033569336,91.36000061035156,91.41999816894531,91.41999816894531,475,0.0,0.0
2026-10-01 08:20:00-04:00,91.41000366210938,91.54000091552734,91.41000366210938,91.52999877929688,91.52999877929688,194,0.0,0.0
2026-10-01 08:21:00-04:00,91.54000091552734,91.55999755859375,91.4800033569336,91.54000091552734,91.54000091552734,141,0.0,0.0
2026-10-01 08:22:00-04:00,91.55000305175781,91.58999633789062,91.43000030517578,91.58000183105469,91.58000183105469,392,0.0,0.0
2026-10-01 08:23:00-04:00,91.58999633789062,91.76000213623047,91.58000183105469,91.70999908447266,91.70999908447266,432,0.0,0.0
2026-10-01 08:24:00-04:00,91.73999786376953,91.73999786376953,91.63999938964844,91.66999816894531,91.66999816894531,142,0.0,0.0
2026-10-01 08:25:00-04:00,91.66999816894531,91.69000244140625,91.48999786376953,91.5,91.5,227,0.0,0.0
2026-10-01 08:26:00-04:00,91.47000122070312,91.91999816894531,91.45999908447266,91.68000030517578,91.68000030517578,1747,0.0,0.0
2026-10-01 08:27:00-04:00,91.66999816894531,91.72000122070312,91.5999984741211,91.6500015258789,91.6500015258789,198,0.0,0.0
2026-10-01 08:28:00-04:00,91.6500015258789,91.70999908447266,91.55000305175781,91.66999816894531,91.66999816894531,334,0.0,0.0
2026-10-01 08:29:00-04:00,91.69000244140625,91.72000122070312,91.52999877929688,91.58000183105469,91.58000183105469,267,0.0,0.0
2026-10-01 08:30:00-04:00,91.5999984741211,91.66000366210938,91.5199966430664,91.54000091552734,91.54000091552734,174,0.0,0.0
2026-10-01 08:31:00-04:00,91.52999877929688,91.58000183105469,91.48999786376953,91.52999877929688,91.52999877929688,260,0.0,0.0
2026-10-01 08:32:00-04:00,91.55999755859375,91.72000122070312,91.52999877929688,91.69999694824219,91.69999694824219,208,0.0,0.0
2026-10-01 08:33:00-04:00,91.69999694824219,91.70999908447266,91.62000274658203,91.63999938964844,91.63999938964844,106,0.0,0.0
2026-10-01 08:34:00-04:00,91.6500015258789,91.68000030517578,91.62000274658203,91.62000274658203,91.62000274658203,56,0.0,0.0
2026-10-01 08:35:00-04:00,91.62000274658203,91.66000366210938,91.51000213623047,91.55000305175781,91.55000305175781,474,0.0,0.0
2026-10-01 08:36:00-04:00,91.54000091552734,91.54000091552734,91.45999908447266,91.5199966430664,91.5199966430664,342,0.0,0.0
2026-10-01 08:37:00-04:00,91.52999877929688,91.58000183105469,91.48999786376953,91.48999786376953,91.48999786376953,189,0.0,0.0
2026-10-01 08:38:00-04:00,91.48999786376953,91.5199966430664,91.45999908447266,91.51000213623047,91.51000213623047,134,0.0,0.0
2026-10-01 08:39:00-04:00,91.5199966430664,91.52999877929688,91.48999786376953,91.5199966430664,91.5199966430664,151,0.0,0.0
2026-10-01 08:40:00-04:00,91.54000091552734,91.55999755859375,91.47000122070312,91.54000091552734,91.54000091552734,177,0.0,0.0
2026-10-01 08:41:00-04:00,91.51000213623047,91.55000305175781,91.48999786376953,91.52999877929688,91.52999877929688,64,0.0,0.0
2026-10-01 08:42:00-04:00,91.52999877929688,91.58000183105469,91.5,91.5,91.5,152,0.0,0.0
2026-10-01 08:43:00-04:00,91.51000213623047,91.54000091552734,91.45999908447266,91.51000213623047,91.51000213623047,290,0.0,0.0
2026-10-01 08:44:00-04:00,91.5,91.5199966430664,91.45999908447266,91.5,91.5,279,0.0,0.0
2026-10-01 08:45:00-04:00,91.48999786376953,91.58999633789062,91.47000122070312,91.5,91.5,443,0.0,0.0
2026-10-01 08:46:00-04:00,91.51000213623047,91.5199966430664,91.45999908447266,91.47000122070312,91.47000122070312,109,0.0,0.0
2026-10-01 08:47:00-04:00,91.47000122070312,91.5199966430664,91.38999938964844,91.5,91.5,179,0.0,0.0
2026-10-01 08:48:00-04:00,91.5,91.61000061035156,91.47000122070312,91.55000305175781,91.55000305175781,249,0.0,0.0
2026-10-01 08:49:00-04:00,91.56999969482422,91.62999725341797,91.5199966430664,91.55999755859375,91.55999755859375,280,0.0,0.0
2026-10-01 08:50:00-04:00,91.55000305175781,91.55000305175781,91.43000030517578,91.51000213623047,91.51000213623047,354,0.0,0.0
2026-10-01 08:51:00-04:00,91.5,91.5999984741211,91.4800033569336,91.58000183105469,91.58000183105469,324,0.0,0.0
2026-10-01 08:52:00-04:00,91.61000061035156,91.72000122070312,91.58999633789062,91.66999816894531,91.66999816894531,431,0.0,0.0
2026-10-01 08:53:00-04:00,91.69999694824219,91.75,91.66999816894531,91.75,91.75,133,0.0,0.0
2026-10-01 08:54:00-04:00,91.75,91.76000213623047,91.5999984741211,91.5999984741211,91.5999984741211,229,0.0,0.0
2026-10-01 08:55:00-04:00,91.58999633789062,91.63999938964844,91.54000091552734,91.55999755859375,91.55999755859375,276,0.0,0.0
2026-10-01 08:56:00-04:00,91.54000091552734,91.58999633789062,91.47000122070312,91.5,91.5,214,0.0,0.0
2026-10-01 08:57:00-04:00,91.5,91.5199966430664,91.41999816894531,91.41999816894531,91.41999816894531,243,0.0,0.0
2026-10-01 08:58:00-04:00,91.41000366210938,91.44000244140625,91.33999633789062,91.36000061035156,91.36000061035156,478,0.0,0.0
2026-10-01 08:59:00-04:00,91.37000274658203,91.4800033569336,91.37000274658203,91.44000244140625,91.44000244140625,144,0.0,0.0
2026-10-01 09:00:00-04:00,91.44999694824219,91.44999694824219,91.02999877929688,91.12999725341797,91.12999725341797,1697,0.0,0.0
2026-10-01 09:01:00-04:00,91.12000274658203,91.12000274658203,90.87000274658203,90.9000015258789,90.9000015258789,707,0.0,0.0
2026-10-01 09:02:00-04:00,90.9000015258789,90.93000030517578,90.81999969482422,90.83000183105469,90.83000183105469,856,0.0,0.0
2026-10-01 09:03:00-04:00,90.81999969482422,90.91999816894531,90.80000305175781,90.87000274658203,90.87000274658203,415,0.0,0.0
2026-10-01 09:04:00-04:00,90.86000061035156,91.02999877929688,90.83000183105469,91.01000213623047,91.01000213623047,438,0.0,0.0
2026-10-01 09:05:00-04:00,91.0199966430664,91.05999755859375,90.91999816894531,90.94000244140625,90.94000244140625,314,0.0,0.0
2026-10-01 09:06:00-04:00,90.94000244140625,91.08999633789062,90.91000366210938,90.97000122070312,90.97000122070312,745,0.0,0.0
2026-10-01 09:07:00-04:00,90.97000122070312,90.9800033569336,90.8499984741211,90.87999725341797,90.87999725341797,795,0.0,0.0
2026-10-01 09:08:00-04:00,90.87999725341797,90.91999816894531,90.8499984741211,90.91999816894531,90.91999816894531,746,0.0,0.0
2026-10-01 09:09:00-04:00,90.93000030517578,90.97000122070312,90.88999938964844,90.9000015258789,90.9000015258789,453,0.0,0.0
2026-10-01 09:10:00-04:00,90.88999938964844,90.9000015258789,90.77999877929688,90.8499984741211,90.8499984741211,651,0.0,0.0
2026-10-01 09:11:00-04:00,90.8499984741211,90.87999725341797,90.70999908447266,90.83000183105469,90.83000183105469,678,0.0,0.0
2026-10-01 09:12:00-04:00,90.83000183105469,90.83999633789062,90.75,90.80000305175781,90.80000305175781,292,0.0,0.0
2026-10-01 09:13:00-04:00,90.81999969482422,90.93000030517578,90.7699966430664,90.86000061035156,90.86000061035156,807,0.0,0.0
2026-10-01 09:14:00-04:00,90.88999938964844,91.0199966430664,90.8499984741211,90.97000122070312,90.97000122070312,852,0.0,0.0
2026-10-01 09:15:00-04:00,90.97000122070312,91.02999877929688,90.8499984741211,91.02999877929688,91.02999877929688,607,0.0,0.0
2026-10-01 09:16:00-04:00,91.05999755859375,91.25,91.02999877929688,91.19999694824219,91.19999694824219,714,0.0,0.0
2026-10-01 09:17:00-04:00,91.20999908447266,91.30999755859375,91.08000183105469,91.11000061035156,91.11000061035156,691,0.0,0.0
2026-10-01 09:18:00-04:00,91.0999984741211,91.0999984741211,91.0,91.02999877929688,91.02999877929688,301,0.0,0.0
2026-10-01 09:19:00-04:00,91.02999877929688,91.04000091552734,90.88999938964844,90.91000366210938,90.91000366210938,332,0.0,0.0
2026-10-01 09:20:00-04:00,90.91000366210938,90.93000030517578,90.76000213623047,90.80999755859375,90.80999755859375,383,0.0,0.0
2026-10-01 09:21:00-04:00,90.7699966430664,90.83000183105469,90.69000244140625,90.80000305175781,90.80000305175781,610,0.0,0.0
2026-10-01 09:22:00-04:00,90.79000091552734,90.80999755859375,90.56999969482422,90.66000366210938,90.66000366210938,1063,0.0,0.0
2026-10-01 09:23:00-04:00,90.6500015258789,90.73999786376953,90.58999633789062,90.7300033569336,90.7300033569336,429,0.0,0.0
2026-10-01 09:24:00-04:00,90.72000122070312,90.7699966430664,90.66999816894531,90.75,90.75,526,0.0,0.0
2026-10-01 09:25:00-04:00,90.75,90.83000183105469,90.70999908447266,90.72000122070312,90.72000122070312,397,0.0,0.0
2026-10-01 09:26:00-04:00,90.70999908447266,90.72000122070312,90.58999633789062,90.58999633789062,90.58999633789062,380,0.0,0.0
2026-10-01 09:27:00-04:00,90.58999633789062,90.6500015258789,90.58000183105469,90.61000061035156,90.61000061035156,230,0.0,0.0
2026-10-01 09:28:00-04:00,90.61000061035156,90.68000030517578,90.5999984741211,90.68000030517578,90.68000030517578,283,0.0,0.0
2026-10-01 09:29:00-04:00,90.66999816894531,90.70999908447266,90.62000274658203,90.6500015258789,90.6500015258789,302,0.0,0.0
2026-10-01 09:30:00-04:00,90.66000366210938,90.70999908447266,90.55999755859375,90.66999816894531,90.66999816894531,613,0.0,0.0
2026-10-01 09:31:00-04:00,90.66000366210938,90.66000366210938,90.5199966430664,90.52999877929688,90.52999877929688,475,0.0,0.0
2026-10-01 09:32:00-04:00,90.5199966430664,90.69999694824219,90.5199966430664,90.62000274658203,90.62000274658203,773,0.0,0.0
2026-10-01 09:33:00-04:00,90.62000274658203,90.63999938964844,90.5,90.56999969482422,90.56999969482422,505,0.0,0.0
2026-10-01 09:34:00-04:00,90.55999755859375,90.80000305175781,90.55999755859375,90.75,90.75,576,0.0,0.0
2026-10-01 09:35:00-04:00,90.73999786376953,90.97000122070312,90.72000122070312,90.88999938964844,90.88999938964844,824,0.0,0.0
2026-10-01 09:36:00-04:00,90.9000015258789,90.95999908447266,90.80999755859375,90.94999694824219,90.94999694824219,517,0.0,0.0
2026-10-01 09:37:00-04:00,90.94999694824219,91.05000305175781,90.93000030517578,90.98999786376953,90.98999786376953,498,0.0,0.0
2026-10-01 09:38:00-04:00,90.97000122070312,91.05000305175781,90.91999816894531,91.0,91.0,367,0.0,0.0
2026-10-01 09:39:00-04:00,90.98999786376953,91.01000213623047,90.91999816894531,90.9800033569336,90.9800033569336,364,0.0,0.0
2026-10-01 09:40:00-04:00,90.97000122070312,91.12999725341797,90.94999694824219,91.11000061035156,91.11000061035156,544,0.0,0.0
2026-10-01 09:41:00-04:00,91.11000061035156,91.2300033569336,91.05999755859375,91.20999908447266,91.20999908447266,565,0.0,0.0
2026-10-01 09:42:00-04:00,91.19999694824219,91.31999969482422,91.12000274658203,91.29000091552734,91.29000091552734,607,0.0,0.0
2026-10-01 09:43:00-04:00,91.30000305175781,91.36000061035156,91.27999877929688,91.3499984741211,91.3499984741211,400,0.0,0.0
2026-10-01 09:44:00-04:00,91.36000061035156,91.43000030517578,91.30999755859375,91.4000015258789,91.4000015258789,676,0.0,0.0
2026-10-01 09:45:00-04:00,91.3499984741211,91.38999938964844,91.19999694824219,91.22000122070312,91.22000122070312,530,0.0,0.0
2026-10-01 09:46:00-04:00,91.25,91.33999633789062,91.16999816894531,91.26000213623047,91.26000213623047,942,0.0,0.0
2026-10-01 09:47:00-04:00,91.26000213623047,91.2699966430664,91.20999908447266,91.2300033569336,91.2300033569336,263,0.0,0.0
2026-10-01 09:48:00-04:00,91.22000122070312,91.2699966430664,91.19999694824219,91.25,91.25,310,0.0,0.0
2026-10-01 09:49:00-04:00,91.27999877929688,91.31999969482422,91.2300033569336,91.2699966430664,91.2699966430664,227,0.0,0.0
2026-10-01 09:50:00-04:00,91.25,91.37000274658203,91.20999908447266,91.3499984741211,91.3499984741211,297,0.0,0.0
2026-10-01 09:51:00-04:00,91.36000061035156,91.5,91.33000183105469,91.41000366210938,91.41000366210938,490,0.0,0.0
2026-10-01 09:52:00-04:00,91.41999816894531,91.47000122070312,91.36000061035156,91.43000030517578,91.43000030517578,378,0.0,0.0
2026-10-01 09:53:00-04:00,91.43000030517578,91.52999877929688,91.43000030517578,91.5,91.5,799,0.0,0.0
2026-10-01 09:54:00-04:00,91.51000213623047,91.55000305175781,91.33999633789062,91.37000274658203,91.37000274658203,600,0.0,0.0
2026-10-01 09:55:00-04:00,91.37999725341797,91.41000366210938,91.2300033569336,91.4000015258789,91.4000015258789,324,0.0,0.0
2026-10-01 09:56:00-04:00,91.41999816894531,91.47000122070312,91.33999633789062,91.33999633789062,91.33999633789062,383,0.0,0.0
2026-10-01 09:57:00-04:00,91.29000091552734,91.3499984741211,91.27999877929688,91.30999755859375,91.30999755859375,161,0.0,0.0
2026-10-01 09:58:00-04:00,91.29000091552734,91.33000183105469,91.22000122070312,91.22000122070312,91.22000122070312,338,0.0,0.0
2026-10-01 09:59:00-04:00,91.2300033569336,91.30999755859375,91.19999694824219,91.30999755859375,91.30999755859375,287,0.0,0.0
2026-10-01 10:00:00-04:00,91.30000305175781,91.48999786376953,91.27999877929688,91.47000122070312,91.47000122070312,461,0.0,0.0
2026-10-01 10:01:00-04:00,91.48999786376953,91.55000305175781,91.47000122070312,91.4800033569336,91.4800033569336,498,0.0,0.0
2026-10-01 10:02:00-04:00,91.4800033569336,91.6500015258789,91.4800033569336,91.56999969482422,91.56999969482422,783,0.0,0.0
2026-10-01 10:03:00-04:00,91.58999633789062,91.68000030517578,91.55999755859375,91.63999938964844,91.63999938964844,823,0.0,0.0
2026-10-01 10:04:00-04:00,91.61000061035156,91.72000122070312,91.56999969482422,91.69000244140625,91.69000244140625,533,0.0,0.0
2026-10-01 10:05:00-04:00,91.69000244140625,91.73999786376953,91.66999816894531,91.69000244140625,91.69000244140625,506,0.0,0.0
2026-10-01 10:06:00-04:00,91.69000244140625,91.69000244140625,91.5,91.5,91.5,692,0.0,0.0
2026-10-01 10:07:00-04:00,91.5,91.51000213623047,91.41000366210938,91.4800033569336,91.4800033569336,603,0.0,0.0
2026-10-01 10:08:00-04:00,91.47000122070312,91.4800033569336,91.08999633789062,91.30000305175781,91.30000305175781,1772,0.0,0.0
2026-10-01 10:09:00-04:00,91.30999755859375,91.33999633789062,91.23999786376953,91.31999969482422,91.31999969482422,381,0.0,0.0
2026-10-01 10:10:00-04:00,91.30999755859375,91.47000122070312,91.30999755859375,91.44999694824219,91.44999694824219,508,0.0,0.0
2026-10-01 10:11:00-04:00,91.41999816894531,91.76000213623047,91.41999816894531,91.75,91.75,505,0.0,0.0
2026-10-01 10:12:00-04:00,91.73999786376953,91.79000091552734,91.61000061035156,91.63999938964844,91.63999938964844,523,0.0,0.0
2026-10-01 10:13:00-04:00,91.63999938964844,91.69999694824219,91.5999984741211,91.66999816894531,91.66999816894531,499,0.0,0.0
2026-10-01 10:14:00-04:00,91.6500015258789,91.66999816894531,91.58000183105469,91.58000183105469,91.58000183105469,1109,0.0,0.0
2026-10-01 10:15:00-04:00,91.56999969482422,91.68000030517578,91.55999755859375,91.62999725341797,91.62999725341797,818,0.0,0.0
2026-10-01 10:16:00-04:00,91.62999725341797,91.77999877929688,91.62000274658203,91.76000213623047,91.76000213623047,206,0.0,0.0
2026-10-01 10:17:00-04:00,91.76000213623047,91.76000213623047,91.62000274658203,91.63999938964844,91.63999938964844,238,0.0,0.0
2026-10-01 10:18:00-04:00,91.6500015258789,91.81999969482422,91.62999725341797,91.70999908447266,91.70999908447266,280,0.0,0.0
2026-10-01 10:19:00-04:00,91.75,91.76000213623047,91.68000030517578,91.7300033569336,91.7300033569336,350,0.0,0.0
2026-10-01 10:20:00-04:00,91.7300033569336,91.7300033569336,91.54000091552734,91.63999938964844,91.63999938964844,738,0.0,0.0
2026-10-01 10:21:00-04:00,91.6500015258789,91.76000213623047,91.62000274658203,91.76000213623047,91.76000213623047,351,0.0,0.0
2026-10-01 10:22:00-04:00,91.79000091552734,91.79000091552734,91.55000305175781,91.58999633789062,91.58999633789062,317,0.0,0.0
2026-10-01 10:23:00-04:00,91.58999633789062,91.62999725341797,91.55999755859375,91.62000274658203,91.62000274658203,156,0.0,0.0
2026-10-01 10:24:00-04:00,91.61000061035156,91.6500015258789,91.55000305175781,91.62999725341797,91.62999725341797,169,0.0,0.0
2026-10-01 10:25:00-04:00,91.62000274658203,91.7300033569336,91.61000061035156,91.69999694824219,91.69999694824219,261,0.0,0.0
2026-10-01 10:26:00-04:00,91.69999694824219,91.72000122070312,91.62999725341797,91.66000366210938,91.66000366210938,233,0.0,0.0
2026-10-01 10:27:00-04:00,91.6500015258789,91.68000030517578,91.58000183105469,91.66999816894531,91.66999816894531,252,0.0,0.0
2026-10-01 10:28:00-04:00,91.66999816894531,91.76000213623047,91.6500015258789,91.76000213623047,91.76000213623047,198,0.0,0.0
2026-10-01 10:29:00-04:00,91.75,91.76000213623047,91.68000030517578,91.75,91.75,266,0.0,0.0
2026-10-01 10:30:00-04:00,91.75,91.80000305175781,91.5,91.52999877929688,91.52999877929688,1029,0.0,0.0
2026-10-01 10:31:00-04:00,91.54000091552734,91.66999816894531,91.52999877929688,91.66999816894531,91.66999816894531,395,0.0,0.0
2026-10-01 10:32:00-04:00,91.69000244140625,91.83000183105469,91.66999816894531,91.80000305175781,91.80000305175781,303,0.0,0.0
2026-10-01 10:33:00-04:00,91.81999969482422,91.94000244140625,91.7699966430664,91.88999938964844,91.88999938964844,302,0.0,0.0
2026-10-01 10:34:00-04:00,91.91999816894531,91.91999816894531,91.69999694824219,91.70999908447266,91.70999908447266,302,0.0,0.0
2026-10-01 10:35:00-04:00,91.69999694824219,91.8499984741211,91.68000030517578,91.77999877929688,91.77999877929688,252,0.0,0.0
2026-10-01 10:36:00-04:00,91.7699966430664,91.81999969482422,91.69000244140625,91.70999908447266,91.70999908447266,182,0.0,0.0
2026-10-01 10:37:00-04:00,91.72000122070312,91.81999969482422,91.69999694824219,91.80999755859375,91.80999755859375,101,0.0,0.0
2026-10-01 10:38:00-04:00,91.80999755859375,91.94000244140625,91.80999755859375,91.9000015258789,91.9000015258789,266,0.0,0.0
2026-10-01 10:39:00-04:00,91.88999938964844,91.91000366210938,91.79000091552734,91.80000305175781,91.80000305175781,198,0.0,0.0
2026-10-01 10:40:00-04:00,91.80999755859375,91.98999786376953,91.79000091552734,91.97000122070312,91.97000122070312,606,0.0,0.0
2026-10-01 10:41:00-04:00,91.94000244140625,92.0,91.93000030517578,91.94999694824219,91.94999694824219,246,0.0,0.0
2026-10-01 10:42:00-04:00,91.94000244140625,92.0,91.9000015258789,91.97000122070312,91.97000122070312,275,0.0,0.0
2026-10-01 10:43:00-04:00,91.9800033569336,92.02999877929688,91.91999816894531,91.9800033569336,91.9800033569336,168,0.0,0.0
2026-10-01 10:44:00-04:00,91.9800033569336,92.06999969482422,91.93000030517578,92.05999755859375,92.05999755859375,344,0.0,0.0
2026-10-01 10:45:00-04:00,92.08999633789062,92.13999938964844,92.02999877929688,92.08000183105469,92.08000183105469,461,0.0,0.0
2026-10-01 10:46:00-04:00,92.08000183105469,92.20999908447266,92.05999755859375,92.19999694824219,92.19999694824219,292,0.0,0.0
2026-10-01 10:47:00-04:00,92.19999694824219,92.23999786376953,92.08999633789062,92.18000030517578,92.18000030517578,399,0.0,0.0
2026-10-01 10:48:00-04:00,92.18000030517578,92.22000122070312,92.13999938964844,92.20999908447266,92.20999908447266,362,0.0,0.0
2026-10-01 10:49:00-04:00,92.19999694824219,92.19999694824219,92.08999633789062,92.12999725341797,92.12999725341797,215,0.0,0.0
2026-10-01 10:50:00-04:00,92.12999725341797,92.19999694824219,92.06999969482422,92.0999984741211,92.0999984741211,560,0.0,0.0
2026-10-01 10:51:00-04:00,92.08999633789062,92.1500015258789,92.05999755859375,92.0999984741211,92.0999984741211,402,0.0,0.0
2026-10-01 10:52:00-04:00,92.0999984741211,92.16999816894531,92.06999969482422,92.16000366210938,92.16000366210938,261,0.0,0.0
2026-10-01 10:53:00-04:00,92.1500015258789,92.18000030517578,92.08999633789062,92.16999816894531,92.16999816894531,373,0.0,0.0
2026-10-01 10:54:00-04:00,92.18000030517578,92.2699966430664,92.16999816894531,92.23999786376953,92.23999786376953,420,0.0,0.0
2026-10-01 10:55:00-04:00,92.25,92.2699966430664,92.19999694824219,92.23999786376953,92.23999786376953,530,0.0,0.0
2026-10-01 10:56:00-04:00,92.25,92.27999877929688,92.1500015258789,92.16000366210938,92.16000366210938,393,0.0,0.0
2026-10-01 10:57:00-04:00,92.16000366210938,92.20999908447266,92.05000305175781,92.08999633789062,92.08999633789062,689,0.0,0.0
2026-10-01 10:58:00-04:00,92.06999969482422,92.16999816894531,91.5999984741211,92.12000274658203,92.12000274658203,1977,0.0,0.0
2026-10-01 10:59:00-04:00,92.12000274658203,92.16000366210938,91.95999908447266,91.95999908447266,91.95999908447266,529,0.0,0.0
2026-10-01 11:00:00-04:00,91.94999694824219,92.27999877929688,91.94000244140625,92.19999694824219,92.19999694824219,545,0.0,0.0
2026-10-01 11:01:00-04:00,92.20999908447266,92.2699966430664,92.16999816894531,92.22000122070312,92.22000122070312,404,0.0,0.0
2026-10-01 11:02:00-04:00,92.19000244140625,92.30000305175781,92.16999816894531,92.30000305175781,92.30000305175781,283,0.0,0.0
2026-10-01 11:03:00-04:00,92.29000091552734,92.3499984741211,92.2300033569336,92.31999969482422,92.31999969482422,441,0.0,0.0
2026-10-01 11:04:00-04:00,92.30999755859375,92.3499984741211,92.2699966430664,92.31999969482422,92.31999969482422,418,0.0,0.0
2026-10-01 11:05:00-04:00,92.30000305175781,92.30999755859375,92.1500015258789,92.2300033569336,92.2300033569336,526,0.0,0.0
2026-10-01 11:06:00-04:00,92.2300033569336,92.2300033569336,92.05000305175781,92.0999984741211,92.0999984741211,243,0.0,0.0
2026-10-01 11:07:00-04:00,92.08999633789062,92.29000091552734,92.06999969482422,92.29000091552734,92.29000091552734,327,0.0,0.0
2026-10-01 11:08:00-04:00,92.27999877929688,92.30000305175781,92.12999725341797,92.1500015258789,92.1500015258789,225,0.0,0.0
2026-10-01 11:09:00-04:00,92.16000366210938,92.27999877929688,92.13999938964844,92.27999877929688,92.27999877929688,184,0.0,0.0
2026-10-01 11:10:00-04:00,92.2699966430664,92.62000274658203,92.2699966430664,92.58999633789062,92.58999633789062,1621,0.0,0.0
2026-10-01 11:11:00-04:00,92.58999633789062,92.66000366210938,92.48999786376953,92.55999755859375,92.55999755859375,1041,0.0,0.0
2026-10-01 11:12:00-04:00,92.56999969482422,92.61000061035156,92.5199966430664,92.5199966430664,92.5199966430664,435,0.0,0.0
2026-10-01 11:13:00-04:00,92.5199966430664,92.6500015258789,92.47000122070312,92.58999633789062,92.58999633789062,424,0.0,0.0
2026-10-01 11:14:00-04:00,92.58000183105469,92.62000274658203,92.51000213623047,92.5199966430664,92.5199966430664,380,0.0,0.0
2026-10-01 11:15:00-04:00,92.52999877929688,92.58000183105469,92.41000366210938,92.41999816894531,92.41999816894531,571,0.0,0.0
2026-10-01 11:16:00-04:00,92.41999816894531,92.5,92.38999938964844,92.44000244140625,92.44000244140625,347,0.0,0.0
2026-10-01 11:17:00-04:00,92.44000244140625,92.55000305175781,92.43000030517578,92.5199966430664,92.5199966430664,178,0.0,0.0
2026-10-01 11:18:00-04:00,92.5,92.55000305175781,92.4800033569336,92.54000091552734,92.54000091552734,172,0.0,0.0
2026-10-01 11:19:00-04:00,92.54000091552734,92.5999984741211,92.47000122070312,92.54000091552734,92.54000091552734,491,0.0,0.0
2026-10-01 11:20:00-04:00,92.54000091552734,92.62000274658203,92.4800033569336,92.5999984741211,92.5999984741211,551,0.0,0.0
2026-10-01 11:21:00-04:00,92.58999633789062,92.58999633789062,92.55000305175781,92.58000183105469,92.58000183105469,122,0.0,0.0
2026-10-01 11:22:00-04:00,92.58999633789062,92.66000366210938,92.58999633789062,92.63999938964844,92.63999938964844,214,0.0,0.0
2026-10-01 11:23:00-04:00,92.63999938964844,92.73999786376953,92.63999938964844,92.70999908447266,92.70999908447266,331,0.0,0.0
2026-10-01 11:24:00-04:00,92.69999694824219,92.7300033569336,92.68000030517578,92.69000244140625,92.69000244140625,301,0.0,0.0
2026-10-01 11:25:00-04:00,92.69000244140625,92.69000244140625,92.5199966430664,92.54000091552734,92.54000091552734,385,0.0,0.0
2026-10-01 11:26:00-04:00,92.55000305175781,92.62000274658203,92.5199966430664,92.54000091552734,92.54000091552734,322,0.0,0.0
2026-10-01 11:27:00-04:00,92.54000091552734,92.5999984741211,92.52999877929688,92.5999984741211,92.5999984741211,249,0.0,0.0
2026-10-01 11:28:00-04:00,92.62000274658203,92.63999938964844,92.48999786376953,92.52999877929688,92.52999877929688,254,0.0,0.0
2026-10-01 11:29:00-04:00,92.54000091552734,92.56999969482422,92.36000061035156,92.54000091552734,92.54000091552734,1710,0.0,0.0
2026-10-01 11:30:00-04:00,92.55000305175781,92.62999725341797,92.48999786376953,92.5,92.5,874,0.0,0.0
2026-10-01 11:31:00-04:00,92.48999786376953,92.58000183105469,92.44999694824219,92.58000183105469,92.58000183105469,327,0.0,0.0
2026-10-01 11:32:00-04:00,92.5999984741211,92.69000244140625,92.56999969482422,92.62000274658203,92.62000274658203,390,0.0,0.0
2026-10-01 11:33:00-04:00,92.62000274658203,92.62000274658203,92.5,92.54000091552734,92.54000091552734,187,0.0,0.0
2026-10-01 11:34:00-04:00,92.54000091552734,92.69999694824219,92.54000091552734,92.63999938964844,92.63999938964844,143,0.0,0.0
2026-10-01 11:35:00-04:00,92.62999725341797,92.66999816894531,92.5,92.51000213623047,92.51000213623047,342,0.0,0.0
2026-10-01 11:36:00-04:00,92.5,92.51000213623047,92.44000244140625,92.48999786376953,92.48999786376953,373,0.0,0.0
2026-10-01 11:37:00-04:00,92.5,92.58000183105469,92.45999908447266,92.51000213623047,92.51000213623047,209,0.0,0.0
2026-10-01 11:38:00-04:00,92.51000213623047,92.55000305175781,92.44999694824219,92.48999786376953,92.48999786376953,319,0.0,0.0
2026-10-01 11:39:00-04:00,92.5,92.55000305175781,92.43000030517578,92.54000091552734,92.54000091552734,213,0.0,0.0
2026-10-01 11:40:00-04:00,92.52999877929688,92.62000274658203,92.52999877929688,92.54000091552734,92.54000091552734,275,0.0,0.0
2026-10-01 11:41:00-04:00,92.54000091552734,92.56999969482422,92.5,92.55000305175781,92.55000305175781,268,0.0,0.0
2026-10-01 11:42:00-04:00,92.55999755859375,92.58000183105469,92.5199966430664,92.52999877929688,92.52999877929688,152,0.0,0.0
2026-10-01 11:43:00-04:00,92.55000305175781,92.63999938964844,92.52999877929688,92.61000061035156,92.61000061035156,267,0.0,0.0
2026-10-01 11:44:00-04:00,92.58999633789062,92.61000061035156,92.4800033569336,92.5,92.5,180,0.0,0.0
2026-10-01 11:45:00-04:00,92.54000091552734,92.6500015258789,92.5,92.6500015258789,92.6500015258789,243,0.0,0.0
2026-10-01 11:46:00-04:00,92.63999938964844,92.83000183105469,92.63999938964844,92.80000305175781,92.80000305175781,501,0.0,0.0
2026-10-01 11:47:00-04:00,92.80000305175781,92.8499984741211,92.79000091552734,92.80999755859375,92.80999755859375,353,0.0,0.0
2026-10-01 11:48:00-04:00,92.81999969482422,92.94999694824219,92.80000305175781,92.83000183105469,92.83000183105469,789,0.0,0.0
2026-10-01 11:49:00-04:00,92.83000183105469,92.94999694824219,92.80000305175781,92.93000030517578,92.93000030517578,207,0.0,0.0
2026-10-01 11:50:00-04:00,92.94000244140625,92.97000122070312,92.91000366210938,92.95999908447266,92.95999908447266,272,0.0,0.0
2026-10-01 11:51:00-04:00,92.94999694824219,92.95999908447266,92.88999938964844,92.95999908447266,92.95999908447266,453,0.0,0.0
2026-10-01 11:52:00-04:00,92.94999694824219,92.97000122070312,92.88999938964844,92.9000015258789,92.9000015258789,512,0.0,0.0
2026-10-01 11:53:00-04:00,92.91000366210938,92.93000030517578,92.83999633789062,92.88999938964844,92.88999938964844,526,0.0,0.0
2026-10-01 11:54:00-04:00,92.88999938964844,92.91000366210938,92.8499984741211,92.9000015258789,92.9000015258789,128,0.0,0.0
2026-10-01 11:55:00-04:00,92.88999938964844,92.93000030517578,92.88999938964844,92.9000015258789,92.9000015258789,158,0.0,0.0
2026-10-01 11:56:00-04:00,92.88999938964844,92.93000030517578,92.55000305175781,92.75,92.75,1148,0.0,0.0
2026-10-01 11:57:00-04:00,92.7699966430664,92.8499984741211,92.63999938964844,92.69000244140625,92.69000244140625,554,0.0,0.0
2026-10-01 11:58:00-04:00,92.68000030517578,92.75,92.68000030517578,92.72000122070312,92.72000122070312,385,0.0,0.0
2026-10-01 11:59:00-04:00,92.69999694824219,92.76000213623047,92.62999725341797,92.66000366210938,92.66000366210938,296,0.0,0.0
2026-10-01 12:00:00-04:00,92.63999938964844,92.66000366210938,92.52999877929688,92.55999755859375,92.55999755859375,496,0.0,0.0
2026-10-01 12:01:00-04:00,92.56999969482422,92.5999984741211,92.51000213623047,92.58000183105469,92.58000183105469,651,0.0,0.0
2026-10-01 12:02:00-04:00,92.58000183105469,92.66000366210938,92.54000091552734,92.58999633789062,92.58999633789062,400,0.0,0.0
2026-10-01 12:03:00-04:00,92.58999633789062,92.63999938964844,92.51000213623047,92.51000213623047,92.51000213623047,261,0.0,0.0
2026-10-01 12:04:00-04:00,92.5199966430664,92.5199966430664,92.41999816894531,92.41999816894531,92.41999816894531,334,0.0,0.0
2026-10-01 12:05:00-04:00,92.41000366210938,92.41999816894531,92.27999877929688,92.33000183105469,92.33000183105469,566,0.0,0.0
2026-10-01 12:06:00-04:00,92.30999755859375,92.31999969482422,92.22000122070312,92.22000122070312,92.22000122070312,458,0.0,0.0
2026-10-01 12:07:00-04:00,92.22000122070312,92.22000122070312,92.13999938964844,92.19999694824219,92.19999694824219,479,0.0,0.0
2026-10-01 12:08:00-04:00,92.19999694824219,92.2699966430664,92.19000244140625,92.23999786376953,92.23999786376953,212,0.0,0.0
2026-10-01 12:09:00-04:00,92.2300033569336,92.2699966430664,92.18000030517578,92.18000030517578,92.18000030517578,253,0.0,0.0
2026-10-01 12:10:00-04:00,92.16999816894531,92.16999816894531,91.77999877929688,91.98999786376953,91.98999786376953,1835,0.0,0.0
2026-10-01 12:11:00-04:00,91.9800033569336,91.9800033569336,91.81999969482422,91.83000183105469,91.83000183105469,475,0.0,0.0
2026-10-01 12:12:00-04:00,91.83000183105469,91.83999633789062,91.7300033569336,91.79000091552734,91.79000091552734,1191,0.0,0.0
2026-10-01 12:13:00-04:00,91.83000183105469,91.8499984741211,91.76000213623047,91.80999755859375,91.80999755859375,261,0.0,0.0
2026-10-01 12:14:00-04:00,91.80000305175781,91.83999633789062,91.75,91.83999633789062,91.83999633789062,277,0.0,0.0
2026-10-01 12:15:00-04:00,91.83000183105469,91.95999908447266,91.7699966430664,91.88999938964844,91.88999938964844,349,0.0,0.0
2026-10-01 12:16:00-04:00,91.87999725341797,91.88999938964844,91.72000122070312,91.75,91.75,284,0.0,0.0
2026-10-01 12:17:00-04:00,91.76000213623047,91.87999725341797,91.76000213623047,91.79000091552734,91.79000091552734,218,0.0,0.0
2026-10-01 12:18:00-04:00,91.79000091552734,91.8499984741211,91.79000091552734,91.80999755859375,91.80999755859375,132,0.0,0.0
2026-10-01 12:19:00-04:00,91.8499984741211,91.9000015258789,91.76000213623047,91.80999755859375,91.80999755859375,483,0.0,0.0
2026-10-01 12:20:00-04:00,91.80999755859375,91.83999633789062,91.76000213623047,91.7699966430664,91.7699966430664,223,0.0,0.0
2026-10-01 12:21:00-04:00,91.77999877929688,91.81999969482422,91.75,91.7699966430664,91.7699966430664,214,0.0,0.0
2026-10-01 12:22:00-04:00,91.7699966430664,91.80000305175781,91.69000244140625,91.77999877929688,91.77999877929688,297,0.0,0.0
2026-10-01 12:23:00-04:00,91.79000091552734,91.86000061035156,91.79000091552734,91.80999755859375,91.80999755859375,182,0.0,0.0
2026-10-01 12:24:00-04:00,91.80000305175781,91.80999755859375,91.73999786376953,91.76000213623047,91.76000213623047,229,0.0,0.0
2026-10-01 12:25:00-04:00,91.75,91.76000213623047,91.69999694824219,91.76000213623047,91.76000213623047,181,0.0,0.0
2026-10-01 12:26:00-04:00,91.76000213623047,91.77999877929688,91.69999694824219,91.75,91.75,136,0.0,0.0
2026-10-01 12:27:00-04:00,91.75,91.79000091552734,91.66999816894531,91.77999877929688,91.77999877929688,339,0.0,0.0
2026-10-01 12:28:00-04:00,91.79000091552734,91.81999969482422,91.72000122070312,91.73999786376953,91.73999786376953,281,0.0,0.0
2026-10-01 12:29:00-04:00,91.75,91.80000305175781,91.73999786376953,91.73999786376953,91.73999786376953,111,0.0,0.0
2026-10-01 12:30:00-04:00,91.73999786376953,91.75,91.66999816894531,91.73999786376953,91.73999786376953,336,0.0,0.0
2026-10-01 12:31:00-04:00,91.73999786376953,91.79000091552734,91.68000030517578,91.77999877929688,91.77999877929688,272,0.0,0.0
2026-10-01 12:32:00-04:00,91.77999877929688,91.79000091552734,91.6500015258789,91.68000030517578,91.68000030517578,292,0.0,0.0
2026-10-01 12:33:00-04:00,91.69999694824219,91.76000213623047,91.66999816894531,91.7300033569336,91.7300033569336,270,0.0,0.0
2026-10-01 12:34:00-04:00,91.7300033569336,91.79000091552734,91.72000122070312,91.7699966430664,91.7699966430664,141,0.0,0.0
2026-10-01 12:35:00-04:00,91.7699966430664,91.86000061035156,91.75,91.83000183105469,91.83000183105469,271,0.0,0.0
2026-10-01 12:36:00-04:00,91.83999633789062,92.05999755859375,91.81999969482422,92.01000213623047,92.01000213623047,475,0.0,0.0
2026-10-01 12:37:00-04:00,92.01000213623047,92.02999877929688,91.91000366210938,91.91999816894531,91.91999816894531,208,0.0,0.0
2026-10-01 12:38:00-04:00,91.93000030517578,92.05999755859375,91.93000030517578,92.0199966430664,92.0199966430664,244,0.0,0.0
2026-10-01 12:39:00-04:00,92.01000213623047,92.0199966430664,91.91999816894531,91.94000244140625,91.94000244140625,224,0.0,0.0
2026-10-01 12:40:00-04:00,91.91999816894531,91.94000244140625,91.7699966430664,91.79000091552734,91.79000091552734,576,0.0,0.0
2026-10-01 12:41:00-04:00,91.79000091552734,91.88999938964844,91.7699966430664,91.88999938964844,91.88999938964844,262,0.0,0.0
2026-10-01 12:42:00-04:00,91.91999816894531,91.91999816894531,91.87000274658203,91.9000015258789,91.9000015258789,128,0.0,0.0
2026-10-01 12:43:00-04:00,91.88999938964844,91.91000366210938,91.83000183105469,91.8499984741211,91.8499984741211,130,0.0,0.0
2026-10-01 12:44:00-04:00,91.8499984741211,91.88999938964844,91.81999969482422,91.83000183105469,91.83000183105469,262,0.0,0.0
2026-10-01 12:45:00-04:00,91.83000183105469,91.91999816894531,91.83000183105469,91.88999938964844,91.88999938964844,127,0.0,0.0
2026-10-01 12:46:00-04:00,91.88999938964844,92.0199966430664,91.88999938964844,92.01000213623047,92.01000213623047,216,0.0,0.0
2026-10-01 12:47:00-04:00,92.0,92.01000213623047,91.95999908447266,91.95999908447266,91.95999908447266,97,0.0,0.0
2026-10-01 12:48:00-04:00,91.94999694824219,91.97000122070312,91.91000366210938,91.94999694824219,91.94999694824219,134,0.0,0.0
2026-10-01 12:49:00-04:00,91.94999694824219,92.0,91.9000015258789,91.98999786376953,91.98999786376953,216,0.0,0.0
2026-10-01 12:50:00-04:00,91.94999694824219,92.18000030517578,91.94999694824219,92.12999725341797,92.12999725341797,897,0.0,0.0
2026-10-01 12:51:00-04:00,92.12000274658203,92.16999816894531,92.06999969482422,92.16999816894531,92.16999816894531,258,0.0,0.0
2026-10-01 12:52:00-04:00,92.16999816894531,92.2699966430664,92.12000274658203,92.12000274658203,92.12000274658203,360,0.0,0.0
2026-10-01 12:53:00-04:00,92.1500015258789,92.20999908447266,92.12000274658203,92.12999725341797,92.12999725341797,401,0.0,0.0
2026-10-01 12:54:00-04:00,92.12000274658203,92.12000274658203,91.95999908447266,91.9800033569336,91.9800033569336,276,0.0,0.0
2026-10-01 12:55:00-04:00,91.97000122070312,92.08000183105469,91.94000244140625,92.05999755859375,92.05999755859375,279,0.0,0.0
2026-10-01 12:56:00-04:00,92.05000305175781,92.2300033569336,92.05000305175781,92.20999908447266,92.20999908447266,230,0.0,0.0
2026-10-01 12:57:00-04:00,92.22000122070312,92.26000213623047,92.19000244140625,92.19999694824219,92.19999694824219,223,0.0,0.0
2026-10-01 12:58:00-04:00,92.19999694824219,92.20999908447266,92.13999938964844,92.16999816894531,92.16999816894531,148,0.0,0.0
2026-10-01 12:59:00-04:00,92.16999816894531,92.18000030517578,92.11000061035156,92.12999725341797,92.12999725341797,90,0.0,0.0
2026-10-01 13:00:00-04:00,92.12000274658203,92.18000030517578,92.11000061035156,92.13999938964844,92.13999938964844,198,0.0,0.0
2026-10-01 13:01:00-04:00,92.11000061035156,92.13999938964844,92.06999969482422,92.0999984741211,92.0999984741211,264,0.0,0.0
2026-10-01 13:02:00-04:00,92.08999633789062,92.13999938964844,92.01000213623047,92.04000091552734,92.04000091552734,140,0.0,0.0
2026-10-01 13:03:00-04:00,92.05000305175781,92.05000305175781,91.98999786376953,92.0,92.0,101,0.0,0.0
2026-10-01 13:04:00-04:00,91.98999786376953,92.1500015258789,91.98999786376953,92.12999725341797,92.12999725341797,221,0.0,0.0
2026-10-01 13:05:00-04:00,92.12000274658203,92.12000274658203,92.0,92.0199966430664,92.0199966430664,163,0.0,0.0
2026-10-01 13:06:00-04:00,92.01000213623047,92.06999969482422,92.0,92.06999969482422,92.06999969482422,136,0.0,0.0
2026-10-01 13:07:00-04:00,92.05000305175781,92.08999633789062,92.0199966430664,92.04000091552734,92.04000091552734,218,0.0,0.0
2026-10-01 13:08:00-04:00,92.05999755859375,92.12000274658203,92.05999755859375,92.08000183105469,92.08000183105469,88,0.0,0.0
2026-10-01 13:09:00-04:00,92.08999633789062,92.1500015258789,92.06999969482422,92.08999633789062,92.08999633789062,276,0.0,0.0
2026-10-01 13:10:00-04:00,92.08999633789062,92.11000061035156,92.01000213623047,92.02999877929688,92.02999877929688,253,0.0,0.0
2026-10-01 13:11:00-04:00,92.01000213623047,92.0999984741211,91.9800033569336,92.0999984741211,92.0999984741211,178,0.0,0.0
2026-10-01 13:12:00-04:00,92.12000274658203,92.19000244140625,92.05000305175781,92.19000244140625,92.19000244140625,148,0.0,0.0
2026-10-01 13:13:00-04:00,92.16999816894531,92.16999816894531,92.11000061035156,92.12999725341797,92.12999725341797,88,0.0,0.0
2026-10-01 13:14:00-04:00,92.12000274658203,92.1500015258789,92.0999984741211,92.12000274658203,92.12000274658203,135,0.0,0.0
2026-10-01 13:15:00-04:00,92.11000061035156,92.12999725341797,92.06999969482422,92.08000183105469,92.08000183105469,89,0.0,0.0
2026-10-01 13:16:00-04:00,92.06999969482422,92.08000183105469,91.9800033569336,91.9800033569336,91.9800033569336,148,0.0,0.0
2026-10-01 13:17:00-04:00,91.9800033569336,92.01000213623047,91.94999694824219,91.97000122070312,91.97000122070312,176,0.0,0.0
2026-10-01 13:18:00-04:00,91.9800033569336,92.05000305175781,91.95999908447266,92.01000213623047,92.01000213623047,513,0.0,0.0
2026-10-01 13:19:00-04:00,92.0,92.01000213623047,91.87999725341797,91.94000244140625,91.94000244140625,232,0.0,0.0
2026-10-01 13:20:00-04:00,91.94999694824219,91.95999908447266,91.81999969482422,91.86000061035156,91.86000061035156,445,0.0,0.0
2026-10-01 13:21:00-04:00,91.8499984741211,91.88999938964844,91.81999969482422,91.83000183105469,91.83000183105469,271,0.0,0.0
2026-10-01 13:22:00-04:00,91.81999969482422,91.86000061035156,91.7300033569336,91.7300033569336,91.7300033569336,281,0.0,0.0
2026-10-01 13:23:00-04:00,91.69999694824219,91.72000122070312,91.62000274658203,91.66999816894531,91.66999816894531,368,0.0,0.0
2026-10-01 13:24:00-04:00,91.66999816894531,91.73999786376953,91.5999984741211,91.66000366210938,91.66000366210938,465,0.0,0.0
2026-10-01 13:25:00-04:00,91.66000366210938,91.7300033569336,91.62000274658203,91.62000274658203,91.62000274658203,174,0.0,0.0
2026-10-01 13:26:00-04:00,91.62000274658203,91.66000366210938,91.58999633789062,91.6500015258789,91.6500015258789,188,0.0,0.0
2026-10-01 13:27:00-04:00,91.6500015258789,91.69999694824219,91.62999725341797,91.68000030517578,91.68000030517578,183,0.0,0.0
2026-10-01 13:28:00-04:00,91.6500015258789,91.80000305175781,91.6500015258789,91.75,91.75,348,0.0,0.0
2026-10-01 13:29:00-04:00,91.76000213623047,91.81999969482422,91.7300033569336,91.76000213623047,91.76000213623047,229,0.0,0.0
2026-10-01 13:30:00-04:00,91.76000213623047,91.79000091552734,91.62999725341797,91.70999908447266,91.70999908447266,738,0.0,0.0
2026-10-01 13:31:00-04:00,91.73999786376953,91.76000213623047,91.61000061035156,91.61000061035156,91.61000061035156,186,0.0,0.0
2026-10-01 13:32:00-04:00,91.62000274658203,91.83999633789062,91.61000061035156,91.83000183105469,91.83000183105469,580,0.0,0.0
2026-10-01 13:33:00-04:00,91.83000183105469,91.83000183105469,91.76000213623047,91.77999877929688,91.77999877929688,116,0.0,0.0
2026-10-01 13:34:00-04:00,91.76000213623047,91.76000213623047,91.72000122070312,91.76000213623047,91.76000213623047,149,0.0,0.0
2026-10-01 13:35:00-04:00,91.7699966430664,91.80000305175781,91.70999908447266,91.7300033569336,91.7300033569336,132,0.0,0.0
2026-10-01 13:36:00-04:00,91.72000122070312,91.7300033569336,91.5999984741211,91.63999938964844,91.63999938964844,579,0.0,0.0
2026-10-01 13:37:00-04:00,91.63999938964844,91.77999877929688,91.62000274658203,91.75,91.75,357,0.0,0.0
2026-10-01 13:38:00-04:00,91.75,91.7699966430664,91.69999694824219,91.73999786376953,91.73999786376953,144,0.0,0.0
2026-10-01 13:39:00-04:00,91.73999786376953,91.79000091552734,91.69999694824219,91.79000091552734,91.79000091552734,234,0.0,0.0
2026-10-01 13:40:00-04:00,91.7699966430664,91.80000305175781,91.66999816894531,91.66999816894531,91.66999816894531,167,0.0,0.0
2026-10-01 13:41:00-04:00,91.68000030517578,91.80999755859375,91.68000030517578,91.80000305175781,91.80000305175781,144,0.0,0.0
2026-10-01 13:42:00-04:00,91.80000305175781,91.91000366210938,91.80000305175781,91.91000366210938,91.91000366210938,377,0.0,0.0
2026-10-01 13:43:00-04:00,91.9000015258789,91.95999908447266,91.87999725341797,91.93000030517578,91.93000030517578,261,0.0,0.0
2026-10-01 13:44:00-04:00,91.91999816894531,91.91999816894531,91.88999938964844,91.88999938964844,91.88999938964844,117,0.0,0.0
2026-10-01 13:45:00-04:00,91.87999725341797,91.9000015258789,91.80999755859375,91.80999755859375,91.80999755859375,97,0.0,0.0
2026-10-01 13:46:00-04:00,91.83000183105469,91.88999938964844,91.7699966430664,91.79000091552734,91.79000091552734,305,0.0,0.0
2026-10-01 13:47:00-04:00,91.77999877929688,91.79000091552734,91.73999786376953,91.75,91.75,254,0.0,0.0
2026-10-01 13:48:00-04:00,91.73999786376953,91.80000305175781,91.72000122070312,91.76000213623047,91.76000213623047,282,0.0,0.0
2026-10-01 13:49:00-04:00,91.80000305175781,91.80999755859375,91.73999786376953,91.77999877929688,91.77999877929688,384,0.0,0.0
2026-10-01 13:50:00-04:00,91.77999877929688,92.0199966430664,91.7699966430664,92.0,92.0,540,0.0,0.0
2026-10-01 13:51:00-04:00,91.9800033569336,91.98999786376953,91.87999725341797,91.95999908447266,91.95999908447266,276,0.0,0.0
2026-10-01 13:52:00-04:00,91.97000122070312,91.97000122070312,91.87999725341797,91.94000244140625,91.94000244140625,241,0.0,0.0
2026-10-01 13:53:00-04:00,91.93000030517578,91.97000122070312,91.87999725341797,91.95999908447266,91.95999908447266,320,0.0,0.0
2026-10-01 13:54:00-04:00,91.95999908447266,92.62999725341797,91.95999908447266,92.58000183105469,92.58000183105469,3161,0.0,0.0
2026-10-01 13:55:00-04:00,92.58999633789062,93.11000061035156,92.47000122070312,92.93000030517578,92.93000030517578,3219,0.0,0.0
2026-10-01 13:56:00-04:00,92.94000244140625,93.0999984741211,92.73999786376953,92.93000030517578,92.93000030517578,1979,0.0,0.0
2026-10-01 13:57:00-04:00,92.94000244140625,93.5,92.93000030517578,93.19999694824219,93.19999694824219,2010,0.0,0.0
2026-10-01 13:58:00-04:00,93.20999908447266,93.31999969482422,93.1500015258789,93.26000213623047,93.26000213623047,1440,0.0,0.0
2026-10-01 13:59:00-04:00,93.26000213623047,93.68000030517578,93.26000213623047,93.45999908447266,93.45999908447266,1855,0.0,0.0
2026-10-01 14:00:00-04:00,93.47000122070312,93.55999755859375,93.18000030517578,93.19000244140625,93.19000244140625,1255,0.0,0.0
2026-10-01 14:01:00-04:00,93.19000244140625,93.29000091552734,92.95999908447266,93.04000091552734,93.04000091552734,1548,0.0,0.0
2026-10-01 14:02:00-04:00,93.02999877929688,93.13999938964844,92.98999786376953,93.0999984741211,93.0999984741211,1389,0.0,0.0
2026-10-01 14:03:00-04:00,93.0999984741211,93.19000244140625,92.98999786376953,93.0999984741211,93.0999984741211,658,0.0,0.0
2026-10-01 14:04:00-04:00,93.11000061035156,93.16000366210938,93.01000213623047,93.0199966430664,93.0199966430664,513,0.0,0.0
2026-10-01 14:05:00-04:00,93.0199966430664,93.08999633789062,92.9000015258789,93.05999755859375,93.05999755859375,595,0.0,0.0
2026-10-01 14:06:00-04:00,93.05999755859375,93.2300033569336,93.0199966430664,93.19999694824219,93.19999694824219,680,0.0,0.0
2026-10-01 14:07:00-04:00,93.19000244140625,93.36000061035156,93.1500015258789,93.30999755859375,93.30999755859375,558,0.0,0.0
2026-10-01 14:08:00-04:00,93.29000091552734,93.30999755859375,93.16000366210938,93.16000366210938,93.16000366210938,613,0.0,0.0
2026-10-01 14:09:00-04:00,93.1500015258789,93.26000213623047,93.1500015258789,93.19999694824219,93.19999694824219,695,0.0,0.0
2026-10-01 14:10:00-04:00,93.2300033569336,93.2699966430664,93.13999938964844,93.16000366210938,93.16000366210938,417,0.0,0.0
2026-10-01 14:11:00-04:00,93.18000030517578,93.26000213623047,93.16000366210938,93.20999908447266,93.20999908447266,449,0.0,0.0
2026-10-01 14:12:00-04:00,93.19999694824219,93.26000213623047,93.1500015258789,93.25,93.25,272,0.0,0.0
2026-10-01 14:13:00-04:00,93.2699966430664,93.27999877929688,92.87000274658203,92.9800033569336,92.9800033569336,1351,0.0,0.0
2026-10-01 14:14:00-04:00,92.97000122070312,93.06999969482422,92.97000122070312,92.9800033569336,92.9800033569336,399,0.0,0.0
2026-10-01 14:15:00-04:00,92.98999786376953,93.11000061035156,92.9800033569336,93.05999755859375,93.05999755859375,430,0.0,0.0
2026-10-01 14:16:00-04:00,93.05000305175781,93.08000183105469,92.97000122070312,92.9800033569336,92.9800033569336,405,0.0,0.0
2026-10-01 14:17:00-04:00,92.9800033569336,93.0199966430664,92.80000305175781,92.83999633789062,92.83999633789062,644,0.0,0.0
2026-10-01 14:18:00-04:00,92.83000183105469,92.86000061035156,92.76000213623047,92.7699966430664,92.7699966430664,325,0.0,0.0
2026-10-01 14:19:00-04:00,92.77999877929688,93.0,92.77999877929688,92.87999725341797,92.87999725341797,682,0.0,0.0
2026-10-01 14:20:00-04:00,92.88999938964844,92.97000122070312,92.87999725341797,92.94999694824219,92.94999694824219,291,0.0,0.0
2026-10-01 14:21:00-04:00,92.94000244140625,92.95999908447266,92.86000061035156,92.88999938964844,92.88999938964844,237,0.0,0.0
2026-10-01 14:22:00-04:00,92.88999938964844,92.9000015258789,92.7699966430664,92.80000305175781,92.80000305175781,299,0.0,0.0
2026-10-01 14:23:00-04:00,92.80000305175781,92.81999969482422,92.33000183105469,92.38999938964844,92.38999938964844,3268,0.0,0.0
2026-10-01 14:24:00-04:00,92.37000274658203,92.58000183105469,92.31999969482422,92.55000305175781,92.55000305175781,1329,0.0,0.0
2026-10-01 14:25:00-04:00,92.55999755859375,92.73999786376953,92.55999755859375,92.63999938964844,92.63999938964844,833,0.0,0.0
2026-10-01 14:26:00-04:00,92.6500015258789,92.91000366210938,92.5999984741211,92.87000274658203,92.87000274658203,977,0.0,0.0
2026-10-01 14:27:00-04:00,92.88999938964844,93.06999969482422,92.87999725341797,92.95999908447266,92.95999908447266,1289,0.0,0.0
2026-10-01 14:28:00-04:00,92.95999908447266,92.97000122070312,92.73999786376953,92.9000015258789,92.9000015258789,4084,0.0,0.0
2026-10-01 14:29:00-04:00,92.9000015258789,92.98999786376953,92.80000305175781,92.9800033569336,92.9800033569336,4810,0.0,0.0
2026-10-01 14:30:00-04:00,92.9800033569336,93.06999969482422,92.97000122070312,93.02999877929688,93.02999877929688,974,0.0,0.0
2026-10-01 14:31:00-04:00,93.02999877929688,93.08999633789062,92.95999908447266,93.05000305175781,93.05000305175781,547,0.0,0.0
2026-10-01 14:32:00-04:00,93.04000091552734,93.08999633789062,92.98999786376953,93.01000213623047,93.01000213623047,357,0.0,0.0
2026-10-01 14:33:00-04:00,93.0,93.0999984741211,92.98999786376953,93.01000213623047,93.01000213623047,368,0.0,0.0
2026-10-01 14:34:00-04:00,93.0,93.04000091552734,92.77999877929688,92.83999633789062,92.83999633789062,1324,0.0,0.0
2026-10-01 14:35:00-04:00,92.8499984741211,92.91000366210938,92.68000030517578,92.79000091552734,92.79000091552734,1311,0.0,0.0
2026-10-01 14:36:00-04:00,92.79000091552734,92.94000244140625,92.77999877929688,92.83000183105469,92.83000183105469,403,0.0,0.0
2026-10-01 14:37:00-04:00,92.83999633789062,92.9000015258789,92.81999969482422,92.8499984741211,92.8499984741211,181,0.0,0.0
2026-10-01 14:38:00-04:00,92.87000274658203,93.0199966430664,92.83000183105469,92.98999786376953,92.98999786376953,375,0.0,0.0
2026-10-01 14:39:00-04:00,92.98999786376953,93.1500015258789,92.98999786376953,93.02999877929688,93.02999877929688,564,0.0,0.0
2026-10-01 14:40:00-04:00,93.02999877929688,93.08000183105469,93.0,93.05999755859375,93.05999755859375,100,0.0,0.0
2026-10-01 14:41:00-04:00,93.06999969482422,93.12999725341797,93.02999877929688,93.08000183105469,93.08000183105469,206,0.0,0.0
2026-10-01 14:42:00-04:00,93.0999984741211,93.12999725341797,93.02999877929688,93.08999633789062,93.08999633789062,78,0.0,0.0
2026-10-01 14:43:00-04:00,93.0999984741211,93.12000274658203,93.04000091552734,93.05999755859375,93.05999755859375,90,0.0,0.0
2026-10-01 14:44:00-04:00,93.05000305175781,93.05000305175781,92.98999786376953,92.98999786376953,92.98999786376953,67,0.0,0.0
2026-10-01 14:45:00-04:00,93.0,93.04000091552734,92.95999908447266,92.95999908447266,92.95999908447266,53,0.0,0.0
2026-10-01 14:46:00-04:00,92.94999694824219,92.97000122070312,92.94000244140625,92.94999694824219,92.94999694824219,63,0.0,0.0
2026-10-01 14:47:00-04:00,92.95999908447266,92.9800033569336,92.88999938964844,92.91999816894531,92.91999816894531,125,0.0,0.0
2026-10-01 14:48:00-04:00,92.93000030517578,92.94000244140625,92.83999633789062,92.83999633789062,92.83999633789062,118,0.0,0.0
2026-10-01 14:49:00-04:00,92.83999633789062,92.87000274658203,92.83000183105469,92.86000061035156,92.86000061035156,78,0.0,0.0
2026-10-01 14:50:00-04:00,92.87000274658203,92.91999816894531,92.86000061035156,92.91999816894531,92.91999816894531,136,0.0,0.0
2026-10-01 14:51:00-04:00,92.91000366210938,92.95999908447266,92.9000015258789,92.91000366210938,92.91000366210938,80,0.0,0.0
2026-10-01 14:52:00-04:00,92.91000366210938,92.94999694824219,92.87999725341797,92.91999816894531,92.91999816894531,85,0.0,0.0
2026-10-01 14:53:00-04:00,92.91999816894531,92.94999694824219,92.91999816894531,92.93000030517578,92.93000030517578,47,0.0,0.0
2026-10-01 14:54:00-04:00,92.91999816894531,92.95999908447266,92.88999938964844,92.93000030517578,92.93000030517578,141,0.0,0.0
2026-10-01 14:55:00-04:00,92.94999694824219,93.01000213623047,92.94000244140625,92.94999694824219,92.94999694824219,109,0.0,0.0
2026-10-01 14:56:00-04:00,92.94999694824219,92.97000122070312,92.94000244140625,92.94000244140625,92.94000244140625,42,0.0,0.0
2026-10-01 14:57:00-04:00,92.93000030517578,92.97000122070312,92.91999816894531,92.93000030517578,92.93000030517578,62,0.0,0.0
2026-10-01 14:58:00-04:00,92.91000366210938,92.93000030517578,92.88999938964844,92.93000030517578,92.93000030517578,87,0.0,0.0
2026-10-01 14:59:00-04:00,92.91999816894531,92.94999694824219,92.86000061035156,92.87999725341797,92.87999725341797,146,0.0,0.0
2026-10-01 15:00:00-04:00,92.87999725341797,92.91000366210938,92.87999725341797,92.9000015258789,92.9000015258789,103,0.0,0.0
2026-10-01 15:01:00-04:00,92.88999938964844,92.9000015258789,92.83999633789062,92.87000274658203,92.87000274658203,86,0.0,0.0
2026-10-01 15:02:00-04:00,92.86000061035156,92.93000030517578,92.8499984741211,92.91000366210938,92.91000366210938,217,0.0,0.0
2026-10-01 15:03:00-04:00,92.91000366210938,92.9800033569336,92.91000366210938,92.95999908447266,92.95999908447266,62,0.0,0.0
2026-10-01 15:04:00-04:00,92.94000244140625,92.94999694824219,92.87999725341797,92.87999725341797,92.87999725341797,48,0.0,0.0
2026-10-01 15:05:00-04:00,92.88999938964844,92.93000030517578,92.87999725341797,92.88999938964844,92.88999938964844,76,0.0,0.0
2026-10-01 15:06:00-04:00,92.86000061035156,92.91000366210938,92.8499984741211,92.9000015258789,92.9000015258789,151,0.0,0.0
2026-10-01 15:07:00-04:00,92.88999938964844,92.91000366210938,92.87999725341797,92.88999938964844,92.88999938964844,31,0.0,0.0
2026-10-01 15:08:00-04:00,92.87999725341797,92.91000366210938,92.86000061035156,92.87000274658203,92.87000274658203,111,0.0,0.0
2026-10-01 15:09:00-04:00,92.83000183105469,92.87000274658203,92.79000091552734,92.87000274658203,92.87000274658203,307,0.0,0.0
2026-10-01 15:10:00-04:00,92.87999725341797,93.0,92.87000274658203,92.95999908447266,92.95999908447266,233,0.0,0.0
2026-10-01 15:11:00-04:00,92.97000122070312,93.02999877929688,92.97000122070312,93.01000213623047,93.01000213623047,206,0.0,0.0
2026-10-01 15:12:00-04:00,93.0,93.08999633789062,93.0,93.08000183105469,93.08000183105469,476,0.0,0.0
2026-10-01 15:13:00-04:00,93.08999633789062,93.08999633789062,92.98999786376953,93.0,93.0,503,0.0,0.0
2026-10-01 15:14:00-04:00,92.98999786376953,93.0199966430664,92.97000122070312,93.0,93.0,122,0.0,0.0
2026-10-01 15:15:00-04:00,92.98999786376953,93.04000091552734,92.88999938964844,92.97000122070312,92.97000122070312,336,0.0,0.0
2026-10-01 15:16:00-04:00,92.95999908447266,93.04000091552734,92.94000244140625,93.04000091552734,93.04000091552734,74,0.0,0.0
2026-10-01 15:17:00-04:00,93.04000091552734,93.11000061035156,93.02999877929688,93.0999984741211,93.0999984741211,138,0.0,0.0
2026-10-01 15:18:00-04:00,93.11000061035156,93.20999908447266,93.08000183105469,93.16000366210938,93.16000366210938,963,0.0,0.0
2026-10-01 15:19:00-04:00,93.12999725341797,93.18000030517578,93.0999984741211,93.0999984741211,93.0999984741211,236,0.0,0.0
2026-10-01 15:20:00-04:00,93.0999984741211,93.1500015258789,93.08000183105469,93.11000061035156,93.11000061035156,57,0.0,0.0
2026-10-01 15:21:00-04:00,93.0999984741211,93.0999984741211,93.02999877929688,93.04000091552734,93.04000091552734,53,0.0,0.0
2026-10-01 15:22:00-04:00,93.05000305175781,93.06999969482422,93.02999877929688,93.04000091552734,93.04000091552734,79,0.0,0.0
2026-10-01 15:23:00-04:00,93.05999755859375,93.1500015258789,93.05000305175781,93.11000061035156,93.11000061035156,119,0.0,0.0
2026-10-01 15:24:00-04:00,93.12000274658203,93.19000244140625,93.12000274658203,93.19000244140625,93.19000244140625,95,0.0,0.0
2026-10-01 15:25:00-04:00,93.18000030517578,93.20999908447266,93.13999938964844,93.13999938964844,93.13999938964844,127,0.0,0.0
2026-10-01 15:26:00-04:00,93.1500015258789,93.16999816894531,93.12999725341797,93.16000366210938,93.16000366210938,87,0.0,0.0
2026-10-01 15:27:00-04:00,93.16999816894531,93.23999786376953,93.16999816894531,93.19000244140625,93.19000244140625,204,0.0,0.0
2026-10-01 15:28:00-04:00,93.16999816894531,93.16999816894531,93.12000274658203,93.13999938964844,93.13999938964844,60,0.0,0.0
2026-10-01 15:29:00-04:00,93.13999938964844,93.18000030517578,93.12000274658203,93.1500015258789,93.1500015258789,63,0.0,0.0
2026-10-01 15:30:00-04:00,93.1500015258789,93.23999786376953,93.13999938964844,93.20999908447266,93.20999908447266,263,0.0,0.0
2026-10-01 15:31:00-04:00,93.19000244140625,93.33999633789062,93.19000244140625,93.31999969482422,93.31999969482422,297,0.0,0.0
2026-10-01 15:32:00-04:00,93.30000305175781,93.37000274658203,93.26000213623047,93.27999877929688,93.27999877929688,175,0.0,0.0
2026-10-01 15:33:00-04:00,93.2699966430664,93.31999969482422,93.2300033569336,93.31999969482422,93.31999969482422,248,0.0,0.0
2026-10-01 15:34:00-04:00,93.30000305175781,93.31999969482422,93.2300033569336,93.23999786376953,93.23999786376953,83,0.0,0.0
2026-10-01 15:35:00-04:00,93.25,93.30999755859375,93.20999908447266,93.29000091552734,93.29000091552734,190,0.0,0.0
2026-10-01 15:36:00-04:00,93.29000091552734,93.29000091552734,93.23999786376953,93.25,93.25,78,0.0,0.0
2026-10-01 15:37:00-04:00,93.25,93.2699966430664,93.2300033569336,93.23999786376953,93.23999786376953,54,0.0,0.0
2026-10-01 15:38:00-04:00,93.26000213623047,93.29000091552734,93.2300033569336,93.2300033569336,93.2300033569336,78,0.0,0.0
2026-10-01 15:39:00-04:00,93.23999786376953,93.2699966430664,93.20999908447266,93.25,93.25,74,0.0,0.0
2026-10-01 15:40:00-04:00,93.25,93.26000213623047,93.18000030517578,93.18000030517578,93.18000030517578,85,0.0,0.0
2026-10-01 15:41:00-04:00,93.19000244140625,93.19000244140625,93.12000274658203,93.13999938964844,93.13999938964844,88,0.0,0.0
2026-10-01 15:42:00-04:00,93.13999938964844,93.13999938964844,93.05999755859375,93.06999969482422,93.06999969482422,113,0.0,0.0
2026-10-01 15:43:00-04:00,93.06999969482422,93.08999633789062,93.05000305175781,93.06999969482422,93.06999969482422,108,0.0,0.0
2026-10-01 15:44:00-04:00,93.06999969482422,93.08999633789062,93.02999877929688,93.04000091552734,93.04000091552734,102,0.0,0.0
2026-10-01 15:45:00-04:00,93.05000305175781,93.18000030517578,93.05000305175781,93.16000366210938,93.16000366210938,94,0.0,0.0
2026-10-01 15:46:00-04:00,93.12999725341797,93.12999725341797,93.11000061035156,93.12000274658203,93.12000274658203,29,0.0,0.0
2026-10-01 15:47:00-04:00,93.11000061035156,93.11000061035156,93.04000091552734,93.08999633789062,93.08999633789062,78,0.0,0.0
2026-10-01 15:48:00-04:00,93.08999633789062,93.0999984741211,93.06999969482422,93.08999633789062,93.08999633789062,18,0.0,0.0
2026-10-01 15:49:00-04:00,93.0999984741211,93.12000274658203,93.0999984741211,93.11000061035156,93.11000061035156,35,0.0,0.0
2026-10-01 15:50:00-04:00,93.11000061035156,93.11000061035156,93.06999969482422,93.11000061035156,93.11000061035156,81,0.0,0.0
2026-10-01 15:51:00-04:00,93.12000274658203,93.16999816894531,93.0999984741211,93.16999816894531,93.16999816894531,100,0.0,0.0
2026-10-01 15:52:00-04:00,93.18000030517578,93.19999694824219,93.1500015258789,93.16000366210938,93.16000366210938,86,0.0,0.0
2026-10-01 15:53:00-04:00,93.18000030517578,93.22000122070312,93.16000366210938,93.19000244140625,93.19000244140625,63,0.0,0.0
2026-10-01 15:54:00-04:00,93.19999694824219,93.2699966430664,93.19999694824219,93.26000213623047,93.26000213623047,54,0.0,0.0
2026-10-01 15:55:00-04:00,93.26000213623047,93.36000061035156,93.25,93.36000061035156,93.36000061035156,194,0.0,0.0
2026-10-01 15:56:00-04:00,93.36000061035156,93.36000061035156,93.2699966430664,93.30000305175781,93.30000305175781,101,0.0,0.0
2026-10-01 15:57:00-04:00,93.27999877929688,93.29000091552734,93.22000122070312,93.29000091552734,93.29000091552734,74,0.0,0.0
2026-10-01 15:58:00-04:00,93.29000091552734,93.31999969482422,93.27999877929688,93.27999877929688,93.27999877929688,204,0.0,0.0
2026-10-01 15:59:00-04:00,93.29000091552734,93.31999969482422,93.2699966430664,93.30000305175781,93.30000305175781,89,0.0,0.0
2026-10-01 16:00:00-04:00,93.30000305175781,93.33000183105469,93.26000213623047,93.26000213623047,93.26000213623047,68,0.0,0.0
2026-10-01 16:01:00-04:00,93.26000213623047,93.27999877929688,93.13999938964844,93.16000366210938,93.16000366210938,85,0.0,0.0
2026-10-01 16:02:00-04:00,93.18000030517578,93.18000030517578,93.12000274658203,93.13999938964844,93.13999938964844,39,0.0,0.0
2026-10-01 16:03:00-04:00,93.13999938964844,93.16999816894531,93.12000274658203,93.1500015258789,93.1500015258789,56,0.0,0.0
2026-10-01 16:04:00-04:00,93.16000366210938,93.16000366210938,93.02999877929688,93.08000183105469,93.08000183105469,103,0.0,0.0
2026-10-01 16:05:00-04:00,93.06999969482422,93.11000061035156,93.04000091552734,93.0999984741211,93.0999984741211,46,0.0,0.0
2026-10-01 16:06:00-04:00,93.08999633789062,93.11000061035156,93.06999969482422,93.06999969482422,93.06999969482422,50,0.0,0.0
2026-10-01 16:07:00-04:00,93.08999633789062,93.19999694824219,93.08999633789062,93.18000030517578,93.18000030517578,83,0.0,0.0
2026-10-01 16:08:00-04:00,93.16000366210938,93.20999908447266,93.12999725341797,93.12999725341797,93.12999725341797,139,0.0,0.0
2026-10-01 16:09:00-04:00,93.12999725341797,93.19999694824219,93.0999984741211,93.12000274658203,93.12000274658203,330,0.0,0.0
2026-10-01 16:10:00-04:00,93.12000274658203,93.16000366210938,93.12000274658203,93.1500015258789,93.1500015258789,97,0.0,0.0
2026-10-01 16:11:00-04:00,93.1500015258789,93.16999816894531,93.0999984741211,93.12999725341797,93.12999725341797,46,0.0,0.0
2026-10-01 16:12:00-04:00,93.08000183105469,93.13999938964844,93.08000183105469,93.08999633789062,93.08999633789062,190,0.0,0.0
2026-10-01 16:13:00-04:00,93.08999633789062,93.08999633789062,93.05000305175781,93.06999969482422,93.06999969482422,102,0.0,0.0
2026-10-01 16:14:00-04:00,93.05000305175781,93.08000183105469,93.01000213623047,93.04000091552734,93.04000091552734,160,0.0,0.0
2026-10-01 16:15:00-04:00,93.0199966430664,93.02999877929688,92.91999816894531,93.0199966430664,93.0199966430664,109,0.0,0.0
2026-10-01 16:16:00-04:00,93.0199966430664,93.0199966430664,92.87999725341797,92.91000366210938,92.91000366210938,61,0.0,0.0
2026-10-01 16:17:00-04:00,92.91000366210938,92.94000244140625,92.86000061035156,92.94000244140625,92.94000244140625,52,0.0,0.0
2026-10-01 16:18:00-04:00,92.94999694824219,92.94999694824219,92.91000366210938,92.91000366210938,92.91000366210938,15,0.0,0.0
2026-10-01 16:19:00-04:00,92.94999694824219,92.97000122070312,92.94000244140625,92.94000244140625,92.94000244140625,59,0.0,0.0
2026-10-01 16:20:00-04:00,92.93000030517578,92.95999908447266,92.91999816894531,92.94000244140625,92.94000244140625,26,0.0,0.0
2026-10-01 16:21:00-04:00,92.94000244140625,92.94999694824219,92.91000366210938,92.91999816894531,92.91999816894531,14,0.0,0.0
2026-10-01 16:22:00-04:00,92.93000030517578,92.93000030517578,92.9000015258789,92.91999816894531,92.91999816894531,18,0.0,0.0
2026-10-01 16:23:00-04:00,92.9000015258789,92.95999908447266,92.9000015258789,92.94000244140625,92.94000244140625,16,0.0,0.0
2026-10-01 16:24:00-04:00,92.94999694824219,92.94999694824219,92.91000366210938,92.93000030517578,92.93000030517578,29,0.0,0.0
2026-10-01 16:25:00-04:00,92.93000030517578,92.93000030517578,92.9000015258789,92.91000366210938,92.91000366210938,17,0.0,0.0
2026-10-01 16:26:00-04:00,92.94000244140625,92.94000244140625,92.94000244140625,92.94000244140625,92.94000244140625,1,0.0,0.0
2026-10-01 16:27:00-04:00,92.93000030517578,92.93000030517578,92.87999725341797,92.9000015258789,92.9000015258789,14,0.0,0.0
2026-10-01 16:28:00-04:00,92.9000015258789,92.9800033569336,92.86000061035156,92.86000061035156,92.86000061035156,69,0.0,0.0
2026-10-01 16:29:00-04:00,92.86000061035156,92.93000030517578,92.86000061035156,92.9000015258789,92.9000015258789,50,0.0,0.0
2026-10-01 16:30:00-04:00,92.91999816894531,92.94000244140625,92.87000274658203,92.91000366210938,92.91000366210938,24,0.0,0.0
2026-10-01 16:31:00-04:00,92.91999816894531,92.91999816894531,92.9000015258789,92.91000366210938,92.91000366210938,54,0.0,0.0
2026-10-01 16:32:00-04:00,92.91000366210938,93.0,92.9000015258789,92.95999908447266,92.95999908447266,132,0.0,0.0
2026-10-01 16:33:00-04:00,92.98999786376953,92.98999786376953,92.94999694824219,92.95999908447266,92.95999908447266,102,0.0,0.0
2026-10-01 16:34:00-04:00,92.97000122070312,92.98999786376953,92.91000366210938,92.91000366210938,92.91000366210938,63,0.0,0.0
2026-10-01 16:35:00-04:00,92.9000015258789,92.9000015258789,92.76000213623047,92.83999633789062,92.83999633789062,243,0.0,0.0
2026-10-01 16:36:00-04:00,92.8499984741211,92.8499984741211,92.83000183105469,92.83999633789062,92.83999633789062,16,0.0,0.0
2026-10-01 16:37:00-04:00,92.8499984741211,92.86000061035156,92.81999969482422,92.83999633789062,92.83999633789062,33,0.0,0.0
2026-10-01 16:38:00-04:00,92.83999633789062,92.87000274658203,92.80999755859375,92.83999633789062,92.83999633789062,34,0.0,0.0
2026-10-01 16:39:00-04:00,92.81999969482422,92.81999969482422,92.80000305175781,92.80000305175781,92.80000305175781,3,0.0,0.0
2026-10-01 16:40:00-04:00,92.79000091552734,92.87000274658203,92.79000091552734,92.86000061035156,92.86000061035156,31,0.0,0.0
2026-10-01 16:41:00-04:00,92.8499984741211,92.94999694824219,92.8499984741211,92.94999694824219,92.94999694824219,58,0.0,0.0
2026-10-01 16:42:00-04:00,92.94000244140625,93.0199966430664,92.94000244140625,92.98999786376953,92.98999786376953,48,0.0,0.0
2026-10-01 16:43:00-04:00,93.01000213623047,93.01000213623047,92.95999908447266,92.95999908447266,92.95999908447266,30,0.0,0.0
2026-10-01 16:44:00-04:00,92.94999694824219,92.97000122070312,92.91999816894531,92.94999694824219,92.94999694824219,27,0.0,0.0
2026-10-01 16:45:00-04:00,92.98999786376953,93.0199966430664,92.97000122070312,92.98999786376953,92.98999786376953,54,0.0,0.0
2026-10-01 16:46:00-04:00,93.01000213623047,93.04000091552734,93.0,93.04000091552734,93.04000091552734,66,0.0,0.0
2026-10-01 16:47:00-04:00,93.04000091552734,93.04000091552734,93.0,93.0,93.0,17,0.0,0.0
2026-10-01 16:48:00-04:00,93.0,93.0,92.94999694824219,92.97000122070312,92.97000122070312,21,0.0,0.0
2026-10-01 16:49:00-04:00,92.9800033569336,92.9800033569336,92.94000244140625,92.94999694824219,92.94999694824219,44,0.0,0.0
2026-10-01 16:50:00-04:00,92.93000030517578,92.94999694824219,92.81999969482422,92.87000274658203,92.87000274658203,250,0.0,0.0
2026-10-01 16:51:00-04:00,92.87000274658203,92.87000274658203,92.81999969482422,92.86000061035156,92.86000061035156,50,0.0,0.0
2026-10-01 16:52:00-04:00,92.87000274658203,92.87999725341797,92.81999969482422,92.83000183105469,92.83000183105469,29,0.0,0.0
2026-10-01 16:53:00-04:00,92.83999633789062,92.87999725341797,92.83999633789062,92.86000061035156,92.86000061035156,43,0.0,0.0
2026-10-01 16:54:00-04:00,92.87000274658203,92.9000015258789,92.8499984741211,92.87000274658203,92.87000274658203,79,0.0,0.0
2026-10-01 16:55:00-04:00,92.87999725341797,92.88999938964844,92.86000061035156,92.87000274658203,92.87000274658203,54,0.0,0.0
2026-10-01 16:56:00-04:00,92.87999725341797,92.97000122070312,92.87999725341797,92.94999694824219,92.94999694824219,49,0.0,0.0
2026-10-01 16:57:00-04:00,92.93000030517578,92.93000030517578,92.88999938964844,92.88999938964844,92.88999938964844,20,0.0,0.0
2026-10-01 16:58:00-04:00,92.88999938964844,92.93000030517578,92.87000274658203,92.87000274658203,92.87000274658203,32,0.0,0.0
2026-10-01 16:59:00-04:00,92.87000274658203,92.91000366210938,92.8499984741211,92.91000366210938,92.91000366210938,65,0.0,0.0
2026-10-01 18:00:00-04:00,93.51000213623047,93.51000213623047,93.20999908447266,93.27999877929688,93.27999877929688,0,0.0,0.0
2026-10-01 18:01:00-04:00,93.29000091552734,93.29000091552734,93.08999633789062,93.1500015258789,93.1500015258789,117,0.0,0.0
2026-10-01 18:02:00-04:00,93.1500015258789,93.18000030517578,93.08000183105469,93.12000274658203,93.12000274658203,113,0.0,0.0
2026-10-01 18:03:00-04:00,93.12999725341797,93.2300033569336,93.12000274658203,93.22000122070312,93.22000122070312,40,0.0,0.0
2026-10-01 18:04:00-04:00,93.22000122070312,93.22000122070312,93.12999725341797,93.1500015258789,93.1500015258789,65,0.0,0.0
2026-10-01 18:05:00-04:00,93.16000366210938,93.16999816894531,93.12999725341797,93.16000366210938,93.16000366210938,28,0.0,0.0
2026-10-01 18:06:00-04:00,93.13999938964844,93.16999816894531,93.13999938964844,93.1500015258789,93.1500015258789,16,0.0,0.0
2026-10-01 18:07:00-04:00,93.13999938964844,93.18000030517578,93.12000274658203,93.12000274658203,93.12000274658203,36,0.0,0.0
2026-10-01 18:08:00-04:00,93.11000061035156,93.18000030517578,93.11000061035156,93.16999816894531,93.16999816894531,32,0.0,0.0
2026-10-01 18:09:00-04:00,93.16999816894531,93.19000244140625,93.16000366210938,93.16999816894531,93.16999816894531,41,0.0,0.0
2026-10-01 18:10:00-04:00,93.16999816894531,93.18000030517578,93.16000366210938,93.16000366210938,93.16000366210938,14,0.0,0.0
2026-10-01 18:11:00-04:00,93.13999938964844,93.13999938964844,93.12000274658203,93.12000274658203,93.12000274658203,3,0.0,0.0
2026-10-01 18:12:00-04:00,93.12000274658203,93.13999938964844,93.12000274658203,93.13999938964844,93.13999938964844,12,0.0,0.0
2026-10-01 18:13:00-04:00,93.1500015258789,93.16999816894531,93.13999938964844,93.16000366210938,93.16000366210938,12,0.0,0.0
2026-10-01 18:14:00-04:00,93.16000366210938,93.18000030517578,93.16000366210938,93.18000030517578,93.18000030517578,10,0.0,0.0
2026-10-01 18:15:00-04:00,93.1500015258789,93.18000030517578,93.1500015258789,93.1500015258789,93.1500015258789,9,0.0,0.0
2026-10-01 18:16:00-04:00,93.1500015258789,93.1500015258789,93.12000274658203,93.1500015258789,93.1500015258789,21,0.0,0.0
2026-10-01 18:17:00-04:00,93.1500015258789,93.18000030517578,93.1500015258789,93.18000030517578,93.18000030517578,6,0.0,0.0
2026-10-01 18:18:00-04:00,93.19000244140625,93.19000244140625,93.16000366210938,93.16000366210938,93.16000366210938,2,0.0,0.0
2026-10-01 18:19:00-04:00,93.12999725341797,93.13999938964844,93.12999725341797,93.13999938964844,93.13999938964844,2,0.0,0.0
2026-10-01 18:20:00-04:00,93.12999725341797,93.12999725341797,93.0999984741211,93.0999984741211,93.0999984741211,13,0.0,0.0
2026-10-01 18:21:00-04:00,93.11000061035156,93.1500015258789,93.11000061035156,93.1500015258789,93.1500015258789,29,0.0,0.0
2026-10-01 18:22:00-04:00,93.13999938964844,93.13999938964844,93.12000274658203,93.12999725341797,93.12999725341797,13,0.0,0.0
2026-10-01 18:23:00-04:00,93.12000274658203,93.12000274658203,93.12000274658203,93.12000274658203,93.12000274658203,1,0.0,0.0
2026-10-01 18:24:00-04:00,93.12999725341797,93.16000366210938,93.11000061035156,93.16000366210938,93.16000366210938,17,0.0,0.0
2026-10-01 18:25:00-04:00,93.12999725341797,93.12999725341797,93.08000183105469,93.08000183105469,93.08000183105469,32,0.0,0.0
2026-10-01 18:26:00-04:00,93.08999633789062,93.12000274658203,93.08000183105469,93.12000274658203,93.12000274658203,16,0.0,0.0
2026-10-01 18:27:00-04:00,93.11000061035156,93.11000061035156,93.08999633789062,93.08999633789062,93.08999633789062,9,0.0,0.0
2026-10-01 18:28:00-04:00,93.0999984741211,93.12000274658203,93.0999984741211,93.12000274658203,93.12000274658203,11,0.0,0.0
2026-10-01 18:29:00-04:00,93.08000183105469,93.08000183105469,93.06999969482422,93.06999969482422,93.06999969482422,56,0.0,0.0
2026-10-01 18:30:00-04:00,93.05999755859375,93.08000183105469,93.01000213623047,93.05999755859375,93.05999755859375,38,0.0,0.0
2026-10-01 18:31:00-04:00,93.05000305175781,93.05000305175781,93.01000213623047,93.02999877929688,93.02999877929688,23,0.0,0.0
2026-10-01 18:32:00-04:00,93.02999877929688,93.04000091552734,93.02999877929688,93.04000091552734,93.04000091552734,14,0.0,0.0
2026-10-01 18:33:00-04:00,93.05000305175781,93.08000183105469,93.05000305175781,93.05000305175781,93.05000305175781,49,0.0,0.0
2026-10-01 18:34:00-04:00,93.05000305175781,93.05000305175781,93.02999877929688,93.04000091552734,93.04000091552734,25,0.0,0.0
2026-10-01 18:35:00-04:00,93.0199966430664,93.04000091552734,92.98999786376953,93.01000213623047,93.01000213623047,34,0.0,0.0
2026-10-01 18:36:00-04:00,93.01000213623047,93.04000091552734,93.01000213623047,93.04000091552734,93.04000091552734,15,0.0,0.0
2026-10-01 18:37:00-04:00,93.04000091552734,93.05000305175781,93.04000091552734,93.05000305175781,93.05000305175781,2,0.0,0.0
2026-10-01 18:38:00-04:00,93.05999755859375,93.05999755859375,93.05999755859375,93.05999755859375,93.05999755859375,8,0.0,0.0
2026-10-01 18:39:00-04:00,93.06999969482422,93.08000183105469,93.04000091552734,93.04000091552734,93.04000091552734,50,0.0,0.0
2026-10-01 18:40:00-04:00,93.0199966430664,93.02999877929688,93.01000213623047,93.02999877929688,93.02999877929688,6,0.0,0.0
2026-10-01 18:41:00-04:00,93.0199966430664,93.0199966430664,93.01000213623047,93.0199966430664,93.0199966430664,3,0.0,0.0
2026-10-01 18:43:00-04:00,93.0199966430664,93.04000091552734,93.0199966430664,93.04000091552734,93.04000091552734,47,0.0,0.0
2026-10-01 18:44:00-04:00,93.05000305175781,93.05999755859375,93.05000305175781,93.05999755859375,93.05999755859375,17,0.0,0.0
2026-10-01 18:45:00-04:00,93.06999969482422,93.12000274658203,93.06999969482422,93.06999969482422,93.06999969482422,33,0.0,0.0
2026-10-01 18:46:00-04:00,93.06999969482422,93.06999969482422,93.06999969482422,93.06999969482422,93.06999969482422,2,0.0,0.0
2026-10-01 18:47:00-04:00,93.05999755859375,93.05999755859375,93.04000091552734,93.04000091552734,93.04000091552734,6,0.0,0.0
2026-10-01 18:48:00-04:00,93.05000305175781,93.05000305175781,93.04000091552734,93.04000091552734,93.04000091552734,3,0.0,0.0
2026-10-01 18:49:00-04:00,93.02999877929688,93.02999877929688,93.01000213623047,93.01000213623047,93.01000213623047,12,0.0,0.0
2026-10-01 18:50:00-04:00,93.01000213623047,93.0199966430664,93.0,93.0199966430664,93.0199966430664,9,0.0,0.0
2026-10-01 18:51:00-04:00,93.02999877929688,93.05000305175781,93.02999877929688,93.05000305175781,93.05000305175781,13,0.0,0.0
2026-10-01 18:52:00-04:00,93.04000091552734,93.05000305175781,93.04000091552734,93.05000305175781,93.05000305175781,4,0.0,0.0
2026-10-01 18:53:00-04:00,93.04000091552734,93.04000091552734,93.01000213623047,93.0199966430664,93.0199966430664,16,0.0,0.0
2026-10-01 18:54:00-04:00,93.0199966430664,93.04000091552734,93.0199966430664,93.04000091552734,93.04000091552734,3,0.0,0.0
2026-10-01 18:55:00-04:00,93.04000091552734,93.05000305175781,93.04000091552734,93.05000305175781,93.05000305175781,6,0.0,0.0
2026-10-01 18:56:00-04:00,93.05000305175781,93.06999969482422,93.04000091552734,93.06999969482422,93.06999969482422,42,0.0,0.0
2026-10-01 18:57:00-04:00,93.05000305175781,93.08999633789062,93.04000091552734,93.08999633789062,93.08999633789062,43,0.0,0.0
2026-10-01 18:58:00-04:00,93.08000183105469,93.08000183105469,93.06999969482422,93.08000183105469,93.08000183105469,17,0.0,0.0
2026-10-01 18:59:00-04:00,93.08000183105469,93.08000183105469,93.06999969482422,93.06999969482422,93.06999969482422,7,0.0,0.0
2026-10-01 19:00:00-04:00,93.08000183105469,93.08000183105469,93.06999969482422,93.08000183105469,93.08000183105469,7,0.0,0.0
2026-10-01 19:01:00-04:00,93.06999969482422,93.06999969482422,93.05000305175781,93.05000305175781,93.05000305175781,6,0.0,0.0
2026-10-01 19:02:00-04:00,93.05999755859375,93.06999969482422,93.05000305175781,93.05999755859375,93.05999755859375,4,0.0,0.0
2026-10-01 19:03:00-04:00,93.05000305175781,93.08000183105469,93.05000305175781,93.08000183105469,93.08000183105469,9,0.0,0.0
2026-10-01 19:04:00-04:00,93.05000305175781,93.05000305175781,93.05000305175781,93.05000305175781,93.05000305175781,1,0.0,0.0
2026-10-01 19:05:00-04:00,93.05000305175781,93.05999755859375,93.05000305175781,93.05999755859375,93.05999755859375,8,0.0,0.0
2026-10-01 19:06:00-04:00,93.04000091552734,93.05000305175781,92.98999786376953,93.0,93.0,23,0.0,0.0
2026-10-01 19:07:00-04:00,93.0,93.0,92.9800033569336,93.0,93.0,37,0.0,0.0
2026-10-01 19:08:00-04:00,93.01000213623047,93.01000213623047,92.98999786376953,92.98999786376953,92.98999786376953,11,0.0,0.0
2026-10-01 19:09:00-04:00,93.0,93.0,92.97000122070312,92.97000122070312,92.97000122070312,9,0.0,0.0
2026-10-01 19:10:00-04:00,92.9800033569336,93.01000213623047,92.9800033569336,92.98999786376953,92.98999786376953,21,0.0,0.0
2026-10-01 19:11:00-04:00,92.98999786376953,93.01000213623047,92.98999786376953,93.01000213623047,93.01000213623047,4,0.0,0.0
2026-10-01 19:12:00-04:00,92.98999786376953,93.01000213623047,92.98999786376953,93.01000213623047,93.01000213623047,6,0.0,0.0
2026-10-01 19:13:00-04:00,93.0,93.0,92.98999786376953,92.98999786376953,92.98999786376953,2,0.0,0.0
2026-10-01 19:14:00-04:00,92.98999786376953,93.0,92.9800033569336,92.98999786376953,92.98999786376953,4,0.0,0.0
2026-10-01 19:15:00-04:00,92.98999786376953,93.0,92.98999786376953,92.98999786376953,92.98999786376953,8,0.0,0.0
2026-10-01 19:16:00-04:00,93.01000213623047,93.02999877929688,93.0,93.02999877929688,93.02999877929688,16,0.0,0.0
2026-10-01 19:17:00-04:00,93.02999877929688,93.02999877929688,93.0199966430664,93.0199966430664,93.0199966430664,8,0.0,0.0
2026-10-01 19:18:00-04:00,93.02999877929688,93.02999877929688,93.02999877929688,93.02999877929688,93.02999877929688,4,0.0,0.0
2026-10-01 19:19:00-04:00,93.04000091552734,93.04000091552734,93.01000213623047,93.01000213623047,93.01000213623047,12,0.0,0.0
2026-10-01 19:20:00-04:00,93.0199966430664,93.05000305175781,93.0199966430664,93.05000305175781,93.05000305175781,12,0.0,0.0
2026-10-01 19:21:00-04:00,93.04000091552734,93.05000305175781,93.04000091552734,93.05000305175781,93.05000305175781,5,0.0,0.0
2026-10-01 19:22:00-04:00,93.05000305175781,93.05000305175781,93.04000091552734,93.04000091552734,93.04000091552734,5,0.0,0.0
2026-10-01 19:23:00-04:00,93.04000091552734,93.05999755859375,93.04000091552734,93.05999755859375,93.05999755859375,6,0.0,0.0
2026-10-01 19:24:00-04:00,93.05999755859375,93.05999755859375,93.0199966430664,93.02999877929688,93.02999877929688,19,0.0,0.0
2026-10-01 19:25:00-04:00,93.04000091552734,93.04000091552734,93.01000213623047,93.02999877929688,93.02999877929688,18,0.0,0.0
2026-10-01 19:26:00-04:00,93.04000091552734,93.05000305175781,93.02999877929688,93.04000091552734,93.04000091552734,11,0.0,0.0
2026-10-01 19:27:00-04:00,93.02999877929688,93.02999877929688,93.0199966430664,93.0199966430664,93.0199966430664,3,0.0,0.0
2026-10-01 19:28:00-04:00,93.0199966430664,93.02999877929688,93.0199966430664,93.02999877929688,93.02999877929688,3,0.0,0.0
2026-10-01 19:29:00-04:00,93.04000091552734,93.04000091552734,93.04000091552734,93.04000091552734,93.04000091552734,2,0.0,0.0
2026-10-01 19:30:00-04:00,93.02999877929688,93.02999877929688,93.01000213623047,93.01000213623047,93.01000213623047,8,0.0,0.0
2026-10-01 19:31:00-04:00,93.0,93.01000213623047,92.98999786376953,93.01000213623047,93.01000213623047,9,0.0,0.0
2026-10-01 19:32:00-04:00,93.0199966430664,93.0199966430664,93.0199966430664,93.0199966430664,93.0199966430664,4,0.0,0.0
2026-10-01 19:33:00-04:00,93.01000213623047,93.01000213623047,93.0,93.01000213623047,93.01000213623047,11,0.0,0.0
2026-10-01 19:34:00-04:00,93.01000213623047,93.01000213623047,93.01000213623047,93.01000213623047,93.01000213623047,4,0.0,0.0
2026-10-01 19:35:00-04:00,93.01000213623047,93.01000213623047,93.0,93.0,93.0,5,0.0,0.0
2026-10-01 19:36:00-04:00,92.98999786376953,92.98999786376953,92.98999786376953,92.98999786376953,92.98999786376953,2,0.0,0.0
2026-10-01 19:37:00-04:00,92.95999908447266,92.9800033569336,92.95999908447266,92.9800033569336,92.9800033569336,14,0.0,0.0
2026-10-01 19:38:00-04:00,92.97000122070312,92.98999786376953,92.97000122070312,92.9800033569336,92.9800033569336,5,0.0,0.0
2026-10-01 19:39:00-04:00,92.98999786376953,93.0,92.9800033569336,92.9800033569336,92.9800033569336,7,0.0,0.0
2026-10-01 19:40:00-04:00,93.01000213623047,93.01000213623047,92.98999786376953,92.98999786376953,92.98999786376953,14,0.0,0.0
2026-10-01 19:41:00-04:00,92.98999786376953,93.0199966430664,92.98999786376953,93.0199966430664,93.0199966430664,3,0.0,0.0
2026-10-01 19:42:00-04:00,93.0199966430664,93.04000091552734,92.9800033569336,92.9800033569336,92.9800033569336,50,0.0,0.0
2026-10-01 19:43:00-04:00,92.98999786376953,93.0,92.98999786376953,92.98999786376953,92.98999786376953,18,0.0,0.0
2026-10-01 19:44:00-04:00,92.9800033569336,92.98999786376953,92.95999908447266,92.95999908447266,92.95999908447266,43,0.0,0.0
2026-10-01 19:45:00-04:00,92.97000122070312,92.9800033569336,92.97000122070312,92.97000122070312,92.97000122070312,8,0.0,0.0
2026-10-01 19:46:00-04:00,92.94999694824219,92.94999694824219,92.94000244140625,92.94000244140625,92.94000244140625,9,0.0,0.0
2026-10-01 19:47:00-04:00,92.93000030517578,92.94999694824219,92.91999816894531,92.94000244140625,92.94000244140625,23,0.0,0.0
2026-10-01 19:48:00-04:00,92.93000030517578,92.93000030517578,92.87999725341797,92.88999938964844,92.88999938964844,33,0.0,0.0
2026-10-01 19:49:00-04:00,92.9000015258789,92.93000030517578,92.9000015258789,92.93000030517578,92.93000030517578,15,0.0,0.0
2026-10-01 19:50:00-04:00,92.94000244140625,92.9800033569336,92.94000244140625,92.9800033569336,92.9800033569336,11,0.0,0.0
2026-10-01 19:51:00-04:00,92.95999908447266,92.97000122070312,92.94999694824219,92.94999694824219,92.94999694824219,11,0.0,0.0
2026-10-01 19:52:00-04:00,92.94999694824219,92.94999694824219,92.94999694824219,92.94999694824219,92.94999694824219,4,0.0,0.0
2026-10-01 19:53:00-04:00,92.94000244140625,92.94000244140625,92.91999816894531,92.94000244140625,92.94000244140625,12,0.0,0.0
2026-10-01 19:54:00-04:00,92.94000244140625,92.94999694824219,92.94000244140625,92.94999694824219,92.94999694824219,17,0.0,0.0
2026-10-01 19:55:00-04:00,92.94999694824219,93.0,92.94000244140625,93.0,93.0,26,0.0,0.0
2026-10-01 19:56:00-04:00,93.0,93.01000213623047,92.97000122070312,93.01000213623047,93.01000213623047,14,0.0,0.0
2026-10-01 19:57:00-04:00,93.01000213623047,93.0199966430664,93.0,93.01000213623047,93.01000213623047,11,0.0,0.0
2026-10-01 19:58:00-04:00,93.0,93.0,92.9800033569336,93.0,93.0,4,0.0,0.0
2026-10-01 19:59:00-04:00,93.0,93.0199966430664,92.9800033569336,92.9800033569336,92.9800033569336,18,0.0,0.0
2026-10-01 20:00:00-04:00,93.0199966430664,93.0199966430664,92.87000274658203,92.98999786376953,92.98999786376953,382,0.0,0.0
2026-10-01 20:01:00-04:00,92.97000122070312,93.0199966430664,92.91999816894531,92.9800033569336,92.9800033569336,78,0.0,0.0
2026-10-01 20:02:00-04:00,92.94999694824219,93.04000091552734,92.94000244140625,92.98999786376953,92.98999786376953,72,0.0,0.0
2026-10-01 20:03:00-04:00,92.98999786376953,93.0,92.94000244140625,92.94000244140625,92.94000244140625,22,0.0,0.0
2026-10-01 20:04:00-04:00,92.93000030517578,93.02999877929688,92.91999816894531,93.02999877929688,93.02999877929688,52,0.0,0.0
2026-10-01 20:05:00-04:00,93.0,93.0,92.95999908447266,92.9800033569336,92.9800033569336,26,0.0,0.0
2026-10-01 20:06:00-04:00,92.98999786376953,93.04000091552734,92.95999908447266,92.97000122070312,92.97000122070312,40,0.0,0.0
2026-10-01 20:07:00-04:00,92.95999908447266,92.95999908447266,92.93000030517578,92.94999694824219,92.94999694824219,18,0.0,0.0
2026-10-01 20:08:00-04:00,92.94999694824219,93.0199966430664,92.94999694824219,93.0199966430664,93.0199966430664,34,0.0,0.0
2026-10-01 20:09:00-04:00,93.0199966430664,93.0199966430664,92.93000030517578,93.01000213623047,93.01000213623047,62,0.0,0.0
2026-10-01 20:10:00-04:00,93.04000091552734,93.08000183105469,93.01000213623047,93.0199966430664,93.0199966430664,35,0.0,0.0
2026-10-01 20:11:00-04:00,93.0199966430664,93.0199966430664,92.94000244140625,92.94000244140625,92.94000244140625,29,0.0,0.0
2026-10-01 20:12:00-04:00,92.94000244140625,92.97000122070312,92.91999816894531,92.94999694824219,92.94999694824219,26,0.0,0.0
2026-10-01 20:13:00-04:00,92.97000122070312,93.0199966430664,92.97000122070312,93.0199966430664,93.0199966430664,17,0.0,0.0
2026-10-01 20:14:00-04:00,92.97000122070312,93.0199966430664,92.97000122070312,92.9800033569336,92.9800033569336,15,0.0,0.0
2026-10-01 20:15:00-04:00,92.9800033569336,93.04000091552734,92.9800033569336,93.0,93.0,39,0.0,0.0
2026-10-01 20:16:00-04:00,92.97000122070312,93.05000305175781,92.97000122070312,93.05000305175781,93.05000305175781,36,0.0,0.0
2026-10-01 20:17:00-04:00,93.05999755859375,93.08000183105469,93.02999877929688,93.04000091552734,93.04000091552734,40,0.0,0.0
2026-10-01 20:18:00-04:00,93.05000305175781,93.05999755859375,93.04000091552734,93.05999755859375,93.05999755859375,22,0.0,0.0
2026-10-01 20:19:00-04:00,93.05000305175781,93.08999633789062,93.04000091552734,93.08000183105469,93.08000183105469,49,0.0,0.0
2026-10-01 20:20:00-04:00,93.08999633789062,93.18000030517578,93.08999633789062,93.0999984741211,93.0999984741211,107,0.0,0.0
2026-10-01 20:21:00-04:00,93.11000061035156,93.1500015258789,93.11000061035156,93.13999938964844,93.13999938964844,45,0.0,0.0
2026-10-01 20:22:00-04:00,93.12999725341797,93.1500015258789,93.05999755859375,93.05999755859375,93.05999755859375,14,0.0,0.0
2026-10-01 20:23:00-04:00,93.08000183105469,93.12999725341797,93.06999969482422,93.12000274658203,93.12000274658203,21,0.0,0.0
2026-10-01 20:24:00-04:00,93.12000274658203,93.13999938964844,93.08999633789062,93.12999725341797,93.12999725341797,21,0.0,0.0
2026-10-01 20:25:00-04:00,93.13999938964844,93.20999908447266,93.13999938964844,93.20999908447266,93.20999908447266,55,0.0,0.0
2026-10-01 20:26:00-04:00,93.20999908447266,93.22000122070312,93.18000030517578,93.18000030517578,93.18000030517578,33,0.0,0.0
2026-10-01 20:27:00-04:00,93.19000244140625,93.19999694824219,93.13999938964844,93.1500015258789,93.1500015258789,67,0.0,0.0
2026-10-01 20:28:00-04:00,93.13999938964844,93.13999938964844,93.08000183105469,93.08000183105469,93.08000183105469,50,0.0,0.0
2026-10-01 20:29:00-04:00,93.08999633789062,93.0999984741211,92.98999786376953,93.0,93.0,86,0.0,0.0
2026-10-01 20:30:00-04:00,93.01000213623047,93.05000305175781,93.01000213623047,93.05000305175781,93.05000305175781,24,0.0,0.0
2026-10-01 20:31:00-04:00,93.0199966430664,93.05000305175781,93.0199966430664,93.04000091552734,93.04000091552734,10,0.0,0.0
2026-10-01 20:32:00-04:00,93.0199966430664,93.0199966430664,92.97000122070312,93.0199966430664,93.0199966430664,16,0.0,0.0
2026-10-01 20:33:00-04:00,93.0199966430664,93.04000091552734,93.0199966430664,93.0199966430664,93.0199966430664,15,0.0,0.0
2026-10-01 20:34:00-04:00,93.0199966430664,93.04000091552734,92.95999908447266,92.97000122070312,92.97000122070312,30,0.0,0.0
2026-10-01 20:35:00-04:00,92.97000122070312,93.05000305175781,92.97000122070312,93.01000213623047,93.01000213623047,28,0.0,0.0
2026-10-01 20:36:00-04:00,93.0,93.0199966430664,93.0,93.0199966430664,93.0199966430664,9,0.0,0.0
2026-10-01 20:37:00-04:00,92.98999786376953,93.0,92.97000122070312,92.97000122070312,92.97000122070312,8,0.0,0.0
2026-10-01 20:38:00-04:00,92.97000122070312,93.06999969482422,92.94999694824219,93.06999969482422,93.06999969482422,38,0.0,0.0
2026-10-01 20:39:00-04:00,93.08000183105469,93.08999633789062,93.04000091552734,93.05000305175781,93.05000305175781,21,0.0,0.0
2026-10-01 20:40:00-04:00,93.05999755859375,93.08000183105469,93.05000305175781,93.06999969482422,93.06999969482422,12,0.0,0.0
2026-10-01 20:41:00-04:00,93.06999969482422,93.08999633789062,93.05999755859375,93.08999633789062,93.08999633789062,26,0.0,0.0
2026-10-01 20:42:00-04:00,93.08999633789062,93.08999633789062,93.05999755859375,93.08999633789062,93.08999633789062,12,0.0,0.0
2026-10-01 20:43:00-04:00,93.08999633789062,93.13999938964844,93.08999633789062,93.13999938964844,93.13999938964844,40,0.0,0.0
2026-10-01 20:44:00-04:00,93.12999725341797,93.1500015258789,93.12999725341797,93.13999938964844,93.13999938964844,5,0.0,0.0
2026-10-01 20:45:00-04:00,93.1500015258789,93.1500015258789,93.08000183105469,93.11000061035156,93.11000061035156,23,0.0,0.0
2026-10-01 20:46:00-04:00,93.0999984741211,93.20999908447266,93.08999633789062,93.19999694824219,93.19999694824219,55,0.0,0.0
2026-10-01 20:47:00-04:00,93.18000030517578,93.19000244140625,93.11000061035156,93.16999816894531,93.16999816894531,38,0.0,0.0
2026-10-01 20:48:00-04:00,93.16999816894531,93.18000030517578,93.13999938964844,93.1500015258789,93.1500015258789,21,0.0,0.0
2026-10-01 20:49:00-04:00,93.1500015258789,93.1500015258789,93.08000183105469,93.12999725341797,93.12999725341797,34,0.0,0.0
2026-10-01 20:50:00-04:00,93.0999984741211,93.16000366210938,93.02999877929688,93.11000061035156,93.11000061035156,72,0.0,0.0
2026-10-01 20:51:00-04:00,93.12000274658203,93.13999938964844,93.0999984741211,93.12999725341797,93.12999725341797,34,0.0,0.0
2026-10-01 20:52:00-04:00,93.12999725341797,93.16000366210938,93.12000274658203,93.12999725341797,93.12999725341797,28,0.0,0.0
2026-10-01 20:53:00-04:00,93.12000274658203,93.16000366210938,93.12000274658203,93.13999938964844,93.13999938964844,28,0.0,0.0
2026-10-01 20:54:00-04:00,93.13999938964844,93.16000366210938,93.12000274658203,93.16000366210938,93.16000366210938,48,0.0,0.0
2026-10-01 20:55:00-04:00,93.16000366210938,93.16999816894531,93.11000061035156,93.13999938964844,93.13999938964844,57,0.0,0.0
2026-10-01 20:56:00-04:00,93.13999938964844,93.22000122070312,93.13999938964844,93.22000122070312,93.22000122070312,74,0.0,0.0
2026-10-01 20:57:00-04:00,93.2300033569336,93.23999786376953,93.16000366210938,93.18000030517578,93.18000030517578,62,0.0,0.0
2026-10-01 20:58:00-04:00,93.18000030517578,93.19999694824219,93.12000274658203,93.12000274658203,93.12000274658203,52,0.0,0.0
2026-10-01 20:59:00-04:00,93.13999938964844,93.18000030517578,93.12000274658203,93.1500015258789,93.1500015258789,44,0.0,0.0
2026-10-01 21:00:00-04:00,93.16999816894531,93.16999816894531,92.98999786376953,93.0,93.0,195,0.0,0.0
2026-10-01 21:01:00-04:00,93.0,93.05000305175781,92.97000122070312,93.02999877929688,93.02999877929688,80,0.0,0.0
2026-10-01 21:02:00-04:00,93.0,93.01000213623047,92.91000366210938,92.94000244140625,92.94000244140625,55,0.0,0.0
2026-10-01 21:03:00-04:00,92.94000244140625,92.94000244140625,92.87999725341797,92.88999938964844,92.88999938964844,214,0.0,0.0
2026-10-01 21:04:00-04:00,92.86000061035156,92.91999816894531,92.8499984741211,92.9000015258789,92.9000015258789,69,0.0,0.0
2026-10-01 21:05:00-04:00,92.93000030517578,92.93000030517578,92.86000061035156,92.87000274658203,92.87000274658203,40,0.0,0.0
2026-10-01 21:06:00-04:00,92.86000061035156,92.86000061035156,92.83000183105469,92.86000061035156,92.86000061035156,47,0.0,0.0
2026-10-01 21:07:00-04:00,92.8499984741211,92.87999725341797,92.81999969482422,92.87000274658203,92.87000274658203,44,0.0,0.0
2026-10-01 21:08:00-04:00,92.87000274658203,92.88999938964844,92.83999633789062,92.83999633789062,92.83999633789062,39,0.0,0.0
2026-10-01 21:09:00-04:00,92.83000183105469,92.8499984741211,92.81999969482422,92.8499984741211,92.8499984741211,30,0.0,0.0
2026-10-01 21:10:00-04:00,92.8499984741211,92.8499984741211,92.81999969482422,92.83000183105469,92.83000183105469,29,0.0,0.0
2026-10-01 21:11:00-04:00,92.83000183105469,92.8499984741211,92.79000091552734,92.83000183105469,92.83000183105469,217,0.0,0.0
2026-10-01 21:12:00-04:00,92.83000183105469,92.87000274658203,92.81999969482422,92.86000061035156,92.86000061035156,42,0.0,0.0
2026-10-01 21:13:00-04:00,92.87000274658203,92.87000274658203,92.80999755859375,92.83000183105469,92.83000183105469,39,0.0,0.0
2026-10-01 21:14:00-04:00,92.83000183105469,92.8499984741211,92.81999969482422,92.81999969482422,92.81999969482422,14,0.0,0.0
2026-10-01 21:15:00-04:00,92.81999969482422,92.81999969482422,92.77999877929688,92.80000305175781,92.80000305175781,22,0.0,0.0
2026-10-01 21:16:00-04:00,92.80000305175781,92.87999725341797,92.80000305175781,92.87000274658203,92.87000274658203,53,0.0,0.0
2026-10-01 21:17:00-04:00,92.87000274658203,92.91999816894531,92.87000274658203,92.91999816894531,92.91999816894531,32,0.0,0.0
2026-10-01 21:18:00-04:00,92.91000366210938,92.94999694824219,92.91000366210938,92.94000244140625,92.94000244140625,51,0.0,0.0
2026-10-01 21:19:00-04:00,92.94999694824219,93.0199966430664,92.94000244140625,93.0199966430664,93.0199966430664,59,0.0,0.0
2026-10-01 21:20:00-04:00,93.0,93.04000091552734,92.98999786376953,93.01000213623047,93.01000213623047,22,0.0,0.0
2026-10-01 21:21:00-04:00,93.0,93.0,92.93000030517578,92.94999694824219,92.94999694824219,24,0.0,0.0
2026-10-01 21:22:00-04:00,92.97000122070312,92.97000122070312,92.93000030517578,92.94000244140625,92.94000244140625,35,0.0,0.0
2026-10-01 21:23:00-04:00,92.95999908447266,92.97000122070312,92.94000244140625,92.94999694824219,92.94999694824219,14,0.0,0.0
2026-10-01 21:24:00-04:00,92.94999694824219,92.94999694824219,92.94999694824219,92.94999694824219,92.94999694824219,4,0.0,0.0
2026-10-01 21:25:00-04:00,92.95999908447266,93.05000305175781,92.94999694824219,93.05000305175781,93.05000305175781,92,0.0,0.0
2026-10-01 21:26:00-04:00,93.04000091552734,93.05999755859375,93.0199966430664,93.02999877929688,93.02999877929688,28,0.0,0.0
2026-10-01 21:27:00-04:00,93.02999877929688,93.02999877929688,92.97000122070312,92.97000122070312,92.97000122070312,35,0.0,0.0
2026-10-01 21:28:00-04:00,92.94999694824219,92.95999908447266,92.9000015258789,92.91000366210938,92.91000366210938,45,0.0,0.0
2026-10-01 21:29:00-04:00,92.91999816894531,92.94999694824219,92.91999816894531,92.93000030517578,92.93000030517578,15,0.0,0.0
2026-10-01 21:30:00-04:00,92.91999816894531,92.93000030517578,92.91000366210938,92.91999816894531,92.91999816894531,4,0.0,0.0
2026-10-01 21:31:00-04:00,92.91000366210938,92.91999816894531,92.9000015258789,92.9000015258789,92.9000015258789,15,0.0,0.0
2026-10-01 21:32:00-04:00,92.88999938964844,92.94999694824219,92.87999725341797,92.94999694824219,92.94999694824219,33,0.0,0.0
2026-10-01 21:33:00-04:00,92.94000244140625,92.9800033569336,92.9000015258789,92.9000015258789,92.9000015258789,40,0.0,0.0
2026-10-01 21:34:00-04:00,92.87999725341797,92.9000015258789,92.87000274658203,92.87999725341797,92.87999725341797,11,0.0,0.0
2026-10-01 21:35:00-04:00,92.9000015258789,92.91000366210938,92.87999725341797,92.87999725341797,92.87999725341797,8,0.0,0.0
2026-10-01 21:36:00-04:00,92.87000274658203,92.87000274658203,92.83000183105469,92.86000061035156,92.86000061035156,20,0.0,0.0
2026-10-01 21:37:00-04:00,92.87000274658203,92.87999725341797,92.87000274658203,92.87000274658203,92.87000274658203,12,0.0,0.0
2026-10-01 21:38:00-04:00,92.87000274658203,92.88999938964844,92.87000274658203,92.88999938964844,92.88999938964844,6,0.0,0.0
2026-10-01 21:39:00-04:00,92.91999816894531,92.93000030517578,92.91000366210938,92.91000366210938,92.91000366210938,13,0.0,0.0
2026-10-01 21:40:00-04:00,92.91000366210938,92.91000366210938,92.9000015258789,92.91000366210938,92.91000366210938,11,0.0,0.0
2026-10-01 21:41:00-04:00,92.9000015258789,92.93000030517578,92.88999938964844,92.93000030517578,92.93000030517578,9,0.0,0.0
2026-10-01 21:42:00-04:00,92.91999816894531,92.94000244140625,92.91999816894531,92.93000030517578,92.93000030517578,28,0.0,0.0
2026-10-01 21:43:00-04:00,92.94999694824219,92.9800033569336,92.91999816894531,92.93000030517578,92.93000030517578,81,0.0,0.0
2026-10-01 21:44:00-04:00,92.93000030517578,92.94000244140625,92.91999816894531,92.94000244140625,92.94000244140625,17,0.0,0.0
2026-10-01 21:45:00-04:00,92.94000244140625,92.94000244140625,92.94000244140625,92.94000244140625,92.94000244140625,3,0.0,0.0
2026-10-01 21:46:00-04:00,92.93000030517578,92.94999694824219,92.91999816894531,92.94000244140625,92.94000244140625,10,0.0,0.0
2026-10-01 21:47:00-04:00,92.94000244140625,92.94000244140625,92.91999816894531,92.91999816894531,92.91999816894531,6,0.0,0.0
2026-10-01 21:48:00-04:00,92.9000015258789,92.94999694824219,92.9000015258789,92.91999816894531,92.91999816894531,34,0.0,0.0
2026-10-01 21:49:00-04:00,92.91999816894531,92.91999816894531,92.9000015258789,92.9000015258789,92.9000015258789,9,0.0,0.0
2026-10-01 21:50:00-04:00,92.91000366210938,92.94999694824219,92.91000366210938,92.91999816894531,92.91999816894531,18,0.0,0.0
2026-10-01 21:51:00-04:00,92.94000244140625,92.95999908447266,92.91000366210938,92.95999908447266,92.95999908447266,35,0.0,0.0
2026-10-01 21:52:00-04:00,92.94000244140625,92.98999786376953,92.91999816894531,92.9800033569336,92.9800033569336,25,0.0,0.0
2026-10-01 21:53:00-04:00,92.97000122070312,93.04000091552734,92.97000122070312,93.04000091552734,93.04000091552734,64,0.0,0.0
2026-10-01 21:54:00-04:00,93.02999877929688,93.12999725341797,93.02999877929688,93.08999633789062,93.08999633789062,115,0.0,0.0
2026-10-01 21:55:00-04:00,93.08999633789062,93.13999938964844,93.06999969482422,93.08999633789062,93.08999633789062,64,0.0,0.0
2026-10-01 21:56:00-04:00,93.08000183105469,93.08999633789062,93.02999877929688,93.02999877929688,93.02999877929688,16,0.0,0.0
2026-10-01 21:57:00-04:00,93.04000091552734,93.05000305175781,93.0199966430664,93.04000091552734,93.04000091552734,29,0.0,0.0
2026-10-01 21:58:00-04:00,93.0,93.0199966430664,92.94999694824219,92.94999694824219,92.94999694824219,34,0.0,0.0
2026-10-01 21:59:00-04:00,92.95999908447266,92.97000122070312,92.94999694824219,92.95999908447266,92.95999908447266,11,0.0,0.0
2026-10-01 22:00:00-04:00,92.97000122070312,92.9800033569336,92.94999694824219,92.95999908447266,92.95999908447266,23,0.0,0.0
2026-10-01 22:01:00-04:00,92.9800033569336,93.0199966430664,92.9800033569336,92.98999786376953,92.98999786376953,15,0.0,0.0
2026-10-01 22:02:00-04:00,93.0199966430664,93.05999755859375,93.0199966430664,93.02999877929688,93.02999877929688,13,0.0,0.0
2026-10-01 22:03:00-04:00,93.0199966430664,93.0199966430664,92.98999786376953,92.98999786376953,92.98999786376953,10,0.0,0.0
2026-10-01 22:04:00-04:00,92.9800033569336,92.9800033569336,92.79000091552734,92.81999969482422,92.81999969482422,257,0.0,0.0
2026-10-01 22:05:00-04:00,92.80999755859375,92.80999755859375,92.75,92.7699966430664,92.7699966430664,99,0.0,0.0
2026-10-01 22:06:00-04:00,92.77999877929688,92.80000305175781,92.7300033569336,92.80000305175781,92.80000305175781,131,0.0,0.0
2026-10-01 22:07:00-04:00,92.80000305175781,92.80999755859375,92.73999786376953,92.80000305175781,92.80000305175781,69,0.0,0.0
2026-10-01 22:08:00-04:00,92.79000091552734,92.83999633789062,92.76000213623047,92.79000091552734,92.79000091552734,66,0.0,0.0
2026-10-01 22:09:00-04:00,92.80999755859375,92.80999755859375,92.76000213623047,92.76000213623047,92.76000213623047,15,0.0,0.0
2026-10-01 22:10:00-04:00,92.76000213623047,92.76000213623047,92.66999816894531,92.69999694824219,92.69999694824219,205,0.0,0.0
2026-10-01 22:11:00-04:00,92.70999908447266,92.77999877929688,92.63999938964844,92.77999877929688,92.77999877929688,162,0.0,0.0
2026-10-01 22:12:00-04:00,92.7699966430664,92.7699966430664,92.69999694824219,92.69999694824219,92.69999694824219,30,0.0,0.0
2026-10-01 22:13:00-04:00,92.7300033569336,92.79000091552734,92.7300033569336,92.79000091552734,92.79000091552734,23,0.0,0.0
2026-10-01 22:14:00-04:00,92.77999877929688,92.83000183105469,92.77999877929688,92.83000183105469,92.83000183105469,12,0.0,0.0
2026-10-01 22:15:00-04:00,92.83000183105469,92.8499984741211,92.72000122070312,92.72000122070312,92.72000122070312,56,0.0,0.0
2026-10-01 22:16:00-04:00,92.73999786376953,92.7699966430664,92.72000122070312,92.7699966430664,92.7699966430664,24,0.0,0.0
2026-10-01 22:17:00-04:00,92.77999877929688,92.79000091552734,92.73999786376953,92.77999877929688,92.77999877929688,31,0.0,0.0
2026-10-01 22:18:00-04:00,92.75,92.7699966430664,92.75,92.76000213623047,92.76000213623047,10,0.0,0.0
2026-10-01 22:19:00-04:00,92.7699966430664,92.83000183105469,92.76000213623047,92.83000183105469,92.83000183105469,29,0.0,0.0
2026-10-01 22:20:00-04:00,92.83999633789062,92.87000274658203,92.83999633789062,92.8499984741211,92.8499984741211,11,0.0,0.0
2026-10-01 22:21:00-04:00,92.8499984741211,92.94999694824219,92.8499984741211,92.93000030517578,92.93000030517578,51,0.0,0.0
2026-10-01 22:22:00-04:00,92.91999816894531,92.94999694824219,92.91999816894531,92.94000244140625,92.94000244140625,7,0.0,0.0
2026-10-01 22:23:00-04:00,92.93000030517578,92.95999908447266,92.91999816894531,92.95999908447266,92.95999908447266,12,0.0,0.0
2026-10-01 22:24:00-04:00,92.94999694824219,92.95999908447266,92.91999816894531,92.94999694824219,92.94999694824219,14,0.0,0.0
2026-10-01 22:25:00-04:00,92.95999908447266,92.95999908447266,92.94000244140625,92.94999694824219,92.94999694824219,23,0.0,0.0
2026-10-01 22:26:00-04:00,92.93000030517578,92.94000244140625,92.9000015258789,92.9000015258789,92.9000015258789,21,0.0,0.0
2026-10-01 22:27:00-04:00,92.88999938964844,92.9000015258789,92.8499984741211,92.8499984741211,92.8499984741211,26,0.0,0.0
2026-10-01 22:28:00-04:00,92.83999633789062,92.8499984741211,92.80999755859375,92.83000183105469,92.83000183105469,18,0.0,0.0
2026-10-01 22:29:00-04:00,92.83000183105469,92.83999633789062,92.80999755859375,92.80999755859375,92.80999755859375,20,0.0,0.0
2026-10-01 22:30:00-04:00,92.80999755859375,92.8499984741211,92.80999755859375,92.81999969482422,92.81999969482422,11,0.0,0.0
2026-10-01 22:31:00-04:00,92.81999969482422,92.81999969482422,92.80000305175781,92.80999755859375,92.80999755859375,13,0.0,0.0
2026-10-01 22:32:00-04:00,92.83999633789062,92.83999633789062,92.83000183105469,92.83000183105469,92.83000183105469,8,0.0,0.0
2026-10-01 22:33:00-04:00,92.83999633789062,92.8499984741211,92.81999969482422,92.81999969482422,92.81999969482422,58,0.0,0.0
2026-10-01 22:34:00-04:00,92.83000183105469,92.86000061035156,92.80999755859375,92.86000061035156,92.86000061035156,17,0.0,0.0
2026-10-01 22:35:00-04:00,92.8499984741211,92.87000274658203,92.8499984741211,92.86000061035156,92.86000061035156,10,0.0,0.0
2026-10-01 22:36:00-04:00,92.86000061035156,92.9000015258789,92.86000061035156,92.9000015258789,92.9000015258789,16,0.0,0.0
2026-10-01 22:37:00-04:00,92.88999938964844,92.88999938964844,92.87000274658203,92.87999725341797,92.87999725341797,10,0.0,0.0
2026-10-01 22:38:00-04:00,92.9000015258789,92.9000015258789,92.88999938964844,92.88999938964844,92.88999938964844,5,0.0,0.0
2026-10-01 22:39:00-04:00,92.87999725341797,92.91999816894531,92.87000274658203,92.91000366210938,92.91000366210938,11,0.0,0.0
2026-10-01 22:40:00-04:00,92.91000366210938,92.91999816894531,92.9000015258789,92.91999816894531,92.91999816894531,15,0.0,0.0
2026-10-01 22:41:00-04:00,92.93000030517578,92.94000244140625,92.86000061035156,92.86000061035156,92.86000061035156,133,0.0,0.0
2026-10-01 22:42:00-04:00,92.8499984741211,92.87000274658203,92.83999633789062,92.86000061035156,92.86000061035156,23,0.0,0.0
2026-10-01 22:43:00-04:00,92.8499984741211,92.86000061035156,92.8499984741211,92.86000061035156,92.86000061035156,8,0.0,0.0
2026-10-01 22:44:00-04:00,92.8499984741211,92.8499984741211,92.8499984741211,92.8499984741211,92.8499984741211,1,0.0,0.0
2026-10-01 22:45:00-04:00,92.8499984741211,92.87000274658203,92.8499984741211,92.87000274658203,92.87000274658203,12,0.0,0.0
2026-10-01 22:46:00-04:00,92.86000061035156,92.86000061035156,92.83999633789062,92.83999633789062,92.83999633789062,23,0.0,0.0
2026-10-01 22:47:00-04:00,92.83000183105469,92.83999633789062,92.80000305175781,92.80000305175781,92.80000305175781,21,0.0,0.0
2026-10-01 22:48:00-04:00,92.77999877929688,92.77999877929688,92.75,92.76000213623047,92.76000213623047,40,0.0,0.0
2026-10-01 22:49:00-04:00,92.76000213623047,92.7699966430664,92.73999786376953,92.75,92.75,27,0.0,0.0
2026-10-01 22:50:00-04:00,92.75,92.83000183105469,92.75,92.83000183105469,92.83000183105469,27,0.0,0.0
2026-10-01 22:51:00-04:00,92.83000183105469,92.8499984741211,92.80000305175781,92.81999969482422,92.81999969482422,15,0.0,0.0
2026-10-01 22:52:00-04:00,92.80000305175781,92.80000305175781,92.72000122070312,92.7300033569336,92.7300033569336,228,0.0,0.0
2026-10-01 22:53:00-04:00,92.73999786376953,92.73999786376953,92.72000122070312,92.7300033569336,92.7300033569336,45,0.0,0.0
2026-10-01 22:54:00-04:00,92.7300033569336,92.73999786376953,92.69999694824219,92.70999908447266,92.70999908447266,38,0.0,0.0
2026-10-01 22:55:00-04:00,92.70999908447266,92.72000122070312,92.69000244140625,92.72000122070312,92.72000122070312,29,0.0,0.0
2026-10-01 22:56:00-04:00,92.72000122070312,92.72000122070312,92.66000366210938,92.66999816894531,92.66999816894531,58,0.0,0.0
2026-10-01 22:57:00-04:00,92.66999816894531,92.66999816894531,92.63999938964844,92.6500015258789,92.6500015258789,29,0.0,0.0
2026-10-01 22:58:00-04:00,92.66000366210938,92.66000366210938,92.6500015258789,92.6500015258789,92.6500015258789,27,0.0,0.0
2026-10-01 22:59:00-04:00,92.62000274658203,92.63999938964844,92.58999633789062,92.61000061035156,92.61000061035156,306,0.0,0.0
2026-10-01 23:00:00-04:00,92.61000061035156,92.66999816894531,92.5999984741211,92.63999938964844,92.63999938964844,45,0.0,0.0
2026-10-01 23:01:00-04:00,92.61000061035156,92.63999938964844,92.56999969482422,92.62000274658203,92.62000274658203,65,0.0,0.0
2026-10-01 23:02:00-04:00,92.5999984741211,92.61000061035156,92.54000091552734,92.5999984741211,92.5999984741211,93,0.0,0.0
2026-10-01 23:03:00-04:00,92.5999984741211,92.62000274658203,92.58000183105469,92.58000183105469,92.58000183105469,25,0.0,0.0
2026-10-01 23:04:00-04:00,92.58999633789062,92.61000061035156,92.52999877929688,92.52999877929688,92.52999877929688,34,0.0,0.0
2026-10-01 23:05:00-04:00,92.55000305175781,92.56999969482422,92.52999877929688,92.55000305175781,92.55000305175781,18,0.0,0.0
2026-10-01 23:06:00-04:00,92.54000091552734,92.58999633789062,92.54000091552734,92.58999633789062,92.58999633789062,15,0.0,0.0
2026-10-01 23:07:00-04:00,92.58000183105469,92.58999633789062,92.58000183105469,92.58999633789062,92.58999633789062,7,0.0,0.0
2026-10-01 23:08:00-04:00,92.5999984741211,92.61000061035156,92.58999633789062,92.58999633789062,92.58999633789062,18,0.0,0.0
2026-10-01 23:09:00-04:00,92.5999984741211,92.5999984741211,92.54000091552734,92.55999755859375,92.55999755859375,13,0.0,0.0
2026-10-01 23:10:00-04:00,92.55999755859375,92.56999969482422,92.55000305175781,92.55999755859375,92.55999755859375,17,0.0,0.0
2026-10-01 23:11:00-04:00,92.56999969482422,92.61000061035156,92.55999755859375,92.56999969482422,92.56999969482422,37,0.0,0.0
2026-10-01 23:12:00-04:00,92.55999755859375,92.58000183105469,92.55999755859375,92.58000183105469,92.58000183105469,6,0.0,0.0
2026-10-01 23:13:00-04:00,92.55999755859375,92.55999755859375,92.55000305175781,92.55999755859375,92.55999755859375,21,0.0,0.0
2026-10-01 23:14:00-04:00,92.55000305175781,92.58000183105469,92.55000305175781,92.56999969482422,92.56999969482422,42,0.0,0.0
2026-10-01 23:15:00-04:00,92.58999633789062,92.58999633789062,92.48999786376953,92.54000091552734,92.54000091552734,112,0.0,0.0
2026-10-01 23:16:00-04:00,92.55000305175781,92.55999755859375,92.54000091552734,92.55999755859375,92.55999755859375,24,0.0,0.0
2026-10-01 23:17:00-04:00,92.55999755859375,92.56999969482422,92.55000305175781,92.55000305175781,92.55000305175781,9,0.0,0.0
2026-10-01 23:18:00-04:00,92.55000305175781,92.58000183105469,92.55000305175781,92.56999969482422,92.56999969482422,14,0.0,0.0
2026-10-01 23:19:00-04:00,92.55999755859375,92.56999969482422,92.52999877929688,92.52999877929688,92.52999877929688,13,0.0,0.0
2026-10-01 23:20:00-04:00,92.55000305175781,92.55999755859375,92.52999877929688,92.54000091552734,92.54000091552734,21,0.0,0.0
2026-10-01 23:21:00-04:00,92.55000305175781,92.56999969482422,92.55000305175781,92.55999755859375,92.55999755859375,14,0.0,0.0
2026-10-01 23:22:00-04:00,92.55999755859375,92.58000183105469,92.55999755859375,92.58000183105469,92.58000183105469,14,0.0,0.0
2026-10-01 23:23:00-04:00,92.56999969482422,92.58000183105469,92.56999969482422,92.58000183105469,92.58000183105469,13,0.0,0.0
2026-10-01 23:24:00-04:00,92.58000183105469,92.58999633789062,92.56999969482422,92.56999969482422,92.56999969482422,26,0.0,0.0
2026-10-01 23:25:00-04:00,92.56999969482422,92.61000061035156,92.56999969482422,92.5999984741211,92.5999984741211,45,0.0,0.0
2026-10-01 23:26:00-04:00,92.62000274658203,92.69999694824219,92.62000274658203,92.69000244140625,92.69000244140625,48,0.0,0.0
2026-10-01 23:27:00-04:00,92.69999694824219,92.77999877929688,92.69999694824219,92.69999694824219,92.69999694824219,100,0.0,0.0
2026-10-01 23:28:00-04:00,92.7300033569336,92.7300033569336,92.69000244140625,92.69999694824219,92.69999694824219,62,0.0,0.0
2026-10-01 23:29:00-04:00,92.68000030517578,92.69999694824219,92.68000030517578,92.68000030517578,92.68000030517578,41,0.0,0.0
2026-10-01 23:30:00-04:00,92.66999816894531,92.69999694824219,92.63999938964844,92.69000244140625,92.69000244140625,49,0.0,0.0
2026-10-01 23:31:00-04:00,92.66999816894531,92.69999694824219,92.66000366210938,92.66999816894531,92.66999816894531,20,0.0,0.0
2026-10-01 23:32:00-04:00,92.69000244140625,92.69000244140625,92.66999816894531,92.68000030517578,92.68000030517578,20,0.0,0.0
2026-10-01 23:33:00-04:00,92.69000244140625,92.69999694824219,92.66999816894531,92.68000030517578,92.68000030517578,26,0.0,0.0
2026-10-01 23:34:00-04:00,92.66999816894531,92.66999816894531,92.62000274658203,92.66000366210938,92.66000366210938,42,0.0,0.0
2026-10-01 23:35:00-04:00,92.66000366210938,92.66000366210938,92.62999725341797,92.63999938964844,92.63999938964844,15,0.0,0.0
2026-10-01 23:36:00-04:00,92.6500015258789,92.69000244140625,92.62000274658203,92.69000244140625,92.69000244140625,37,0.0,0.0
2026-10-01 23:37:00-04:00,92.69000244140625,92.69999694824219,92.69000244140625,92.69000244140625,92.69000244140625,11,0.0,0.0
2026-10-01 23:38:00-04:00,92.68000030517578,92.69000244140625,92.66999816894531,92.66999816894531,92.66999816894531,11,0.0,0.0
2026-10-01 23:39:00-04:00,92.6500015258789,92.69000244140625,92.63999938964844,92.69000244140625,92.69000244140625,11,0.0,0.0
2026-10-01 23:40:00-04:00,92.66000366210938,92.66999816894531,92.66000366210938,92.66000366210938,92.66000366210938,12,0.0,0.0
2026-10-01 23:41:00-04:00,92.6500015258789,92.69000244140625,92.6500015258789,92.66999816894531,92.66999816894531,26,0.0,0.0
2026-10-01 23:42:00-04:00,92.66999816894531,92.68000030517578,92.66999816894531,92.66999816894531,92.66999816894531,3,0.0,0.0
2026-10-01 23:43:00-04:00,92.66999816894531,92.68000030517578,92.66999816894531,92.68000030517578,92.68000030517578,8,0.0,0.0
2026-10-01 23:44:00-04:00,92.66999816894531,92.66999816894531,92.63999938964844,92.66000366210938,92.66000366210938,20,0.0,0.0
2026-10-01 23:45:00-04:00,92.68000030517578,92.69999694824219,92.66000366210938,92.66999816894531,92.66999816894531,15,0.0,0.0
2026-10-01 23:46:00-04:00,92.66999816894531,92.69000244140625,92.6500015258789,92.66999816894531,92.66999816894531,18,0.0,0.0
2026-10-01 23:47:00-04:00,92.68000030517578,92.68000030517578,92.66999816894531,92.68000030517578,92.68000030517578,4,0.0,0.0
2026-10-01 23:48:00-04:00,92.68000030517578,92.69000244140625,92.68000030517578,92.69000244140625,92.69000244140625,11,0.0,0.0
2026-10-01 23:49:00-04:00,92.69000244140625,92.69000244140625,92.68000030517578,92.68000030517578,92.68000030517578,6,0.0,0.0
2026-10-01 23:50:00-04:00,92.69000244140625,92.72000122070312,92.69000244140625,92.72000122070312,92.72000122070312,26,0.0,0.0
2026-10-01 23:51:00-04:00,92.7300033569336,92.75,92.70999908447266,92.73999786376953,92.73999786376953,30,0.0,0.0
2026-10-01 23:52:00-04:00,92.72000122070312,92.73999786376953,92.72000122070312,92.7300033569336,92.7300033569336,12,0.0,0.0
2026-10-01 23:53:00-04:00,92.7300033569336,92.73999786376953,92.69000244140625,92.69000244140625,92.69000244140625,36,0.0,0.0
2026-10-01 23:54:00-04:00,92.69999694824219,92.69999694824219,92.62999725341797,92.62999725341797,92.62999725341797,25,0.0,0.0
2026-10-01 23:55:00-04:00,92.63999938964844,92.63999938964844,92.61000061035156,92.62000274658203,92.62000274658203,28,0.0,0.0
2026-10-01 23:56:00-04:00,92.62999725341797,92.62999725341797,92.62000274658203,92.62000274658203,92.62000274658203,17,0.0,0.0
2026-10-01 23:57:00-04:00,92.62000274658203,92.62000274658203,92.61000061035156,92.62000274658203,92.62000274658203,16,0.0,0.0
2026-10-01 23:58:00-04:00,92.62000274658203,92.62999725341797,92.5999984741211,92.62999725341797,92.62999725341797,32,0.0,0.0
2026-10-02 00:00:00-04:00,92.56999969482422,92.58999633789062,92.44999694824219,92.48999786376953,92.48999786376953,445,0.0,0.0
2026-10-02 00:01:00-04:00,92.5,92.51000213623047,92.45999908447266,92.45999908447266,92.45999908447266,38,0.0,0.0
2026-10-02 00:02:00-04:00,92.47000122070312,92.5199966430664,92.47000122070312,92.4800033569336,92.4800033569336,68,0.0,0.0
2026-10-02 00:03:00-04:00,92.4800033569336,92.55999755859375,92.4800033569336,92.52999877929688,92.52999877929688,90,0.0,0.0
2026-10-02 00:04:00-04:00,92.5199966430664,92.58000183105469,92.5199966430664,92.55999755859375,92.55999755859375,41,0.0,0.0
2026-10-02 00:05:00-04:00,92.55000305175781,92.58000183105469,92.55000305175781,92.55000305175781,92.55000305175781,31,0.0,0.0
2026-10-02 00:06:00-04:00,92.54000091552734,92.54000091552734,92.45999908447266,92.48999786376953,92.48999786376953,44,0.0,0.0
2026-10-02 00:07:00-04:00,92.4800033569336,92.51000213623047,92.4800033569336,92.51000213623047,92.51000213623047,61,0.0,0.0
2026-10-02 00:08:00-04:00,92.48999786376953,92.51000213623047,92.4800033569336,92.5,92.5,17,0.0,0.0
2026-10-02 00:09:00-04:00,92.51000213623047,92.51000213623047,92.48999786376953,92.51000213623047,92.51000213623047,26,0.0,0.0
2026-10-02 00:10:00-04:00,92.48999786376953,92.5,92.48999786376953,92.5,92.5,3,0.0,0.0
2026-10-02 00:11:00-04:00,92.48999786376953,92.51000213623047,92.45999908447266,92.48999786376953,92.48999786376953,51,0.0,0.0
2026-10-02 00:12:00-04:00,92.47000122070312,92.47000122070312,92.44999694824219,92.44999694824219,92.44999694824219,13,0.0,0.0
2026-10-02 00:13:00-04:00,92.45999908447266,92.47000122070312,92.44000244140625,92.44999694824219,92.44999694824219,44,0.0,0.0
2026-10-02 00:14:00-04:00,92.44000244140625,92.4800033569336,92.44000244140625,92.44999694824219,92.44999694824219,22,0.0,0.0
2026-10-02 00:15:00-04:00,92.45999908447266,92.4800033569336,92.43000030517578,92.43000030517578,92.43000030517578,28,0.0,0.0
2026-10-02 00:16:00-04:00,92.41999816894531,92.44999694824219,92.41000366210938,92.44000244140625,92.44000244140625,23,0.0,0.0
2026-10-02 00:17:00-04:00,92.44000244140625,92.45999908447266,92.41000366210938,92.45999908447266,92.45999908447266,40,0.0,0.0
2026-10-02 00:18:00-04:00,92.45999908447266,92.48999786376953,92.44999694824219,92.45999908447266,92.45999908447266,47,0.0,0.0
2026-10-02 00:19:00-04:00,92.44999694824219,92.54000091552734,92.44999694824219,92.54000091552734,92.54000091552734,43,0.0,0.0
2026-10-02 00:20:00-04:00,92.52999877929688,92.55000305175781,92.5199966430664,92.55000305175781,92.55000305175781,15,0.0,0.0
2026-10-02 00:21:00-04:00,92.54000091552734,92.63999938964844,92.54000091552734,92.62000274658203,92.62000274658203,82,0.0,0.0
2026-10-02 00:22:00-04:00,92.62000274658203,92.63999938964844,92.55999755859375,92.55999755859375,92.55999755859375,57,0.0,0.0
2026-10-02 00:23:00-04:00,92.55000305175781,92.58000183105469,92.54000091552734,92.56999969482422,92.56999969482422,23,0.0,0.0
2026-10-02 00:24:00-04:00,92.55999755859375,92.58000183105469,92.55000305175781,92.58000183105469,92.58000183105469,7,0.0,0.0
2026-10-02 00:25:00-04:00,92.54000091552734,92.55000305175781,92.48999786376953,92.5199966430664,92.5199966430664,27,0.0,0.0
2026-10-02 00:26:00-04:00,92.51000213623047,92.55000305175781,92.51000213623047,92.55000305175781,92.55000305175781,10,0.0,0.0
2026-10-02 00:27:00-04:00,92.55999755859375,92.58999633789062,92.55000305175781,92.55000305175781,92.55000305175781,67,0.0,0.0
2026-10-02 00:28:00-04:00,92.54000091552734,92.55000305175781,92.5199966430664,92.55000305175781,92.55000305175781,14,0.0,0.0
2026-10-02 00:29:00-04:00,92.55000305175781,92.58999633789062,92.54000091552734,92.58000183105469,92.58000183105469,32,0.0,0.0
2026-10-02 00:30:00-04:00,92.58999633789062,92.58999633789062,92.55000305175781,92.55000305175781,92.55000305175781,22,0.0,0.0
2026-10-02 00:31:00-04:00,92.56999969482422,92.58000183105469,92.55999755859375,92.55999755859375,92.55999755859375,12,0.0,0.0
2026-10-02 00:32:00-04:00,92.55000305175781,92.58999633789062,92.55000305175781,92.58000183105469,92.58000183105469,17,0.0,0.0
2026-10-02 00:33:00-04:00,92.58999633789062,92.61000061035156,92.56999969482422,92.56999969482422,92.56999969482422,36,0.0,0.0
2026-10-02 00:34:00-04:00,92.61000061035156,92.66000366210938,92.58999633789062,92.5999984741211,92.5999984741211,75,0.0,0.0
2026-10-02 00:35:00-04:00,92.58999633789062,92.61000061035156,92.58999633789062,92.61000061035156,92.61000061035156,22,0.0,0.0
2026-10-02 00:36:00-04:00,92.62000274658203,92.62000274658203,92.58999633789062,92.58999633789062,92.58999633789062,19,0.0,0.0
2026-10-02 00:37:00-04:00,92.58000183105469,92.58999633789062,92.58000183105469,92.58999633789062,92.58999633789062,15,0.0,0.0
2026-10-02 00:38:00-04:00,92.62000274658203,92.6500015258789,92.61000061035156,92.62000274658203,92.62000274658203,28,0.0,0.0
2026-10-02 00:39:00-04:00,92.62000274658203,92.62999725341797,92.62000274658203,92.62999725341797,92.62999725341797,5,0.0,0.0
2026-10-02 00:40:00-04:00,92.68000030517578,92.70999908447266,92.61000061035156,92.61000061035156,92.61000061035156,81,0.0,0.0
2026-10-02 00:41:00-04:00,92.5999984741211,92.5999984741211,92.5199966430664,92.56999969482422,92.56999969482422,45,0.0,0.0
2026-10-02 00:42:00-04:00,92.56999969482422,92.5999984741211,92.56999969482422,92.58999633789062,92.58999633789062,7,0.0,0.0
2026-10-02 00:43:00-04:00,92.5999984741211,92.62000274658203,92.5999984741211,92.62000274658203,92.62000274658203,7,0.0,0.0
2026-10-02 00:44:00-04:00,92.62999725341797,92.63999938964844,92.62999725341797,92.63999938964844,92.63999938964844,4,0.0,0.0
2026-10-02 00:45:00-04:00,92.62999725341797,92.63999938964844,92.5999984741211,92.62999725341797,92.62999725341797,16,0.0,0.0
2026-10-02 00:46:00-04:00,92.63999938964844,92.69000244140625,92.62999725341797,92.69000244140625,92.69000244140625,37,0.0,0.0
2026-10-02 00:47:00-04:00,92.69999694824219,92.69999694824219,92.66000366210938,92.68000030517578,92.68000030517578,16,0.0,0.0
2026-10-02 00:48:00-04:00,92.72000122070312,92.73999786376953,92.68000030517578,92.68000030517578,92.68000030517578,45,0.0,0.0
2026-10-02 00:49:00-04:00,92.69999694824219,92.70999908447266,92.66999816894531,92.66999816894531,92.66999816894531,27,0.0,0.0
2026-10-02 00:50:00-04:00,92.66999816894531,92.68000030517578,92.66000366210938,92.68000030517578,92.68000030517578,11,0.0,0.0
2026-10-02 00:51:00-04:00,92.66999816894531,92.66999816894531,92.66000366210938,92.66000366210938,92.66000366210938,17,0.0,0.0
2026-10-02 00:52:00-04:00,92.6500015258789,92.6500015258789,92.63999938964844,92.6500015258789,92.6500015258789,9,0.0,0.0
2026-10-02 00:53:00-04:00,92.62000274658203,92.69999694824219,92.61000061035156,92.69999694824219,92.69999694824219,29,0.0,0.0
2026-10-02 00:54:00-04:00,92.70999908447266,92.70999908447266,92.66000366210938,92.66000366210938,92.66000366210938,20,0.0,0.0
2026-10-02 00:55:00-04:00,92.66999816894531,92.66999816894531,92.55999755859375,92.55999755859375,92.55999755859375,92,0.0,0.0
2026-10-02 00:56:00-04:00,92.56999969482422,92.58999633789062,92.56999969482422,92.58999633789062,92.58999633789062,8,0.0,0.0
2026-10-02 00:57:00-04:00,92.58000183105469,92.63999938964844,92.58000183105469,92.62999725341797,92.62999725341797,20,0.0,0.0
2026-10-02 00:58:00-04:00,92.62000274658203,92.62000274658203,92.55000305175781,92.55000305175781,92.55000305175781,6,0.0,0.0
2026-10-02 00:59:00-04:00,92.54000091552734,92.55999755859375,92.5199966430664,92.55000305175781,92.55000305175781,62,0.0,0.0
2026-10-02 01:00:00-04:00,92.52999877929688,92.56999969482422,92.5199966430664,92.56999969482422,92.56999969482422,34,0.0,0.0
2026-10-02 01:01:00-04:00,92.54000091552734,92.55999755859375,92.52999877929688,92.55000305175781,92.55000305175781,40,0.0,0.0
2026-10-02 01:02:00-04:00,92.55999755859375,92.58999633789062,92.51000213623047,92.51000213623047,92.51000213623047,26,0.0,0.0
2026-10-02 01:03:00-04:00,92.51000213623047,92.51000213623047,92.38999938964844,92.41000366210938,92.41000366210938,148,0.0,0.0
2026-10-02 01:04:00-04:00,92.41999816894531,92.44000244140625,92.4000015258789,92.41000366210938,92.41000366210938,28,0.0,0.0
2026-10-02 01:05:00-04:00,92.41000366210938,92.41999816894531,92.37999725341797,92.4000015258789,92.4000015258789,81,0.0,0.0
2026-10-02 01:06:00-04:00,92.41000366210938,92.41999816894531,92.38999938964844,92.4000015258789,92.4000015258789,22,0.0,0.0
2026-10-02 01:07:00-04:00,92.38999938964844,92.41000366210938,92.37999725341797,92.41000366210938,92.41000366210938,56,0.0,0.0
2026-10-02 01:08:00-04:00,92.38999938964844,92.41000366210938,92.23999786376953,92.30000305175781,92.30000305175781,438,0.0,0.0
2026-10-02 01:09:00-04:00,92.31999969482422,92.3499984741211,92.30000305175781,92.33000183105469,92.33000183105469,79,0.0,0.0
2026-10-02 01:10:00-04:00,92.30000305175781,92.30999755859375,92.23999786376953,92.2699966430664,92.2699966430664,92,0.0,0.0
2026-10-02 01:11:00-04:00,92.2699966430664,92.29000091552734,92.18000030517578,92.18000030517578,92.18000030517578,137,0.0,0.0
2026-10-02 01:12:00-04:00,92.16999816894531,92.22000122070312,92.12999725341797,92.19000244140625,92.19000244140625,485,0.0,0.0
2026-10-02 01:13:00-04:00,92.19000244140625,92.30999755859375,92.19000244140625,92.30999755859375,92.30999755859375,125,0.0,0.0
2026-10-02 01:14:00-04:00,92.31999969482422,92.33999633789062,92.27999877929688,92.27999877929688,92.27999877929688,59,0.0,0.0
2026-10-02 01:15:00-04:00,92.27999877929688,92.30999755859375,92.2699966430664,92.30000305175781,92.30000305175781,45,0.0,0.0
2026-10-02 01:16:00-04:00,92.27999877929688,92.3499984741211,92.27999877929688,92.3499984741211,92.3499984741211,85,0.0,0.0
2026-10-02 01:17:00-04:00,92.36000061035156,92.37000274658203,92.33000183105469,92.33000183105469,92.33000183105469,61,0.0,0.0
2026-10-02 01:18:00-04:00,92.33000183105469,92.4000015258789,92.33000183105469,92.38999938964844,92.38999938964844,36,0.0,0.0
2026-10-02 01:19:00-04:00,92.41000366210938,92.43000030517578,92.37999725341797,92.37999725341797,92.37999725341797,35,0.0,0.0
2026-10-02 01:20:00-04:00,92.37000274658203,92.4000015258789,92.37000274658203,92.4000015258789,92.4000015258789,12,0.0,0.0
2026-10-02 01:21:00-04:00,92.38999938964844,92.43000030517578,92.37999725341797,92.4000015258789,92.4000015258789,34,0.0,0.0
2026-10-02 01:22:00-04:00,92.41999816894531,92.41999816894531,92.38999938964844,92.4000015258789,92.4000015258789,36,0.0,0.0
2026-10-02 01:23:00-04:00,92.38999938964844,92.38999938964844,92.37999725341797,92.38999938964844,92.38999938964844,4,0.0,0.0
2026-10-02 01:24:00-04:00,92.41000366210938,92.44000244140625,92.41000366210938,92.44000244140625,92.44000244140625,14,0.0,0.0
2026-10-02 01:25:00-04:00,92.47000122070312,92.47000122070312,92.41000366210938,92.41000366210938,92.41000366210938,41,0.0,0.0
2026-10-02 01:26:00-04:00,92.41000366210938,92.44000244140625,92.4000015258789,92.43000030517578,92.43000030517578,22,0.0,0.0
2026-10-02 01:27:00-04:00,92.45999908447266,92.47000122070312,92.45999908447266,92.45999908447266,92.45999908447266,19,0.0,0.0
2026-10-02 01:28:00-04:00,92.44999694824219,92.47000122070312,92.44999694824219,92.47000122070312,92.47000122070312,16,0.0,0.0
2026-10-02 01:29:00-04:00,92.45999908447266,92.45999908447266,92.44000244140625,92.44999694824219,92.44999694824219,11,0.0,0.0
2026-10-02 01:30:00-04:00,92.45999908447266,92.4800033569336,92.44999694824219,92.44999694824219,92.44999694824219,24,0.0,0.0
2026-10-02 01:31:00-04:00,92.47000122070312,92.47000122070312,92.44000244140625,92.44000244140625,92.44000244140625,17,0.0,0.0
2026-10-02 01:32:00-04:00,92.43000030517578,92.43000030517578,92.41999816894531,92.43000030517578,92.43000030517578,11,0.0,0.0
2026-10-02 01:33:00-04:00,92.41999816894531,92.44000244140625,92.41999816894531,92.44000244140625,92.44000244140625,12,0.0,0.0
2026-10-02 01:34:00-04:00,92.44000244140625,92.44000244140625,92.41000366210938,92.41000366210938,92.41000366210938,9,0.0,0.0
2026-10-02 01:35:00-04:00,92.43000030517578,92.5,92.41999816894531,92.4800033569336,92.4800033569336,36,0.0,0.0
2026-10-02 01:36:00-04:00,92.4800033569336,92.58000183105469,92.4800033569336,92.55999755859375,92.55999755859375,54,0.0,0.0
2026-10-02 01:37:00-04:00,92.54000091552734,92.54000091552734,92.48999786376953,92.48999786376953,92.48999786376953,84,0.0,0.0
2026-10-02 01:38:00-04:00,92.4800033569336,92.5,92.47000122070312,92.4800033569336,92.4800033569336,23,0.0,0.0
2026-10-02 01:39:00-04:00,92.48999786376953,92.48999786376953,92.44000244140625,92.44999694824219,92.44999694824219,10,0.0,0.0
2026-10-02 01:40:00-04:00,92.44000244140625,92.44999694824219,92.4000015258789,92.43000030517578,92.43000030517578,49,0.0,0.0
2026-10-02 01:41:00-04:00,92.43000030517578,92.4800033569336,92.4000015258789,92.47000122070312,92.47000122070312,42,0.0,0.0
2026-10-02 01:42:00-04:00,92.47000122070312,92.48999786376953,92.47000122070312,92.48999786376953,92.48999786376953,7,0.0,0.0
2026-10-02 01:43:00-04:00,92.48999786376953,92.51000213623047,92.4800033569336,92.4800033569336,92.4800033569336,18,0.0,0.0
2026-10-02 01:44:00-04:00,92.45999908447266,92.47000122070312,92.45999908447266,92.47000122070312,92.47000122070312,4,0.0,0.0
2026-10-02 01:45:00-04:00,92.4800033569336,92.52999877929688,92.45999908447266,92.5,92.5,15,0.0,0.0
2026-10-02 01:46:00-04:00,92.5,92.51000213623047,92.5,92.5,92.5,5,0.0,0.0
2026-10-02 01:47:00-04:00,92.5,92.5,92.47000122070312,92.48999786376953,92.48999786376953,9,0.0,0.0
2026-10-02 01:48:00-04:00,92.5,92.54000091552734,92.5,92.54000091552734,92.54000091552734,19,0.0,0.0
2026-10-02 01:49:00-04:00,92.52999877929688,92.54000091552734,92.5,92.52999877929688,92.52999877929688,19,0.0,0.0
2026-10-02 01:50:00-04:00,92.52999877929688,92.56999969482422,92.52999877929688,92.55000305175781,92.55000305175781,32,0.0,0.0
2026-10-02 01:51:00-04:00,92.54000091552734,92.62999725341797,92.54000091552734,92.62000274658203,92.62000274658203,62,0.0,0.0
2026-10-02 01:52:00-04:00,92.61000061035156,92.62000274658203,92.58000183105469,92.58999633789062,92.58999633789062,46,0.0,0.0
2026-10-02 01:53:00-04:00,92.58999633789062,92.63999938964844,92.58000183105469,92.63999938964844,92.63999938964844,26,0.0,0.0
2026-10-02 01:54:00-04:00,92.6500015258789,92.70999908447266,92.63999938964844,92.68000030517578,92.68000030517578,82,0.0,0.0
2026-10-02 01:55:00-04:00,92.66999816894531,92.66999816894531,92.61000061035156,92.62000274658203,92.62000274658203,29,0.0,0.0
2026-10-02 01:56:00-04:00,92.61000061035156,92.62000274658203,92.56999969482422,92.61000061035156,92.61000061035156,22,0.0,0.0
2026-10-02 01:57:00-04:00,92.5999984741211,92.5999984741211,92.44000244140625,92.5,92.5,195,0.0,0.0
2026-10-02 01:58:00-04:00,92.51000213623047,92.52999877929688,92.47000122070312,92.48999786376953,92.48999786376953,73,0.0,0.0
2026-10-02 01:59:00-04:00,92.5,92.5,92.41999816894531,92.48999786376953,92.48999786376953,62,0.0,0.0
2026-10-02 02:00:00-04:00,92.48999786376953,92.66000366210938,92.4800033569336,92.61000061035156,92.61000061035156,222,0.0,0.0
2026-10-02 02:01:00-04:00,92.62000274658203,92.62000274658203,92.52999877929688,92.5999984741211,92.5999984741211,98,0.0,0.0
2026-10-02 02:02:00-04:00,92.58999633789062,92.63999938964844,92.56999969482422,92.62000274658203,92.62000274658203,41,0.0,0.0
2026-10-02 02:03:00-04:00,92.62999725341797,92.66000366210938,92.58000183105469,92.58999633789062,92.58999633789062,62,0.0,0.0
2026-10-02 02:04:00-04:00,92.58000183105469,92.58999633789062,92.52999877929688,92.56999969482422,92.56999969482422,31,0.0,0.0
2026-10-02 02:05:00-04:00,92.55000305175781,92.55999755859375,92.5,92.55000305175781,92.55000305175781,82,0.0,0.0
2026-10-02 02:06:00-04:00,92.55999755859375,92.55999755859375,92.5,92.5199966430664,92.5199966430664,43,0.0,0.0
2026-10-02 02:07:00-04:00,92.5,92.5199966430664,92.36000061035156,92.36000061035156,92.36000061035156,255,0.0,0.0
2026-10-02 02:08:00-04:00,92.37999725341797,92.41999816894531,92.29000091552734,92.30000305175781,92.30000305175781,258,0.0,0.0
2026-10-02 02:09:00-04:00,92.29000091552734,92.31999969482422,92.25,92.30000305175781,92.30000305175781,83,0.0,0.0
2026-10-02 02:10:00-04:00,92.27999877929688,92.37000274658203,92.27999877929688,92.30000305175781,92.30000305175781,79,0.0,0.0
2026-10-02 02:11:00-04:00,92.29000091552734,92.29000091552734,92.20999908447266,92.2300033569336,92.2300033569336,185,0.0,0.0
2026-10-02 02:12:00-04:00,92.23999786376953,92.23999786376953,92.12999725341797,92.18000030517578,92.18000030517578,237,0.0,0.0
2026-10-02 02:13:00-04:00,92.16000366210938,92.19999694824219,92.12000274658203,92.18000030517578,92.18000030517578,57,0.0,0.0
2026-10-02 02:14:00-04:00,92.19000244140625,92.20999908447266,92.16000366210938,92.19999694824219,92.19999694824219,40,0.0,0.0
2026-10-02 02:15:00-04:00,92.19000244140625,92.23999786376953,92.08999633789062,92.12000274658203,92.12000274658203,114,0.0,0.0
2026-10-02 02:16:00-04:00,92.12999725341797,92.19999694824219,92.12000274658203,92.19000244140625,92.19000244140625,57,0.0,0.0
2026-10-02 02:17:00-04:00,92.19000244140625,92.26000213623047,92.19000244140625,92.25,92.25,92,0.0,0.0
2026-10-02 02:18:00-04:00,92.25,92.29000091552734,92.25,92.2699966430664,92.2699966430664,58,0.0,0.0
2026-10-02 02:19:00-04:00,92.27999877929688,92.30999755859375,92.2300033569336,92.29000091552734,92.29000091552734,80,0.0,0.0
2026-10-02 02:20:00-04:00,92.25,92.29000091552734,92.2300033569336,92.2699966430664,92.2699966430664,111,0.0,0.0
2026-10-02 02:21:00-04:00,92.26000213623047,92.2699966430664,92.22000122070312,92.22000122070312,92.22000122070312,62,0.0,0.0
2026-10-02 02:22:00-04:00,92.2300033569336,92.2300033569336,92.11000061035156,92.11000061035156,92.11000061035156,96,0.0,0.0
2026-10-02 02:23:00-04:00,92.12000274658203,92.19999694824219,92.12000274658203,92.18000030517578,92.18000030517578,64,0.0,0.0
2026-10-02 02:24:00-04:00,92.19999694824219,92.19999694824219,92.1500015258789,92.16999816894531,92.16999816894531,88,0.0,0.0
2026-10-02 02:25:00-04:00,92.16999816894531,92.19000244140625,92.12000274658203,92.16999816894531,92.16999816894531,155,0.0,0.0
2026-10-02 02:26:00-04:00,92.18000030517578,92.19999694824219,92.1500015258789,92.19999694824219,92.19999694824219,29,0.0,0.0
2026-10-02 02:27:00-04:00,92.19000244140625,92.23999786376953,92.19000244140625,92.19000244140625,92.19000244140625,43,0.0,0.0
2026-10-02 02:28:00-04:00,92.19000244140625,92.19999694824219,92.13999938964844,92.1500015258789,92.1500015258789,21,0.0,0.0
2026-10-02 02:29:00-04:00,92.18000030517578,92.20999908447266,92.13999938964844,92.13999938964844,92.13999938964844,44,0.0,0.0
2026-10-02 02:30:00-04:00,92.1500015258789,92.20999908447266,92.06999969482422,92.18000030517578,92.18000030517578,99,0.0,0.0
2026-10-02 02:31:00-04:00,92.18000030517578,92.18000030517578,92.06999969482422,92.11000061035156,92.11000061035156,299,0.0,0.0
2026-10-02 02:32:00-04:00,92.16000366210938,92.16999816894531,92.08000183105469,92.0999984741211,92.0999984741211,69,0.0,0.0
2026-10-02 02:33:00-04:00,92.0999984741211,92.16999816894531,92.0999984741211,92.1500015258789,92.1500015258789,81,0.0,0.0
2026-10-02 02:34:00-04:00,92.1500015258789,92.20999908447266,92.13999938964844,92.19000244140625,92.19000244140625,150,0.0,0.0
2026-10-02 02:35:00-04:00,92.20999908447266,92.20999908447266,91.97000122070312,92.0,92.0,833,0.0,0.0
2026-10-02 02:36:00-04:00,91.98999786376953,92.05000305175781,91.98999786376953,92.02999877929688,92.02999877929688,104,0.0,0.0
2026-10-02 02:37:00-04:00,92.01000213623047,92.0199966430664,91.9000015258789,91.95999908447266,91.95999908447266,173,0.0,0.0
2026-10-02 02:38:00-04:00,91.94999694824219,91.9800033569336,91.93000030517578,91.94999694824219,91.94999694824219,74,0.0,0.0
2026-10-02 02:39:00-04:00,91.94999694824219,91.95999908447266,91.91999816894531,91.94999694824219,91.94999694824219,54,0.0,0.0
2026-10-02 02:40:00-04:00,91.94999694824219,91.97000122070312,91.93000030517578,91.93000030517578,91.93000030517578,74,0.0,0.0
2026-10-02 02:41:00-04:00,91.91999816894531,91.95999908447266,91.8499984741211,91.87000274658203,91.87000274658203,145,0.0,0.0
2026-10-02 02:42:00-04:00,91.87000274658203,91.91000366210938,91.86000061035156,91.87999725341797,91.87999725341797,85,0.0,0.0
2026-10-02 02:43:00-04:00,91.88999938964844,91.88999938964844,91.77999877929688,91.80000305175781,91.80000305175781,115,0.0,0.0
2026-10-02 02:44:00-04:00,91.80000305175781,91.83999633789062,91.79000091552734,91.83000183105469,91.83000183105469,61,0.0,0.0
2026-10-02 02:45:00-04:00,91.83000183105469,91.87999725341797,91.83000183105469,91.87000274658203,91.87000274658203,125,0.0,0.0
2026-10-02 02:46:00-04:00,91.83999633789062,91.87999725341797,91.83999633789062,91.8499984741211,91.8499984741211,79,0.0,0.0
2026-10-02 02:47:00-04:00,91.80999755859375,91.83999633789062,91.76000213623047,91.79000091552734,91.79000091552734,177,0.0,0.0
2026-10-02 02:48:00-04:00,91.7699966430664,91.77999877929688,91.75,91.77999877929688,91.77999877929688,81,0.0,0.0
2026-10-02 02:49:00-04:00,91.79000091552734,91.80000305175781,91.7300033569336,91.7699966430664,91.7699966430664,211,0.0,0.0
2026-10-02 02:50:00-04:00,91.7699966430664,91.83999633789062,91.69000244140625,91.83999633789062,91.83999633789062,167,0.0,0.0
2026-10-02 02:51:00-04:00,91.83000183105469,91.88999938964844,91.83000183105469,91.87000274658203,91.87000274658203,156,0.0,0.0
2026-10-02 02:52:00-04:00,91.87999725341797,91.9000015258789,91.8499984741211,91.9000015258789,91.9000015258789,77,0.0,0.0
2026-10-02 02:53:00-04:00,91.9000015258789,91.98999786376953,91.9000015258789,91.94000244140625,91.94000244140625,198,0.0,0.0
2026-10-02 02:54:00-04:00,91.93000030517578,91.9800033569336,91.93000030517578,91.97000122070312,91.97000122070312,50,0.0,0.0
2026-10-02 02:55:00-04:00,91.95999908447266,91.9800033569336,91.8499984741211,91.87000274658203,91.87000274658203,160,0.0,0.0
2026-10-02 02:56:00-04:00,91.8499984741211,91.86000061035156,91.83000183105469,91.8499984741211,91.8499984741211,84,0.0,0.0
2026-10-02 02:57:00-04:00,91.83000183105469,91.83000183105469,91.76000213623047,91.77999877929688,91.77999877929688,121,0.0,0.0
2026-10-02 02:58:00-04:00,91.77999877929688,91.81999969482422,91.69999694824219,91.73999786376953,91.73999786376953,186,0.0,0.0
2026-10-02 02:59:00-04:00,91.73999786376953,91.76000213623047,91.63999938964844,91.66000366210938,91.66000366210938,180,0.0,0.0
2026-10-02 03:00:00-04:00,91.66000366210938,91.68000030517578,91.55999755859375,91.58000183105469,91.58000183105469,469,0.0,0.0
2026-10-02 03:01:00-04:00,91.58999633789062,91.58999633789062,91.4800033569336,91.51000213623047,91.51000213623047,655,0.0,0.0
2026-10-02 03:02:00-04:00,91.5,91.54000091552734,91.4800033569336,91.48999786376953,91.48999786376953,125,0.0,0.0
2026-10-02 03:03:00-04:00,91.4800033569336,91.58000183105469,91.4800033569336,91.4800033569336,91.4800033569336,162,0.0,0.0
2026-10-02 03:04:00-04:00,91.48999786376953,91.62000274658203,91.48999786376953,91.61000061035156,91.61000061035156,232,0.0,0.0
2026-10-02 03:05:00-04:00,91.5999984741211,91.7300033569336,91.58000183105469,91.72000122070312,91.72000122070312,203,0.0,0.0
2026-10-02 03:06:00-04:00,91.70999908447266,91.73999786376953,91.47000122070312,91.51000213623047,91.51000213623047,1100,0.0,0.0
2026-10-02 03:07:00-04:00,91.5199966430664,91.63999938964844,91.51000213623047,91.5999984741211,91.5999984741211,199,0.0,0.0
2026-10-02 03:08:00-04:00,91.62000274658203,91.66999816894531,91.58999633789062,91.66999816894531,91.66999816894531,139,0.0,0.0
2026-10-02 03:09:00-04:00,91.68000030517578,91.68000030517578,91.62000274658203,91.62000274658203,91.62000274658203,85,0.0,0.0
2026-10-02 03:10:00-04:00,91.62999725341797,91.66000366210938,91.4800033569336,91.4800033569336,91.4800033569336,113,0.0,0.0
2026-10-02 03:11:00-04:00,91.45999908447266,91.51000213623047,91.45999908447266,91.51000213623047,91.51000213623047,181,0.0,0.0
2026-10-02 03:12:00-04:00,91.5199966430664,91.52999877929688,91.4000015258789,91.41000366210938,91.41000366210938,198,0.0,0.0
2026-10-02 03:13:00-04:00,91.38999938964844,91.41000366210938,91.31999969482422,91.33999633789062,91.33999633789062,299,0.0,0.0
2026-10-02 03:14:00-04:00,91.3499984741211,91.41999816894531,91.30999755859375,91.4000015258789,91.4000015258789,203,0.0,0.0
2026-10-02 03:15:00-04:00,91.37999725341797,91.44999694824219,91.31999969482422,91.3499984741211,91.3499984741211,184,0.0,0.0
2026-10-02 03:16:00-04:00,91.33000183105469,91.41999816894531,91.30999755859375,91.41999816894531,91.41999816894531,110,0.0,0.0
2026-10-02 03:17:00-04:00,91.41000366210938,91.41999816894531,91.2699966430664,91.29000091552734,91.29000091552734,380,0.0,0.0
2026-10-02 03:18:00-04:00,91.30000305175781,91.31999969482422,91.27999877929688,91.29000091552734,91.29000091552734,221,0.0,0.0
2026-10-02 03:19:00-04:00,91.29000091552734,91.31999969482422,91.2300033569336,91.26000213623047,91.26000213623047,391,0.0,0.0
2026-10-02 03:20:00-04:00,91.25,91.27999877929688,91.16999816894531,91.18000030517578,91.18000030517578,244,0.0,0.0
2026-10-02 03:21:00-04:00,91.18000030517578,91.23999786376953,91.16999816894531,91.22000122070312,91.22000122070312,182,0.0,0.0
2026-10-02 03:22:00-04:00,91.22000122070312,91.27999877929688,91.19000244140625,91.25,91.25,117,0.0,0.0
2026-10-02 03:23:00-04:00,91.26000213623047,91.3499984741211,91.23999786376953,91.30999755859375,91.30999755859375,204,0.0,0.0
2026-10-02 03:24:00-04:00,91.30999755859375,91.30999755859375,91.2699966430664,91.29000091552734,91.29000091552734,89,0.0,0.0
2026-10-02 03:25:00-04:00,91.27999877929688,91.29000091552734,91.16000366210938,91.22000122070312,91.22000122070312,173,0.0,0.0
2026-10-02 03:26:00-04:00,91.20999908447266,91.27999877929688,91.16000366210938,91.23999786376953,91.23999786376953,125,0.0,0.0
2026-10-02 03:27:00-04:00,91.2300033569336,91.27999877929688,91.2300033569336,91.26000213623047,91.26000213623047,76,0.0,0.0
2026-10-02 03:28:00-04:00,91.25,91.29000091552734,91.22000122070312,91.25,91.25,90,0.0,0.0
2026-10-02 03:29:00-04:00,91.2300033569336,91.26000213623047,91.16999816894531,91.22000122070312,91.22000122070312,145,0.0,0.0
2026-10-02 03:30:00-04:00,91.20999908447266,91.20999908447266,91.0999984741211,91.1500015258789,91.1500015258789,200,0.0,0.0
2026-10-02 03:31:00-04:00,91.1500015258789,91.2300033569336,91.1500015258789,91.19000244140625,91.19000244140625,102,0.0,0.0
2026-10-02 03:32:00-04:00,91.19000244140625,91.19000244140625,91.12000274658203,91.12999725341797,91.12999725341797,146,0.0,0.0
2026-10-02 03:33:00-04:00,91.12999725341797,91.1500015258789,91.0999984741211,91.1500015258789,91.1500015258789,61,0.0,0.0
2026-10-02 03:34:00-04:00,91.16000366210938,91.19000244140625,91.11000061035156,91.11000061035156,91.11000061035156,111,0.0,0.0
2026-10-02 03:35:00-04:00,91.0999984741211,91.1500015258789,91.05999755859375,91.08999633789062,91.08999633789062,203,0.0,0.0
2026-10-02 03:36:00-04:00,91.06999969482422,91.08999633789062,90.94999694824219,90.98999786376953,90.98999786376953,383,0.0,0.0
2026-10-02 03:37:00-04:00,90.98999786376953,91.16999816894531,90.98999786376953,91.16000366210938,91.16000366210938,141,0.0,0.0
2026-10-02 03:38:00-04:00,91.12999725341797,91.1500015258789,91.05000305175781,91.06999969482422,91.06999969482422,125,0.0,0.0
2026-10-02 03:39:00-04:00,91.06999969482422,91.13999938964844,91.0,91.12000274658203,91.12000274658203,205,0.0,0.0
2026-10-02 03:40:00-04:00,91.12999725341797,91.19999694824219,91.04000091552734,91.05000305175781,91.05000305175781,231,0.0,0.0
2026-10-02 03:41:00-04:00,91.02999877929688,91.04000091552734,90.87999725341797,90.94999694824219,90.94999694824219,385,0.0,0.0
2026-10-02 03:42:00-04:00,90.95999908447266,90.97000122070312,90.87999725341797,90.91999816894531,90.91999816894531,262,0.0,0.0
2026-10-02 03:43:00-04:00,90.91999816894531,90.93000030517578,90.86000061035156,90.9000015258789,90.9000015258789,138,0.0,0.0
2026-10-02 03:44:00-04:00,90.87999725341797,90.9000015258789,90.83000183105469,90.86000061035156,90.86000061035156,162,0.0,0.0
2026-10-02 03:45:00-04:00,90.83000183105469,90.94999694824219,90.83000183105469,90.91000366210938,90.91000366210938,204,0.0,0.0
2026-10-02 03:46:00-04:00,90.9000015258789,90.93000030517578,90.86000061035156,90.9000015258789,90.9000015258789,103,0.0,0.0
2026-10-02 03:47:00-04:00,90.91000366210938,90.97000122070312,90.8499984741211,90.8499984741211,90.8499984741211,164,0.0,0.0
2026-10-02 03:48:00-04:00,90.83000183105469,90.87000274658203,90.77999877929688,90.83999633789062,90.83999633789062,153,0.0,0.0
2026-10-02 03:49:00-04:00,90.83000183105469,90.83000183105469,90.79000091552734,90.80000305175781,90.80000305175781,85,0.0,0.0
2026-10-02 03:50:00-04:00,90.79000091552734,90.80000305175781,90.63999938964844,90.68000030517578,90.68000030517578,260,0.0,0.0
2026-10-02 03:51:00-04:00,90.66999816894531,90.75,90.66999816894531,90.69999694824219,90.69999694824219,208,0.0,0.0
2026-10-02 03:52:00-04:00,90.70999908447266,90.83999633789062,90.68000030517578,90.81999969482422,90.81999969482422,228,0.0,0.0
2026-10-02 03:53:00-04:00,90.80000305175781,90.87000274658203,90.70999908447266,90.7300033569336,90.7300033569336,205,0.0,0.0
2026-10-02 03:54:00-04:00,90.7300033569336,90.83999633789062,90.70999908447266,90.80999755859375,90.80999755859375,152,0.0,0.0
2026-10-02 03:55:00-04:00,90.81999969482422,90.87999725341797,90.81999969482422,90.87000274658203,90.87000274658203,156,0.0,0.0
2026-10-02 03:56:00-04:00,90.86000061035156,90.86000061035156,90.76000213623047,90.77999877929688,90.77999877929688,115,0.0,0.0
2026-10-02 03:57:00-04:00,90.77999877929688,90.79000091552734,90.0999984741211,90.19000244140625,90.19000244140625,1432,0.0,0.0
2026-10-02 03:58:00-04:00,90.16000366210938,90.5,90.16000366210938,90.4800033569336,90.4800033569336,595,0.0,0.0
2026-10-02 03:59:00-04:00,90.5,90.52999877929688,90.19999694824219,90.22000122070312,90.22000122070312,440,0.0,0.0
2026-10-02 04:00:00-04:00,90.20999908447266,90.43000030517578,90.16999816894531,90.36000061035156,90.36000061035156,934,0.0,0.0
2026-10-02 04:01:00-04:00,90.37000274658203,90.41000366210938,90.29000091552734,90.37000274658203,90.37000274658203,379,0.0,0.0
2026-10-02 04:02:00-04:00,90.36000061035156,90.36000061035156,90.23999786376953,90.2699966430664,90.2699966430664,349,0.0,0.0
2026-10-02 04:03:00-04:00,90.27999877929688,90.27999877929688,90.0999984741211,90.11000061035156,90.11000061035156,464,0.0,0.0
2026-10-02 04:04:00-04:00,90.0999984741211,90.22000122070312,90.05000305175781,90.08000183105469,90.08000183105469,1002,0.0,0.0
2026-10-02 04:05:00-04:00,90.06999969482422,90.08999633789062,89.88999938964844,89.91999816894531,89.91999816894531,852,0.0,0.0
2026-10-02 04:06:00-04:00,89.91999816894531,89.94000244140625,89.66999816894531,89.66999816894531,89.66999816894531,595,0.0,0.0
2026-10-02 04:07:00-04:00,89.66000366210938,89.69000244140625,89.36000061035156,89.37999725341797,89.37999725341797,2154,0.0,0.0
2026-10-02 04:08:00-04:00,89.38999938964844,89.48999786376953,89.33000183105469,89.44999694824219,89.44999694824219,735,0.0,0.0
2026-10-02 04:09:00-04:00,89.45999908447266,89.48999786376953,89.36000061035156,89.37000274658203,89.37000274658203,499,0.0,0.0
2026-10-02 04:10:00-04:00,89.36000061035156,89.5199966430664,89.33999633789062,89.37000274658203,89.37000274658203,659,0.0,0.0
2026-10-02 04:11:00-04:00,89.37000274658203,89.62000274658203,89.29000091552734,89.48999786376953,89.48999786376953,817,0.0,0.0
2026-10-02 04:12:00-04:00,89.5,89.69999694824219,89.41999816894531,89.68000030517578,89.68000030517578,323,0.0,0.0
2026-10-02 04:13:00-04:00,89.6500015258789,89.69000244140625,89.44999694824219,89.56999969482422,89.56999969482422,936,0.0,0.0
2026-10-02 04:14:00-04:00,89.56999969482422,89.73999786376953,89.55000305175781,89.72000122070312,89.72000122070312,564,0.0,0.0
2026-10-02 04:15:00-04:00,89.72000122070312,89.87999725341797,89.66999816894531,89.83000183105469,89.83000183105469,920,0.0,0.0
2026-10-02 04:16:00-04:00,89.81999969482422,89.91000366210938,89.7699966430664,89.79000091552734,89.79000091552734,540,0.0,0.0
2026-10-02 04:17:00-04:00,89.77999877929688,89.80999755859375,89.68000030517578,89.80999755859375,89.80999755859375,1286,0.0,0.0
2026-10-02 04:18:00-04:00,89.80000305175781,89.87999725341797,89.79000091552734,89.87999725341797,89.87999725341797,686,0.0,0.0
2026-10-02 04:19:00-04:00,89.87000274658203,89.88999938964844,89.76000213623047,89.80999755859375,89.80999755859375,479,0.0,0.0
2026-10-02 04:20:00-04:00,89.80000305175781,89.87999725341797,89.72000122070312,89.81999969482422,89.81999969482422,587,0.0,0.0
2026-10-02 04:21:00-04:00,89.81999969482422,89.83000183105469,89.58999633789062,89.69999694824219,89.69999694824219,630,0.0,0.0
2026-10-02 04:22:00-04:00,89.70999908447266,89.80999755859375,89.69999694824219,89.72000122070312,89.72000122070312,165,0.0,0.0
2026-10-02 04:23:00-04:00,89.69999694824219,89.80000305175781,89.69999694824219,89.79000091552734,89.79000091552734,543,0.0,0.0
2026-10-02 04:24:00-04:00,89.76000213623047,89.80999755859375,89.69999694824219,89.77999877929688,89.77999877929688,210,0.0,0.0
2026-10-02 04:25:00-04:00,89.79000091552734,89.81999969482422,89.69000244140625,89.69999694824219,89.69999694824219,242,0.0,0.0
2026-10-02 04:26:00-04:00,89.69000244140625,89.75,89.69000244140625,89.7300033569336,89.7300033569336,151,0.0,0.0
2026-10-02 04:27:00-04:00,89.75,89.7699966430664,89.69000244140625,89.69000244140625,89.69000244140625,250,0.0,0.0
2026-10-02 04:28:00-04:00,89.69999694824219,89.72000122070312,89.63999938964844,89.66999816894531,89.66999816894531,306,0.0,0.0
2026-10-02 04:29:00-04:00,89.68000030517578,89.72000122070312,89.55000305175781,89.62000274658203,89.62000274658203,826,0.0,0.0
2026-10-02 04:30:00-04:00,89.5999984741211,89.62000274658203,89.41000366210938,89.48999786376953,89.48999786376953,635,0.0,0.0
2026-10-02 04:31:00-04:00,89.4800033569336,89.55999755859375,89.43000030517578,89.44000244140625,89.44000244140625,509,0.0,0.0
2026-10-02 04:32:00-04:00,89.44999694824219,89.56999969482422,89.41000366210938,89.5199966430664,89.5199966430664,426,0.0,0.0
2026-10-02 04:33:00-04:00,89.51000213623047,89.73999786376953,89.51000213623047,89.73999786376953,89.73999786376953,435,0.0,0.0
2026-10-02 04:34:00-04:00,89.72000122070312,89.80000305175781,89.62999725341797,89.6500015258789,89.6500015258789,493,0.0,0.0
2026-10-02 04:35:00-04:00,89.63999938964844,89.69999694824219,89.58999633789062,89.6500015258789,89.6500015258789,354,0.0,0.0
2026-10-02 04:36:00-04:00,89.61000061035156,89.63999938964844,89.4800033569336,89.51000213623047,89.51000213623047,265,0.0,0.0
2026-10-02 04:37:00-04:00,89.51000213623047,89.5199966430664,89.44000244140625,89.5199966430664,89.5199966430664,305,0.0,0.0
2026-10-02 04:38:00-04:00,89.5199966430664,89.55000305175781,89.47000122070312,89.5,89.5,173,0.0,0.0
2026-10-02 04:39:00-04:00,89.48999786376953,89.55999755859375,89.45999908447266,89.4800033569336,89.4800033569336,106,0.0,0.0
2026-10-02 04:40:00-04:00,89.4800033569336,89.4800033569336,89.37999725341797,89.45999908447266,89.45999908447266,884,0.0,0.0
2026-10-02 04:41:00-04:00,89.47000122070312,89.55999755859375,89.44000244140625,89.5199966430664,89.5199966430664,307,0.0,0.0
2026-10-02 04:42:00-04:00,89.5,89.55999755859375,89.44999694824219,89.51000213623047,89.51000213623047,301,0.0,0.0
2026-10-02 04:43:00-04:00,89.51000213623047,89.51000213623047,89.4000015258789,89.48999786376953,89.48999786376953,429,0.0,0.0
2026-10-02 04:44:00-04:00,89.47000122070312,89.5999984741211,89.45999908447266,89.55000305175781,89.55000305175781,263,0.0,0.0
2026-10-02 04:45:00-04:00,89.52999877929688,89.55000305175781,89.30999755859375,89.37999725341797,89.37999725341797,489,0.0,0.0
2026-10-02 04:46:00-04:00,89.41999816894531,89.44000244140625,89.26000213623047,89.4000015258789,89.4000015258789,524,0.0,0.0
2026-10-02 04:47:00-04:00,89.38999938964844,89.54000091552734,89.38999938964844,89.44999694824219,89.44999694824219,241,0.0,0.0
2026-10-02 04:48:00-04:00,89.44999694824219,89.44999694824219,89.2699966430664,89.3499984741211,89.3499984741211,174,0.0,0.0
2026-10-02 04:49:00-04:00,89.33999633789062,89.44000244140625,89.33000183105469,89.38999938964844,89.38999938964844,186,0.0,0.0
2026-10-02 04:50:00-04:00,89.30000305175781,89.37999725341797,89.08999633789062,89.13999938964844,89.13999938964844,649,0.0,0.0
2026-10-02 04:51:00-04:00,89.13999938964844,89.19000244140625,89.12000274658203,89.12000274658203,89.12000274658203,206,0.0,0.0
2026-10-02 04:52:00-04:00,89.12000274658203,89.2300033569336,89.11000061035156,89.2300033569336,89.2300033569336,227,0.0,0.0
2026-10-02 04:53:00-04:00,89.22000122070312,89.23999786376953,89.1500015258789,89.18000030517578,89.18000030517578,186,0.0,0.0
2026-10-02 04:54:00-04:00,89.16999816894531,89.19999694824219,89.12999725341797,89.1500015258789,89.1500015258789,289,0.0,0.0
2026-10-02 04:55:00-04:00,89.16000366210938,89.22000122070312,89.16000366210938,89.22000122070312,89.22000122070312,101,0.0,0.0
2026-10-02 04:56:00-04:00,89.2300033569336,89.2300033569336,89.11000061035156,89.1500015258789,89.1500015258789,165,0.0,0.0
2026-10-02 04:57:00-04:00,89.16999816894531,89.22000122070312,89.13999938964844,89.22000122070312,89.22000122070312,139,0.0,0.0
2026-10-02 04:58:00-04:00,89.20999908447266,89.30999755859375,89.20999908447266,89.30000305175781,89.30000305175781,362,0.0,0.0
2026-10-02 04:59:00-04:00,89.29000091552734,89.33999633789062,89.2300033569336,89.33999633789062,89.33999633789062,263,0.0,0.0
2026-10-02 05:00:00-04:00,89.30000305175781,89.33999633789062,89.23999786376953,89.33999633789062,89.33999633789062,208,0.0,0.0
2026-10-02 05:01:00-04:00,89.3499984741211,89.43000030517578,89.33000183105469,89.3499984741211,89.3499984741211,456,0.0,0.0
2026-10-02 05:02:00-04:00,89.33999633789062,89.52999877929688,89.33000183105469,89.47000122070312,89.47000122070312,377,0.0,0.0
2026-10-02 05:03:00-04:00,89.47000122070312,89.6500015258789,89.45999908447266,89.62999725341797,89.62999725341797,624,0.0,0.0
2026-10-02 05:04:00-04:00,89.62000274658203,89.63999938964844,89.37000274658203,89.4000015258789,89.4000015258789,242,0.0,0.0
2026-10-02 05:05:00-04:00,89.41000366210938,89.45999908447266,89.4000015258789,89.44000244140625,89.44000244140625,101,0.0,0.0
2026-10-02 05:06:00-04:00,89.45999908447266,89.4800033569336,89.31999969482422,89.45999908447266,89.45999908447266,239,0.0,0.0
2026-10-02 05:07:00-04:00,89.44999694824219,89.45999908447266,89.36000061035156,89.37999725341797,89.37999725341797,146,0.0,0.0
2026-10-02 05:08:00-04:00,89.38999938964844,89.45999908447266,89.37000274658203,89.41000366210938,89.41000366210938,195,0.0,0.0
2026-10-02 05:09:00-04:00,89.41999816894531,89.44000244140625,89.36000061035156,89.37000274658203,89.37000274658203,102,0.0,0.0
2026-10-02 05:10:00-04:00,89.36000061035156,89.37000274658203,89.26000213623047,89.29000091552734,89.29000091552734,307,0.0,0.0
2026-10-02 05:11:00-04:00,89.30000305175781,89.31999969482422,89.23999786376953,89.2699966430664,89.2699966430664,197,0.0,0.0
2026-10-02 05:12:00-04:00,89.26000213623047,89.26000213623047,89.1500015258789,89.1500015258789,89.1500015258789,293,0.0,0.0
2026-10-02 05:13:00-04:00,89.16000366210938,89.19000244140625,88.94999694824219,89.0199966430664,89.0199966430664,918,0.0,0.0
2026-10-02 05:14:00-04:00,89.0199966430664,89.0999984741211,88.94999694824219,88.9800033569336,88.9800033569336,329,0.0,0.0
2026-10-02 05:15:00-04:00,89.02999877929688,89.05000305175781,88.94999694824219,88.98999786376953,88.98999786376953,328,0.0,0.0
2026-10-02 05:16:00-04:00,88.98999786376953,88.98999786376953,88.83000183105469,88.87000274658203,88.87000274658203,742,0.0,0.0
2026-10-02 05:17:00-04:00,88.86000061035156,89.01000213623047,88.83000183105469,89.0,89.0,402,0.0,0.0
2026-10-02 05:18:00-04:00,88.98999786376953,89.16999816894531,88.97000122070312,89.16000366210938,89.16000366210938,352,0.0,0.0
2026-10-02 05:19:00-04:00,89.1500015258789,89.19000244140625,89.04000091552734,89.05999755859375,89.05999755859375,279,0.0,0.0
2026-10-02 05:20:00-04:00,89.04000091552734,89.08999633789062,88.9800033569336,89.04000091552734,89.04000091552734,182,0.0,0.0
2026-10-02 05:21:00-04:00,89.04000091552734,89.19000244140625,89.02999877929688,89.18000030517578,89.18000030517578,208,0.0,0.0
2026-10-02 05:22:00-04:00,89.18000030517578,89.19999694824219,89.08999633789062,89.11000061035156,89.11000061035156,273,0.0,0.0
2026-10-02 05:23:00-04:00,89.11000061035156,89.12999725341797,89.08999633789062,89.11000061035156,89.11000061035156,98,0.0,0.0
2026-10-02 05:24:00-04:00,89.12000274658203,89.12999725341797,89.05999755859375,89.06999969482422,89.06999969482422,115,0.0,0.0
2026-10-02 05:25:00-04:00,89.06999969482422,89.0999984741211,88.97000122070312,89.0199966430664,89.0199966430664,192,0.0,0.0
2026-10-02 05:26:00-04:00,89.0199966430664,89.08999633789062,88.94999694824219,89.08999633789062,89.08999633789062,282,0.0,0.0
2026-10-02 05:27:00-04:00,89.11000061035156,89.20999908447266,89.08999633789062,89.18000030517578,89.18000030517578,209,0.0,0.0
2026-10-02 05:28:00-04:00,89.19999694824219,89.2300033569336,89.16999816894531,89.18000030517578,89.18000030517578,184,0.0,0.0
2026-10-02 05:29:00-04:00,89.1500015258789,89.23999786376953,89.12000274658203,89.23999786376953,89.23999786376953,169,0.0,0.0
2026-10-02 05:30:00-04:00,89.22000122070312,89.2699966430664,89.19999694824219,89.19999694824219,89.19999694824219,326,0.0,0.0
2026-10-02 05:31:00-04:00,89.19000244140625,89.19999694824219,89.08000183105469,89.0999984741211,89.0999984741211,192,0.0,0.0
2026-10-02 05:32:00-04:00,89.0999984741211,89.12000274658203,89.04000091552734,89.08000183105469,89.08000183105469,81,0.0,0.0
2026-10-02 05:33:00-04:00,89.08000183105469,89.16999816894531,89.04000091552734,89.16000366210938,89.16000366210938,177,0.0,0.0
2026-10-02 05:34:00-04:00,89.13999938964844,89.23999786376953,89.13999938964844,89.18000030517578,89.18000030517578,166,0.0,0.0
2026-10-02 05:35:00-04:00,89.18000030517578,89.22000122070312,89.12000274658203,89.12999725341797,89.12999725341797,100,0.0,0.0
2026-10-02 05:36:00-04:00,89.13999938964844,89.1500015258789,88.9800033569336,89.06999969482422,89.06999969482422,188,0.0,0.0
2026-10-02 05:37:00-04:00,89.08000183105469,89.13999938964844,89.04000091552734,89.12999725341797,89.12999725341797,116,0.0,0.0
2026-10-02 05:38:00-04:00,89.12999725341797,89.20999908447266,89.12000274658203,89.20999908447266,89.20999908447266,167,0.0,0.0
2026-10-02 05:39:00-04:00,89.2300033569336,89.23999786376953,89.16000366210938,89.16999816894531,89.16999816894531,97,0.0,0.0
2026-10-02 05:40:00-04:00,89.16999816894531,89.22000122070312,89.13999938964844,89.20999908447266,89.20999908447266,104,0.0,0.0
2026-10-02 05:41:00-04:00,89.20999908447266,89.26000213623047,89.18000030517578,89.23999786376953,89.23999786376953,402,0.0,0.0
2026-10-02 05:42:00-04:00,89.25,89.30999755859375,89.18000030517578,89.30999755859375,89.30999755859375,262,0.0,0.0
2026-10-02 05:43:00-04:00,89.31999969482422,89.37000274658203,89.27999877929688,89.30999755859375,89.30999755859375,227,0.0,0.0
2026-10-02 05:44:00-04:00,89.27999877929688,89.30000305175781,89.26000213623047,89.29000091552734,89.29000091552734,161,0.0,0.0
2026-10-02 05:45:00-04:00,89.30000305175781,89.31999969482422,89.27999877929688,89.30000305175781,89.30000305175781,147,0.0,0.0
2026-10-02 05:46:00-04:00,89.29000091552734,89.62999725341797,89.26000213623047,89.41999816894531,89.41999816894531,1111,0.0,0.0
2026-10-02 05:47:00-04:00,89.43000030517578,89.66999816894531,89.38999938964844,89.58999633789062,89.58999633789062,1023,0.0,0.0
2026-10-02 05:48:00-04:00,89.55999755859375,89.58000183105469,89.37000274658203,89.37000274658203,89.37000274658203,507,0.0,0.0
2026-10-02 05:49:00-04:00,89.37999725341797,89.4000015258789,89.1500015258789,89.31999969482422,89.31999969482422,1161,0.0,0.0
2026-10-02 05:50:00-04:00,89.2699966430664,89.29000091552734,89.19000244140625,89.23999786376953,89.23999786376953,230,0.0,0.0
2026-10-02 05:51:00-04:00,89.25,89.37000274658203,89.20999908447266,89.31999969482422,89.31999969482422,212,0.0,0.0
2026-10-02 05:52:00-04:00,89.33000183105469,89.4000015258789,89.30000305175781,89.3499984741211,89.3499984741211,341,0.0,0.0
2026-10-02 05:53:00-04:00,89.3499984741211,89.37000274658203,89.2699966430664,89.27999877929688,89.27999877929688,254,0.0,0.0
2026-10-02 05:54:00-04:00,89.29000091552734,89.29000091552734,89.12999725341797,89.16999816894531,89.16999816894531,229,0.0,0.0
2026-10-02 05:55:00-04:00,89.19999694824219,89.20999908447266,89.12999725341797,89.16000366210938,89.16000366210938,158,0.0,0.0
2026-10-02 05:56:00-04:00,89.16000366210938,89.22000122070312,89.12000274658203,89.18000030517578,89.18000030517578,301,0.0,0.0
2026-10-02 05:57:00-04:00,89.18000030517578,89.20999908447266,89.16999816894531,89.16999816894531,89.16999816894531,280,0.0,0.0
2026-10-02 05:58:00-04:00,89.18000030517578,89.20999908447266,89.16999816894531,89.19000244140625,89.19000244140625,377,0.0,0.0
2026-10-02 05:59:00-04:00,89.18000030517578,89.19999694824219,89.12999725341797,89.16000366210938,89.16000366210938,373,0.0,0.0
2026-10-02 06:00:00-04:00,89.18000030517578,89.2300033569336,89.0199966430664,89.08000183105469,89.08000183105469,1190,0.0,0.0
2026-10-02 06:01:00-04:00,89.08000183105469,89.2300033569336,89.08000183105469,89.19000244140625,89.19000244140625,149,0.0,0.0
2026-10-02 06:02:00-04:00,89.19000244140625,89.36000061035156,89.18000030517578,89.30999755859375,89.30999755859375,318,0.0,0.0
2026-10-02 06:03:00-04:00,89.30000305175781,89.3499984741211,89.29000091552734,89.33000183105469,89.33000183105469,88,0.0,0.0
2026-10-02 06:04:00-04:00,89.33000183105469,89.37000274658203,89.08999633789062,89.20999908447266,89.20999908447266,390,0.0,0.0
2026-10-02 06:05:00-04:00,89.22000122070312,89.27999877929688,89.20999908447266,89.23999786376953,89.23999786376953,118,0.0,0.0
2026-10-02 06:06:00-04:00,89.25,89.30000305175781,89.22000122070312,89.30000305175781,89.30000305175781,63,0.0,0.0
2026-10-02 06:07:00-04:00,89.29000091552734,89.4000015258789,89.2699966430664,89.4000015258789,89.4000015258789,107,0.0,0.0
2026-10-02 06:08:00-04:00,89.38999938964844,89.44000244140625,89.38999938964844,89.41999816894531,89.41999816894531,233,0.0,0.0
2026-10-02 06:09:00-04:00,89.41999816894531,89.47000122070312,89.38999938964844,89.4000015258789,89.4000015258789,132,0.0,0.0
2026-10-02 06:10:00-04:00,89.4000015258789,89.4000015258789,89.33999633789062,89.3499984741211,89.3499984741211,102,0.0,0.0
2026-10-02 06:11:00-04:00,89.3499984741211,89.43000030517578,89.30999755859375,89.41999816894531,89.41999816894531,110,0.0,0.0
2026-10-02 06:12:00-04:00,89.41999816894531,89.41999816894531,89.27999877929688,89.30000305175781,89.30000305175781,119,0.0,0.0
2026-10-02 06:13:00-04:00,89.30000305175781,89.37999725341797,89.27999877929688,89.3499984741211,89.3499984741211,74,0.0,0.0
2026-10-02 06:14:00-04:00,89.33000183105469,89.37999725341797,89.30000305175781,89.3499984741211,89.3499984741211,98,0.0,0.0
2026-10-02 06:15:00-04:00,89.37999725341797,89.47000122070312,89.36000061035156,89.45999908447266,89.45999908447266,135,0.0,0.0
2026-10-02 06:16:00-04:00,89.47000122070312,89.4800033569336,89.36000061035156,89.37000274658203,89.37000274658203,136,0.0,0.0
2026-10-02 06:17:00-04:00,89.38999938964844,89.41000366210938,89.36000061035156,89.4000015258789,89.4000015258789,98,0.0,0.0
2026-10-02 06:18:00-04:00,89.41000366210938,89.54000091552734,89.41000366210938,89.54000091552734,89.54000091552734,309,0.0,0.0
2026-10-02 06:19:00-04:00,89.54000091552734,89.54000091552734,89.48999786376953,89.5,89.5,71,0.0,0.0
2026-10-02 06:20:00-04:00,89.51000213623047,89.58000183105469,89.4800033569336,89.56999969482422,89.56999969482422,118,0.0,0.0
2026-10-02 06:21:00-04:00,89.58000183105469,89.69999694824219,89.4800033569336,89.58999633789062,89.58999633789062,829,0.0,0.0
2026-10-02 06:22:00-04:00,89.58999633789062,89.63999938964844,89.54000091552734,89.63999938964844,89.63999938964844,101,0.0,0.0
2026-10-02 06:23:00-04:00,89.61000061035156,89.62000274658203,89.51000213623047,89.62000274658203,89.62000274658203,113,0.0,0.0
2026-10-02 06:24:00-04:00,89.62999725341797,89.80000305175781,89.62000274658203,89.79000091552734,89.79000091552734,582,0.0,0.0
2026-10-02 06:25:00-04:00,89.77999877929688,89.79000091552734,89.69000244140625,89.77999877929688,89.77999877929688,225,0.0,0.0
2026-10-02 06:26:00-04:00,89.79000091552734,89.83999633789062,89.70999908447266,89.81999969482422,89.81999969482422,272,0.0,0.0
2026-10-02 06:27:00-04:00,89.83000183105469,89.83999633789062,89.63999938964844,89.6500015258789,89.6500015258789,203,0.0,0.0
2026-10-02 06:28:00-04:00,89.62999725341797,89.62999725341797,89.55999755859375,89.62000274658203,89.62000274658203,136,0.0,0.0
2026-10-02 06:29:00-04:00,89.61000061035156,89.62999725341797,89.51000213623047,89.54000091552734,89.54000091552734,172,0.0,0.0
2026-10-02 06:30:00-04:00,89.52999877929688,89.61000061035156,89.51000213623047,89.51000213623047,89.51000213623047,101,0.0,0.0
2026-10-02 06:31:00-04:00,89.5199966430664,89.56999969482422,89.43000030517578,89.55999755859375,89.55999755859375,265,0.0,0.0
2026-10-02 06:32:00-04:00,89.55999755859375,89.55999755859375,89.44000244140625,89.44000244140625,89.44000244140625,94,0.0,0.0
2026-10-02 06:33:00-04:00,89.41999816894531,89.44999694824219,89.37000274658203,89.4000015258789,89.4000015258789,126,0.0,0.0
2026-10-02 06:34:00-04:00,89.38999938964844,89.41000366210938,89.26000213623047,89.29000091552734,89.29000091552734,210,0.0,0.0
2026-10-02 06:35:00-04:00,89.29000091552734,89.41999816894531,89.29000091552734,89.37000274658203,89.37000274658203,165,0.0,0.0
2026-10-02 06:36:00-04:00,89.37999725341797,89.41999816894531,89.3499984741211,89.3499984741211,89.3499984741211,83,0.0,0.0
2026-10-02 06:37:00-04:00,89.36000061035156,89.38999938964844,89.2699966430664,89.36000061035156,89.36000061035156,157,0.0,0.0
2026-10-02 06:38:00-04:00,89.37999725341797,89.37999725341797,89.30000305175781,89.33000183105469,89.33000183105469,179,0.0,0.0
2026-10-02 06:39:00-04:00,89.3499984741211,89.37999725341797,89.33000183105469,89.33999633789062,89.33999633789062,49,0.0,0.0
2026-10-02 06:40:00-04:00,89.3499984741211,89.36000061035156,89.30000305175781,89.33999633789062,89.33999633789062,51,0.0,0.0
2026-10-02 06:41:00-04:00,89.30999755859375,89.36000061035156,89.30999755859375,89.33999633789062,89.33999633789062,44,0.0,0.0
2026-10-02 06:42:00-04:00,89.3499984741211,89.38999938964844,89.3499984741211,89.38999938964844,89.38999938964844,39,0.0,0.0
2026-10-02 06:43:00-04:00,89.38999938964844,89.38999938964844,89.3499984741211,89.37999725341797,89.37999725341797,65,0.0,0.0
2026-10-02 06:44:00-04:00,89.38999938964844,89.41000366210938,89.33999633789062,89.37000274658203,89.37000274658203,81,0.0,0.0
2026-10-02 06:45:00-04:00,89.37000274658203,89.38999938964844,89.33999633789062,89.37999725341797,89.37999725341797,44,0.0,0.0
2026-10-02 06:46:00-04:00,89.4000015258789,89.41999816894531,89.33999633789062,89.37999725341797,89.37999725341797,160,0.0,0.0
2026-10-02 06:47:00-04:00,89.41999816894531,89.41999816894531,89.3499984741211,89.37999725341797,89.37999725341797,80,0.0,0.0
2026-10-02 06:48:00-04:00,89.38999938964844,89.47000122070312,89.37000274658203,89.45999908447266,89.45999908447266,107,0.0,0.0
2026-10-02 06:49:00-04:00,89.44999694824219,89.45999908447266,89.37000274658203,89.37999725341797,89.37999725341797,62,0.0,0.0
2026-10-02 06:50:00-04:00,89.38999938964844,89.41000366210938,89.36000061035156,89.37999725341797,89.37999725341797,49,0.0,0.0
2026-10-02 06:51:00-04:00,89.38999938964844,89.41999816894531,89.37999725341797,89.41999816894531,89.41999816894531,39,0.0,0.0
2026-10-02 06:52:00-04:00,89.47000122070312,89.48999786376953,89.41999816894531,89.41999816894531,89.41999816894531,121,0.0,0.0
2026-10-02 06:53:00-04:00,89.44000244140625,89.44999694824219,89.4000015258789,89.41000366210938,89.41000366210938,45,0.0,0.0
2026-10-02 06:54:00-04:00,89.4000015258789,89.4000015258789,89.33999633789062,89.33999633789062,89.33999633789062,53,0.0,0.0
2026-10-02 06:55:00-04:00,89.36000061035156,89.41999816894531,89.3499984741211,89.4000015258789,89.4000015258789,109,0.0,0.0
2026-10-02 06:56:00-04:00,89.37000274658203,89.43000030517578,89.37000274658203,89.41999816894531,89.41999816894531,64,0.0,0.0
2026-10-02 06:57:00-04:00,89.41999816894531,89.43000030517578,89.36000061035156,89.37000274658203,89.37000274658203,63,0.0,0.0
2026-10-02 06:58:00-04:00,89.37999725341797,89.41999816894531,89.33000183105469,89.37000274658203,89.37000274658203,139,0.0,0.0
2026-10-02 06:59:00-04:00,89.37000274658203,89.43000030517578,89.37000274658203,89.38999938964844,89.38999938964844,46,0.0,0.0
2026-10-02 07:00:00-04:00,89.41000366210938,89.44000244140625,89.31999969482422,89.31999969482422,89.31999969482422,114,0.0,0.0
2026-10-02 07:01:00-04:00,89.30999755859375,89.33000183105469,89.22000122070312,89.2300033569336,89.2300033569336,154,0.0,0.0
2026-10-02 07:02:00-04:00,89.23999786376953,89.30999755859375,89.19000244140625,89.26000213623047,89.26000213623047,318,0.0,0.0
2026-10-02 07:03:00-04:00,89.25,89.31999969482422,89.25,89.29000091552734,89.29000091552734,144,0.0,0.0
2026-10-02 07:04:00-04:00,89.2699966430664,89.27999877929688,89.20999908447266,89.23999786376953,89.23999786376953,268,0.0,0.0
2026-10-02 07:05:00-04:00,89.23999786376953,89.29000091552734,89.2300033569336,89.26000213623047,89.26000213623047,162,0.0,0.0
2026-10-02 07:06:00-04:00,89.2699966430664,89.27999877929688,89.19999694824219,89.22000122070312,89.22000122070312,174,0.0,0.0
2026-10-02 07:07:00-04:00,89.22000122070312,89.22000122070312,89.16999816894531,89.20999908447266,89.20999908447266,114,0.0,0.0
2026-10-02 07:08:00-04:00,89.19999694824219,89.2300033569336,89.19000244140625,89.2300033569336,89.2300033569336,59,0.0,0.0
2026-10-02 07:09:00-04:00,89.22000122070312,89.2300033569336,89.12999725341797,89.19000244140625,89.19000244140625,87,0.0,0.0
2026-10-02 07:10:00-04:00,89.19999694824219,89.30000305175781,89.19999694824219,89.25,89.25,197,0.0,0.0
2026-10-02 07:11:00-04:00,89.25,89.30000305175781,89.2300033569336,89.30000305175781,89.30000305175781,142,0.0,0.0
2026-10-02 07:12:00-04:00,89.30999755859375,89.31999969482422,89.20999908447266,89.26000213623047,89.26000213623047,219,0.0,0.0
2026-10-02 07:13:00-04:00,89.27999877929688,89.31999969482422,89.20999908447266,89.2300033569336,89.2300033569336,82,0.0,0.0
2026-10-02 07:14:00-04:00,89.26000213623047,89.37000274658203,89.23999786376953,89.31999969482422,89.31999969482422,111,0.0,0.0
2026-10-02 07:15:00-04:00,89.29000091552734,89.29000091552734,89.25,89.26000213623047,89.26000213623047,33,0.0,0.0
2026-10-02 07:16:00-04:00,89.26000213623047,89.30999755859375,89.25,89.30000305175781,89.30000305175781,209,0.0,0.0
2026-10-02 07:17:00-04:00,89.30000305175781,89.3499984741211,89.29000091552734,89.30999755859375,89.30999755859375,71,0.0,0.0
2026-10-02 07:18:00-04:00,89.33000183105469,89.48999786376953,89.31999969482422,89.47000122070312,89.47000122070312,142,0.0,0.0
2026-10-02 07:19:00-04:00,89.45999908447266,89.45999908447266,89.41999816894531,89.44999694824219,89.44999694824219,76,0.0,0.0
2026-10-02 07:20:00-04:00,89.44000244140625,89.44999694824219,89.41000366210938,89.41999816894531,89.41999816894531,113,0.0,0.0
2026-10-02 07:21:00-04:00,89.41999816894531,89.41999816894531,89.37000274658203,89.38999938964844,89.38999938964844,48,0.0,0.0
2026-10-02 07:22:00-04:00,89.38999938964844,89.41999816894531,89.33000183105469,89.3499984741211,89.3499984741211,148,0.0,0.0
2026-10-02 07:23:00-04:00,89.3499984741211,89.37999725341797,89.2699966430664,89.2699966430664,89.2699966430664,88,0.0,0.0
2026-10-02 07:24:00-04:00,89.27999877929688,89.3499984741211,89.2699966430664,89.33999633789062,89.33999633789062,39,0.0,0.0
2026-10-02 07:25:00-04:00,89.33000183105469,89.43000030517578,89.33000183105469,89.33999633789062,89.33999633789062,477,0.0,0.0
2026-10-02 07:26:00-04:00,89.33999633789062,89.33999633789062,89.30000305175781,89.31999969482422,89.31999969482422,380,0.0,0.0
2026-10-02 07:27:00-04:00,89.33999633789062,89.37000274658203,89.29000091552734,89.30000305175781,89.30000305175781,78,0.0,0.0
2026-10-02 07:28:00-04:00,89.29000091552734,89.33000183105469,89.27999877929688,89.31999969482422,89.31999969482422,55,0.0,0.0
2026-10-02 07:29:00-04:00,89.33000183105469,89.33000183105469,89.2699966430664,89.30000305175781,89.30000305175781,64,0.0,0.0
2026-10-02 07:30:00-04:00,89.25,89.30999755859375,89.2300033569336,89.30999755859375,89.30999755859375,126,0.0,0.0
2026-10-02 07:31:00-04:00,89.30000305175781,89.33000183105469,89.29000091552734,89.30999755859375,89.30999755859375,126,0.0,0.0
2026-10-02 07:32:00-04:00,89.31999969482422,89.37999725341797,89.19000244140625,89.22000122070312,89.22000122070312,606,0.0,0.0
2026-10-02 07:33:00-04:00,89.20999908447266,89.25,89.16999816894531,89.19000244140625,89.19000244140625,85,0.0,0.0
2026-10-02 07:34:00-04:00,89.19000244140625,89.22000122070312,89.16000366210938,89.19000244140625,89.19000244140625,61,0.0,0.0
2026-10-02 07:35:00-04:00,89.18000030517578,89.19999694824219,89.12999725341797,89.18000030517578,89.18000030517578,119,0.0,0.0
2026-10-02 07:36:00-04:00,89.16999816894531,89.16999816894531,89.11000061035156,89.11000061035156,89.11000061035156,68,0.0,0.0
2026-10-02 07:37:00-04:00,89.12999725341797,89.13999938964844,89.06999969482422,89.08999633789062,89.08999633789062,244,0.0,0.0
2026-10-02 07:38:00-04:00,89.08000183105469,89.16000366210938,89.08000183105469,89.12999725341797,89.12999725341797,246,0.0,0.0
2026-10-02 07:39:00-04:00,89.12000274658203,89.2699966430664,89.12000274658203,89.26000213623047,89.26000213623047,373,0.0,0.0
2026-10-02 07:40:00-04:00,89.25,89.30999755859375,89.2300033569336,89.26000213623047,89.26000213623047,219,0.0,0.0
2026-10-02 07:41:00-04:00,89.25,89.33000183105469,89.2300033569336,89.31999969482422,89.31999969482422,136,0.0,0.0
2026-10-02 07:42:00-04:00,89.31999969482422,89.41999816894531,89.30000305175781,89.37999725341797,89.37999725341797,486,0.0,0.0
2026-10-02 07:43:00-04:00,89.37000274658203,89.38999938964844,89.36000061035156,89.37000274658203,89.37000274658203,57,0.0,0.0
2026-10-02 07:44:00-04:00,89.36000061035156,89.4000015258789,89.36000061035156,89.37000274658203,89.37000274658203,97,0.0,0.0
2026-10-02 07:45:00-04:00,89.37999725341797,89.41000366210938,89.33000183105469,89.4000015258789,89.4000015258789,173,0.0,0.0
2026-10-02 07:46:00-04:00,89.4000015258789,89.52999877929688,89.38999938964844,89.52999877929688,89.52999877929688,261,0.0,0.0
2026-10-02 07:47:00-04:00,89.5199966430664,89.55000305175781,89.5,89.54000091552734,89.54000091552734,319,0.0,0.0
2026-10-02 07:48:00-04:00,89.52999877929688,89.58000183105469,89.5199966430664,89.55999755859375,89.55999755859375,202,0.0,0.0
2026-10-02 07:49:00-04:00,89.56999969482422,89.58999633789062,89.5,89.5199966430664,89.5199966430664,367,0.0,0.0
2026-10-02 07:50:00-04:00,89.51000213623047,89.55000305175781,89.43000030517578,89.44000244140625,89.44000244140625,106,0.0,0.0
2026-10-02 07:51:00-04:00,89.43000030517578,89.44000244140625,89.37000274658203,89.38999938964844,89.38999938964844,79,0.0,0.0
2026-10-02 07:52:00-04:00,89.37999725341797,89.44999694824219,89.37000274658203,89.44000244140625,89.44000244140625,111,0.0,0.0
2026-10-02 07:53:00-04:00,89.43000030517578,89.43000030517578,89.36000061035156,89.41999816894531,89.41999816894531,97,0.0,0.0
2026-10-02 07:54:00-04:00,89.41000366210938,89.41000366210938,89.3499984741211,89.37999725341797,89.37999725341797,115,0.0,0.0
2026-10-02 07:55:00-04:00,89.36000061035156,89.51000213623047,89.36000061035156,89.48999786376953,89.48999786376953,151,0.0,0.0
2026-10-02 07:56:00-04:00,89.5,89.51000213623047,89.44999694824219,89.48999786376953,89.48999786376953,85,0.0,0.0
2026-10-02 07:57:00-04:00,89.5,89.55000305175781,89.44999694824219,89.52999877929688,89.52999877929688,155,0.0,0.0
2026-10-02 07:58:00-04:00,89.5199966430664,89.58000183105469,89.51000213623047,89.55000305175781,89.55000305175781,284,0.0,0.0
2026-10-02 07:59:00-04:00,89.56999969482422,89.5999984741211,89.52999877929688,89.54000091552734,89.54000091552734,315,0.0,0.0
2026-10-02 08:00:00-04:00,89.54000091552734,89.58999633789062,89.48999786376953,89.51000213623047,89.51000213623047,149,0.0,0.0
2026-10-02 08:01:00-04:00,89.51000213623047,89.61000061035156,89.5,89.58999633789062,89.58999633789062,119,0.0,0.0
2026-10-02 08:02:00-04:00,89.58000183105469,89.61000061035156,89.54000091552734,89.54000091552734,89.54000091552734,97,0.0,0.0
2026-10-02 08:03:00-04:00,89.54000091552734,89.5999984741211,89.54000091552734,89.56999969482422,89.56999969482422,49,0.0,0.0
2026-10-02 08:04:00-04:00,89.55000305175781,89.56999969482422,89.52999877929688,89.56999969482422,89.56999969482422,67,0.0,0.0
2026-10-02 08:05:00-04:00,89.56999969482422,89.63999938964844,89.51000213623047,89.63999938964844,89.63999938964844,333,0.0,0.0
2026-10-02 08:06:00-04:00,89.63999938964844,89.72000122070312,89.58000183105469,89.66999816894531,89.66999816894531,260,0.0,0.0
2026-10-02 08:07:00-04:00,89.66000366210938,89.73999786376953,89.6500015258789,89.69000244140625,89.69000244140625,216,0.0,0.0
2026-10-02 08:08:00-04:00,89.70999908447266,89.80000305175781,89.69999694824219,89.7300033569336,89.7300033569336,494,0.0,0.0
2026-10-02 08:09:00-04:00,89.73999786376953,89.81999969482422,89.70999908447266,89.80999755859375,89.80999755859375,219,0.0,0.0
2026-10-02 08:10:00-04:00,89.80999755859375,89.87999725341797,89.79000091552734,89.86000061035156,89.86000061035156,303,0.0,0.0
2026-10-02 08:11:00-04:00,89.8499984741211,89.91999816894531,89.83000183105469,89.91999816894531,89.91999816894531,440,0.0,0.0
2026-10-02 08:12:00-04:00,89.91999816894531,89.97000122070312,89.8499984741211,89.94000244140625,89.94000244140625,669,0.0,0.0
2026-10-02 08:13:00-04:00,89.91000366210938,90.06999969482422,89.91000366210938,90.05000305175781,90.05000305175781,552,0.0,0.0
2026-10-02 08:14:00-04:00,90.05999755859375,90.16999816894531,89.9800033569336,89.9800033569336,89.9800033569336,1451,0.0,0.0
2026-10-02 08:15:00-04:00,89.98999786376953,90.01000213623047,89.83999633789062,89.8499984741211,89.8499984741211,282,0.0,0.0
2026-10-02 08:16:00-04:00,89.87999725341797,89.94999694824219,89.81999969482422,89.87000274658203,89.87000274658203,314,0.0,0.0
2026-10-02 08:17:00-04:00,89.86000061035156,89.91000366210938,89.81999969482422,89.83000183105469,89.83000183105469,184,0.0,0.0
2026-10-02 08:18:00-04:00,89.83999633789062,89.86000061035156,89.7699966430664,89.77999877929688,89.77999877929688,187,0.0,0.0
2026-10-02 08:19:00-04:00,89.7699966430664,89.77999877929688,89.58999633789062,89.62999725341797,89.62999725341797,507,0.0,0.0
2026-10-02 08:20:00-04:00,89.5999984741211,89.72000122070312,89.58999633789062,89.68000030517578,89.68000030517578,237,0.0,0.0
2026-10-02 08:21:00-04:00,89.66000366210938,89.69000244140625,89.43000030517578,89.48999786376953,89.48999786376953,531,0.0,0.0
2026-10-02 08:22:00-04:00,89.51000213623047,89.62999725341797,89.5,89.61000061035156,89.61000061035156,271,0.0,0.0
2026-10-02 08:23:00-04:00,89.61000061035156,89.63999938964844,89.56999969482422,89.58999633789062,89.58999633789062,194,0.0,0.0
2026-10-02 08:24:00-04:00,89.5999984741211,89.62999725341797,89.56999969482422,89.5999984741211,89.5999984741211,159,0.0,0.0
2026-10-02 08:25:00-04:00,89.5999984741211,89.66000366210938,89.55000305175781,89.61000061035156,89.61000061035156,107,0.0,0.0
2026-10-02 08:26:00-04:00,89.62000274658203,89.66000366210938,89.5999984741211,89.6500015258789,89.6500015258789,58,0.0,0.0
2026-10-02 08:27:00-04:00,89.63999938964844,89.73999786376953,89.63999938964844,89.7300033569336,89.7300033569336,220,0.0,0.0
2026-10-02 08:28:00-04:00,89.73999786376953,89.83999633789062,89.73999786376953,89.7699966430664,89.7699966430664,390,0.0,0.0
2026-10-02 08:29:00-04:00,89.7699966430664,89.81999969482422,89.76000213623047,89.80999755859375,89.80999755859375,128,0.0,0.0
2026-10-02 08:30:00-04:00,89.81999969482422,89.83000183105469,89.66999816894531,89.77999877929688,89.77999877929688,333,0.0,0.0
2026-10-02 08:31:00-04:00,89.79000091552734,89.83999633789062,89.63999938964844,89.6500015258789,89.6500015258789,188,0.0,0.0
2026-10-02 08:32:00-04:00,89.6500015258789,89.6500015258789,89.33000183105469,89.4000015258789,89.4000015258789,726,0.0,0.0
2026-10-02 08:33:00-04:00,89.41999816894531,89.44000244140625,89.36000061035156,89.41999816894531,89.41999816894531,365,0.0,0.0
2026-10-02 08:34:00-04:00,89.43000030517578,89.52999877929688,89.37000274658203,89.4000015258789,89.4000015258789,233,0.0,0.0
2026-10-02 08:35:00-04:00,89.38999938964844,89.47000122070312,89.33999633789062,89.37999725341797,89.37999725341797,286,0.0,0.0
2026-10-02 08:36:00-04:00,89.37999725341797,89.4000015258789,89.18000030517578,89.33000183105469,89.33000183105469,458,0.0,0.0
2026-10-02 08:37:00-04:00,89.33000183105469,89.41000366210938,89.27999877929688,89.33000183105469,89.33000183105469,223,0.0,0.0
2026-10-02 08:38:00-04:00,89.3499984741211,89.4800033569336,89.31999969482422,89.44000244140625,89.44000244140625,275,0.0,0.0
2026-10-02 08:39:00-04:00,89.41000366210938,89.43000030517578,89.19000244140625,89.19999694824219,89.19999694824219,265,0.0,0.0
2026-10-02 08:40:00-04:00,89.22000122070312,89.30000305175781,89.22000122070312,89.2699966430664,89.2699966430664,144,0.0,0.0
2026-10-02 08:41:00-04:00,89.27999877929688,89.37999725341797,89.25,89.3499984741211,89.3499984741211,398,0.0,0.0
2026-10-02 08:42:00-04:00,89.33999633789062,89.4800033569336,89.33000183105469,89.4000015258789,89.4000015258789,184,0.0,0.0
2026-10-02 08:43:00-04:00,89.4000015258789,89.41999816894531,89.37000274658203,89.4000015258789,89.4000015258789,137,0.0,0.0
2026-10-02 08:44:00-04:00,89.41000366210938,89.5,89.36000061035156,89.48999786376953,89.48999786376953,286,0.0,0.0
2026-10-02 08:45:00-04:00,89.4800033569336,89.4800033569336,89.37999725341797,89.4000015258789,89.4000015258789,148,0.0,0.0
2026-10-02 08:46:00-04:00,89.37999725341797,89.48999786376953,89.33999633789062,89.43000030517578,89.43000030517578,201,0.0,0.0
2026-10-02 08:47:00-04:00,89.41999816894531,89.44999694824219,89.33999633789062,89.37999725341797,89.37999725341797,88,0.0,0.0
2026-10-02 08:48:00-04:00,89.37999725341797,89.43000030517578,89.37000274658203,89.43000030517578,89.43000030517578,104,0.0,0.0
2026-10-02 08:49:00-04:00,89.41999816894531,89.43000030517578,89.31999969482422,89.4000015258789,89.4000015258789,120,0.0,0.0
2026-10-02 08:50:00-04:00,89.41999816894531,89.5,89.41999816894531,89.48999786376953,89.48999786376953,126,0.0,0.0
2026-10-02 08:51:00-04:00,89.47000122070312,89.48999786376953,89.43000030517578,89.4800033569336,89.4800033569336,109,0.0,0.0
2026-10-02 08:52:00-04:00,89.44999694824219,89.48999786376953,89.41999816894531,89.44999694824219,89.44999694824219,166,0.0,0.0
2026-10-02 08:53:00-04:00,89.44000244140625,89.44999694824219,89.36000061035156,89.4000015258789,89.4000015258789,147,0.0,0.0
2026-10-02 08:54:00-04:00,89.37000274658203,89.47000122070312,89.37000274658203,89.38999938964844,89.38999938964844,246,0.0,0.0
2026-10-02 08:55:00-04:00,89.38999938964844,89.41000366210938,89.31999969482422,89.3499984741211,89.3499984741211,336,0.0,0.0
2026-10-02 08:56:00-04:00,89.3499984741211,89.3499984741211,89.2699966430664,89.2699966430664,89.2699966430664,324,0.0,0.0
2026-10-02 08:57:00-04:00,89.2699966430664,89.37000274658203,89.23999786376953,89.30000305175781,89.30000305175781,808,0.0,0.0
2026-10-02 08:58:00-04:00,89.30000305175781,89.30000305175781,89.23999786376953,89.27999877929688,89.27999877929688,192,0.0,0.0
2026-10-02 08:59:00-04:00,89.2699966430664,89.30000305175781,89.26000213623047,89.30000305175781,89.30000305175781,132,0.0,0.0
2026-10-02 09:00:00-04:00,89.26000213623047,89.27999877929688,88.94000244140625,89.04000091552734,89.04000091552734,1529,0.0,0.0
2026-10-02 09:01:00-04:00,89.04000091552734,89.05999755859375,88.05999755859375,88.55000305175781,88.55000305175781,3873,0.0,0.0
2026-10-02 09:02:00-04:00,88.55000305175781,88.55000305175781,88.33000183105469,88.47000122070312,88.47000122070312,1216,0.0,0.0
2026-10-02 09:03:00-04:00,88.45999908447266,88.77999877929688,88.45999908447266,88.7300033569336,88.7300033569336,1183,0.0,0.0
2026-10-02 09:04:00-04:00,88.70999908447266,89.04000091552734,88.69999694824219,89.02999877929688,89.02999877929688,1694,0.0,0.0
2026-10-02 09:05:00-04:00,89.0,89.02999877929688,88.70999908447266,88.73999786376953,88.73999786376953,920,0.0,0.0
2026-10-02 09:06:00-04:00,88.73999786376953,88.83999633789062,88.63999938964844,88.80000305175781,88.80000305175781,529,0.0,0.0
2026-10-02 09:07:00-04:00,88.81999969482422,88.97000122070312,88.77999877929688,88.87999725341797,88.87999725341797,350,0.0,0.0
2026-10-02 09:08:00-04:00,88.9000015258789,88.97000122070312,88.88999938964844,88.93000030517578,88.93000030517578,262,0.0,0.0
2026-10-02 09:09:00-04:00,88.94999694824219,89.0199966430664,88.87999725341797,88.9800033569336,88.9800033569336,373,0.0,0.0
2026-10-02 09:10:00-04:00,89.0,89.08999633789062,88.94999694824219,89.02999877929688,89.02999877929688,362,0.0,0.0
2026-10-02 09:11:00-04:00,89.02999877929688,89.1500015258789,88.97000122070312,89.0999984741211,89.0999984741211,383,0.0,0.0
2026-10-02 09:12:00-04:00,89.08999633789062,89.31999969482422,89.08000183105469,89.27999877929688,89.27999877929688,547,0.0,0.0
2026-10-02 09:13:00-04:00,89.27999877929688,89.3499984741211,89.2699966430664,89.33999633789062,89.33999633789062,397,0.0,0.0
2026-10-02 09:14:00-04:00,89.33000183105469,89.36000061035156,89.08000183105469,89.13999938964844,89.13999938964844,418,0.0,0.0
2026-10-02 09:15:00-04:00,89.13999938964844,89.27999877929688,89.05999755859375,89.2699966430664,89.2699966430664,305,0.0,0.0
2026-10-02 09:16:00-04:00,89.26000213623047,89.2699966430664,89.18000030517578,89.20999908447266,89.20999908447266,165,0.0,0.0
2026-10-02 09:17:00-04:00,89.19999694824219,89.3499984741211,89.16999816894531,89.33999633789062,89.33999633789062,275,0.0,0.0
2026-10-02 09:18:00-04:00,89.33999633789062,89.33999633789062,89.26000213623047,89.31999969482422,89.31999969482422,298,0.0,0.0
2026-10-02 09:19:00-04:00,89.33000183105469,89.3499984741211,89.16000366210938,89.23999786376953,89.23999786376953,377,0.0,0.0
2026-10-02 09:20:00-04:00,89.23999786376953,89.25,89.18000030517578,89.20999908447266,89.20999908447266,173,0.0,0.0
2026-10-02 09:21:00-04:00,89.19999694824219,89.19999694824219,89.08999633789062,89.1500015258789,89.1500015258789,280,0.0,0.0
2026-10-02 09:22:00-04:00,89.16000366210938,89.20999908447266,89.13999938964844,89.19999694824219,89.19999694824219,186,0.0,0.0
2026-10-02 09:23:00-04:00,89.19000244140625,89.26000213623047,89.13999938964844,89.18000030517578,89.18000030517578,350,0.0,0.0
2026-10-02 09:24:00-04:00,89.19999694824219,89.30000305175781,89.1500015258789,89.16000366210938,89.16000366210938,398,0.0,0.0
2026-10-02 09:25:00-04:00,89.16999816894531,89.16999816894531,89.08999633789062,89.12999725341797,89.12999725341797,272,0.0,0.0
2026-10-02 09:26:00-04:00,89.12999725341797,89.25,89.08000183105469,89.2300033569336,89.2300033569336,404,0.0,0.0
2026-10-02 09:27:00-04:00,89.2300033569336,89.23999786376953,89.1500015258789,89.19999694824219,89.19999694824219,443,0.0,0.0
2026-10-02 09:28:00-04:00,89.20999908447266,89.2300033569336,89.05999755859375,89.1500015258789,89.1500015258789,620,0.0,0.0
2026-10-02 09:29:00-04:00,89.12999725341797,89.2300033569336,89.08000183105469,89.1500015258789,89.1500015258789,485,0.0,0.0
2026-10-02 09:30:00-04:00,89.1500015258789,89.18000030517578,89.02999877929688,89.04000091552734,89.04000091552734,402,0.0,0.0
2026-10-02 09:31:00-04:00,89.0199966430664,89.19999694824219,89.0199966430664,89.12000274658203,89.12000274658203,353,0.0,0.0
2026-10-02 09:32:00-04:00,89.12000274658203,89.12000274658203,88.9800033569336,89.04000091552734,89.04000091552734,563,0.0,0.0
2026-10-02 09:33:00-04:00,89.02999877929688,89.05999755859375,88.94999694824219,88.9800033569336,88.9800033569336,377,0.0,0.0
2026-10-02 09:34:00-04:00,88.97000122070312,88.9800033569336,88.87000274658203,88.94000244140625,88.94000244140625,767,0.0,0.0
2026-10-02 09:35:00-04:00,88.94000244140625,89.05999755859375,88.93000030517578,89.05999755859375,89.05999755859375,428,0.0,0.0
2026-10-02 09:36:00-04:00,89.04000091552734,89.08999633789062,88.97000122070312,89.01000213623047,89.01000213623047,169,0.0,0.0
2026-10-02 09:37:00-04:00,89.0199966430664,89.02999877929688,88.69999694824219,88.93000030517578,88.93000030517578,1132,0.0,0.0
2026-10-02 09:38:00-04:00,88.91999816894531,89.0999984741211,88.91000366210938,88.9800033569336,88.9800033569336,809,0.0,0.0
2026-10-02 09:39:00-04:00,88.98999786376953,89.2699966430664,88.98999786376953,89.23999786376953,89.23999786376953,399,0.0,0.0
2026-10-02 09:40:00-04:00,89.2300033569336,89.2699966430664,89.19000244140625,89.25,89.25,361,0.0,0.0
2026-10-02 09:41:00-04:00,89.25,89.33999633789062,89.22000122070312,89.29000091552734,89.29000091552734,577,0.0,0.0
2026-10-02 09:42:00-04:00,89.29000091552734,89.38999938964844,89.23999786376953,89.33999633789062,89.33999633789062,317,0.0,0.0
2026-10-02 09:43:00-04:00,89.3499984741211,89.69000244140625,89.33999633789062,89.66000366210938,89.66000366210938,955,0.0,0.0
2026-10-02 09:44:00-04:00,89.6500015258789,89.73999786376953,89.61000061035156,89.68000030517578,89.68000030517578,507,0.0,0.0
2026-10-02 09:45:00-04:00,89.68000030517578,89.75,89.63999938964844,89.72000122070312,89.72000122070312,779,0.0,0.0
2026-10-02 09:46:00-04:00,89.73999786376953,89.79000091552734,89.63999938964844,89.66999816894531,89.66999816894531,375,0.0,0.0
2026-10-02 09:47:00-04:00,89.69000244140625,89.73999786376953,89.63999938964844,89.6500015258789,89.6500015258789,344,0.0,0.0
2026-10-02 09:48:00-04:00,89.66000366210938,89.8499984741211,89.63999938964844,89.75,89.75,601,0.0,0.0
2026-10-02 09:49:00-04:00,89.75,89.88999938964844,89.66999816894531,89.86000061035156,89.86000061035156,1340,0.0,0.0
2026-10-02 09:50:00-04:00,89.8499984741211,89.91999816894531,89.81999969482422,89.88999938964844,89.88999938964844,437,0.0,0.0
2026-10-02 09:51:00-04:00,89.88999938964844,89.94000244140625,89.79000091552734,89.83999633789062,89.83999633789062,425,0.0,0.0
2026-10-02 09:52:00-04:00,89.83999633789062,90.0999984741211,89.83000183105469,90.05000305175781,90.05000305175781,1108,0.0,0.0
2026-10-02 09:53:00-04:00,90.08000183105469,90.19999694824219,90.06999969482422,90.13999938964844,90.13999938964844,845,0.0,0.0
2026-10-02 09:54:00-04:00,90.12000274658203,90.22000122070312,90.05999755859375,90.20999908447266,90.20999908447266,490,0.0,0.0
2026-10-02 09:55:00-04:00,90.2300033569336,90.30000305175781,90.20999908447266,90.2699966430664,90.2699966430664,615,0.0,0.0
2026-10-02 09:56:00-04:00,90.25,90.30999755859375,90.19999694824219,90.27999877929688,90.27999877929688,485,0.0,0.0
2026-10-02 09:57:00-04:00,90.27999877929688,90.37000274658203,89.62999725341797,89.83999633789062,89.83999633789062,2209,0.0,0.0
2026-10-02 09:58:00-04:00,89.87000274658203,89.87999725341797,89.02999877929688,89.36000061035156,89.36000061035156,2280,0.0,0.0
2026-10-02 09:59:00-04:00,89.4000015258789,89.55000305175781,89.33999633789062,89.44000244140625,89.44000244140625,833,0.0,0.0
2026-10-02 10:00:00-04:00,89.44000244140625,89.75,89.4000015258789,89.68000030517578,89.68000030517578,1232,0.0,0.0
2026-10-02 10:01:00-04:00,89.66999816894531,89.68000030517578,89.08000183105469,89.2300033569336,89.2300033569336,2440,0.0,0.0
2026-10-02 10:02:00-04:00,89.25,89.25,89.0199966430664,89.16000366210938,89.16000366210938,1078,0.0,0.0
2026-10-02 10:03:00-04:00,89.16000366210938,89.29000091552734,89.1500015258789,89.16999816894531,89.16999816894531,443,0.0,0.0
2026-10-02 10:04:00-04:00,89.22000122070312,89.22000122070312,89.0199966430664,89.08000183105469,89.08000183105469,876,0.0,0.0
2026-10-02 10:05:00-04:00,89.06999969482422,89.12000274658203,88.94000244140625,88.98999786376953,88.98999786376953,1128,0.0,0.0
2026-10-02 10:06:00-04:00,88.98999786376953,89.16000366210938,88.86000061035156,89.12999725341797,89.12999725341797,1106,0.0,0.0
2026-10-02 10:07:00-04:00,89.12000274658203,89.12999725341797,88.88999938964844,88.98999786376953,88.98999786376953,449,0.0,0.0
2026-10-02 10:08:00-04:00,88.98999786376953,89.04000091552734,88.86000061035156,88.91000366210938,88.91000366210938,531,0.0,0.0
2026-10-02 10:09:00-04:00,88.91000366210938,88.91999816894531,88.5199966430664,88.5999984741211,88.5999984741211,1458,0.0,0.0
2026-10-02 10:10:00-04:00,88.61000061035156,88.61000061035156,88.29000091552734,88.33000183105469,88.33000183105469,1329,0.0,0.0
2026-10-02 10:11:00-04:00,88.33999633789062,88.5999984741211,88.31999969482422,88.55000305175781,88.55000305175781,1108,0.0,0.0
2026-10-02 10:12:00-04:00,88.54000091552734,88.58999633789062,88.41999816894531,88.52999877929688,88.52999877929688,818,0.0,0.0
2026-10-02 10:13:00-04:00,88.5199966430664,88.54000091552734,88.38999938964844,88.54000091552734,88.54000091552734,601,0.0,0.0
2026-10-02 10:14:00-04:00,88.54000091552734,88.58000183105469,88.4000015258789,88.48999786376953,88.48999786376953,595,0.0,0.0
2026-10-02 10:15:00-04:00,88.4000015258789,88.5199966430664,88.3499984741211,88.51000213623047,88.51000213623047,668,0.0,0.0
2026-10-02 10:16:00-04:00,88.4800033569336,88.62999725341797,88.45999908447266,88.5,88.5,721,0.0,0.0
2026-10-02 10:17:00-04:00,88.5199966430664,88.66000366210938,88.51000213623047,88.55999755859375,88.55999755859375,735,0.0,0.0
2026-10-02 10:18:00-04:00,88.56999969482422,88.6500015258789,88.55999755859375,88.55999755859375,88.55999755859375,548,0.0,0.0
2026-10-02 10:19:00-04:00,88.56999969482422,88.56999969482422,88.23999786376953,88.2699966430664,88.2699966430664,1063,0.0,0.0
2026-10-02 10:20:00-04:00,88.27999877929688,88.44000244140625,88.19999694824219,88.43000030517578,88.43000030517578,737,0.0,0.0
2026-10-02 10:21:00-04:00,88.47000122070312,88.70999908447266,88.44999694824219,88.58000183105469,88.58000183105469,694,0.0,0.0
2026-10-02 10:22:00-04:00,88.58000183105469,88.70999908447266,88.4800033569336,88.68000030517578,88.68000030517578,423,0.0,0.0
2026-10-02 10:23:00-04:00,88.63999938964844,88.8499984741211,88.5999984741211,88.80999755859375,88.80999755859375,477,0.0,0.0
2026-10-02 10:24:00-04:00,88.80000305175781,88.86000061035156,88.63999938964844,88.70999908447266,88.70999908447266,556,0.0,0.0
2026-10-02 10:25:00-04:00,88.7300033569336,88.83999633789062,88.69999694824219,88.77999877929688,88.77999877929688,599,0.0,0.0
2026-10-02 10:26:00-04:00,88.7699966430664,88.79000091552734,88.58999633789062,88.63999938964844,88.63999938964844,760,0.0,0.0
2026-10-02 10:27:00-04:00,88.62999725341797,88.77999877929688,88.5999984741211,88.75,88.75,489,0.0,0.0
2026-10-02 10:28:00-04:00,88.7300033569336,88.80999755859375,88.6500015258789,88.72000122070312,88.72000122070312,301,0.0,0.0
2026-10-02 10:29:00-04:00,88.70999908447266,88.7699966430664,88.68000030517578,88.73999786376953,88.73999786376953,413,0.0,0.0
2026-10-02 10:30:00-04:00,88.73999786376953,88.88999938964844,88.72000122070312,88.73999786376953,88.73999786376953,671,0.0,0.0
2026-10-02 10:31:00-04:00,88.7300033569336,88.80999755859375,88.69000244140625,88.73999786376953,88.73999786376953,306,0.0,0.0
2026-10-02 10:32:00-04:00,88.7300033569336,88.9000015258789,88.66999816894531,88.87999725341797,88.87999725341797,505,0.0,0.0
2026-10-02 10:33:00-04:00,88.83999633789062,88.87999725341797,88.76000213623047,88.80999755859375,88.80999755859375,445,0.0,0.0
2026-10-02 10:34:00-04:00,88.81999969482422,88.93000030517578,88.81999969482422,88.9000015258789,88.9000015258789,445,0.0,0.0
2026-10-02 10:35:00-04:00,88.9000015258789,89.01000213623047,88.80000305175781,88.80000305175781,88.80000305175781,513,0.0,0.0
2026-10-02 10:36:00-04:00,88.80999755859375,88.8499984741211,88.62999725341797,88.69000244140625,88.69000244140625,730,0.0,0.0
2026-10-02 10:37:00-04:00,88.66000366210938,88.70999908447266,88.61000061035156,88.69999694824219,88.69999694824219,296,0.0,0.0
2026-10-02 10:38:00-04:00,88.68000030517578,88.75,88.62999725341797,88.66000366210938,88.66000366210938,237,0.0,0.0
2026-10-02 10:39:00-04:00,88.66999816894531,88.7699966430664,88.63999938964844,88.7699966430664,88.7699966430664,394,0.0,0.0
2026-10-02 10:40:00-04:00,88.7699966430664,88.81999969482422,88.66000366210938,88.73999786376953,88.73999786376953,772,0.0,0.0
2026-10-02 10:41:00-04:00,88.7300033569336,88.86000061035156,88.69000244140625,88.83999633789062,88.83999633789062,265,0.0,0.0
2026-10-02 10:42:00-04:00,88.83000183105469,88.83000183105469,88.51000213623047,88.55000305175781,88.55000305175781,550,0.0,0.0
2026-10-02 10:43:00-04:00,88.55999755859375,88.86000061035156,88.54000091552734,88.75,88.75,389,0.0,0.0
2026-10-02 10:44:00-04:00,88.75,89.01000213623047,88.73999786376953,89.0,89.0,430,0.0,0.0
2026-10-02 10:45:00-04:00,88.98999786376953,89.12000274658203,88.95999908447266,89.12000274658203,89.12000274658203,633,0.0,0.0
2026-10-02 10:46:00-04:00,89.11000061035156,89.18000030517578,89.04000091552734,89.08999633789062,89.08999633789062,648,0.0,0.0
2026-10-02 10:47:00-04:00,89.12999725341797,89.36000061035156,89.0999984741211,89.33999633789062,89.33999633789062,543,0.0,0.0
2026-10-02 10:48:00-04:00,89.33000183105469,89.5,89.30000305175781,89.41999816894531,89.41999816894531,972,0.0,0.0
2026-10-02 10:49:00-04:00,89.43000030517578,89.62000274658203,89.4000015258789,89.55000305175781,89.55000305175781,563,0.0,0.0
2026-10-02 10:50:00-04:00,89.54000091552734,89.69999694824219,89.5199966430664,89.63999938964844,89.63999938964844,638,0.0,0.0
2026-10-02 10:51:00-04:00,89.5999984741211,89.62999725341797,89.48999786376953,89.5199966430664,89.5199966430664,484,0.0,0.0
2026-10-02 10:52:00-04:00,89.52999877929688,89.66999816894531,89.52999877929688,89.55000305175781,89.55000305175781,331,0.0,0.0
2026-10-02 10:53:00-04:00,89.52999877929688,89.68000030517578,89.4800033569336,89.68000030517578,89.68000030517578,921,0.0,0.0
2026-10-02 10:54:00-04:00,89.66999816894531,89.81999969482422,89.66000366210938,89.80000305175781,89.80000305175781,454,0.0,0.0
2026-10-02 10:55:00-04:00,89.80000305175781,89.8499984741211,89.7300033569336,89.75,89.75,407,0.0,0.0
2026-10-02 10:56:00-04:00,89.76000213623047,89.76000213623047,89.4800033569336,89.4800033569336,89.4800033569336,551,0.0,0.0
2026-10-02 10:57:00-04:00,89.4800033569336,89.7300033569336,89.47000122070312,89.62000274658203,89.62000274658203,380,0.0,0.0
2026-10-02 10:58:00-04:00,89.62000274658203,89.66000366210938,89.58000183105469,89.5999984741211,89.5999984741211,281,0.0,0.0
2026-10-02 10:59:00-04:00,89.58999633789062,89.62000274658203,89.47000122070312,89.56999969482422,89.56999969482422,325,0.0,0.0
2026-10-02 11:00:00-04:00,89.55000305175781,89.56999969482422,89.4000015258789,89.55000305175781,89.55000305175781,552,0.0,0.0
2026-10-02 11:01:00-04:00,89.55000305175781,89.5999984741211,89.44000244140625,89.4800033569336,89.4800033569336,319,0.0,0.0
2026-10-02 11:02:00-04:00,89.4800033569336,89.73999786376953,89.47000122070312,89.69000244140625,89.69000244140625,494,0.0,0.0
2026-10-02 11:03:00-04:00,89.69000244140625,89.81999969482422,89.66999816894531,89.73999786376953,89.73999786376953,391,0.0,0.0
2026-10-02 11:04:00-04:00,89.75,89.88999938964844,89.75,89.87999725341797,89.87999725341797,480,0.0,0.0
2026-10-02 11:05:00-04:00,89.86000061035156,89.94000244140625,89.79000091552734,89.83000183105469,89.83000183105469,454,0.0,0.0
2026-10-02 11:06:00-04:00,89.80999755859375,89.87999725341797,89.76000213623047,89.86000061035156,89.86000061035156,307,0.0,0.0
2026-10-02 11:07:00-04:00,89.8499984741211,90.08999633789062,89.8499984741211,90.08999633789062,90.08999633789062,841,0.0,0.0
2026-10-02 11:08:00-04:00,90.08999633789062,90.4000015258789,90.05000305175781,90.31999969482422,90.31999969482422,1743,0.0,0.0
2026-10-02 11:09:00-04:00,90.31999969482422,90.41999816894531,90.29000091552734,90.33000183105469,90.33000183105469,699,0.0,0.0
2026-10-02 11:10:00-04:00,90.31999969482422,90.33999633789062,90.18000030517578,90.31999969482422,90.31999969482422,1011,0.0,0.0
2026-10-02 11:11:00-04:00,90.33999633789062,90.43000030517578,90.23999786376953,90.41000366210938,90.41000366210938,688,0.0,0.0
2026-10-02 11:12:00-04:00,90.41000366210938,90.5199966430664,90.3499984741211,90.47000122070312,90.47000122070312,923,0.0,0.0
2026-10-02 11:13:00-04:00,90.44999694824219,90.62999725341797,90.4000015258789,90.5,90.5,807,0.0,0.0
2026-10-02 11:14:00-04:00,90.48999786376953,90.51000213623047,90.30999755859375,90.33000183105469,90.33000183105469,474,0.0,0.0
2026-10-02 11:15:00-04:00,90.31999969482422,90.41000366210938,90.25,90.36000061035156,90.36000061035156,524,0.0,0.0
2026-10-02 11:16:00-04:00,90.36000061035156,90.54000091552734,90.3499984741211,90.51000213623047,90.51000213623047,502,0.0,0.0
2026-10-02 11:17:00-04:00,90.51000213623047,90.6500015258789,90.51000213623047,90.55999755859375,90.55999755859375,510,0.0,0.0
2026-10-02 11:18:00-04:00,90.55000305175781,90.62000274658203,90.4000015258789,90.5999984741211,90.5999984741211,584,0.0,0.0
2026-10-02 11:19:00-04:00,90.5999984741211,90.62000274658203,90.38999938964844,90.38999938964844,90.38999938964844,387,0.0,0.0
2026-10-02 11:20:00-04:00,90.4000015258789,90.55999755859375,90.4000015258789,90.5,90.5,639,0.0,0.0
2026-10-02 11:21:00-04:00,90.51000213623047,90.58999633789062,90.41999816894531,90.43000030517578,90.43000030517578,555,0.0,0.0
2026-10-02 11:22:00-04:00,90.41999816894531,90.44999694824219,90.29000091552734,90.37999725341797,90.37999725341797,489,0.0,0.0
2026-10-02 11:23:00-04:00,90.38999938964844,90.41000366210938,90.29000091552734,90.30999755859375,90.30999755859375,267,0.0,0.0
2026-10-02 11:24:00-04:00,90.31999969482422,90.33000183105469,90.22000122070312,90.26000213623047,90.26000213623047,342,0.0,0.0
2026-10-02 11:25:00-04:00,90.25,90.30999755859375,90.16000366210938,90.19999694824219,90.19999694824219,859,0.0,0.0
2026-10-02 11:26:00-04:00,90.19000244140625,90.23999786376953,90.11000061035156,90.12000274658203,90.12000274658203,332,0.0,0.0
2026-10-02 11:27:00-04:00,90.12000274658203,90.1500015258789,89.95999908447266,90.02999877929688,90.02999877929688,789,0.0,0.0
2026-10-02 11:28:00-04:00,90.0199966430664,90.04000091552734,89.94999694824219,89.98999786376953,89.98999786376953,407,0.0,0.0
2026-10-02 11:29:00-04:00,90.02999877929688,90.12999725341797,89.97000122070312,90.04000091552734,90.04000091552734,1256,0.0,0.0
2026-10-02 11:30:00-04:00,90.05000305175781,90.11000061035156,89.83999633789062,89.9800033569336,89.9800033569336,973,0.0,0.0
2026-10-02 11:31:00-04:00,89.95999908447266,90.04000091552734,89.94999694824219,90.02999877929688,90.02999877929688,257,0.0,0.0
2026-10-02 11:32:00-04:00,90.0199966430664,90.1500015258789,90.0199966430664,90.12999725341797,90.12999725341797,403,0.0,0.0
2026-10-02 11:33:00-04:00,90.12000274658203,90.18000030517578,90.0,90.0,90.0,469,0.0,0.0
2026-10-02 11:34:00-04:00,89.98999786376953,90.08000183105469,89.91000366210938,89.98999786376953,89.98999786376953,307,0.0,0.0
2026-10-02 11:35:00-04:00,90.0,90.02999877929688,89.94999694824219,89.9800033569336,89.9800033569336,213,0.0,0.0
2026-10-02 11:36:00-04:00,89.98999786376953,90.05000305175781,89.94999694824219,89.9800033569336,89.9800033569336,316,0.0,0.0
2026-10-02 11:37:00-04:00,89.9800033569336,90.0,89.91000366210938,89.94000244140625,89.94000244140625,162,0.0,0.0
2026-10-02 11:38:00-04:00,89.94999694824219,90.1500015258789,89.94999694824219,90.13999938964844,90.13999938964844,441,0.0,0.0
2026-10-02 11:39:00-04:00,90.12999725341797,90.19999694824219,90.11000061035156,90.18000030517578,90.18000030517578,231,0.0,0.0
2026-10-02 11:40:00-04:00,90.19000244140625,90.30999755859375,90.1500015258789,90.2699966430664,90.2699966430664,666,0.0,0.0
2026-10-02 11:41:00-04:00,90.25,90.33999633789062,90.23999786376953,90.29000091552734,90.29000091552734,588,0.0,0.0
2026-10-02 11:42:00-04:00,90.30000305175781,90.3499984741211,90.25,90.26000213623047,90.26000213623047,330,0.0,0.0
2026-10-02 11:43:00-04:00,90.26000213623047,90.37000274658203,90.26000213623047,90.33999633789062,90.33999633789062,504,0.0,0.0
2026-10-02 11:44:00-04:00,90.33999633789062,90.4000015258789,90.33000183105469,90.33999633789062,90.33999633789062,279,0.0,0.0
2026-10-02 11:45:00-04:00,90.33999633789062,90.55000305175781,90.30999755859375,90.47000122070312,90.47000122070312,1205,0.0,0.0
2026-10-02 11:46:00-04:00,90.47000122070312,90.68000030517578,90.47000122070312,90.6500015258789,90.6500015258789,401,0.0,0.0
2026-10-02 11:47:00-04:00,90.63999938964844,90.73999786376953,90.62999725341797,90.69999694824219,90.69999694824219,283,0.0,0.0
2026-10-02 11:48:00-04:00,90.70999908447266,90.93000030517578,90.68000030517578,90.87000274658203,90.87000274658203,784,0.0,0.0
2026-10-02 11:49:00-04:00,90.86000061035156,90.94999694824219,90.81999969482422,90.9000015258789,90.9000015258789,762,0.0,0.0
2026-10-02 11:50:00-04:00,90.91000366210938,90.94000244140625,90.79000091552734,90.80000305175781,90.80000305175781,730,0.0,0.0
2026-10-02 11:51:00-04:00,90.81999969482422,90.93000030517578,90.79000091552734,90.93000030517578,90.93000030517578,401,0.0,0.0
2026-10-02 11:52:00-04:00,90.91999816894531,90.95999908447266,90.86000061035156,90.86000061035156,90.86000061035156,314,0.0,0.0
2026-10-02 11:53:00-04:00,90.87000274658203,90.91000366210938,90.7699966430664,90.87000274658203,90.87000274658203,311,0.0,0.0
2026-10-02 11:54:00-04:00,90.86000061035156,90.94000244140625,90.86000061035156,90.9000015258789,90.9000015258789,415,0.0,0.0
2026-10-02 11:55:00-04:00,90.91000366210938,90.94000244140625,90.81999969482422,90.87000274658203,90.87000274658203,298,0.0,0.0
2026-10-02 11:56:00-04:00,90.87999725341797,90.87999725341797,90.80000305175781,90.86000061035156,90.86000061035156,233,0.0,0.0
2026-10-02 11:57:00-04:00,90.8499984741211,90.98999786376953,90.8499984741211,90.95999908447266,90.95999908447266,435,0.0,0.0
2026-10-02 11:58:00-04:00,90.97000122070312,91.0199966430664,90.94999694824219,90.9800033569336,90.9800033569336,399,0.0,0.0
2026-10-02 11:59:00-04:00,91.0,91.0199966430664,90.94999694824219,90.95999908447266,90.95999908447266,637,0.0,0.0
2026-10-02 12:00:00-04:00,90.95999908447266,90.95999908447266,90.86000061035156,90.9000015258789,90.9000015258789,549,0.0,0.0
2026-10-02 12:01:00-04:00,90.88999938964844,90.91999816894531,90.86000061035156,90.91999816894531,90.91999816894531,376,0.0,0.0
2026-10-02 12:02:00-04:00,90.94000244140625,91.23999786376953,90.91999816894531,91.08999633789062,91.08999633789062,895,0.0,0.0
2026-10-02 12:03:00-04:00,91.08999633789062,91.13999938964844,90.97000122070312,91.0199966430664,91.0199966430664,578,0.0,0.0
2026-10-02 12:04:00-04:00,91.0199966430664,91.08999633789062,90.91000366210938,90.93000030517578,90.93000030517578,297,0.0,0.0
2026-10-02 12:05:00-04:00,90.94999694824219,91.08999633789062,90.94000244140625,91.05000305175781,91.05000305175781,313,0.0,0.0
2026-10-02 12:06:00-04:00,91.05999755859375,91.06999969482422,90.83000183105469,90.9000015258789,90.9000015258789,424,0.0,0.0
2026-10-02 12:07:00-04:00,90.9000015258789,90.93000030517578,90.8499984741211,90.87000274658203,90.87000274658203,161,0.0,0.0
2026-10-02 12:08:00-04:00,90.88999938964844,90.95999908447266,90.83999633789062,90.94000244140625,90.94000244140625,248,0.0,0.0
2026-10-02 12:09:00-04:00,90.93000030517578,90.93000030517578,90.69000244140625,90.72000122070312,90.72000122070312,501,0.0,0.0
2026-10-02 12:10:00-04:00,90.72000122070312,90.7300033569336,90.5999984741211,90.66000366210938,90.66000366210938,769,0.0,0.0
2026-10-02 12:11:00-04:00,90.68000030517578,90.76000213623047,90.63999938964844,90.69999694824219,90.69999694824219,313,0.0,0.0
2026-10-02 12:12:00-04:00,90.69000244140625,90.72000122070312,90.6500015258789,90.70999908447266,90.70999908447266,217,0.0,0.0
2026-10-02 12:13:00-04:00,90.72000122070312,90.72000122070312,90.66999816894531,90.69000244140625,90.69000244140625,99,0.0,0.0
2026-10-02 12:14:00-04:00,90.66999816894531,90.72000122070312,90.66000366210938,90.68000030517578,90.68000030517578,190,0.0,0.0
2026-10-02 12:15:00-04:00,90.69999694824219,90.72000122070312,90.6500015258789,90.68000030517578,90.68000030517578,203,0.0,0.0
2026-10-02 12:16:00-04:00,90.69000244140625,90.72000122070312,90.56999969482422,90.61000061035156,90.61000061035156,441,0.0,0.0
2026-10-02 12:17:00-04:00,90.62999725341797,90.68000030517578,90.58999633789062,90.66999816894531,90.66999816894531,272,0.0,0.0
2026-10-02 12:18:00-04:00,90.66000366210938,90.66000366210938,90.5,90.52999877929688,90.52999877929688,270,0.0,0.0
2026-10-02 12:19:00-04:00,90.5199966430664,90.56999969482422,90.4800033569336,90.54000091552734,90.54000091552734,355,0.0,0.0
2026-10-02 12:20:00-04:00,90.55000305175781,90.58000183105469,90.51000213623047,90.51000213623047,90.51000213623047,293,0.0,0.0
2026-10-02 12:21:00-04:00,90.51000213623047,90.51000213623047,90.41999816894531,90.43000030517578,90.43000030517578,449,0.0,0.0
2026-10-02 12:22:00-04:00,90.43000030517578,90.55999755859375,90.43000030517578,90.51000213623047,90.51000213623047,322,0.0,0.0
2026-10-02 12:23:00-04:00,90.48999786376953,90.70999908447266,90.4800033569336,90.70999908447266,90.70999908447266,400,0.0,0.0
2026-10-02 12:24:00-04:00,90.68000030517578,91.08000183105469,90.6500015258789,91.0,91.0,1626,0.0,0.0
2026-10-02 12:25:00-04:00,90.97000122070312,91.04000091552734,90.81999969482422,91.0,91.0,649,0.0,0.0
2026-10-02 12:26:00-04:00,91.01000213623047,91.16000366210938,90.94000244140625,91.16000366210938,91.16000366210938,649,0.0,0.0
2026-10-02 12:27:00-04:00,91.16000366210938,91.27999877929688,91.0999984741211,91.19999694824219,91.19999694824219,1232,0.0,0.0
2026-10-02 12:28:00-04:00,91.18000030517578,91.33999633789062,91.16000366210938,91.30000305175781,91.30000305175781,861,0.0,0.0
2026-10-02 12:29:00-04:00,91.31999969482422,91.41999816894531,91.30000305175781,91.37000274658203,91.37000274658203,412,0.0,0.0
2026-10-02 12:30:00-04:00,91.37999725341797,91.45999908447266,91.3499984741211,91.44999694824219,91.44999694824219,651,0.0,0.0
2026-10-02 12:31:00-04:00,91.44999694824219,91.45999908447266,91.30999755859375,91.31999969482422,91.31999969482422,837,0.0,0.0
2026-10-02 12:32:00-04:00,91.31999969482422,91.41000366210938,91.26000213623047,91.37999725341797,91.37999725341797,410,0.0,0.0
2026-10-02 12:33:00-04:00,91.3499984741211,91.38999938964844,91.30000305175781,91.31999969482422,91.31999969482422,199,0.0,0.0
2026-10-02 12:34:00-04:00,91.31999969482422,91.4800033569336,91.31999969482422,91.41999816894531,91.41999816894531,1774,0.0,0.0
2026-10-02 12:35:00-04:00,91.41000366210938,91.41999816894531,91.29000091552734,91.31999969482422,91.31999969482422,540,0.0,0.0
2026-10-02 12:36:00-04:00,91.33999633789062,91.48999786376953,91.33000183105469,91.37999725341797,91.37999725341797,377,0.0,0.0
2026-10-02 12:37:00-04:00,91.38999938964844,91.4000015258789,91.31999969482422,91.37999725341797,91.37999725341797,122,0.0,0.0
2026-10-02 12:38:00-04:00,91.37000274658203,91.45999908447266,91.31999969482422,91.37000274658203,91.37000274658203,226,0.0,0.0
2026-10-02 12:39:00-04:00,91.37999725341797,91.38999938964844,91.30000305175781,91.31999969482422,91.31999969482422,144,0.0,0.0
2026-10-02 12:40:00-04:00,91.33000183105469,91.41000366210938,91.30000305175781,91.37999725341797,91.37999725341797,169,0.0,0.0
2026-10-02 12:41:00-04:00,91.38999938964844,91.45999908447266,91.3499984741211,91.37000274658203,91.37000274658203,174,0.0,0.0
2026-10-02 12:42:00-04:00,91.37999725341797,91.43000030517578,91.3499984741211,91.37999725341797,91.37999725341797,151,0.0,0.0
2026-10-02 12:43:00-04:00,91.38999938964844,91.4800033569336,91.37000274658203,91.44999694824219,91.44999694824219,244,0.0,0.0
2026-10-02 12:44:00-04:00,91.45999908447266,91.4800033569336,91.43000030517578,91.47000122070312,91.47000122070312,178,0.0,0.0
2026-10-02 12:45:00-04:00,91.44000244140625,91.51000213623047,91.43000030517578,91.4800033569336,91.4800033569336,226,0.0,0.0
2026-10-02 12:46:00-04:00,91.4800033569336,91.48999786376953,91.41000366210938,91.4800033569336,91.4800033569336,175,0.0,0.0
2026-10-02 12:47:00-04:00,91.47000122070312,91.48999786376953,91.37000274658203,91.4800033569336,91.4800033569336,434,0.0,0.0
2026-10-02 12:48:00-04:00,91.47000122070312,91.52999877929688,91.44000244140625,91.44000244140625,91.44000244140625,149,0.0,0.0
2026-10-02 12:49:00-04:00,91.4800033569336,91.5199966430664,91.43000030517578,91.45999908447266,91.45999908447266,284,0.0,0.0
2026-10-02 12:50:00-04:00,91.47000122070312,91.58999633789062,91.47000122070312,91.47000122070312,91.47000122070312,368,0.0,0.0
2026-10-02 12:51:00-04:00,91.47000122070312,91.47000122070312,91.37999725341797,91.38999938964844,91.38999938964844,403,0.0,0.0
2026-10-02 12:52:00-04:00,91.4000015258789,91.55000305175781,91.3499984741211,91.54000091552734,91.54000091552734,550,0.0,0.0
2026-10-02 12:53:00-04:00,91.54000091552734,91.55000305175781,91.4000015258789,91.45999908447266,91.45999908447266,129,0.0,0.0
2026-10-02 12:54:00-04:00,91.44000244140625,91.51000213623047,91.4000015258789,91.48999786376953,91.48999786376953,193,0.0,0.0
2026-10-02 12:55:00-04:00,91.5,91.5,91.43000030517578,91.43000030517578,91.43000030517578,376,0.0,0.0
2026-10-02 12:56:00-04:00,91.44000244140625,91.51000213623047,91.41999816894531,91.5,91.5,146,0.0,0.0
2026-10-02 12:57:00-04:00,91.5,91.51000213623047,91.44000244140625,91.5,91.5,196,0.0,0.0
2026-10-02 12:58:00-04:00,91.5,91.5199966430664,91.48999786376953,91.51000213623047,91.51000213623047,129,0.0,0.0
2026-10-02 12:59:00-04:00,91.52999877929688,91.62000274658203,91.51000213623047,91.56999969482422,91.56999969482422,352,0.0,0.0
2026-10-02 13:00:00-04:00,91.55999755859375,91.6500015258789,91.44000244140625,91.44999694824219,91.44999694824219,267,0.0,0.0
2026-10-02 13:01:00-04:00,91.45999908447266,91.54000091552734,91.41000366210938,91.4800033569336,91.4800033569336,312,0.0,0.0
2026-10-02 13:02:00-04:00,91.48999786376953,91.5,91.41000366210938,91.4800033569336,91.4800033569336,461,0.0,0.0
2026-10-02 13:03:00-04:00,91.47000122070312,91.52999877929688,91.44999694824219,91.45999908447266,91.45999908447266,307,0.0,0.0
2026-10-02 13:04:00-04:00,91.45999908447266,91.47000122070312,91.37000274658203,91.41999816894531,91.41999816894531,716,0.0,0.0
2026-10-02 13:05:00-04:00,91.44999694824219,91.51000213623047,91.41000366210938,91.44999694824219,91.44999694824219,290,0.0,0.0
2026-10-02 13:06:00-04:00,91.44999694824219,91.44999694824219,91.31999969482422,91.37000274658203,91.37000274658203,478,0.0,0.0
2026-10-02 13:07:00-04:00,91.37000274658203,91.5199966430664,91.33999633789062,91.5199966430664,91.5199966430664,254,0.0,0.0
2026-10-02 13:08:00-04:00,91.51000213623047,91.5199966430664,91.44999694824219,91.44999694824219,91.44999694824219,128,0.0,0.0
2026-10-02 13:09:00-04:00,91.45999908447266,91.5,91.44000244140625,91.48999786376953,91.48999786376953,179,0.0,0.0
2026-10-02 13:10:00-04:00,91.48999786376953,91.5199966430664,91.41999816894531,91.5199966430664,91.5199966430664,134,0.0,0.0
2026-10-02 13:11:00-04:00,91.52999877929688,91.58000183105469,91.5,91.52999877929688,91.52999877929688,335,0.0,0.0
2026-10-02 13:12:00-04:00,91.52999877929688,91.55999755859375,91.5199966430664,91.52999877929688,91.52999877929688,95,0.0,0.0
2026-10-02 13:13:00-04:00,91.52999877929688,91.54000091552734,91.5,91.51000213623047,91.51000213623047,95,0.0,0.0
2026-10-02 13:14:00-04:00,91.48999786376953,91.83000183105469,91.4800033569336,91.62000274658203,91.62000274658203,955,0.0,0.0
2026-10-02 13:15:00-04:00,91.5999984741211,91.61000061035156,91.43000030517578,91.48999786376953,91.48999786376953,313,0.0,0.0
2026-10-02 13:16:00-04:00,91.5,91.62999725341797,91.48999786376953,91.48999786376953,91.48999786376953,156,0.0,0.0
2026-10-02 13:17:00-04:00,91.51000213623047,91.51000213623047,91.41999816894531,91.45999908447266,91.45999908447266,270,0.0,0.0
2026-10-02 13:18:00-04:00,91.44000244140625,91.5199966430664,91.44000244140625,91.45999908447266,91.45999908447266,237,0.0,0.0
2026-10-02 13:19:00-04:00,91.45999908447266,91.45999908447266,91.37000274658203,91.43000030517578,91.43000030517578,202,0.0,0.0
2026-10-02 13:20:00-04:00,91.44999694824219,91.58000183105469,91.44000244140625,91.56999969482422,91.56999969482422,366,0.0,0.0
2026-10-02 13:21:00-04:00,91.55999755859375,91.58000183105469,91.52999877929688,91.54000091552734,91.54000091552734,126,0.0,0.0
2026-10-02 13:22:00-04:00,91.5199966430664,91.55000305175781,91.43000030517578,91.44000244140625,91.44000244140625,305,0.0,0.0
2026-10-02 13:23:00-04:00,91.44999694824219,91.5,91.43000030517578,91.47000122070312,91.47000122070312,250,0.0,0.0
2026-10-02 13:24:00-04:00,91.48999786376953,91.51000213623047,91.41000366210938,91.47000122070312,91.47000122070312,379,0.0,0.0
2026-10-02 13:25:00-04:00,91.47000122070312,91.5,91.41999816894531,91.5,91.5,187,0.0,0.0
2026-10-02 13:26:00-04:00,91.4800033569336,91.61000061035156,91.47000122070312,91.56999969482422,91.56999969482422,310,0.0,0.0
2026-10-02 13:27:00-04:00,91.58000183105469,91.66999816894531,91.58000183105469,91.66000366210938,91.66000366210938,212,0.0,0.0
2026-10-02 13:28:00-04:00,91.66000366210938,91.91999816894531,91.63999938964844,91.88999938964844,91.88999938964844,732,0.0,0.0
2026-10-02 13:29:00-04:00,91.86000061035156,91.9000015258789,91.80000305175781,91.80999755859375,91.80999755859375,335,0.0,0.0
2026-10-02 13:30:00-04:00,91.81999969482422,91.87000274658203,91.70999908447266,91.73999786376953,91.73999786376953,370,0.0,0.0
2026-10-02 13:31:00-04:00,91.7300033569336,91.73999786376953,91.54000091552734,91.56999969482422,91.56999969482422,514,0.0,0.0
2026-10-02 13:32:00-04:00,91.58000183105469,91.61000061035156,91.36000061035156,91.38999938964844,91.38999938964844,973,0.0,0.0
2026-10-02 13:33:00-04:00,91.36000061035156,91.48999786376953,91.3499984741211,91.43000030517578,91.43000030517578,319,0.0,0.0
2026-10-02 13:34:00-04:00,91.41999816894531,91.41999816894531,91.30999755859375,91.33000183105469,91.33000183105469,240,0.0,0.0
2026-10-02 13:35:00-04:00,91.33999633789062,91.38999938964844,91.30000305175781,91.33999633789062,91.33999633789062,287,0.0,0.0
2026-10-02 13:36:00-04:00,91.3499984741211,91.5,91.3499984741211,91.48999786376953,91.48999786376953,166,0.0,0.0
2026-10-02 13:37:00-04:00,91.4800033569336,91.5199966430664,91.43000030517578,91.45999908447266,91.45999908447266,380,0.0,0.0
2026-10-02 13:38:00-04:00,91.43000030517578,91.55999755859375,91.4000015258789,91.5,91.5,539,0.0,0.0
2026-10-02 13:39:00-04:00,91.48999786376953,91.54000091552734,91.47000122070312,91.5199966430664,91.5199966430664,345,0.0,0.0
2026-10-02 13:40:00-04:00,91.55999755859375,91.56999969482422,91.5,91.54000091552734,91.54000091552734,87,0.0,0.0
2026-10-02 13:41:00-04:00,91.55999755859375,91.61000061035156,91.54000091552734,91.58999633789062,91.58999633789062,167,0.0,0.0
2026-10-02 13:42:00-04:00,91.56999969482422,91.62999725341797,91.54000091552734,91.62000274658203,91.62000274658203,142,0.0,0.0
2026-10-02 13:43:00-04:00,91.61000061035156,91.61000061035156,91.54000091552734,91.55000305175781,91.55000305175781,82,0.0,0.0
2026-10-02 13:44:00-04:00,91.55999755859375,91.62000274658203,91.48999786376953,91.55999755859375,91.55999755859375,238,0.0,0.0
2026-10-02 13:45:00-04:00,91.56999969482422,91.58000183105469,91.5,91.52999877929688,91.52999877929688,161,0.0,0.0
2026-10-02 13:46:00-04:00,91.5199966430664,91.52999877929688,91.41999816894531,91.44000244140625,91.44000244140625,280,0.0,0.0
2026-10-02 13:47:00-04:00,91.44999694824219,91.45999908447266,91.37999725341797,91.4000015258789,91.4000015258789,329,0.0,0.0
2026-10-02 13:48:00-04:00,91.38999938964844,91.41000366210938,91.29000091552734,91.30999755859375,91.30999755859375,139,0.0,0.0
2026-10-02 13:49:00-04:00,91.30000305175781,91.33000183105469,91.26000213623047,91.33000183105469,91.33000183105469,314,0.0,0.0
2026-10-02 13:50:00-04:00,91.33000183105469,91.66000366210938,91.25,91.41000366210938,91.41000366210938,1015,0.0,0.0
2026-10-02 13:51:00-04:00,91.4000015258789,91.41000366210938,91.31999969482422,91.37999725341797,91.37999725341797,207,0.0,0.0
2026-10-02 13:52:00-04:00,91.37000274658203,91.43000030517578,91.30999755859375,91.4000015258789,91.4000015258789,401,0.0,0.0
2026-10-02 13:53:00-04:00,91.4000015258789,91.41000366210938,91.33000183105469,91.37000274658203,91.37000274658203,293,0.0,0.0
2026-10-02 13:54:00-04:00,91.36000061035156,91.44999694824219,91.36000061035156,91.41999816894531,91.41999816894531,257,0.0,0.0
2026-10-02 13:55:00-04:00,91.41000366210938,91.41999816894531,91.30000305175781,91.30000305175781,91.30000305175781,90,0.0,0.0
2026-10-02 13:56:00-04:00,91.31999969482422,91.38999938964844,91.31999969482422,91.33999633789062,91.33999633789062,310,0.0,0.0
2026-10-02 13:57:00-04:00,91.33000183105469,91.3499984741211,91.26000213623047,91.3499984741211,91.3499984741211,297,0.0,0.0
2026-10-02 13:58:00-04:00,91.3499984741211,91.41999816894531,91.3499984741211,91.4000015258789,91.4000015258789,297,0.0,0.0
2026-10-02 13:59:00-04:00,91.4000015258789,91.45999908447266,91.4000015258789,91.41999816894531,91.41999816894531,203,0.0,0.0
2026-10-02 14:00:00-04:00,91.4000015258789,91.62000274658203,91.38999938964844,91.58999633789062,91.58999633789062,546,0.0,0.0
2026-10-02 14:01:00-04:00,91.55999755859375,91.69999694824219,91.54000091552734,91.63999938964844,91.63999938964844,336,0.0,0.0
2026-10-02 14:02:00-04:00,91.63999938964844,91.73999786376953,91.58999633789062,91.70999908447266,91.70999908447266,335,0.0,0.0
2026-10-02 14:03:00-04:00,91.72000122070312,91.81999969482422,91.69000244140625,91.70999908447266,91.70999908447266,426,0.0,0.0
2026-10-02 14:04:00-04:00,91.69999694824219,91.69999694824219,91.58999633789062,91.62999725341797,91.62999725341797,188,0.0,0.0
2026-10-02 14:05:00-04:00,91.62999725341797,91.66000366210938,91.54000091552734,91.56999969482422,91.56999969482422,325,0.0,0.0
2026-10-02 14:06:00-04:00,91.56999969482422,91.6500015258789,91.55999755859375,91.63999938964844,91.63999938964844,243,0.0,0.0
2026-10-02 14:07:00-04:00,91.63999938964844,91.69999694824219,91.61000061035156,91.69999694824219,91.69999694824219,248,0.0,0.0
2026-10-02 14:08:00-04:00,91.66999816894531,91.69999694824219,91.5999984741211,91.5999984741211,91.5999984741211,139,0.0,0.0
2026-10-02 14:09:00-04:00,91.62000274658203,91.70999908447266,91.58999633789062,91.69999694824219,91.69999694824219,307,0.0,0.0
2026-10-02 14:10:00-04:00,91.69000244140625,91.72000122070312,91.6500015258789,91.66000366210938,91.66000366210938,239,0.0,0.0
2026-10-02 14:11:00-04:00,91.66000366210938,91.72000122070312,91.6500015258789,91.70999908447266,91.70999908447266,413,0.0,0.0
2026-10-02 14:12:00-04:00,91.72000122070312,91.80999755859375,91.69999694824219,91.70999908447266,91.70999908447266,657,0.0,0.0
2026-10-02 14:13:00-04:00,91.69000244140625,91.72000122070312,91.55000305175781,91.55999755859375,91.55999755859375,251,0.0,0.0
2026-10-02 14:14:00-04:00,91.55000305175781,91.63999938964844,91.54000091552734,91.61000061035156,91.61000061035156,613,0.0,0.0
2026-10-02 14:15:00-04:00,91.62000274658203,91.7300033569336,91.62000274658203,91.69000244140625,91.69000244140625,291,0.0,0.0
2026-10-02 14:16:00-04:00,91.70999908447266,91.7699966430664,91.6500015258789,91.73999786376953,91.73999786376953,380,0.0,0.0
2026-10-02 14:17:00-04:00,91.75,91.8499984741211,91.72000122070312,91.83000183105469,91.83000183105469,232,0.0,0.0
2026-10-02 14:18:00-04:00,91.81999969482422,92.0199966430664,91.81999969482422,91.97000122070312,91.97000122070312,745,0.0,0.0
2026-10-02 14:19:00-04:00,91.94999694824219,92.0199966430664,91.91999816894531,92.0199966430664,92.0199966430664,609,0.0,0.0
2026-10-02 14:20:00-04:00,92.0,92.01000213623047,91.81999969482422,91.91000366210938,91.91000366210938,728,0.0,0.0
2026-10-02 14:21:00-04:00,91.91999816894531,91.98999786376953,91.87000274658203,91.9000015258789,91.9000015258789,443,0.0,0.0
2026-10-02 14:22:00-04:00,91.91000366210938,91.95999908447266,91.8499984741211,91.8499984741211,91.8499984741211,258,0.0,0.0
2026-10-02 14:23:00-04:00,91.86000061035156,91.91000366210938,91.6500015258789,91.69000244140625,91.69000244140625,1011,0.0,0.0
2026-10-02 14:24:00-04:00,91.66999816894531,91.70999908447266,91.58999633789062,91.63999938964844,91.63999938964844,730,0.0,0.0
2026-10-02 14:25:00-04:00,91.63999938964844,91.63999938964844,91.47000122070312,91.61000061035156,91.61000061035156,1091,0.0,0.0
2026-10-02 14:26:00-04:00,91.5999984741211,91.61000061035156,91.51000213623047,91.55000305175781,91.55000305175781,499,0.0,0.0
2026-10-02 14:27:00-04:00,91.56999969482422,91.6500015258789,91.5199966430664,91.5199966430664,91.5199966430664,710,0.0,0.0
2026-10-02 14:28:00-04:00,91.5,91.5199966430664,91.0199966430664,91.08000183105469,91.08000183105469,7161,0.0,0.0
2026-10-02 14:29:00-04:00,91.05999755859375,91.12000274658203,91.0,91.08999633789062,91.08999633789062,6576,0.0,0.0
2026-10-02 14:30:00-04:00,91.0999984741211,91.2300033569336,91.06999969482422,91.13999938964844,91.13999938964844,1498,0.0,0.0
2026-10-02 14:31:00-04:00,91.18000030517578,91.20999908447266,91.12000274658203,91.16000366210938,91.16000366210938,1049,0.0,0.0
2026-10-02 14:32:00-04:00,91.1500015258789,91.22000122070312,91.13999938964844,91.1500015258789,91.1500015258789,468,0.0,0.0
2026-10-02 14:33:00-04:00,91.16000366210938,91.25,91.13999938964844,91.23999786376953,91.23999786376953,393,0.0,0.0
2026-10-02 14:34:00-04:00,91.2300033569336,91.2699966430664,91.11000061035156,91.12000274658203,91.12000274658203,474,0.0,0.0
2026-10-02 14:35:00-04:00,91.12000274658203,91.23999786376953,91.11000061035156,91.20999908447266,91.20999908447266,630,0.0,0.0
2026-10-02 14:36:00-04:00,91.20999908447266,91.26000213623047,91.12999725341797,91.22000122070312,91.22000122070312,250,0.0,0.0
2026-10-02 14:37:00-04:00,91.23999786376953,91.29000091552734,91.18000030517578,91.26000213623047,91.26000213623047,260,0.0,0.0
2026-10-02 14:38:00-04:00,91.2699966430664,91.30999755859375,91.20999908447266,91.26000213623047,91.26000213623047,325,0.0,0.0
2026-10-02 14:39:00-04:00,91.25,91.27999877929688,91.19999694824219,91.22000122070312,91.22000122070312,151,0.0,0.0
2026-10-02 14:40:00-04:00,91.2300033569336,91.2300033569336,91.16999816894531,91.16999816894531,91.16999816894531,94,0.0,0.0
2026-10-02 14:41:00-04:00,91.16999816894531,91.22000122070312,91.16999816894531,91.18000030517578,91.18000030517578,89,0.0,0.0
2026-10-02 14:42:00-04:00,91.18000030517578,91.20999908447266,91.11000061035156,91.12999725341797,91.12999725341797,98,0.0,0.0
2026-10-02 14:43:00-04:00,91.12000274658203,91.12000274658203,91.08000183105469,91.11000061035156,91.11000061035156,207,0.0,0.0
2026-10-02 14:44:00-04:00,91.0999984741211,91.12999725341797,91.08000183105469,91.11000061035156,91.11000061035156,164,0.0,0.0
2026-10-02 14:45:00-04:00,91.11000061035156,91.13999938964844,91.08999633789062,91.12999725341797,91.12999725341797,143,0.0,0.0
2026-10-02 14:46:00-04:00,91.12999725341797,91.1500015258789,91.08999633789062,91.12000274658203,91.12000274658203,288,0.0,0.0
2026-10-02 14:47:00-04:00,91.1500015258789,91.1500015258789,91.0999984741211,91.12000274658203,91.12000274658203,106,0.0,0.0
2026-10-02 14:48:00-04:00,91.12000274658203,91.16000366210938,91.08999633789062,91.13999938964844,91.13999938964844,144,0.0,0.0
2026-10-02 14:49:00-04:00,91.12000274658203,91.12999725341797,91.0999984741211,91.11000061035156,91.11000061035156,46,0.0,0.0
2026-10-02 14:50:00-04:00,91.11000061035156,91.2300033569336,91.11000061035156,91.13999938964844,91.13999938964844,351,0.0,0.0
2026-10-02 14:51:00-04:00,91.12999725341797,91.1500015258789,91.08999633789062,91.11000061035156,91.11000061035156,154,0.0,0.0
2026-10-02 14:52:00-04:00,91.0999984741211,91.13999938964844,91.05999755859375,91.11000061035156,91.11000061035156,250,0.0,0.0
2026-10-02 14:53:00-04:00,91.11000061035156,91.13999938964844,91.08999633789062,91.13999938964844,91.13999938964844,113,0.0,0.0
2026-10-02 14:54:00-04:00,91.13999938964844,91.19000244140625,91.12000274658203,91.18000030517578,91.18000030517578,91,0.0,0.0
2026-10-02 14:55:00-04:00,91.16000366210938,91.22000122070312,91.16000366210938,91.18000030517578,91.18000030517578,147,0.0,0.0
2026-10-02 14:56:00-04:00,91.19000244140625,91.23999786376953,91.19000244140625,91.2300033569336,91.2300033569336,108,0.0,0.0
2026-10-02 14:57:00-04:00,91.23999786376953,91.23999786376953,91.20999908447266,91.20999908447266,91.20999908447266,70,0.0,0.0
2026-10-02 14:58:00-04:00,91.19999694824219,91.20999908447266,91.18000030517578,91.19000244140625,91.19000244140625,45,0.0,0.0
2026-10-02 14:59:00-04:00,91.19000244140625,91.19999694824219,91.0999984741211,91.11000061035156,91.11000061035156,175,0.0,0.0
2026-10-02 15:00:00-04:00,91.11000061035156,91.12000274658203,91.0199966430664,91.0199966430664,91.0199966430664,177,0.0,0.0
2026-10-02 15:01:00-04:00,91.01000213623047,91.0999984741211,91.0,91.06999969482422,91.06999969482422,154,0.0,0.0
2026-10-02 15:02:00-04:00,91.06999969482422,91.0999984741211,91.0,91.04000091552734,91.04000091552734,82,0.0,0.0
2026-10-02 15:03:00-04:00,91.05000305175781,91.06999969482422,91.05000305175781,91.06999969482422,91.06999969482422,24,0.0,0.0
2026-10-02 15:04:00-04:00,91.06999969482422,91.08999633789062,91.05000305175781,91.08000183105469,91.08000183105469,152,0.0,0.0
2026-10-02 15:05:00-04:00,91.08000183105469,91.0999984741211,90.9800033569336,90.9800033569336,90.9800033569336,190,0.0,0.0
2026-10-02 15:06:00-04:00,90.98999786376953,90.98999786376953,90.93000030517578,90.94999694824219,90.94999694824219,176,0.0,0.0
2026-10-02 15:07:00-04:00,90.95999908447266,91.02999877929688,90.91000366210938,91.02999877929688,91.02999877929688,398,0.0,0.0
2026-10-02 15:08:00-04:00,91.02999877929688,91.06999969482422,91.0199966430664,91.02999877929688,91.02999877929688,87,0.0,0.0
2026-10-02 15:09:00-04:00,91.04000091552734,91.05999755859375,90.9800033569336,91.05999755859375,91.05999755859375,69,0.0,0.0
2026-10-02 15:10:00-04:00,91.05999755859375,91.0999984741211,91.04000091552734,91.08999633789062,91.08999633789062,120,0.0,0.0
2026-10-02 15:11:00-04:00,91.08999633789062,91.12000274658203,91.05000305175781,91.08000183105469,91.08000183105469,274,0.0,0.0
2026-10-02 15:12:00-04:00,91.08000183105469,91.12999725341797,91.05999755859375,91.11000061035156,91.11000061035156,270,0.0,0.0
2026-10-02 15:13:00-04:00,91.11000061035156,91.16000366210938,91.05000305175781,91.08000183105469,91.08000183105469,232,0.0,0.0
2026-10-02 15:14:00-04:00,91.08000183105469,91.08000183105469,91.04000091552734,91.05999755859375,91.05999755859375,93,0.0,0.0
2026-10-02 15:15:00-04:00,91.06999969482422,91.12999725341797,91.05999755859375,91.08999633789062,91.08999633789062,233,0.0,0.0
2026-10-02 15:16:00-04:00,91.08999633789062,91.16999816894531,91.08999633789062,91.12999725341797,91.12999725341797,367,0.0,0.0
2026-10-02 15:17:00-04:00,91.11000061035156,91.1500015258789,91.0999984741211,91.12999725341797,91.12999725341797,99,0.0,0.0
2026-10-02 15:18:00-04:00,91.12999725341797,91.1500015258789,91.06999969482422,91.06999969482422,91.06999969482422,151,0.0,0.0
2026-10-02 15:19:00-04:00,91.08000183105469,91.19000244140625,91.08000183105469,91.12000274658203,91.12000274658203,412,0.0,0.0
2026-10-02 15:20:00-04:00,91.12000274658203,91.16999816894531,91.08000183105469,91.0999984741211,91.0999984741211,283,0.0,0.0
2026-10-02 15:21:00-04:00,91.08000183105469,91.0999984741211,91.04000091552734,91.08999633789062,91.08999633789062,177,0.0,0.0
2026-10-02 15:22:00-04:00,91.08000183105469,91.11000061035156,91.04000091552734,91.08000183105469,91.08000183105469,168,0.0,0.0
2026-10-02 15:23:00-04:00,91.0999984741211,91.13999938964844,91.05000305175781,91.08999633789062,91.08999633789062,86,0.0,0.0
2026-10-02 15:24:00-04:00,91.08999633789062,91.0999984741211,91.02999877929688,91.06999969482422,91.06999969482422,174,0.0,0.0
2026-10-02 15:25:00-04:00,91.06999969482422,91.11000061035156,91.02999877929688,91.0999984741211,91.0999984741211,70,0.0,0.0
2026-10-02 15:26:00-04:00,91.0999984741211,91.12000274658203,91.08000183105469,91.11000061035156,91.11000061035156,46,0.0,0.0
2026-10-02 15:27:00-04:00,91.0999984741211,91.12999725341797,91.06999969482422,91.12000274658203,91.12000274658203,62,0.0,0.0
2026-10-02 15:28:00-04:00,91.11000061035156,91.16000366210938,91.08000183105469,91.12999725341797,91.12999725341797,139,0.0,0.0
2026-10-02 15:29:00-04:00,91.12999725341797,91.20999908447266,91.12000274658203,91.16999816894531,91.16999816894531,311,0.0,0.0
2026-10-02 15:30:00-04:00,91.18000030517578,91.23999786376953,91.16000366210938,91.23999786376953,91.23999786376953,178,0.0,0.0
2026-10-02 15:31:00-04:00,91.23999786376953,91.27999877929688,91.20999908447266,91.2300033569336,91.2300033569336,203,0.0,0.0
2026-10-02 15:32:00-04:00,91.23999786376953,91.29000091552734,91.18000030517578,91.25,91.25,355,0.0,0.0
2026-10-02 15:33:00-04:00,91.23999786376953,91.27999877929688,91.19999694824219,91.22000122070312,91.22000122070312,317,0.0,0.0
2026-10-02 15:34:00-04:00,91.19999694824219,91.23999786376953,91.18000030517578,91.2300033569336,91.2300033569336,70,0.0,0.0
2026-10-02 15:35:00-04:00,91.22000122070312,91.25,91.22000122070312,91.2300033569336,91.2300033569336,62,0.0,0.0
2026-10-02 15:36:00-04:00,91.23999786376953,91.2699966430664,91.20999908447266,91.2699966430664,91.2699966430664,99,0.0,0.0
2026-10-02 15:37:00-04:00,91.26000213623047,91.27999877929688,91.26000213623047,91.26000213623047,91.26000213623047,43,0.0,0.0
2026-10-02 15:38:00-04:00,91.2699966430664,91.27999877929688,91.25,91.2699966430664,91.2699966430664,37,0.0,0.0
2026-10-02 15:39:00-04:00,91.2699966430664,91.30999755859375,91.26000213623047,91.30999755859375,91.30999755859375,53,0.0,0.0
2026-10-02 15:40:00-04:00,91.30999755859375,91.43000030517578,91.30999755859375,91.41999816894531,91.41999816894531,224,0.0,0.0
2026-10-02 15:41:00-04:00,91.41000366210938,91.44999694824219,91.4000015258789,91.41999816894531,91.41999816894531,83,0.0,0.0
2026-10-02 15:42:00-04:00,91.43000030517578,91.47000122070312,91.41000366210938,91.41999816894531,91.41999816894531,105,0.0,0.0
2026-10-02 15:43:00-04:00,91.41000366210938,91.43000030517578,91.37000274658203,91.41000366210938,91.41000366210938,126,0.0,0.0
2026-10-02 15:44:00-04:00,91.41999816894531,91.4800033569336,91.41000366210938,91.43000030517578,91.43000030517578,82,0.0,0.0
2026-10-02 15:45:00-04:00,91.45999908447266,91.47000122070312,91.4000015258789,91.43000030517578,91.43000030517578,54,0.0,0.0
2026-10-02 15:46:00-04:00,91.44000244140625,91.48999786376953,91.44000244140625,91.4800033569336,91.4800033569336,77,0.0,0.0
2026-10-02 15:47:00-04:00,91.4800033569336,91.4800033569336,91.44999694824219,91.47000122070312,91.47000122070312,29,0.0,0.0
2026-10-02 15:48:00-04:00,91.4800033569336,91.48999786376953,91.41999816894531,91.41999816894531,91.41999816894531,59,0.0,0.0
2026-10-02 15:49:00-04:00,91.43000030517578,91.45999908447266,91.41999816894531,91.44000244140625,91.44000244140625,53,0.0,0.0
2026-10-02 15:50:00-04:00,91.44000244140625,91.55000305175781,91.44000244140625,91.55000305175781,91.55000305175781,131,0.0,0.0
2026-10-02 15:51:00-04:00,91.54000091552734,91.55000305175781,91.51000213623047,91.54000091552734,91.54000091552734,72,0.0,0.0
2026-10-02 15:52:00-04:00,91.5199966430664,91.52999877929688,91.44999694824219,91.44999694824219,91.44999694824219,113,0.0,0.0
2026-10-02 15:53:00-04:00,91.45999908447266,91.45999908447266,91.37000274658203,91.41999816894531,91.41999816894531,59,0.0,0.0
2026-10-02 15:54:00-04:00,91.41000366210938,91.44000244140625,91.4000015258789,91.44000244140625,91.44000244140625,42,0.0,0.0
2026-10-02 15:55:00-04:00,91.43000030517578,91.47000122070312,91.43000030517578,91.43000030517578,91.43000030517578,63,0.0,0.0
2026-10-02 15:56:00-04:00,91.45999908447266,91.45999908447266,91.4000015258789,91.43000030517578,91.43000030517578,134,0.0,0.0
2026-10-02 15:57:00-04:00,91.43000030517578,91.45999908447266,91.41999816894531,91.43000030517578,91.43000030517578,59,0.0,0.0
2026-10-02 15:58:00-04:00,91.41999816894531,91.43000030517578,91.38999938964844,91.41999816894531,91.41999816894531,53,0.0,0.0
2026-10-02 15:59:00-04:00,91.44000244140625,91.55000305175781,91.41999816894531,91.54000091552734,91.54000091552734,226,0.0,0.0
2026-10-02 16:00:00-04:00,91.52999877929688,91.5999984741211,91.44000244140625,91.58999633789062,91.58999633789062,165,0.0,0.0
2026-10-02 16:01:00-04:00,91.56999969482422,91.61000061035156,91.55000305175781,91.55000305175781,91.55000305175781,388,0.0,0.0
2026-10-02 16:02:00-04:00,91.55000305175781,91.55999755859375,91.44999694824219,91.47000122070312,91.47000122070312,64,0.0,0.0
2026-10-02 16:03:00-04:00,91.47000122070312,91.4800033569336,91.37999725341797,91.4000015258789,91.4000015258789,66,0.0,0.0
2026-10-02 16:04:00-04:00,91.4000015258789,91.43000030517578,91.37000274658203,91.43000030517578,91.43000030517578,47,0.0,0.0
2026-10-02 16:05:00-04:00,91.44000244140625,91.4800033569336,91.43000030517578,91.4800033569336,91.4800033569336,75,0.0,0.0
2026-10-02 16:06:00-04:00,91.45999908447266,91.51000213623047,91.45999908447266,91.5,91.5,43,0.0,0.0
2026-10-02 16:07:00-04:00,91.51000213623047,91.5199966430664,91.45999908447266,91.5,91.5,124,0.0,0.0
2026-10-02 16:08:00-04:00,91.51000213623047,91.52999877929688,91.45999908447266,91.45999908447266,91.45999908447266,45,0.0,0.0
2026-10-02 16:09:00-04:00,91.43000030517578,91.43000030517578,91.37000274658203,91.4000015258789,91.4000015258789,31,0.0,0.0
2026-10-02 16:10:00-04:00,91.41000366210938,91.4800033569336,91.38999938964844,91.4800033569336,91.4800033569336,72,0.0,0.0
2026-10-02 16:11:00-04:00,91.47000122070312,91.5,91.47000122070312,91.4800033569336,91.4800033569336,22,0.0,0.0
2026-10-02 16:12:00-04:00,91.4800033569336,91.4800033569336,91.4800033569336,91.4800033569336,91.4800033569336,4,0.0,0.0
2026-10-02 16:13:00-04:00,91.45999908447266,91.45999908447266,91.44999694824219,91.44999694824219,91.44999694824219,7,0.0,0.0
2026-10-02 16:14:00-04:00,91.41999816894531,91.44000244140625,91.41999816894531,91.44000244140625,91.44000244140625,4,0.0,0.0
2026-10-02 16:15:00-04:00,91.47000122070312,91.47000122070312,91.4000015258789,91.43000030517578,91.43000030517578,31,0.0,0.0
2026-10-02 16:16:00-04:00,91.44000244140625,91.45999908447266,91.43000030517578,91.44999694824219,91.44999694824219,60,0.0,0.0
2026-10-02 16:17:00-04:00,91.44999694824219,91.48999786376953,91.44999694824219,91.48999786376953,91.48999786376953,29,0.0,0.0
2026-10-02 16:18:00-04:00,91.5,91.5,91.45999908447266,91.45999908447266,91.45999908447266,64,0.0,0.0
2026-10-02 16:19:00-04:00,91.45999908447266,91.4800033569336,91.45999908447266,91.45999908447266,91.45999908447266,9,0.0,0.0
2026-10-02 16:20:00-04:00,91.44000244140625,91.45999908447266,91.41999816894531,91.44999694824219,91.44999694824219,65,0.0,0.0
2026-10-02 16:21:00-04:00,91.45999908447266,91.48999786376953,91.45999908447266,91.48999786376953,91.48999786376953,27,0.0,0.0
2026-10-02 16:22:00-04:00,91.5,91.52999877929688,91.5,91.5199966430664,91.5199966430664,45,0.0,0.0
2026-10-02 16:23:00-04:00,91.52999877929688,91.52999877929688,91.52999877929688,91.52999877929688,91.52999877929688,19,0.0,0.0
2026-10-02 16:24:00-04:00,91.54000091552734,91.54000091552734,91.4800033569336,91.5199966430664,91.5199966430664,60,0.0,0.0
2026-10-02 16:25:00-04:00,91.5199966430664,91.52999877929688,91.51000213623047,91.51000213623047,91.51000213623047,21,0.0,0.0
2026-10-02 16:26:00-04:00,91.5199966430664,91.5199966430664,91.51000213623047,91.51000213623047,91.51000213623047,7,0.0,0.0
2026-10-02 16:27:00-04:00,91.51000213623047,91.51000213623047,91.5,91.5,91.5,5,0.0,0.0
2026-10-02 16:28:00-04:00,91.45999908447266,91.4800033569336,91.44000244140625,91.4800033569336,91.4800033569336,48,0.0,0.0
2026-10-02 16:29:00-04:00,91.45999908447266,91.47000122070312,91.37000274658203,91.4000015258789,91.4000015258789,175,0.0,0.0
2026-10-02 16:30:00-04:00,91.4000015258789,91.44000244140625,91.38999938964844,91.44000244140625,91.44000244140625,31,0.0,0.0
2026-10-02 16:31:00-04:00,91.41999816894531,91.41999816894531,91.37999725341797,91.41999816894531,91.41999816894531,28,0.0,0.0
2026-10-02 16:32:00-04:00,91.43000030517578,91.43000030517578,91.38999938964844,91.4000015258789,91.4000015258789,50,0.0,0.0
2026-10-02 16:33:00-04:00,91.41999816894531,91.43000030517578,91.37999725341797,91.41000366210938,91.41000366210938,82,0.0,0.0
2026-10-02 16:34:00-04:00,91.37000274658203,91.41999816894531,91.36000061035156,91.41000366210938,91.41000366210938,36,0.0,0.0
2026-10-02 16:35:00-04:00,91.4000015258789,91.48999786376953,91.4000015258789,91.47000122070312,91.47000122070312,44,0.0,0.0
2026-10-02 16:36:00-04:00,91.44999694824219,91.45999908447266,91.41000366210938,91.41999816894531,91.41999816894531,49,0.0,0.0
2026-10-02 16:37:00-04:00,91.43000030517578,91.44999694824219,91.41999816894531,91.44999694824219,91.44999694824219,20,0.0,0.0
2026-10-02 16:38:00-04:00,91.44000244140625,91.44000244140625,91.41000366210938,91.41999816894531,91.41999816894531,18,0.0,0.0
2026-10-02 16:39:00-04:00,91.43000030517578,91.43000030517578,91.38999938964844,91.41999816894531,91.41999816894531,62,0.0,0.0
2026-10-02 16:40:00-04:00,91.41999816894531,91.43000030517578,91.38999938964844,91.4000015258789,91.4000015258789,66,0.0,0.0
2026-10-02 16:41:00-04:00,91.38999938964844,91.41999816894531,91.38999938964844,91.41000366210938,91.41000366210938,19,0.0,0.0
2026-10-02 16:42:00-04:00,91.41999816894531,91.43000030517578,91.4000015258789,91.41999816894531,91.41999816894531,45,0.0,0.0
2026-10-02 16:43:00-04:00,91.41999816894531,91.41999816894531,91.37000274658203,91.38999938964844,91.38999938964844,139,0.0,0.0
2026-10-02 16:44:00-04:00,91.37999725341797,91.37999725341797,91.3499984741211,91.36000061035156,91.36000061035156,91,0.0,0.0
2026-10-02 16:45:00-04:00,91.37000274658203,91.41999816894531,91.33999633789062,91.37999725341797,91.37999725341797,78,0.0,0.0
2026-10-02 16:46:00-04:00,91.37999725341797,91.37999725341797,91.33000183105469,91.33999633789062,91.33999633789062,85,0.0,0.0
2026-10-02 16:47:00-04:00,91.33999633789062,91.3499984741211,91.33000183105469,91.33000183105469,91.33000183105469,26,0.0,0.0
2026-10-02 16:48:00-04:00,91.33999633789062,91.33999633789062,91.27999877929688,91.30000305175781,91.30000305175781,54,0.0,0.0
2026-10-02 16:49:00-04:00,91.30000305175781,91.30000305175781,91.26000213623047,91.29000091552734,91.29000091552734,45,0.0,0.0
2026-10-02 16:50:00-04:00,91.2699966430664,91.29000091552734,91.19999694824219,91.25,91.25,168,0.0,0.0
2026-10-02 16:51:00-04:00,91.26000213623047,91.33000183105469,91.23999786376953,91.33000183105469,91.33000183105469,275,0.0,0.0
2026-10-02 16:52:00-04:00,91.33000183105469,91.33000183105469,91.2699966430664,91.31999969482422,91.31999969482422,77,0.0,0.0
2026-10-02 16:53:00-04:00,91.30000305175781,91.36000061035156,91.30000305175781,91.33999633789062,91.33999633789062,100,0.0,0.0
2026-10-02 16:54:00-04:00,91.30999755859375,91.33000183105469,91.19000244140625,91.19000244140625,91.19000244140625,133,0.0,0.0
2026-10-02 16:55:00-04:00,91.22000122070312,91.26000213623047,91.22000122070312,91.2300033569336,91.2300033569336,67,0.0,0.0
2026-10-02 16:56:00-04:00,91.2300033569336,91.27999877929688,91.2300033569336,91.2699966430664,91.2699966430664,51,0.0,0.0
2026-10-02 16:57:00-04:00,91.25,91.26000213623047,91.2300033569336,91.23999786376953,91.23999786376953,39,0.0,0.0
2026-10-02 16:58:00-04:00,91.23999786376953,91.26000213623047,91.22000122070312,91.22000122070312,91.22000122070312,66,0.0,0.0
2026-10-02 16:59:00-04:00,91.22000122070312,91.2699966430664,91.11000061035156,91.11000061035156,91.11000061035156,143,0.0,0.0
2026-10-02 17:00:00-04:00,91.11000061035156,91.11000061035156,91.11000061035156,91.11000061035156,91.11000061035156,0,0.0,0.0
2026-10-04 18:10:00-04:00,91.33999633789062,91.3499984741211,91.23999786376953,91.30000305175781,91.30000305175781,0,0.0,0.0
2026-10-04 18:11:00-04:00,91.30000305175781,91.30999755859375,91.23999786376953,91.29000091552734,91.29000091552734,72,0.0,0.0
2026-10-04 18:12:00-04:00,91.27999877929688,91.33000183105469,91.26000213623047,91.30999755859375,91.30999755859375,155,0.0,0.0
2026-10-04 18:13:00-04:00,91.30999755859375,91.36000061035156,91.30999755859375,91.33000183105469,91.33000183105469,96,0.0,0.0
2026-10-04 18:14:00-04:00,91.33999633789062,91.41999816894531,91.30999755859375,91.38999938964844,91.38999938964844,88,0.0,0.0
2026-10-04 18:15:00-04:00,91.38999938964844,91.41000366210938,91.27999877929688,91.30000305175781,91.30000305175781,76,0.0,0.0
2026-10-04 18:16:00-04:00,91.30000305175781,91.36000061035156,91.30000305175781,91.33999633789062,91.33999633789062,26,0.0,0.0
2026-10-04 18:17:00-04:00,91.33000183105469,91.43000030517578,91.33000183105469,91.41999816894531,91.41999816894531,77,0.0,0.0
2026-10-04 18:18:00-04:00,91.37000274658203,91.37000274658203,91.36000061035156,91.36000061035156,91.36000061035156,11,0.0,0.0
2026-10-04 18:19:00-04:00,91.37000274658203,91.37999725341797,91.37000274658203,91.37999725341797,91.37999725341797,32,0.0,0.0
2026-10-04 18:20:00-04:00,91.4000015258789,91.4000015258789,91.36000061035156,91.36000061035156,91.36000061035156,17,0.0,0.0
2026-10-04 18:21:00-04:00,91.36000061035156,91.37999725341797,91.3499984741211,91.37999725341797,91.37999725341797,11,0.0,0.0
2026-10-04 18:22:00-04:00,91.37999725341797,91.38999938964844,91.36000061035156,91.36000061035156,91.36000061035156,11,0.0,0.0
2026-10-04 18:23:00-04:00,91.3499984741211,91.36000061035156,91.33999633789062,91.3499984741211,91.3499984741211,7,0.0,0.0
2026-10-04 18:24:00-04:00,91.33999633789062,91.37000274658203,91.33000183105469,91.36000061035156,91.36000061035156,22,0.0,0.0
2026-10-04 18:25:00-04:00,91.3499984741211,91.3499984741211,91.3499984741211,91.3499984741211,91.3499984741211,3,0.0,0.0
2026-10-04 18:26:00-04:00,91.33999633789062,91.3499984741211,91.33000183105469,91.33000183105469,91.33000183105469,18,0.0,0.0
2026-10-04 18:27:00-04:00,91.31999969482422,91.33000183105469,91.30000305175781,91.31999969482422,91.31999969482422,19,0.0,0.0
2026-10-04 18:28:00-04:00,91.30999755859375,91.30999755859375,91.30000305175781,91.30000305175781,91.30000305175781,6,0.0,0.0
2026-10-04 18:29:00-04:00,91.30000305175781,91.30000305175781,91.2699966430664,91.29000091552734,91.29000091552734,40,0.0,0.0
2026-10-04 18:30:00-04:00,91.2699966430664,91.2699966430664,91.2300033569336,91.23999786376953,91.23999786376953,83,0.0,0.0
2026-10-04 18:31:00-04:00,91.25,91.25,91.22000122070312,91.2300033569336,91.2300033569336,66,0.0,0.0
2026-10-04 18:32:00-04:00,91.2300033569336,91.2300033569336,91.16000366210938,91.18000030517578,91.18000030517578,65,0.0,0.0
2026-10-04 18:33:00-04:00,91.18000030517578,91.19999694824219,91.13999938964844,91.13999938964844,91.13999938964844,64,0.0,0.0
2026-10-04 18:34:00-04:00,91.1500015258789,91.20999908447266,91.1500015258789,91.16999816894531,91.16999816894531,24,0.0,0.0
2026-10-04 18:35:00-04:00,91.16000366210938,91.16000366210938,91.12000274658203,91.13999938964844,91.13999938964844,44,0.0,0.0
2026-10-04 18:36:00-04:00,91.13999938964844,91.13999938964844,91.12999725341797,91.12999725341797,91.12999725341797,7,0.0,0.0
2026-10-04 18:37:00-04:00,91.13999938964844,91.23999786376953,91.13999938964844,91.19000244140625,91.19000244140625,190,0.0,0.0
2026-10-04 18:38:00-04:00,91.18000030517578,91.18000030517578,91.16000366210938,91.16000366210938,91.16000366210938,12,0.0,0.0
2026-10-04 18:39:00-04:00,91.16000366210938,91.16999816894531,91.11000061035156,91.16999816894531,91.16999816894531,28,0.0,0.0
2026-10-04 18:40:00-04:00,91.12999725341797,91.16000366210938,91.11000061035156,91.11000061035156,91.11000061035156,24,0.0,0.0
2026-10-04 18:41:00-04:00,91.11000061035156,91.1500015258789,91.05000305175781,91.08000183105469,91.08000183105469,56,0.0,0.0
2026-10-04 18:42:00-04:00,91.08999633789062,91.0999984741211,91.04000091552734,91.04000091552734,91.04000091552734,46,0.0,0.0
2026-10-04 18:43:00-04:00,91.02999877929688,91.02999877929688,90.95999908447266,90.9800033569336,90.9800033569336,71,0.0,0.0
2026-10-04 18:44:00-04:00,91.0199966430664,91.05000305175781,91.0199966430664,91.02999877929688,91.02999877929688,8,0.0,0.0
2026-10-04 18:45:00-04:00,91.05000305175781,91.06999969482422,91.04000091552734,91.06999969482422,91.06999969482422,29,0.0,0.0
2026-10-04 18:46:00-04:00,91.06999969482422,91.06999969482422,91.05999755859375,91.06999969482422,91.06999969482422,8,0.0,0.0
2026-10-04 18:47:00-04:00,91.05999755859375,91.06999969482422,91.05999755859375,91.06999969482422,91.06999969482422,3,0.0,0.0
2026-10-04 18:48:00-04:00,91.08000183105469,91.08000183105469,90.9800033569336,91.0,91.0,40,0.0,0.0
2026-10-04 18:49:00-04:00,91.0,91.02999877929688,91.0,91.02999877929688,91.02999877929688,9,0.0,0.0
2026-10-04 18:50:00-04:00,91.0199966430664,91.0199966430664,90.9800033569336,91.0,91.0,16,0.0,0.0
2026-10-04 18:51:00-04:00,91.0,91.05999755859375,91.0,91.0199966430664,91.0199966430664,16,0.0,0.0
2026-10-04 18:52:00-04:00,91.0199966430664,91.05000305175781,91.0199966430664,91.05000305175781,91.05000305175781,6,0.0,0.0
2026-10-04 18:53:00-04:00,91.05000305175781,91.05000305175781,91.0199966430664,91.0199966430664,91.0199966430664,7,0.0,0.0
2026-10-04 18:54:00-04:00,91.01000213623047,91.02999877929688,91.01000213623047,91.0199966430664,91.0199966430664,15,0.0,0.0
2026-10-04 18:55:00-04:00,91.01000213623047,91.04000091552734,90.98999786376953,91.04000091552734,91.04000091552734,20,0.0,0.0
2026-10-04 18:56:00-04:00,91.05000305175781,91.05999755859375,91.05000305175781,91.05999755859375,91.05999755859375,11,0.0,0.0
2026-10-04 18:57:00-04:00,91.0199966430664,91.0199966430664,91.0,91.0199966430664,91.0199966430664,6,0.0,0.0
2026-10-04 18:58:00-04:00,91.02999877929688,91.04000091552734,91.02999877929688,91.02999877929688,91.02999877929688,5,0.0,0.0
2026-10-04 18:59:00-04:00,91.0199966430664,91.06999969482422,91.0199966430664,91.05000305175781,91.05000305175781,31,0.0,0.0
2026-10-04 19:00:00-04:00,91.05000305175781,91.05999755859375,91.01000213623047,91.02999877929688,91.02999877929688,27,0.0,0.0
2026-10-04 19:01:00-04:00,91.02999877929688,91.12000274658203,91.02999877929688,91.0999984741211,91.0999984741211,50,0.0,0.0
2026-10-04 19:02:00-04:00,91.0999984741211,91.12000274658203,91.08000183105469,91.0999984741211,91.0999984741211,28,0.0,0.0
2026-10-04 19:03:00-04:00,91.11000061035156,91.11000061035156,91.08000183105469,91.0999984741211,91.0999984741211,8,0.0,0.0
2026-10-04 19:04:00-04:00,91.0999984741211,91.12999725341797,91.08999633789062,91.12000274658203,91.12000274658203,20,0.0,0.0
2026-10-04 19:05:00-04:00,91.11000061035156,91.1500015258789,91.11000061035156,91.1500015258789,91.1500015258789,24,0.0,0.0
2026-10-04 19:06:00-04:00,91.1500015258789,91.1500015258789,91.02999877929688,91.04000091552734,91.04000091552734,38,0.0,0.0
2026-10-04 19:07:00-04:00,91.04000091552734,91.06999969482422,91.04000091552734,91.06999969482422,91.06999969482422,12,0.0,0.0
2026-10-04 19:08:00-04:00,91.05999755859375,91.12999725341797,91.05000305175781,91.11000061035156,91.11000061035156,31,0.0,0.0
2026-10-04 19:09:00-04:00,91.12000274658203,91.16000366210938,91.11000061035156,91.16000366210938,91.16000366210938,14,0.0,0.0
2026-10-04 19:10:00-04:00,91.16000366210938,91.19000244140625,91.11000061035156,91.1500015258789,91.1500015258789,45,0.0,0.0
2026-10-04 19:11:00-04:00,91.16999816894531,91.2300033569336,91.13999938964844,91.16999816894531,91.16999816894531,101,0.0,0.0
2026-10-04 19:12:00-04:00,91.18000030517578,91.20999908447266,91.06999969482422,91.06999969482422,91.06999969482422,58,0.0,0.0
2026-10-04 19:13:00-04:00,91.08000183105469,91.12000274658203,91.06999969482422,91.12000274658203,91.12000274658203,34,0.0,0.0
2026-10-04 19:14:00-04:00,91.12000274658203,91.12000274658203,91.08999633789062,91.11000061035156,91.11000061035156,11,0.0,0.0
2026-10-04 19:15:00-04:00,91.11000061035156,91.1500015258789,91.11000061035156,91.1500015258789,91.1500015258789,18,0.0,0.0
2026-10-04 19:16:00-04:00,91.11000061035156,91.11000061035156,91.04000091552734,91.05999755859375,91.05999755859375,33,0.0,0.0
2026-10-04 19:17:00-04:00,91.08000183105469,91.08999633789062,91.06999969482422,91.08000183105469,91.08000183105469,20,0.0,0.0
2026-10-04 19:18:00-04:00,91.08000183105469,91.08999633789062,91.05999755859375,91.08999633789062,91.08999633789062,5,0.0,0.0
2026-10-04 19:19:00-04:00,91.08000183105469,91.08999633789062,91.05000305175781,91.06999969482422,91.06999969482422,12,0.0,0.0
2026-10-04 19:20:00-04:00,91.05999755859375,91.08000183105469,91.05999755859375,91.06999969482422,91.06999969482422,9,0.0,0.0
2026-10-04 19:21:00-04:00,91.05999755859375,91.08000183105469,91.05999755859375,91.06999969482422,91.06999969482422,10,0.0,0.0
2026-10-04 19:22:00-04:00,91.06999969482422,91.08999633789062,91.06999969482422,91.08999633789062,91.08999633789062,5,0.0,0.0
2026-10-04 19:23:00-04:00,91.08000183105469,91.08999633789062,91.06999969482422,91.08999633789062,91.08999633789062,6,0.0,0.0
2026-10-04 19:24:00-04:00,91.08000183105469,91.08999633789062,91.05999755859375,91.08999633789062,91.08999633789062,14,0.0,0.0
2026-10-04 19:25:00-04:00,91.0999984741211,91.0999984741211,91.08999633789062,91.08999633789062,91.08999633789062,3,0.0,0.0
2026-10-04 19:26:00-04:00,91.08000183105469,91.08999633789062,91.06999969482422,91.08999633789062,91.08999633789062,9,0.0,0.0
2026-10-04 19:27:00-04:00,91.05999755859375,91.06999969482422,91.05999755859375,91.06999969482422,91.06999969482422,3,0.0,0.0
2026-10-04 19:28:00-04:00,91.08999633789062,91.08999633789062,91.06999969482422,91.06999969482422,91.06999969482422,4,0.0,0.0
2026-10-04 19:30:00-04:00,91.06999969482422,91.06999969482422,91.0199966430664,91.02999877929688,91.02999877929688,24,0.0,0.0
2026-10-04 19:31:00-04:00,91.04000091552734,91.05000305175781,91.02999877929688,91.05000305175781,91.05000305175781,16,0.0,0.0
2026-10-04 19:32:00-04:00,91.05000305175781,91.08999633789062,91.05000305175781,91.08999633789062,91.08999633789062,11,0.0,0.0
2026-10-04 19:33:00-04:00,91.0999984741211,91.16000366210938,91.08999633789062,91.16000366210938,91.16000366210938,63,0.0,0.0
2026-10-04 19:34:00-04:00,91.1500015258789,91.1500015258789,91.12000274658203,91.12000274658203,91.12000274658203,16,0.0,0.0
2026-10-04 19:35:00-04:00,91.11000061035156,91.12000274658203,91.11000061035156,91.11000061035156,91.11000061035156,8,0.0,0.0
2026-10-04 19:36:00-04:00,91.0999984741211,91.11000061035156,91.08999633789062,91.0999984741211,91.0999984741211,7,0.0,0.0
2026-10-04 19:37:00-04:00,91.11000061035156,91.13999938964844,91.11000061035156,91.13999938964844,91.13999938964844,3,0.0,0.0
2026-10-04 19:38:00-04:00,91.13999938964844,91.13999938964844,91.13999938964844,91.13999938964844,91.13999938964844,3,0.0,0.0
2026-10-04 19:39:00-04:00,91.16000366210938,91.18000030517578,91.08000183105469,91.08000183105469,91.08000183105469,55,0.0,0.0
2026-10-04 19:40:00-04:00,91.06999969482422,91.08000183105469,91.0199966430664,91.0199966430664,91.0199966430664,45,0.0,0.0
2026-10-04 19:41:00-04:00,91.0,91.0199966430664,90.9800033569336,91.0199966430664,91.0199966430664,39,0.0,0.0
2026-10-04 19:42:00-04:00,91.02999877929688,91.04000091552734,90.9800033569336,90.9800033569336,90.9800033569336,26,0.0,0.0
2026-10-04 19:43:00-04:00,90.9800033569336,91.01000213623047,90.97000122070312,90.98999786376953,90.98999786376953,34,0.0,0.0
2026-10-04 19:44:00-04:00,90.97000122070312,90.9800033569336,90.97000122070312,90.9800033569336,90.9800033569336,5,0.0,0.0
2026-10-04 19:45:00-04:00,91.0,91.01000213623047,90.9800033569336,91.0,91.0,16,0.0,0.0
2026-10-04 19:46:00-04:00,91.0,91.0,90.9800033569336,90.9800033569336,90.9800033569336,10,0.0,0.0
2026-10-04 19:47:00-04:00,90.97000122070312,90.98999786376953,90.9000015258789,90.91000366210938,90.91000366210938,66,0.0,0.0
2026-10-04 19:48:00-04:00,90.91000366210938,90.94000244140625,90.88999938964844,90.91999816894531,90.91999816894531,46,0.0,0.0
2026-10-04 19:49:00-04:00,90.91999816894531,90.91999816894531,90.87999725341797,90.9000015258789,90.9000015258789,29,0.0,0.0
2026-10-04 19:50:00-04:00,90.9000015258789,90.94000244140625,90.88999938964844,90.91000366210938,90.91000366210938,34,0.0,0.0
2026-10-04 19:51:00-04:00,90.91000366210938,90.91000366210938,90.80000305175781,90.81999969482422,90.81999969482422,113,0.0,0.0
2026-10-04 19:52:00-04:00,90.83000183105469,90.86000061035156,90.83000183105469,90.83999633789062,90.83999633789062,41,0.0,0.0
2026-10-04 19:53:00-04:00,90.83000183105469,90.86000061035156,90.83000183105469,90.86000061035156,90.86000061035156,12,0.0,0.0
2026-10-04 19:54:00-04:00,90.88999938964844,90.88999938964844,90.8499984741211,90.8499984741211,90.8499984741211,8,0.0,0.0
2026-10-04 19:55:00-04:00,90.87000274658203,90.88999938964844,90.86000061035156,90.88999938964844,90.88999938964844,17,0.0,0.0
2026-10-04 19:56:00-04:00,90.87999725341797,90.87999725341797,90.80000305175781,90.81999969482422,90.81999969482422,60,0.0,0.0
2026-10-04 19:57:00-04:00,90.83000183105469,90.8499984741211,90.80999755859375,90.81999969482422,90.81999969482422,31,0.0,0.0
2026-10-04 19:58:00-04:00,90.81999969482422,90.83999633789062,90.81999969482422,90.83000183105469,90.83000183105469,28,0.0,0.0
2026-10-04 19:59:00-04:00,90.81999969482422,90.8499984741211,90.81999969482422,90.8499984741211,90.8499984741211,21,0.0,0.0
2026-10-04 20:00:00-04:00,90.83000183105469,90.83000183105469,90.73999786376953,90.79000091552734,90.79000091552734,188,0.0,0.0
2026-10-04 20:01:00-04:00,90.80999755859375,90.80999755859375,90.77999877929688,90.77999877929688,90.77999877929688,39,0.0,0.0
2026-10-04 20:02:00-04:00,90.7699966430664,90.79000091552734,90.68000030517578,90.69999694824219,90.69999694824219,101,0.0,0.0
2026-10-04 20:03:00-04:00,90.70999908447266,90.76000213623047,90.69999694824219,90.70999908447266,90.70999908447266,67,0.0,0.0
2026-10-04 20:04:00-04:00,90.69000244140625,90.70999908447266,90.55999755859375,90.55999755859375,90.55999755859375,125,0.0,0.0
2026-10-04 20:05:00-04:00,90.58999633789062,90.5999984741211,90.55999755859375,90.55999755859375,90.55999755859375,28,0.0,0.0
2026-10-04 20:06:00-04:00,90.56999969482422,90.61000061035156,90.51000213623047,90.54000091552734,90.54000091552734,94,0.0,0.0
2026-10-04 20:07:00-04:00,90.52999877929688,90.66000366210938,90.52999877929688,90.6500015258789,90.6500015258789,50,0.0,0.0
2026-10-04 20:08:00-04:00,90.66999816894531,90.80999755859375,90.66000366210938,90.80000305175781,90.80000305175781,64,0.0,0.0
2026-10-04 20:09:00-04:00,90.77999877929688,90.81999969482422,90.68000030517578,90.68000030517578,90.68000030517578,77,0.0,0.0
2026-10-04 20:10:00-04:00,90.68000030517578,90.69000244140625,90.63999938964844,90.63999938964844,90.63999938964844,37,0.0,0.0
2026-10-04 20:11:00-04:00,90.6500015258789,90.66000366210938,90.61000061035156,90.62000274658203,90.62000274658203,30,0.0,0.0
2026-10-04 20:12:00-04:00,90.62999725341797,90.69000244140625,90.62999725341797,90.66999816894531,90.66999816894531,30,0.0,0.0
2026-10-04 20:13:00-04:00,90.66999816894531,90.68000030517578,90.63999938964844,90.66000366210938,90.66000366210938,45,0.0,0.0
2026-10-04 20:14:00-04:00,90.66999816894531,90.69000244140625,90.66999816894531,90.69000244140625,90.69000244140625,7,0.0,0.0
2026-10-04 20:15:00-04:00,90.69000244140625,90.70999908447266,90.58000183105469,90.5999984741211,90.5999984741211,53,0.0,0.0
2026-10-04 20:16:00-04:00,90.61000061035156,90.72000122070312,90.5999984741211,90.72000122070312,90.72000122070312,27,0.0,0.0
2026-10-04 20:17:00-04:00,90.7300033569336,90.73999786376953,90.69000244140625,90.69999694824219,90.69999694824219,46,0.0,0.0
2026-10-04 20:18:00-04:00,90.70999908447266,90.77999877929688,90.70999908447266,90.76000213623047,90.76000213623047,36,0.0,0.0
2026-10-04 20:19:00-04:00,90.75,90.75,90.69999694824219,90.69999694824219,90.69999694824219,52,0.0,0.0
2026-10-04 20:20:00-04:00,90.69000244140625,90.69999694824219,90.66999816894531,90.69999694824219,90.69999694824219,35,0.0,0.0
2026-10-04 20:21:00-04:00,90.68000030517578,90.68000030517578,90.61000061035156,90.62000274658203,90.62000274658203,59,0.0,0.0
2026-10-04 20:22:00-04:00,90.62000274658203,90.63999938964844,90.56999969482422,90.62999725341797,90.62999725341797,69,0.0,0.0
2026-10-04 20:23:00-04:00,90.61000061035156,90.66000366210938,90.58000183105469,90.62000274658203,90.62000274658203,54,0.0,0.0
2026-10-04 20:24:00-04:00,90.62999725341797,90.63999938964844,90.61000061035156,90.63999938964844,90.63999938964844,22,0.0,0.0
2026-10-04 20:25:00-04:00,90.62999725341797,90.69000244140625,90.62999725341797,90.66999816894531,90.66999816894531,39,0.0,0.0
2026-10-04 20:26:00-04:00,90.68000030517578,90.7300033569336,90.68000030517578,90.69000244140625,90.69000244140625,39,0.0,0.0
2026-10-04 20:27:00-04:00,90.66999816894531,90.68000030517578,90.6500015258789,90.66999816894531,90.66999816894531,9,0.0,0.0
2026-10-04 20:28:00-04:00,90.66999816894531,90.69000244140625,90.63999938964844,90.66999816894531,90.66999816894531,22,0.0,0.0
2026-10-04 20:29:00-04:00,90.66999816894531,90.66999816894531,90.63999938964844,90.6500015258789,90.6500015258789,13,0.0,0.0
2026-10-04 20:30:00-04:00,90.66000366210938,90.68000030517578,90.63999938964844,90.66999816894531,90.66999816894531,13,0.0,0.0
2026-10-04 20:31:00-04:00,90.66999816894531,90.66999816894531,90.5999984741211,90.62999725341797,90.62999725341797,90,0.0,0.0
2026-10-04 20:32:00-04:00,90.62000274658203,90.62999725341797,90.61000061035156,90.61000061035156,90.61000061035156,14,0.0,0.0
2026-10-04 20:33:00-04:00,90.62000274658203,90.62000274658203,90.58000183105469,90.5999984741211,90.5999984741211,31,0.0,0.0
2026-10-04 20:34:00-04:00,90.61000061035156,90.6500015258789,90.61000061035156,90.63999938964844,90.63999938964844,27,0.0,0.0
2026-10-04 20:35:00-04:00,90.63999938964844,90.7300033569336,90.63999938964844,90.69999694824219,90.69999694824219,28,0.0,0.0
2026-10-04 20:36:00-04:00,90.69999694824219,90.72000122070312,90.69999694824219,90.69999694824219,90.69999694824219,6,0.0,0.0
2026-10-04 20:37:00-04:00,90.70999908447266,90.73999786376953,90.69999694824219,90.72000122070312,90.72000122070312,19,0.0,0.0
2026-10-04 20:38:00-04:00,90.73999786376953,90.73999786376953,90.62999725341797,90.66999816894531,90.66999816894531,17,0.0,0.0
2026-10-04 20:39:00-04:00,90.66999816894531,90.69000244140625,90.63999938964844,90.69000244140625,90.69000244140625,33,0.0,0.0
2026-10-04 20:40:00-04:00,90.69000244140625,90.69999694824219,90.68000030517578,90.68000030517578,90.68000030517578,15,0.0,0.0
2026-10-04 20:41:00-04:00,90.69999694824219,90.7300033569336,90.69000244140625,90.70999908447266,90.70999908447266,20,0.0,0.0
2026-10-04 20:42:00-04:00,90.70999908447266,90.7300033569336,90.70999908447266,90.70999908447266,90.70999908447266,10,0.0,0.0
2026-10-04 20:43:00-04:00,90.69999694824219,90.7699966430664,90.69999694824219,90.76000213623047,90.76000213623047,27,0.0,0.0
2026-10-04 20:44:00-04:00,90.75,90.77999877929688,90.75,90.7699966430664,90.7699966430664,17,0.0,0.0
2026-10-04 20:45:00-04:00,90.76000213623047,90.7699966430664,90.70999908447266,90.72000122070312,90.72000122070312,40,0.0,0.0
2026-10-04 20:46:00-04:00,90.73999786376953,90.76000213623047,90.72000122070312,90.75,90.75,34,0.0,0.0
2026-10-04 20:47:00-04:00,90.75,90.76000213623047,90.72000122070312,90.76000213623047,90.76000213623047,21,0.0,0.0
2026-10-04 20:48:00-04:00,90.75,90.76000213623047,90.66999816894531,90.68000030517578,90.68000030517578,72,0.0,0.0
2026-10-04 20:49:00-04:00,90.66000366210938,90.69000244140625,90.6500015258789,90.66000366210938,90.66000366210938,41,0.0,0.0
2026-10-04 20:50:00-04:00,90.66000366210938,90.66000366210938,90.5999984741211,90.62999725341797,90.62999725341797,48,0.0,0.0
2026-10-04 20:51:00-04:00,90.63999938964844,90.63999938964844,90.58000183105469,90.5999984741211,90.5999984741211,70,0.0,0.0
2026-10-04 20:52:00-04:00,90.62000274658203,90.62000274658203,90.58000183105469,90.58999633789062,90.58999633789062,26,0.0,0.0
2026-10-04 20:53:00-04:00,90.58000183105469,90.58999633789062,90.44999694824219,90.4800033569336,90.4800033569336,121,0.0,0.0
2026-10-04 20:54:00-04:00,90.47000122070312,90.51000213623047,90.47000122070312,90.5,90.5,32,0.0,0.0
2026-10-04 20:55:00-04:00,90.5,90.52999877929688,90.4800033569336,90.48999786376953,90.48999786376953,61,0.0,0.0
2026-10-04 20:56:00-04:00,90.48999786376953,90.52999877929688,90.43000030517578,90.44999694824219,90.44999694824219,71,0.0,0.0
2026-10-04 20:57:00-04:00,90.44999694824219,90.47000122070312,90.41000366210938,90.43000030517578,90.43000030517578,95,0.0,0.0
2026-10-04 20:58:00-04:00,90.44000244140625,90.44999694824219,90.30000305175781,90.33999633789062,90.33999633789062,183,0.0,0.0
2026-10-04 20:59:00-04:00,90.33999633789062,90.37000274658203,90.30000305175781,90.33999633789062,90.33999633789062,77,0.0,0.0
2026-10-04 21:00:00-04:00,90.31999969482422,90.55000305175781,90.30000305175781,90.5,90.5,124,0.0,0.0
2026-10-04 21:01:00-04:00,90.5,90.55999755859375,90.41000366210938,90.5199966430664,90.5199966430664,105,0.0,0.0
2026-10-04 21:02:00-04:00,90.5199966430664,90.58000183105469,90.51000213623047,90.55999755859375,90.55999755859375,79,0.0,0.0
2026-10-04 21:03:00-04:00,90.52999877929688,90.58000183105469,90.5199966430664,90.54000091552734,90.54000091552734,50,0.0,0.0
2026-10-04 21:04:00-04:00,90.52999877929688,90.55999755859375,90.5,90.5199966430664,90.5199966430664,57,0.0,0.0
2026-10-04 21:05:00-04:00,90.51000213623047,90.52999877929688,90.48999786376953,90.5,90.5,15,0.0,0.0
2026-10-04 21:06:00-04:00,90.5,90.5,90.47000122070312,90.5,90.5,20,0.0,0.0
2026-10-04 21:07:00-04:00,90.51000213623047,90.51000213623047,90.5,90.5,90.5,8,0.0,0.0
2026-10-04 21:08:00-04:00,90.5199966430664,90.66999816894531,90.5199966430664,90.66999816894531,90.66999816894531,83,0.0,0.0
2026-10-04 21:09:00-04:00,90.66000366210938,90.66000366210938,90.62000274658203,90.66000366210938,90.66000366210938,61,0.0,0.0
2026-10-04 21:10:00-04:00,90.6500015258789,90.69999694824219,90.6500015258789,90.68000030517578,90.68000030517578,73,0.0,0.0
2026-10-04 21:11:00-04:00,90.69000244140625,90.69999694824219,90.66000366210938,90.69000244140625,90.69000244140625,40,0.0,0.0
2026-10-04 21:12:00-04:00,90.66999816894531,90.66999816894531,90.56999969482422,90.56999969482422,90.56999969482422,68,0.0,0.0
2026-10-04 21:13:00-04:00,90.56999969482422,90.5999984741211,90.4800033569336,90.5199966430664,90.5199966430664,62,0.0,0.0
2026-10-04 21:14:00-04:00,90.52999877929688,90.55000305175781,90.47000122070312,90.47000122070312,90.47000122070312,47,0.0,0.0
2026-10-04 21:15:00-04:00,90.4800033569336,90.48999786376953,90.44999694824219,90.47000122070312,90.47000122070312,34,0.0,0.0
2026-10-04 21:16:00-04:00,90.4800033569336,90.51000213623047,90.47000122070312,90.4800033569336,90.4800033569336,19,0.0,0.0
2026-10-04 21:17:00-04:00,90.48999786376953,90.5,90.48999786376953,90.5,90.5,7,0.0,0.0
2026-10-04 21:18:00-04:00,90.5,90.5199966430664,90.47000122070312,90.47000122070312,90.47000122070312,13,0.0,0.0
2026-10-04 21:19:00-04:00,90.4800033569336,90.4800033569336,90.43000030517578,90.44999694824219,90.44999694824219,63,0.0,0.0
2026-10-04 21:20:00-04:00,90.44000244140625,90.44000244140625,90.38999938964844,90.4000015258789,90.4000015258789,24,0.0,0.0
2026-10-04 21:21:00-04:00,90.41000366210938,90.45999908447266,90.41000366210938,90.41000366210938,90.41000366210938,13,0.0,0.0
2026-10-04 21:22:00-04:00,90.38999938964844,90.41000366210938,90.30999755859375,90.33000183105469,90.33000183105469,168,0.0,0.0
2026-10-04 21:23:00-04:00,90.33000183105469,90.33000183105469,90.2699966430664,90.2699966430664,90.2699966430664,119,0.0,0.0
2026-10-04 21:24:00-04:00,90.27999877929688,90.27999877929688,90.23999786376953,90.26000213623047,90.26000213623047,134,0.0,0.0
2026-10-04 21:25:00-04:00,90.26000213623047,90.27999877929688,90.23999786376953,90.26000213623047,90.26000213623047,153,0.0,0.0
2026-10-04 21:26:00-04:00,90.26000213623047,90.27999877929688,90.20999908447266,90.2699966430664,90.2699966430664,169,0.0,0.0
2026-10-04 21:27:00-04:00,90.23999786376953,90.23999786376953,90.20999908447266,90.23999786376953,90.23999786376953,21,0.0,0.0
2026-10-04 21:28:00-04:00,90.22000122070312,90.2300033569336,90.20999908447266,90.2300033569336,90.2300033569336,21,0.0,0.0
2026-10-04 21:29:00-04:00,90.2300033569336,90.2300033569336,90.22000122070312,90.2300033569336,90.2300033569336,19,0.0,0.0
2026-10-04 21:30:00-04:00,90.23999786376953,90.26000213623047,90.20999908447266,90.23999786376953,90.23999786376953,31,0.0,0.0
2026-10-04 21:31:00-04:00,90.23999786376953,90.26000213623047,90.20999908447266,90.20999908447266,90.20999908447266,34,0.0,0.0
2026-10-04 21:32:00-04:00,90.20999908447266,90.26000213623047,90.19999694824219,90.23999786376953,90.23999786376953,67,0.0,0.0
2026-10-04 21:33:00-04:00,90.2300033569336,90.25,90.2300033569336,90.25,90.25,5,0.0,0.0
2026-10-04 21:34:00-04:00,90.25,90.27999877929688,90.25,90.26000213623047,90.26000213623047,25,0.0,0.0
2026-10-04 21:35:00-04:00,90.25,90.33000183105469,90.25,90.30999755859375,90.30999755859375,20,0.0,0.0
2026-10-04 21:36:00-04:00,90.30999755859375,90.33999633789062,90.30999755859375,90.33000183105469,90.33000183105469,20,0.0,0.0
2026-10-04 21:37:00-04:00,90.29000091552734,90.30999755859375,90.27999877929688,90.27999877929688,90.27999877929688,38,0.0,0.0
2026-10-04 21:38:00-04:00,90.29000091552734,90.29000091552734,90.25,90.2699966430664,90.2699966430664,26,0.0,0.0
2026-10-04 21:39:00-04:00,90.27999877929688,90.27999877929688,90.23999786376953,90.23999786376953,90.23999786376953,9,0.0,0.0
2026-10-04 21:40:00-04:00,90.2300033569336,90.25,90.2300033569336,90.23999786376953,90.23999786376953,13,0.0,0.0
2026-10-04 21:41:00-04:00,90.23999786376953,90.25,90.2300033569336,90.25,90.25,23,0.0,0.0
2026-10-04 21:42:00-04:00,90.26000213623047,90.2699966430664,90.2300033569336,90.2300033569336,90.2300033569336,22,0.0,0.0
2026-10-04 21:43:00-04:00,90.2300033569336,90.25,90.20999908447266,90.25,90.25,42,0.0,0.0
2026-10-04 21:44:00-04:00,90.25,90.2699966430664,90.23999786376953,90.26000213623047,90.26000213623047,40,0.0,0.0
2026-10-04 21:45:00-04:00,90.25,90.2699966430664,90.13999938964844,90.18000030517578,90.18000030517578,111,0.0,0.0
2026-10-04 21:46:00-04:00,90.16999816894531,90.16999816894531,90.12999725341797,90.16000366210938,90.16000366210938,31,0.0,0.0
2026-10-04 21:47:00-04:00,90.1500015258789,90.16000366210938,90.13999938964844,90.16000366210938,90.16000366210938,15,0.0,0.0
2026-10-04 21:48:00-04:00,90.18000030517578,90.19000244140625,90.13999938964844,90.13999938964844,90.13999938964844,26,0.0,0.0
2026-10-04 21:49:00-04:00,90.13999938964844,90.16999816894531,90.12999725341797,90.16000366210938,90.16000366210938,23,0.0,0.0
2026-10-04 21:50:00-04:00,90.16000366210938,90.16999816894531,90.12000274658203,90.16000366210938,90.16000366210938,21,0.0,0.0
2026-10-04 21:51:00-04:00,90.16000366210938,90.18000030517578,90.12999725341797,90.13999938964844,90.13999938964844,33,0.0,0.0
2026-10-04 21:52:00-04:00,90.13999938964844,90.19000244140625,90.12000274658203,90.16999816894531,90.16999816894531,57,0.0,0.0
2026-10-04 21:53:00-04:00,90.18000030517578,90.18000030517578,90.12000274658203,90.13999938964844,90.13999938964844,24,0.0,0.0
2026-10-04 21:54:00-04:00,90.12000274658203,90.13999938964844,90.12000274658203,90.13999938964844,90.13999938964844,13,0.0,0.0
2026-10-04 21:55:00-04:00,90.16000366210938,90.16000366210938,90.13999938964844,90.1500015258789,90.1500015258789,9,0.0,0.0
2026-10-04 21:56:00-04:00,90.16000366210938,90.2300033569336,90.16000366210938,90.2300033569336,90.2300033569336,54,0.0,0.0
2026-10-04 21:57:00-04:00,90.22000122070312,90.22000122070312,90.19000244140625,90.19000244140625,90.19000244140625,12,0.0,0.0
2026-10-04 21:58:00-04:00,90.19000244140625,90.19999694824219,90.18000030517578,90.19999694824219,90.19999694824219,8,0.0,0.0
2026-10-04 21:59:00-04:00,90.19999694824219,90.20999908447266,90.19000244140625,90.19999694824219,90.19999694824219,18,0.0,0.0
2026-10-04 22:00:00-04:00,90.19999694824219,90.19999694824219,90.16000366210938,90.16999816894531,90.16999816894531,19,0.0,0.0
2026-10-04 22:01:00-04:00,90.1500015258789,90.19999694824219,90.12999725341797,90.12999725341797,90.12999725341797,49,0.0,0.0
2026-10-04 22:02:00-04:00,90.12999725341797,90.1500015258789,90.08999633789062,90.1500015258789,90.1500015258789,39,0.0,0.0
2026-10-04 22:03:00-04:00,90.1500015258789,90.1500015258789,90.08999633789062,90.12000274658203,90.12000274658203,20,0.0,0.0
2026-10-04 22:04:00-04:00,90.0999984741211,90.0999984741211,89.94999694824219,90.02999877929688,90.02999877929688,345,0.0,0.0
2026-10-04 22:05:00-04:00,90.02999877929688,90.05999755859375,90.0199966430664,90.0199966430664,90.0199966430664,39,0.0,0.0
2026-10-04 22:06:00-04:00,90.0199966430664,90.04000091552734,89.95999908447266,89.9800033569336,89.9800033569336,90,0.0,0.0
2026-10-04 22:07:00-04:00,89.97000122070312,90.0,89.94999694824219,89.9800033569336,89.9800033569336,78,0.0,0.0
2026-10-04 22:08:00-04:00,89.95999908447266,89.9800033569336,89.91000366210938,89.9800033569336,89.9800033569336,147,0.0,0.0
2026-10-04 22:09:00-04:00,89.9800033569336,89.9800033569336,89.94000244140625,89.94999694824219,89.94999694824219,38,0.0,0.0
2026-10-04 22:10:00-04:00,89.94999694824219,89.97000122070312,89.93000030517578,89.97000122070312,89.97000122070312,36,0.0,0.0
2026-10-04 22:11:00-04:00,89.9800033569336,90.0,89.94999694824219,89.95999908447266,89.95999908447266,44,0.0,0.0
2026-10-04 22:12:00-04:00,89.95999908447266,89.97000122070312,89.94999694824219,89.95999908447266,89.95999908447266,15,0.0,0.0
2026-10-04 22:13:00-04:00,89.95999908447266,90.05999755859375,89.94999694824219,90.01000213623047,90.01000213623047,77,0.0,0.0
2026-10-04 22:14:00-04:00,90.0199966430664,90.05000305175781,90.01000213623047,90.05000305175781,90.05000305175781,22,0.0,0.0
2026-10-04 22:15:00-04:00,90.02999877929688,90.05000305175781,90.01000213623047,90.04000091552734,90.04000091552734,19,0.0,0.0
2026-10-04 22:16:00-04:00,90.02999877929688,90.05000305175781,90.0199966430664,90.04000091552734,90.04000091552734,27,0.0,0.0
2026-10-04 22:17:00-04:00,90.05999755859375,90.05999755859375,90.0,90.01000213623047,90.01000213623047,50,0.0,0.0
2026-10-04 22:18:00-04:00,90.01000213623047,90.06999969482422,90.0,90.05999755859375,90.05999755859375,18,0.0,0.0
2026-10-04 22:19:00-04:00,90.05999755859375,90.08000183105469,90.05999755859375,90.05999755859375,90.05999755859375,27,0.0,0.0
2026-10-04 22:20:00-04:00,90.06999969482422,90.06999969482422,90.05000305175781,90.06999969482422,90.06999969482422,10,0.0,0.0
2026-10-04 22:21:00-04:00,90.05999755859375,90.06999969482422,90.0199966430664,90.0199966430664,90.0199966430664,36,0.0,0.0
2026-10-04 22:22:00-04:00,90.04000091552734,90.04000091552734,90.0199966430664,90.04000091552734,90.04000091552734,12,0.0,0.0
2026-10-04 22:23:00-04:00,90.02999877929688,90.05999755859375,89.98999786376953,90.01000213623047,90.01000213623047,42,0.0,0.0
2026-10-04 22:24:00-04:00,90.01000213623047,90.01000213623047,89.98999786376953,90.01000213623047,90.01000213623047,23,0.0,0.0
2026-10-04 22:25:00-04:00,90.0199966430664,90.02999877929688,89.9800033569336,90.0,90.0,37,0.0,0.0
2026-10-04 22:26:00-04:00,90.0,90.01000213623047,90.0,90.0,90.0,11,0.0,0.0
2026-10-04 22:27:00-04:00,90.0,90.0,89.98999786376953,90.0,90.0,8,0.0,0.0
2026-10-04 22:28:00-04:00,90.0,90.0,89.93000030517578,89.95999908447266,89.95999908447266,59,0.0,0.0
2026-10-04 22:29:00-04:00,89.95999908447266,90.05999755859375,89.95999908447266,90.01000213623047,90.01000213623047,44,0.0,0.0
2026-10-04 22:30:00-04:00,90.04000091552734,90.06999969482422,90.04000091552734,90.06999969482422,90.06999969482422,26,0.0,0.0
2026-10-04 22:31:00-04:00,90.06999969482422,90.06999969482422,90.05000305175781,90.05999755859375,90.05999755859375,8,0.0,0.0
2026-10-04 22:32:00-04:00,90.05999755859375,90.06999969482422,90.0199966430664,90.0199966430664,90.0199966430664,19,0.0,0.0
2026-10-04 22:33:00-04:00,90.0,90.0,89.94000244140625,89.94999694824219,89.94999694824219,45,0.0,0.0
2026-10-04 22:34:00-04:00,89.94000244140625,89.97000122070312,89.93000030517578,89.97000122070312,89.97000122070312,28,0.0,0.0
2026-10-04 22:35:00-04:00,89.95999908447266,90.04000091552734,89.95999908447266,90.01000213623047,90.01000213623047,41,0.0,0.0
2026-10-04 22:36:00-04:00,90.0,90.05999755859375,90.0,90.0199966430664,90.0199966430664,15,0.0,0.0
2026-10-04 22:37:00-04:00,90.0199966430664,90.0199966430664,89.9800033569336,90.0199966430664,90.0199966430664,18,0.0,0.0
2026-10-04 22:38:00-04:00,90.0199966430664,90.05999755859375,90.01000213623047,90.05999755859375,90.05999755859375,14,0.0,0.0
2026-10-04 22:39:00-04:00,90.06999969482422,90.12000274658203,90.06999969482422,90.11000061035156,90.11000061035156,71,0.0,0.0
2026-10-04 22:40:00-04:00,90.12000274658203,90.16999816894531,90.0999984741211,90.1500015258789,90.1500015258789,65,0.0,0.0
2026-10-04 22:41:00-04:00,90.1500015258789,90.18000030517578,90.1500015258789,90.1500015258789,90.1500015258789,33,0.0,0.0
2026-10-04 22:42:00-04:00,90.1500015258789,90.18000030517578,90.13999938964844,90.18000030517578,90.18000030517578,10,0.0,0.0
2026-10-04 22:43:00-04:00,90.16999816894531,90.20999908447266,90.11000061035156,90.19999694824219,90.19999694824219,89,0.0,0.0
2026-10-04 22:44:00-04:00,90.19000244140625,90.19999694824219,90.16999816894531,90.18000030517578,90.18000030517578,26,0.0,0.0
2026-10-04 22:45:00-04:00,90.19000244140625,90.2300033569336,90.13999938964844,90.22000122070312,90.22000122070312,54,0.0,0.0
2026-10-04 22:46:00-04:00,90.22000122070312,90.25,90.18000030517578,90.19000244140625,90.19000244140625,37,0.0,0.0
2026-10-04 22:47:00-04:00,90.16000366210938,90.19999694824219,90.16000366210938,90.19999694824219,90.19999694824219,37,0.0,0.0
2026-10-04 22:48:00-04:00,90.22000122070312,90.22000122070312,90.13999938964844,90.18000030517578,90.18000030517578,12,0.0,0.0
2026-10-04 22:49:00-04:00,90.18000030517578,90.33000183105469,90.16999816894531,90.31999969482422,90.31999969482422,82,0.0,0.0
2026-10-04 22:50:00-04:00,90.31999969482422,90.3499984741211,90.26000213623047,90.30000305175781,90.30000305175781,91,0.0,0.0
2026-10-04 22:51:00-04:00,90.2699966430664,90.30000305175781,90.13999938964844,90.13999938964844,90.13999938964844,100,0.0,0.0
2026-10-04 22:52:00-04:00,90.1500015258789,90.16000366210938,90.08000183105469,90.08000183105469,90.08000183105469,89,0.0,0.0
2026-10-04 22:53:00-04:00,90.08999633789062,90.0999984741211,90.05999755859375,90.08999633789062,90.08999633789062,36,0.0,0.0
2026-10-04 22:54:00-04:00,90.08000183105469,90.0999984741211,90.06999969482422,90.08000183105469,90.08000183105469,9,0.0,0.0
2026-10-04 22:55:00-04:00,90.11000061035156,90.13999938964844,90.08000183105469,90.08999633789062,90.08999633789062,85,0.0,0.0
2026-10-04 22:56:00-04:00,90.08000183105469,90.12000274658203,90.08000183105469,90.08999633789062,90.08999633789062,33,0.0,0.0
2026-10-04 22:57:00-04:00,90.08999633789062,90.08999633789062,90.02999877929688,90.05000305175781,90.05000305175781,54,0.0,0.0
2026-10-04 22:58:00-04:00,90.05000305175781,90.05999755859375,90.05000305175781,90.05999755859375,90.05999755859375,10,0.0,0.0
2026-10-04 22:59:00-04:00,90.05999755859375,90.08000183105469,89.94000244140625,89.95999908447266,89.95999908447266,79,0.0,0.0
2026-10-04 23:00:00-04:00,89.97000122070312,89.97000122070312,89.9000015258789,89.94000244140625,89.94000244140625,55,0.0,0.0
2026-10-04 23:01:00-04:00,89.93000030517578,89.95999908447266,89.88999938964844,89.94000244140625,89.94000244140625,49,0.0,0.0
2026-10-04 23:02:00-04:00,89.95999908447266,89.97000122070312,89.93000030517578,89.95999908447266,89.95999908447266,44,0.0,0.0
2026-10-04 23:03:00-04:00,89.94999694824219,90.01000213623047,89.94999694824219,89.9800033569336,89.9800033569336,21,0.0,0.0
2026-10-04 23:04:00-04:00,90.0,90.0,89.97000122070312,89.9800033569336,89.9800033569336,7,0.0,0.0
2026-10-04 23:05:00-04:00,89.98999786376953,90.0199966430664,89.98999786376953,90.01000213623047,90.01000213623047,26,0.0,0.0
2026-10-04 23:06:00-04:00,90.0199966430664,90.02999877929688,90.0,90.02999877929688,90.02999877929688,47,0.0,0.0
2026-10-04 23:07:00-04:00,90.0199966430664,90.04000091552734,90.01000213623047,90.04000091552734,90.04000091552734,35,0.0,0.0
2026-10-04 23:08:00-04:00,90.04000091552734,90.08000183105469,90.0,90.08000183105469,90.08000183105469,111,0.0,0.0
2026-10-04 23:09:00-04:00,90.05999755859375,90.0999984741211,90.05999755859375,90.08999633789062,90.08999633789062,36,0.0,0.0
2026-10-04 23:10:00-04:00,90.08000183105469,90.08000183105469,90.0199966430664,90.04000091552734,90.04000091552734,48,0.0,0.0
2026-10-04 23:11:00-04:00,90.05000305175781,90.08999633789062,90.05000305175781,90.06999969482422,90.06999969482422,19,0.0,0.0
2026-10-04 23:12:00-04:00,90.06999969482422,90.11000061035156,90.06999969482422,90.0999984741211,90.0999984741211,11,0.0,0.0
2026-10-04 23:13:00-04:00,90.0999984741211,90.11000061035156,90.06999969482422,90.08000183105469,90.08000183105469,14,0.0,0.0
2026-10-04 23:14:00-04:00,90.08999633789062,90.0999984741211,90.08000183105469,90.08999633789062,90.08999633789062,7,0.0,0.0
2026-10-04 23:15:00-04:00,90.0999984741211,90.12000274658203,90.08999633789062,90.0999984741211,90.0999984741211,7,0.0,0.0
2026-10-04 23:16:00-04:00,90.0999984741211,90.0999984741211,90.08000183105469,90.08000183105469,90.08000183105469,39,0.0,0.0
2026-10-04 23:17:00-04:00,90.08000183105469,90.08000183105469,90.02999877929688,90.05000305175781,90.05000305175781,23,0.0,0.0
2026-10-04 23:18:00-04:00,90.04000091552734,90.05999755859375,90.02999877929688,90.02999877929688,90.02999877929688,19,0.0,0.0
2026-10-04 23:19:00-04:00,90.02999877929688,90.02999877929688,89.9800033569336,89.98999786376953,89.98999786376953,20,0.0,0.0
2026-10-04 23:20:00-04:00,89.9800033569336,90.0199966430664,89.9800033569336,89.98999786376953,89.98999786376953,25,0.0,0.0
2026-10-04 23:21:00-04:00,90.01000213623047,90.02999877929688,89.9800033569336,89.9800033569336,89.9800033569336,34,0.0,0.0
2026-10-04 23:22:00-04:00,89.9800033569336,90.04000091552734,89.9800033569336,90.0199966430664,90.0199966430664,59,0.0,0.0
2026-10-04 23:23:00-04:00,90.02999877929688,90.02999877929688,90.0,90.0,90.0,20,0.0,0.0
2026-10-04 23:24:00-04:00,89.98999786376953,90.01000213623047,89.98999786376953,90.01000213623047,90.01000213623047,6,0.0,0.0
2026-10-04 23:25:00-04:00,90.02999877929688,90.02999877929688,89.98999786376953,89.98999786376953,89.98999786376953,4,0.0,0.0
2026-10-04 23:26:00-04:00,90.0199966430664,90.0199966430664,90.01000213623047,90.01000213623047,90.01000213623047,13,0.0,0.0
2026-10-04 23:27:00-04:00,90.01000213623047,90.01000213623047,89.9800033569336,89.98999786376953,89.98999786376953,22,0.0,0.0
2026-10-04 23:28:00-04:00,89.9800033569336,89.98999786376953,89.9800033569336,89.98999786376953,89.98999786376953,31,0.0,0.0
2026-10-04 23:29:00-04:00,90.0,90.0199966430664,89.9800033569336,90.01000213623047,90.01000213623047,61,0.0,0.0
2026-10-04 23:30:00-04:00,89.98999786376953,90.18000030517578,89.98999786376953,90.12999725341797,90.12999725341797,235,0.0,0.0
2026-10-04 23:31:00-04:00,90.12999725341797,90.12999725341797,90.05999755859375,90.11000061035156,90.11000061035156,199,0.0,0.0
2026-10-04 23:32:00-04:00,90.08999633789062,90.12000274658203,90.08999633789062,90.0999984741211,90.0999984741211,66,0.0,0.0
2026-10-04 23:33:00-04:00,90.0999984741211,90.0999984741211,90.0,90.0,90.0,71,0.0,0.0
2026-10-04 23:34:00-04:00,90.0,90.0999984741211,90.0,90.06999969482422,90.06999969482422,59,0.0,0.0
2026-10-04 23:35:00-04:00,90.08000183105469,90.12000274658203,90.08000183105469,90.08000183105469,90.08000183105469,29,0.0,0.0
2026-10-04 23:36:00-04:00,90.05999755859375,90.08999633789062,90.05000305175781,90.08999633789062,90.08999633789062,16,0.0,0.0
2026-10-04 23:37:00-04:00,90.08000183105469,90.08999633789062,90.06999969482422,90.08000183105469,90.08000183105469,18,0.0,0.0
2026-10-04 23:38:00-04:00,90.08000183105469,90.0999984741211,90.04000091552734,90.05999755859375,90.05999755859375,38,0.0,0.0
2026-10-04 23:39:00-04:00,90.06999969482422,90.08000183105469,90.05000305175781,90.05999755859375,90.05999755859375,16,0.0,0.0
2026-10-04 23:40:00-04:00,90.05000305175781,90.05000305175781,90.0199966430664,90.0199966430664,90.0199966430664,26,0.0,0.0
2026-10-04 23:41:00-04:00,90.02999877929688,90.08000183105469,90.02999877929688,90.05999755859375,90.05999755859375,20,0.0,0.0
2026-10-04 23:42:00-04:00,90.05000305175781,90.05000305175781,90.0199966430664,90.0199966430664,90.0199966430664,14,0.0,0.0
2026-10-04 23:43:00-04:00,90.0199966430664,90.02999877929688,90.0,90.01000213623047,90.01000213623047,16,0.0,0.0
2026-10-04 23:44:00-04:00,90.0,90.0199966430664,89.9800033569336,90.01000213623047,90.01000213623047,49,0.0,0.0
2026-10-04 23:45:00-04:00,90.0199966430664,90.04000091552734,90.0,90.04000091552734,90.04000091552734,33,0.0,0.0
2026-10-04 23:46:00-04:00,90.05000305175781,90.05000305175781,90.01000213623047,90.01000213623047,90.01000213623047,20,0.0,0.0
2026-10-04 23:47:00-04:00,90.0199966430664,90.0199966430664,89.95999908447266,89.95999908447266,89.95999908447266,26,0.0,0.0
2026-10-04 23:48:00-04:00,89.97000122070312,90.02999877929688,89.97000122070312,90.02999877929688,90.02999877929688,15,0.0,0.0
2026-10-04 23:49:00-04:00,90.02999877929688,90.08999633789062,90.02999877929688,90.08000183105469,90.08000183105469,39,0.0,0.0
2026-10-04 23:50:00-04:00,90.08000183105469,90.08999633789062,90.08000183105469,90.08999633789062,90.08999633789062,15,0.0,0.0
2026-10-04 23:51:00-04:00,90.06999969482422,90.08000183105469,90.06999969482422,90.06999969482422,90.06999969482422,6,0.0,0.0
2026-10-04 23:52:00-04:00,90.06999969482422,90.11000061035156,90.06999969482422,90.08999633789062,90.08999633789062,21,0.0,0.0
2026-10-04 23:53:00-04:00,90.08999633789062,90.0999984741211,90.04000091552734,90.04000091552734,90.04000091552734,24,0.0,0.0
2026-10-04 23:54:00-04:00,90.04000091552734,90.05000305175781,90.01000213623047,90.05000305175781,90.05000305175781,23,0.0,0.0
2026-10-04 23:55:00-04:00,90.04000091552734,90.04000091552734,89.95999908447266,89.9800033569336,89.9800033569336,33,0.0,0.0
2026-10-04 23:56:00-04:00,89.9800033569336,89.98999786376953,89.93000030517578,89.94000244140625,89.94000244140625,43,0.0,0.0
2026-10-04 23:57:00-04:00,89.94000244140625,89.94999694824219,89.9000015258789,89.9000015258789,89.9000015258789,31,0.0,0.0
2026-10-04 23:58:00-04:00,89.91999816894531,89.93000030517578,89.87999725341797,89.91999816894531,89.91999816894531,33,0.0,0.0
2026-10-05 00:00:00-04:00,89.91999816894531,89.94000244140625,89.9000015258789,89.91999816894531,89.91999816894531,39,0.0,0.0
2026-10-05 00:01:00-04:00,89.94000244140625,89.97000122070312,89.94000244140625,89.97000122070312,89.97000122070312,26,0.0,0.0
2026-10-05 00:02:00-04:00,89.9800033569336,90.01000213623047,89.97000122070312,90.01000213623047,90.01000213623047,36,0.0,0.0
2026-10-05 00:03:00-04:00,90.0,90.0,89.94999694824219,89.94999694824219,89.94999694824219,15,0.0,0.0
2026-10-05 00:04:00-04:00,89.94999694824219,90.0,89.94000244140625,89.97000122070312,89.97000122070312,36,0.0,0.0
2026-10-05 00:05:00-04:00,89.9800033569336,89.98999786376953,89.95999908447266,89.9800033569336,89.9800033569336,15,0.0,0.0
2026-10-05 00:06:00-04:00,89.95999908447266,89.95999908447266,89.91999816894531,89.95999908447266,89.95999908447266,22,0.0,0.0
2026-10-05 00:07:00-04:00,89.93000030517578,89.93000030517578,89.9000015258789,89.93000030517578,89.93000030517578,22,0.0,0.0
2026-10-05 00:08:00-04:00,89.94000244140625,89.94000244140625,89.91999816894531,89.94000244140625,89.94000244140625,7,0.0,0.0
2026-10-05 00:09:00-04:00,89.91999816894531,89.94000244140625,89.91999816894531,89.94000244140625,89.94000244140625,7,0.0,0.0
2026-10-05 00:10:00-04:00,89.91999816894531,89.91999816894531,89.87000274658203,89.9000015258789,89.9000015258789,31,0.0,0.0
2026-10-05 00:11:00-04:00,89.91000366210938,89.91999816894531,89.9000015258789,89.91000366210938,89.91000366210938,13,0.0,0.0
2026-10-05 00:12:00-04:00,89.94000244140625,89.94999694824219,89.94000244140625,89.94999694824219,89.94999694824219,2,0.0,0.0
2026-10-05 00:13:00-04:00,89.93000030517578,89.95999908447266,89.93000030517578,89.95999908447266,89.95999908447266,14,0.0,0.0
2026-10-05 00:14:00-04:00,89.94999694824219,89.94999694824219,89.91000366210938,89.94999694824219,89.94999694824219,30,0.0,0.0
2026-10-05 00:15:00-04:00,89.91999816894531,89.94999694824219,89.83999633789062,89.88999938964844,89.88999938964844,164,0.0,0.0
2026-10-05 00:16:00-04:00,89.87999725341797,89.91000366210938,89.81999969482422,89.88999938964844,89.88999938964844,68,0.0,0.0
2026-10-05 00:17:00-04:00,89.87000274658203,89.88999938964844,89.86000061035156,89.86000061035156,89.86000061035156,18,0.0,0.0
2026-10-05 00:18:00-04:00,89.83999633789062,89.83999633789062,89.83999633789062,89.83999633789062,89.83999633789062,5,0.0,0.0
2026-10-05 00:19:00-04:00,89.83999633789062,89.86000061035156,89.80999755859375,89.8499984741211,89.8499984741211,33,0.0,0.0
2026-10-05 00:20:00-04:00,89.8499984741211,89.8499984741211,89.77999877929688,89.79000091552734,89.79000091552734,113,0.0,0.0
2026-10-05 00:21:00-04:00,89.80000305175781,89.80000305175781,89.69999694824219,89.72000122070312,89.72000122070312,158,0.0,0.0
2026-10-05 00:22:00-04:00,89.7300033569336,89.7300033569336,89.69000244140625,89.70999908447266,89.70999908447266,60,0.0,0.0
2026-10-05 00:23:00-04:00,89.69999694824219,89.73999786376953,89.66999816894531,89.73999786376953,89.73999786376953,98,0.0,0.0
2026-10-05 00:24:00-04:00,89.72000122070312,89.75,89.70999908447266,89.73999786376953,89.73999786376953,23,0.0,0.0
2026-10-05 00:25:00-04:00,89.75,89.75,89.7300033569336,89.75,89.75,34,0.0,0.0
2026-10-05 00:26:00-04:00,89.73999786376953,89.79000091552734,89.72000122070312,89.79000091552734,89.79000091552734,37,0.0,0.0
2026-10-05 00:27:00-04:00,89.80000305175781,89.80000305175781,89.7699966430664,89.7699966430664,89.7699966430664,19,0.0,0.0
2026-10-05 00:28:00-04:00,89.77999877929688,89.79000091552734,89.75,89.77999877929688,89.77999877929688,35,0.0,0.0
2026-10-05 00:29:00-04:00,89.83000183105469,89.91999816894531,89.80999755859375,89.91999816894531,89.91999816894531,49,0.0,0.0
2026-10-05 00:30:00-04:00,89.93000030517578,90.0199966430664,89.9000015258789,89.95999908447266,89.95999908447266,156,0.0,0.0
2026-10-05 00:31:00-04:00,89.93000030517578,90.01000213623047,89.91000366210938,90.0,90.0,88,0.0,0.0
2026-10-05 00:32:00-04:00,89.98999786376953,90.08000183105469,89.9800033569336,90.05999755859375,90.05999755859375,76,0.0,0.0
2026-10-05 00:33:00-04:00,90.05999755859375,90.11000061035156,90.05999755859375,90.06999969482422,90.06999969482422,45,0.0,0.0
2026-10-05 00:34:00-04:00,90.06999969482422,90.13999938964844,90.06999969482422,90.11000061035156,90.11000061035156,63,0.0,0.0
2026-10-05 00:35:00-04:00,90.0999984741211,90.2699966430664,90.06999969482422,90.26000213623047,90.26000213623047,201,0.0,0.0
2026-10-05 00:36:00-04:00,90.26000213623047,90.2699966430664,90.16000366210938,90.22000122070312,90.22000122070312,126,0.0,0.0
2026-10-05 00:37:00-04:00,90.23999786376953,90.27999877929688,90.18000030517578,90.19000244140625,90.19000244140625,59,0.0,0.0
2026-10-05 00:38:00-04:00,90.19000244140625,90.26000213623047,90.19000244140625,90.23999786376953,90.23999786376953,19,0.0,0.0
2026-10-05 00:39:00-04:00,90.26000213623047,90.30000305175781,90.25,90.25,90.25,37,0.0,0.0
2026-10-05 00:40:00-04:00,90.27999877929688,90.33000183105469,90.27999877929688,90.31999969482422,90.31999969482422,92,0.0,0.0
2026-10-05 00:41:00-04:00,90.30999755859375,90.37999725341797,90.30999755859375,90.3499984741211,90.3499984741211,100,0.0,0.0
2026-10-05 00:42:00-04:00,90.33999633789062,90.36000061035156,90.33000183105469,90.33999633789062,90.33999633789062,25,0.0,0.0
2026-10-05 00:43:00-04:00,90.3499984741211,90.38999938964844,90.30999755859375,90.30999755859375,90.30999755859375,36,0.0,0.0
2026-10-05 00:44:00-04:00,90.31999969482422,90.33999633789062,90.30999755859375,90.31999969482422,90.31999969482422,31,0.0,0.0
2026-10-05 00:45:00-04:00,90.30999755859375,90.31999969482422,90.29000091552734,90.30000305175781,90.30000305175781,20,0.0,0.0
2026-10-05 00:46:00-04:00,90.30000305175781,90.3499984741211,90.30000305175781,90.33000183105469,90.33000183105469,30,0.0,0.0
2026-10-05 00:47:00-04:00,90.33000183105469,90.33000183105469,90.23999786376953,90.26000213623047,90.26000213623047,56,0.0,0.0
2026-10-05 00:48:00-04:00,90.20999908447266,90.2699966430664,90.19000244140625,90.22000122070312,90.22000122070312,36,0.0,0.0
2026-10-05 00:49:00-04:00,90.22000122070312,90.2300033569336,90.20999908447266,90.2300033569336,90.2300033569336,20,0.0,0.0
2026-10-05 00:50:00-04:00,90.2300033569336,90.2699966430664,90.2300033569336,90.26000213623047,90.26000213623047,13,0.0,0.0
2026-10-05 00:51:00-04:00,90.23999786376953,90.27999877929688,90.23999786376953,90.27999877929688,90.27999877929688,6,0.0,0.0
2026-10-05 00:52:00-04:00,90.2699966430664,90.30999755859375,90.2699966430664,90.30000305175781,90.30000305175781,16,0.0,0.0
2026-10-05 00:53:00-04:00,90.29000091552734,90.31999969482422,90.2699966430664,90.2699966430664,90.2699966430664,24,0.0,0.0
2026-10-05 00:54:00-04:00,90.29000091552734,90.30000305175781,90.29000091552734,90.29000091552734,90.29000091552734,5,0.0,0.0
2026-10-05 00:55:00-04:00,90.29000091552734,90.29000091552734,90.27999877929688,90.29000091552734,90.29000091552734,5,0.0,0.0
2026-10-05 00:56:00-04:00,90.30000305175781,90.43000030517578,90.30000305175781,90.38999938964844,90.38999938964844,138,0.0,0.0
2026-10-05 00:57:00-04:00,90.3499984741211,90.41000366210938,90.33999633789062,90.37999725341797,90.37999725341797,29,0.0,0.0
2026-10-05 00:58:00-04:00,90.37000274658203,90.38999938964844,90.37000274658203,90.37999725341797,90.37999725341797,20,0.0,0.0
2026-10-05 00:59:00-04:00,90.37999725341797,90.41000366210938,90.31999969482422,90.33000183105469,90.33000183105469,40,0.0,0.0
2026-10-05 01:00:00-04:00,90.33999633789062,90.3499984741211,90.27999877929688,90.30000305175781,90.30000305175781,38,0.0,0.0
2026-10-05 01:01:00-04:00,90.27999877929688,90.27999877929688,90.23999786376953,90.26000213623047,90.26000213623047,24,0.0,0.0
2026-10-05 01:02:00-04:00,90.2300033569336,90.23999786376953,90.18000030517578,90.18000030517578,90.18000030517578,70,0.0,0.0
2026-10-05 01:03:00-04:00,90.18000030517578,90.2300033569336,90.16999816894531,90.19999694824219,90.19999694824219,24,0.0,0.0
2026-10-05 01:04:00-04:00,90.19999694824219,90.19999694824219,90.13999938964844,90.1500015258789,90.1500015258789,46,0.0,0.0
2026-10-05 01:05:00-04:00,90.16000366210938,90.16999816894531,90.13999938964844,90.1500015258789,90.1500015258789,24,0.0,0.0
2026-10-05 01:06:00-04:00,90.1500015258789,90.1500015258789,89.95999908447266,90.0,90.0,206,0.0,0.0
2026-10-05 01:07:00-04:00,90.01000213623047,90.0199966430664,89.94999694824219,89.94999694824219,89.94999694824219,51,0.0,0.0
2026-10-05 01:08:00-04:00,89.94000244140625,89.97000122070312,89.93000030517578,89.94999694824219,89.94999694824219,53,0.0,0.0
2026-10-05 01:09:00-04:00,89.95999908447266,89.97000122070312,89.95999908447266,89.97000122070312,89.97000122070312,13,0.0,0.0
2026-10-05 01:10:00-04:00,89.98999786376953,90.0,89.94999694824219,89.94999694824219,89.94999694824219,30,0.0,0.0
2026-10-05 01:11:00-04:00,89.94000244140625,89.94999694824219,89.87999725341797,89.93000030517578,89.93000030517578,81,0.0,0.0
2026-10-05 01:12:00-04:00,89.91999816894531,89.94000244140625,89.91999816894531,89.94000244140625,89.94000244140625,5,0.0,0.0
2026-10-05 01:13:00-04:00,89.94999694824219,89.94999694824219,89.94000244140625,89.94000244140625,89.94000244140625,20,0.0,0.0
2026-10-05 01:14:00-04:00,89.94999694824219,89.95999908447266,89.91999816894531,89.94000244140625,89.94000244140625,9,0.0,0.0
2026-10-05 01:15:00-04:00,89.93000030517578,89.95999908447266,89.93000030517578,89.94999694824219,89.94999694824219,13,0.0,0.0
2026-10-05 01:16:00-04:00,89.95999908447266,90.04000091552734,89.94000244140625,90.02999877929688,90.02999877929688,64,0.0,0.0
2026-10-05 01:17:00-04:00,90.02999877929688,90.02999877929688,90.0,90.01000213623047,90.01000213623047,19,0.0,0.0
2026-10-05 01:18:00-04:00,90.0,90.0,89.94000244140625,89.94999694824219,89.94999694824219,52,0.0,0.0
2026-10-05 01:19:00-04:00,89.95999908447266,89.95999908447266,89.94999694824219,89.95999908447266,89.95999908447266,15,0.0,0.0
2026-10-05 01:20:00-04:00,89.97000122070312,89.98999786376953,89.91000366210938,89.98999786376953,89.98999786376953,59,0.0,0.0
2026-10-05 01:21:00-04:00,89.97000122070312,89.9800033569336,89.94000244140625,89.94999694824219,89.94999694824219,28,0.0,0.0
2026-10-05 01:22:00-04:00,89.91999816894531,89.94000244140625,89.91000366210938,89.93000030517578,89.93000030517578,37,0.0,0.0
2026-10-05 01:23:00-04:00,89.93000030517578,89.97000122070312,89.93000030517578,89.94000244140625,89.94000244140625,24,0.0,0.0
2026-10-05 01:24:00-04:00,89.94999694824219,89.9800033569336,89.94000244140625,89.94999694824219,89.94999694824219,18,0.0,0.0
2026-10-05 01:25:00-04:00,89.94999694824219,89.94999694824219,89.93000030517578,89.94000244140625,89.94000244140625,12,0.0,0.0
2026-10-05 01:26:00-04:00,89.94999694824219,90.02999877929688,89.94999694824219,90.01000213623047,90.01000213623047,22,0.0,0.0
2026-10-05 01:27:00-04:00,90.01000213623047,90.11000061035156,90.01000213623047,90.11000061035156,90.11000061035156,63,0.0,0.0
2026-10-05 01:28:00-04:00,90.0999984741211,90.12999725341797,90.08999633789062,90.11000061035156,90.11000061035156,52,0.0,0.0
2026-10-05 01:29:00-04:00,90.12000274658203,90.12999725341797,90.0999984741211,90.12000274658203,90.12000274658203,22,0.0,0.0
2026-10-05 01:30:00-04:00,90.11000061035156,90.13999938964844,90.0999984741211,90.0999984741211,90.0999984741211,37,0.0,0.0
2026-10-05 01:31:00-04:00,90.11000061035156,90.16000366210938,90.11000061035156,90.16000366210938,90.16000366210938,41,0.0,0.0
2026-10-05 01:32:00-04:00,90.1500015258789,90.1500015258789,90.11000061035156,90.11000061035156,90.11000061035156,19,0.0,0.0
2026-10-05 01:33:00-04:00,90.11000061035156,90.23999786376953,90.11000061035156,90.23999786376953,90.23999786376953,73,0.0,0.0
2026-10-05 01:34:00-04:00,90.2300033569336,90.26000213623047,90.20999908447266,90.23999786376953,90.23999786376953,42,0.0,0.0
2026-10-05 01:35:00-04:00,90.26000213623047,90.30999755859375,90.2300033569336,90.27999877929688,90.27999877929688,94,0.0,0.0
2026-10-05 01:36:00-04:00,90.26000213623047,90.26000213623047,90.19999694824219,90.25,90.25,51,0.0,0.0
2026-10-05 01:37:00-04:00,90.23999786376953,90.23999786376953,90.19000244140625,90.20999908447266,90.20999908447266,91,0.0,0.0
2026-10-05 01:38:00-04:00,90.19999694824219,90.27999877929688,90.19999694824219,90.26000213623047,90.26000213623047,24,0.0,0.0
2026-10-05 01:39:00-04:00,90.26000213623047,90.27999877929688,90.23999786376953,90.2699966430664,90.2699966430664,29,0.0,0.0
2026-10-05 01:40:00-04:00,90.26000213623047,90.26000213623047,90.0999984741211,90.11000061035156,90.11000061035156,111,0.0,0.0
2026-10-05 01:41:00-04:00,90.08999633789062,90.19999694824219,90.06999969482422,90.13999938964844,90.13999938964844,74,0.0,0.0
2026-10-05 01:42:00-04:00,90.1500015258789,90.16000366210938,90.08999633789062,90.08999633789062,90.08999633789062,34,0.0,0.0
2026-10-05 01:43:00-04:00,90.06999969482422,90.0999984741211,90.06999969482422,90.08000183105469,90.08000183105469,14,0.0,0.0
2026-10-05 01:44:00-04:00,90.06999969482422,90.08999633789062,90.04000091552734,90.05999755859375,90.05999755859375,30,0.0,0.0
2026-10-05 01:45:00-04:00,90.05999755859375,90.05999755859375,89.95999908447266,90.0199966430664,90.0199966430664,45,0.0,0.0
2026-10-05 01:46:00-04:00,90.04000091552734,90.04000091552734,89.94000244140625,89.94000244140625,89.94000244140625,24,0.0,0.0
2026-10-05 01:47:00-04:00,89.93000030517578,89.95999908447266,89.87000274658203,89.87999725341797,89.87999725341797,61,0.0,0.0
2026-10-05 01:48:00-04:00,89.88999938964844,89.93000030517578,89.81999969482422,89.9000015258789,89.9000015258789,118,0.0,0.0
2026-10-05 01:49:00-04:00,89.9000015258789,89.94000244140625,89.8499984741211,89.86000061035156,89.86000061035156,47,0.0,0.0
2026-10-05 01:50:00-04:00,89.8499984741211,89.94999694824219,89.83000183105469,89.91000366210938,89.91000366210938,38,0.0,0.0
2026-10-05 01:51:00-04:00,89.9000015258789,89.91000366210938,89.8499984741211,89.8499984741211,89.8499984741211,47,0.0,0.0
2026-10-05 01:52:00-04:00,89.86000061035156,89.86000061035156,89.81999969482422,89.83999633789062,89.83999633789062,20,0.0,0.0
2026-10-05 01:53:00-04:00,89.8499984741211,89.94000244140625,89.83999633789062,89.9000015258789,89.9000015258789,48,0.0,0.0
2026-10-05 01:54:00-04:00,89.94000244140625,89.94000244140625,89.94000244140625,89.94000244140625,89.94000244140625,1,0.0,0.0
2026-10-05 01:55:00-04:00,89.91999816894531,89.91999816894531,89.88999938964844,89.88999938964844,89.88999938964844,19,0.0,0.0
2026-10-05 01:56:00-04:00,89.9000015258789,89.91000366210938,89.88999938964844,89.88999938964844,89.88999938964844,13,0.0,0.0
2026-10-05 01:57:00-04:00,89.88999938964844,89.9000015258789,89.87999725341797,89.87999725341797,89.87999725341797,17,0.0,0.0
2026-10-05 01:58:00-04:00,89.87000274658203,89.87000274658203,89.86000061035156,89.86000061035156,89.86000061035156,4,0.0,0.0
2026-10-05 01:59:00-04:00,89.86000061035156,89.88999938964844,89.83000183105469,89.86000061035156,89.86000061035156,48,0.0,0.0
2026-10-05 02:00:00-04:00,89.8499984741211,89.91999816894531,89.79000091552734,89.79000091552734,89.79000091552734,71,0.0,0.0
2026-10-05 02:01:00-04:00,89.79000091552734,89.83000183105469,89.75,89.79000091552734,89.79000091552734,111,0.0,0.0
2026-10-05 02:02:00-04:00,89.75,89.86000061035156,89.7300033569336,89.8499984741211,89.8499984741211,216,0.0,0.0
2026-10-05 02:03:00-04:00,89.83000183105469,89.8499984741211,89.80000305175781,89.80999755859375,89.80999755859375,40,0.0,0.0
2026-10-05 02:04:00-04:00,89.79000091552734,89.79000091552734,89.70999908447266,89.76000213623047,89.76000213623047,118,0.0,0.0
2026-10-05 02:05:00-04:00,89.75,89.80000305175781,89.73999786376953,89.76000213623047,89.76000213623047,40,0.0,0.0
2026-10-05 02:06:00-04:00,89.76000213623047,89.77999877929688,89.72000122070312,89.75,89.75,50,0.0,0.0
2026-10-05 02:07:00-04:00,89.73999786376953,89.81999969482422,89.7300033569336,89.80000305175781,89.80000305175781,115,0.0,0.0
2026-10-05 02:08:00-04:00,89.79000091552734,89.80999755859375,89.73999786376953,89.75,89.75,40,0.0,0.0
2026-10-05 02:09:00-04:00,89.73999786376953,89.76000213623047,89.73999786376953,89.75,89.75,9,0.0,0.0
2026-10-05 02:10:00-04:00,89.75,89.7699966430664,89.7300033569336,89.75,89.75,28,0.0,0.0
2026-10-05 02:11:00-04:00,89.75,89.79000091552734,89.75,89.76000213623047,89.76000213623047,62,0.0,0.0
2026-10-05 02:12:00-04:00,89.7699966430664,89.80000305175781,89.73999786376953,89.76000213623047,89.76000213623047,42,0.0,0.0
2026-10-05 02:13:00-04:00,89.7699966430664,89.77999877929688,89.76000213623047,89.76000213623047,89.76000213623047,22,0.0,0.0
2026-10-05 02:14:00-04:00,89.73999786376953,89.75,89.69999694824219,89.73999786376953,89.73999786376953,122,0.0,0.0
2026-10-05 02:15:00-04:00,89.7300033569336,89.7300033569336,89.63999938964844,89.66999816894531,89.66999816894531,143,0.0,0.0
2026-10-05 02:16:00-04:00,89.66999816894531,89.73999786376953,89.6500015258789,89.68000030517578,89.68000030517578,86,0.0,0.0
2026-10-05 02:17:00-04:00,89.66999816894531,89.69999694824219,89.5999984741211,89.68000030517578,89.68000030517578,288,0.0,0.0
2026-10-05 02:18:00-04:00,89.69000244140625,89.80999755859375,89.69000244140625,89.7699966430664,89.7699966430664,76,0.0,0.0
2026-10-05 02:19:00-04:00,89.76000213623047,89.83000183105469,89.75,89.83000183105469,89.83000183105469,37,0.0,0.0
2026-10-05 02:20:00-04:00,89.80999755859375,89.93000030517578,89.80999755859375,89.88999938964844,89.88999938964844,157,0.0,0.0
2026-10-05 02:21:00-04:00,89.9000015258789,89.93000030517578,89.86000061035156,89.91999816894531,89.91999816894531,46,0.0,0.0
2026-10-05 02:22:00-04:00,89.91000366210938,89.94000244140625,89.86000061035156,89.87000274658203,89.87000274658203,86,0.0,0.0
2026-10-05 02:23:00-04:00,89.87000274658203,89.93000030517578,89.86000061035156,89.93000030517578,89.93000030517578,33,0.0,0.0
2026-10-05 02:24:00-04:00,89.91999816894531,89.91999816894531,89.86000061035156,89.9000015258789,89.9000015258789,22,0.0,0.0
2026-10-05 02:25:00-04:00,89.87999725341797,89.9000015258789,89.87000274658203,89.88999938964844,89.88999938964844,30,0.0,0.0
2026-10-05 02:26:00-04:00,89.9000015258789,89.93000030517578,89.9000015258789,89.93000030517578,89.93000030517578,16,0.0,0.0
2026-10-05 02:27:00-04:00,89.91999816894531,89.9800033569336,89.91999816894531,89.97000122070312,89.97000122070312,36,0.0,0.0
2026-10-05 02:28:00-04:00,89.95999908447266,90.01000213623047,89.94999694824219,89.9800033569336,89.9800033569336,47,0.0,0.0
2026-10-05 02:29:00-04:00,89.98999786376953,90.05999755859375,89.9800033569336,90.05999755859375,90.05999755859375,44,0.0,0.0
2026-10-05 02:30:00-04:00,90.06999969482422,90.11000061035156,90.05999755859375,90.08999633789062,90.08999633789062,56,0.0,0.0
2026-10-05 02:31:00-04:00,90.0999984741211,90.11000061035156,90.0199966430664,90.05999755859375,90.05999755859375,67,0.0,0.0
2026-10-05 02:32:00-04:00,90.04000091552734,90.06999969482422,90.01000213623047,90.02999877929688,90.02999877929688,62,0.0,0.0
2026-10-05 02:33:00-04:00,90.02999877929688,90.08999633789062,90.0,90.08999633789062,90.08999633789062,51,0.0,0.0
2026-10-05 02:34:00-04:00,90.08000183105469,90.13999938964844,90.05000305175781,90.13999938964844,90.13999938964844,52,0.0,0.0
2026-10-05 02:35:00-04:00,90.12999725341797,90.16999816894531,90.08000183105469,90.08000183105469,90.08000183105469,83,0.0,0.0
2026-10-05 02:36:00-04:00,90.0999984741211,90.19000244140625,90.0999984741211,90.19000244140625,90.19000244140625,53,0.0,0.0
2026-10-05 02:37:00-04:00,90.19000244140625,90.19999694824219,90.16000366210938,90.16000366210938,90.16000366210938,33,0.0,0.0
2026-10-05 02:38:00-04:00,90.16000366210938,90.19000244140625,90.11000061035156,90.13999938964844,90.13999938964844,42,0.0,0.0
2026-10-05 02:39:00-04:00,90.13999938964844,90.1500015258789,90.11000061035156,90.12000274658203,90.12000274658203,26,0.0,0.0
2026-10-05 02:40:00-04:00,90.11000061035156,90.11000061035156,90.06999969482422,90.0999984741211,90.0999984741211,15,0.0,0.0
2026-10-05 02:41:00-04:00,90.0999984741211,90.11000061035156,90.04000091552734,90.05000305175781,90.05000305175781,42,0.0,0.0
2026-10-05 02:42:00-04:00,90.05999755859375,90.06999969482422,90.04000091552734,90.05000305175781,90.05000305175781,15,0.0,0.0
2026-10-05 02:43:00-04:00,90.05000305175781,90.12000274658203,90.04000091552734,90.12000274658203,90.12000274658203,75,0.0,0.0
2026-10-05 02:44:00-04:00,90.11000061035156,90.12999725341797,90.11000061035156,90.12999725341797,90.12999725341797,29,0.0,0.0
2026-10-05 02:45:00-04:00,90.11000061035156,90.12000274658203,90.05999755859375,90.05999755859375,90.05999755859375,47,0.0,0.0
2026-10-05 02:46:00-04:00,90.06999969482422,90.0999984741211,90.05999755859375,90.06999969482422,90.06999969482422,44,0.0,0.0
2026-10-05 02:47:00-04:00,90.06999969482422,90.08000183105469,90.02999877929688,90.04000091552734,90.04000091552734,65,0.0,0.0
2026-10-05 02:48:00-04:00,90.04000091552734,90.05999755859375,90.02999877929688,90.04000091552734,90.04000091552734,16,0.0,0.0
2026-10-05 02:49:00-04:00,90.05999755859375,90.16999816894531,90.05999755859375,90.16999816894531,90.16999816894531,28,0.0,0.0
2026-10-05 02:50:00-04:00,90.18000030517578,90.23999786376953,90.16000366210938,90.22000122070312,90.22000122070312,81,0.0,0.0
2026-10-05 02:51:00-04:00,90.22000122070312,90.23999786376953,90.19000244140625,90.19999694824219,90.19999694824219,69,0.0,0.0
2026-10-05 02:52:00-04:00,90.2300033569336,90.26000213623047,90.18000030517578,90.19000244140625,90.19000244140625,33,0.0,0.0
2026-10-05 02:53:00-04:00,90.13999938964844,90.18000030517578,90.06999969482422,90.12000274658203,90.12000274658203,39,0.0,0.0
2026-10-05 02:54:00-04:00,90.0999984741211,90.38999938964844,90.0999984741211,90.2699966430664,90.2699966430664,481,0.0,0.0
2026-10-05 02:55:00-04:00,90.26000213623047,90.30000305175781,90.19000244140625,90.2300033569336,90.2300033569336,159,0.0,0.0
2026-10-05 02:56:00-04:00,90.23999786376953,90.25,90.20999908447266,90.22000122070312,90.22000122070312,42,0.0,0.0
2026-10-05 02:57:00-04:00,90.22000122070312,90.22000122070312,90.08999633789062,90.11000061035156,90.11000061035156,85,0.0,0.0
2026-10-05 02:58:00-04:00,90.0999984741211,90.0999984741211,90.01000213623047,90.01000213623047,90.01000213623047,44,0.0,0.0
2026-10-05 02:59:00-04:00,90.01000213623047,90.05000305175781,89.98999786376953,90.05000305175781,90.05000305175781,73,0.0,0.0
2026-10-05 03:00:00-04:00,90.05000305175781,90.05000305175781,89.87000274658203,89.98999786376953,89.98999786376953,314,0.0,0.0
2026-10-05 03:01:00-04:00,90.0,90.08000183105469,89.95999908447266,90.04000091552734,90.04000091552734,141,0.0,0.0
2026-10-05 03:02:00-04:00,90.0199966430664,90.08000183105469,89.98999786376953,90.08000183105469,90.08000183105469,72,0.0,0.0
2026-10-05 03:03:00-04:00,90.04000091552734,90.0999984741211,90.01000213623047,90.08000183105469,90.08000183105469,96,0.0,0.0
2026-10-05 03:04:00-04:00,90.05999755859375,90.0999984741211,90.0199966430664,90.05999755859375,90.05999755859375,80,0.0,0.0
2026-10-05 03:05:00-04:00,90.05999755859375,90.08999633789062,89.88999938964844,89.9000015258789,89.9000015258789,153,0.0,0.0
2026-10-05 03:06:00-04:00,89.91999816894531,89.95999908447266,89.87000274658203,89.94999694824219,89.94999694824219,69,0.0,0.0
2026-10-05 03:07:00-04:00,89.91999816894531,89.95999908447266,89.88999938964844,89.9000015258789,89.9000015258789,62,0.0,0.0
2026-10-05 03:08:00-04:00,89.91000366210938,89.97000122070312,89.91000366210938,89.95999908447266,89.95999908447266,32,0.0,0.0
2026-10-05 03:09:00-04:00,89.97000122070312,90.08999633789062,89.93000030517578,90.08000183105469,90.08000183105469,77,0.0,0.0
2026-10-05 03:10:00-04:00,90.06999969482422,90.12000274658203,90.04000091552734,90.11000061035156,90.11000061035156,74,0.0,0.0
2026-10-05 03:11:00-04:00,90.11000061035156,90.26000213623047,90.0999984741211,90.25,90.25,107,0.0,0.0
2026-10-05 03:12:00-04:00,90.25,90.30000305175781,90.0199966430664,90.05000305175781,90.05000305175781,312,0.0,0.0
2026-10-05 03:13:00-04:00,90.04000091552734,90.08000183105469,89.97000122070312,89.97000122070312,89.97000122070312,111,0.0,0.0
2026-10-05 03:14:00-04:00,89.95999908447266,90.0199966430664,89.91999816894531,89.94000244140625,89.94000244140625,59,0.0,0.0
2026-10-05 03:15:00-04:00,89.94000244140625,90.01000213623047,89.93000030517578,89.9800033569336,89.9800033569336,42,0.0,0.0
2026-10-05 03:16:00-04:00,89.97000122070312,90.0,89.93000030517578,89.95999908447266,89.95999908447266,59,0.0,0.0
2026-10-05 03:17:00-04:00,89.94999694824219,89.9800033569336,89.9000015258789,89.95999908447266,89.95999908447266,93,0.0,0.0
2026-10-05 03:18:00-04:00,89.94999694824219,89.98999786376953,89.91000366210938,89.97000122070312,89.97000122070312,109,0.0,0.0
2026-10-05 03:19:00-04:00,89.97000122070312,89.97000122070312,89.86000061035156,89.91999816894531,89.91999816894531,58,0.0,0.0
2026-10-05 03:20:00-04:00,89.88999938964844,89.9000015258789,89.87000274658203,89.87999725341797,89.87999725341797,46,0.0,0.0
2026-10-05 03:21:00-04:00,89.87999725341797,89.88999938964844,89.83000183105469,89.87999725341797,89.87999725341797,230,0.0,0.0
2026-10-05 03:22:00-04:00,89.87000274658203,89.94000244140625,89.8499984741211,89.91000366210938,89.91000366210938,119,0.0,0.0
2026-10-05 03:23:00-04:00,89.91999816894531,89.93000030517578,89.8499984741211,89.9000015258789,89.9000015258789,75,0.0,0.0
2026-10-05 03:24:00-04:00,89.91000366210938,90.02999877929688,89.91000366210938,90.0,90.0,103,0.0,0.0
2026-10-05 03:25:00-04:00,89.9800033569336,90.0,89.87999725341797,89.87999725341797,89.87999725341797,81,0.0,0.0
2026-10-05 03:26:00-04:00,89.86000061035156,89.86000061035156,89.79000091552734,89.80000305175781,89.80000305175781,68,0.0,0.0
2026-10-05 03:27:00-04:00,89.79000091552734,89.87000274658203,89.7300033569336,89.83999633789062,89.83999633789062,230,0.0,0.0
2026-10-05 03:28:00-04:00,89.83999633789062,89.86000061035156,89.79000091552734,89.81999969482422,89.81999969482422,108,0.0,0.0
2026-10-05 03:29:00-04:00,89.81999969482422,89.81999969482422,89.80000305175781,89.80000305175781,89.80000305175781,52,0.0,0.0
2026-10-05 03:30:00-04:00,89.81999969482422,89.83000183105469,89.7300033569336,89.7300033569336,89.7300033569336,110,0.0,0.0
2026-10-05 03:31:00-04:00,89.73999786376953,89.80999755859375,89.69999694824219,89.80000305175781,89.80000305175781,163,0.0,0.0
2026-10-05 03:32:00-04:00,89.77999877929688,89.77999877929688,89.66000366210938,89.76000213623047,89.76000213623047,130,0.0,0.0
2026-10-05 03:33:00-04:00,89.7699966430664,89.77999877929688,89.66999816894531,89.66999816894531,89.66999816894531,38,0.0,0.0
2026-10-05 03:34:00-04:00,89.66999816894531,89.80999755859375,89.6500015258789,89.7699966430664,89.7699966430664,178,0.0,0.0
2026-10-05 03:35:00-04:00,89.76000213623047,89.77999877929688,89.66999816894531,89.75,89.75,202,0.0,0.0
2026-10-05 03:36:00-04:00,89.72000122070312,89.75,89.69999694824219,89.75,89.75,134,0.0,0.0
2026-10-05 03:37:00-04:00,89.76000213623047,89.81999969482422,89.73999786376953,89.77999877929688,89.77999877929688,65,0.0,0.0
2026-10-05 03:38:00-04:00,89.76000213623047,89.87999725341797,89.76000213623047,89.7699966430664,89.7699966430664,100,0.0,0.0
2026-10-05 03:39:00-04:00,89.79000091552734,89.80000305175781,89.75,89.75,89.75,54,0.0,0.0
2026-10-05 03:40:00-04:00,89.7699966430664,89.7699966430664,89.69999694824219,89.72000122070312,89.72000122070312,55,0.0,0.0
2026-10-05 03:41:00-04:00,89.70999908447266,89.79000091552734,89.70999908447266,89.77999877929688,89.77999877929688,59,0.0,0.0
2026-10-05 03:42:00-04:00,89.7699966430664,89.81999969482422,89.73999786376953,89.80000305175781,89.80000305175781,44,0.0,0.0
2026-10-05 03:43:00-04:00,89.80000305175781,89.83000183105469,89.72000122070312,89.76000213623047,89.76000213623047,140,0.0,0.0
2026-10-05 03:44:00-04:00,89.76000213623047,89.80999755859375,89.70999908447266,89.72000122070312,89.72000122070312,66,0.0,0.0
2026-10-05 03:45:00-04:00,89.69000244140625,89.76000213623047,89.6500015258789,89.76000213623047,89.76000213623047,122,0.0,0.0
2026-10-05 03:46:00-04:00,89.72000122070312,89.75,89.68000030517578,89.69000244140625,89.69000244140625,82,0.0,0.0
2026-10-05 03:47:00-04:00,89.69000244140625,89.75,89.6500015258789,89.66000366210938,89.66000366210938,98,0.0,0.0
2026-10-05 03:48:00-04:00,89.6500015258789,89.81999969482422,89.6500015258789,89.80000305175781,89.80000305175781,60,0.0,0.0
2026-10-05 03:49:00-04:00,89.79000091552734,89.80000305175781,89.72000122070312,89.72000122070312,89.72000122070312,56,0.0,0.0
2026-10-05 03:50:00-04:00,89.69000244140625,89.7699966430664,89.69000244140625,89.76000213623047,89.76000213623047,72,0.0,0.0
2026-10-05 03:51:00-04:00,89.75,89.7699966430664,89.56999969482422,89.58999633789062,89.58999633789062,151,0.0,0.0
2026-10-05 03:52:00-04:00,89.58999633789062,89.6500015258789,89.5199966430664,89.63999938964844,89.63999938964844,171,0.0,0.0
2026-10-05 03:53:00-04:00,89.63999938964844,89.63999938964844,89.56999969482422,89.62000274658203,89.62000274658203,113,0.0,0.0
2026-10-05 03:54:00-04:00,89.62999725341797,89.72000122070312,89.62999725341797,89.69999694824219,89.69999694824219,85,0.0,0.0
2026-10-05 03:55:00-04:00,89.72000122070312,89.80000305175781,89.68000030517578,89.79000091552734,89.79000091552734,60,0.0,0.0
2026-10-05 03:56:00-04:00,89.80000305175781,89.80000305175781,89.76000213623047,89.76000213623047,89.76000213623047,70,0.0,0.0
2026-10-05 03:57:00-04:00,89.75,89.75,89.66999816894531,89.69000244140625,89.69000244140625,95,0.0,0.0
2026-10-05 03:58:00-04:00,89.69000244140625,89.69999694824219,89.58999633789062,89.6500015258789,89.6500015258789,65,0.0,0.0
2026-10-05 03:59:00-04:00,89.6500015258789,89.6500015258789,89.55000305175781,89.55999755859375,89.55999755859375,116,0.0,0.0
2026-10-05 04:00:00-04:00,89.55999755859375,89.62999725341797,89.5199966430664,89.55999755859375,89.55999755859375,320,0.0,0.0
2026-10-05 04:01:00-04:00,89.5199966430664,89.58999633789062,89.41999816894531,89.56999969482422,89.56999969482422,252,0.0,0.0
2026-10-05 04:02:00-04:00,89.55999755859375,89.6500015258789,89.55000305175781,89.63999938964844,89.63999938964844,99,0.0,0.0
2026-10-05 04:03:00-04:00,89.66999816894531,89.69999694824219,89.62999725341797,89.68000030517578,89.68000030517578,101,0.0,0.0
2026-10-05 04:04:00-04:00,89.69000244140625,89.69000244140625,89.5999984741211,89.5999984741211,89.5999984741211,54,0.0,0.0
2026-10-05 04:05:00-04:00,89.58999633789062,89.61000061035156,89.55000305175781,89.56999969482422,89.56999969482422,66,0.0,0.0
2026-10-05 04:06:00-04:00,89.58000183105469,89.58999633789062,89.48999786376953,89.56999969482422,89.56999969482422,108,0.0,0.0
2026-10-05 04:07:00-04:00,89.58000183105469,89.58999633789062,89.5,89.55999755859375,89.55999755859375,165,0.0,0.0
2026-10-05 04:08:00-04:00,89.58999633789062,89.61000061035156,89.55000305175781,89.5999984741211,89.5999984741211,100,0.0,0.0
2026-10-05 04:09:00-04:00,89.58999633789062,89.58999633789062,89.51000213623047,89.54000091552734,89.54000091552734,160,0.0,0.0
2026-10-05 04:10:00-04:00,89.5199966430664,89.58000183105469,89.47000122070312,89.5,89.5,83,0.0,0.0
2026-10-05 04:11:00-04:00,89.48999786376953,89.5199966430664,89.43000030517578,89.44000244140625,89.44000244140625,86,0.0,0.0
2026-10-05 04:12:00-04:00,89.44000244140625,89.44000244140625,89.31999969482422,89.36000061035156,89.36000061035156,302,0.0,0.0
2026-10-05 04:13:00-04:00,89.37000274658203,89.45999908447266,89.30999755859375,89.43000030517578,89.43000030517578,204,0.0,0.0
2026-10-05 04:14:00-04:00,89.44000244140625,89.48999786376953,89.41999816894531,89.47000122070312,89.47000122070312,119,0.0,0.0
2026-10-05 04:15:00-04:00,89.44999694824219,89.55999755859375,89.44999694824219,89.52999877929688,89.52999877929688,147,0.0,0.0
2026-10-05 04:16:00-04:00,89.52999877929688,89.54000091552734,89.3499984741211,89.3499984741211,89.3499984741211,283,0.0,0.0
2026-10-05 04:17:00-04:00,89.3499984741211,89.45999908447266,89.3499984741211,89.36000061035156,89.36000061035156,119,0.0,0.0
2026-10-05 04:18:00-04:00,89.37000274658203,89.44000244140625,89.3499984741211,89.43000030517578,89.43000030517578,92,0.0,0.0
2026-10-05 04:19:00-04:00,89.44000244140625,89.51000213623047,89.41999816894531,89.5,89.5,89,0.0,0.0
2026-10-05 04:20:00-04:00,89.47000122070312,89.58000183105469,89.41999816894531,89.4800033569336,89.4800033569336,193,0.0,0.0
2026-10-05 04:21:00-04:00,89.44999694824219,89.52999877929688,89.38999938964844,89.4800033569336,89.4800033569336,245,0.0,0.0
2026-10-05 04:22:00-04:00,89.48999786376953,89.48999786376953,89.36000061035156,89.37999725341797,89.37999725341797,217,0.0,0.0
2026-10-05 04:23:00-04:00,89.37999725341797,89.44000244140625,89.37000274658203,89.41999816894531,89.41999816894531,60,0.0,0.0
2026-10-05 04:24:00-04:00,89.41999816894531,89.51000213623047,89.37000274658203,89.5,89.5,128,0.0,0.0
2026-10-05 04:25:00-04:00,89.5,89.72000122070312,89.45999908447266,89.61000061035156,89.61000061035156,964,0.0,0.0
2026-10-05 04:26:00-04:00,89.62999725341797,89.79000091552734,89.52999877929688,89.63999938964844,89.63999938964844,764,0.0,0.0
2026-10-05 04:27:00-04:00,89.61000061035156,89.73999786376953,89.51000213623047,89.55999755859375,89.55999755859375,392,0.0,0.0
2026-10-05 04:28:00-04:00,89.54000091552734,89.70999908447266,89.41999816894531,89.68000030517578,89.68000030517578,813,0.0,0.0
2026-10-05 04:29:00-04:00,89.69000244140625,90.0,89.62999725341797,89.98999786376953,89.98999786376953,884,0.0,0.0
2026-10-05 04:30:00-04:00,89.9800033569336,89.98999786376953,89.80999755859375,89.94999694824219,89.94999694824219,561,0.0,0.0
2026-10-05 04:31:00-04:00,89.94999694824219,89.94999694824219,89.83000183105469,89.93000030517578,89.93000030517578,229,0.0,0.0
2026-10-05 04:32:00-04:00,89.94000244140625,89.95999908447266,89.7699966430664,89.81999969482422,89.81999969482422,260,0.0,0.0
2026-10-05 04:33:00-04:00,89.80999755859375,90.05999755859375,89.80999755859375,90.05999755859375,90.05999755859375,320,0.0,0.0
2026-10-05 04:34:00-04:00,90.05000305175781,90.37999725341797,89.97000122070312,90.29000091552734,90.29000091552734,1132,0.0,0.0
2026-10-05 04:35:00-04:00,90.30000305175781,90.58000183105469,90.18000030517578,90.5199966430664,90.5199966430664,692,0.0,0.0
2026-10-05 04:36:00-04:00,90.52999877929688,90.88999938964844,90.5,90.83999633789062,90.83999633789062,845,0.0,0.0
2026-10-05 04:37:00-04:00,90.83000183105469,90.9800033569336,90.80999755859375,90.87999725341797,90.87999725341797,843,0.0,0.0
2026-10-05 04:38:00-04:00,90.87000274658203,90.88999938964844,90.56999969482422,90.69000244140625,90.69000244140625,900,0.0,0.0
2026-10-05 04:39:00-04:00,90.69000244140625,90.73999786376953,90.63999938964844,90.63999938964844,90.63999938964844,337,0.0,0.0
2026-10-05 04:40:00-04:00,90.62999725341797,90.66999816894531,90.58999633789062,90.58999633789062,90.58999633789062,261,0.0,0.0
2026-10-05 04:41:00-04:00,90.58000183105469,90.63999938964844,90.5,90.58999633789062,90.58999633789062,215,0.0,0.0
2026-10-05 04:42:00-04:00,90.5999984741211,90.75,90.56999969482422,90.7300033569336,90.7300033569336,206,0.0,0.0
2026-10-05 04:43:00-04:00,90.70999908447266,90.87999725341797,90.5,90.54000091552734,90.54000091552734,756,0.0,0.0
2026-10-05 04:44:00-04:00,90.5199966430664,90.69999694824219,90.5199966430664,90.69000244140625,90.69000244140625,210,0.0,0.0
2026-10-05 04:45:00-04:00,90.69999694824219,91.0,90.69999694824219,90.94999694824219,90.94999694824219,418,0.0,0.0
2026-10-05 04:46:00-04:00,90.95999908447266,91.08999633789062,90.94999694824219,91.04000091552734,91.04000091552734,333,0.0,0.0
2026-10-05 04:47:00-04:00,91.02999877929688,91.20999908447266,91.02999877929688,91.18000030517578,91.18000030517578,457,0.0,0.0
2026-10-05 04:48:00-04:00,91.16999816894531,91.22000122070312,90.69000244140625,90.75,90.75,590,0.0,0.0
2026-10-05 04:49:00-04:00,90.76000213623047,90.81999969482422,90.23999786376953,90.3499984741211,90.3499984741211,2128,0.0,0.0
2026-10-05 04:50:00-04:00,90.36000061035156,90.45999908447266,90.16999816894531,90.2699966430664,90.2699966430664,614,0.0,0.0
2026-10-05 04:51:00-04:00,90.29000091552734,90.33000183105469,90.02999877929688,90.05999755859375,90.05999755859375,590,0.0,0.0
2026-10-05 04:52:00-04:00,90.05000305175781,90.16999816894531,89.9800033569336,90.0999984741211,90.0999984741211,643,0.0,0.0
2026-10-05 04:53:00-04:00,90.0999984741211,90.23999786376953,90.01000213623047,90.19999694824219,90.19999694824219,328,0.0,0.0
2026-10-05 04:54:00-04:00,90.23999786376953,90.44999694824219,90.20999908447266,90.44000244140625,90.44000244140625,351,0.0,0.0
2026-10-05 04:55:00-04:00,90.43000030517578,90.52999877929688,90.37999725341797,90.44000244140625,90.44000244140625,228,0.0,0.0
2026-10-05 04:56:00-04:00,90.43000030517578,90.69000244140625,90.41999816894531,90.68000030517578,90.68000030517578,301,0.0,0.0
2026-10-05 04:57:00-04:00,90.66999816894531,90.73999786376953,90.55999755859375,90.55999755859375,90.55999755859375,307,0.0,0.0
2026-10-05 04:58:00-04:00,90.62999725341797,90.69999694824219,90.55999755859375,90.61000061035156,90.61000061035156,148,0.0,0.0
2026-10-05 04:59:00-04:00,90.61000061035156,90.63999938964844,90.58000183105469,90.62000274658203,90.62000274658203,99,0.0,0.0
2026-10-05 05:00:00-04:00,90.61000061035156,90.73999786376953,90.58000183105469,90.72000122070312,90.72000122070312,197,0.0,0.0
2026-10-05 05:01:00-04:00,90.7300033569336,90.7300033569336,90.62000274658203,90.62999725341797,90.62999725341797,148,0.0,0.0
2026-10-05 05:02:00-04:00,90.61000061035156,90.63999938964844,90.52999877929688,90.58999633789062,90.58999633789062,210,0.0,0.0
2026-10-05 05:03:00-04:00,90.61000061035156,90.68000030517578,90.5999984741211,90.6500015258789,90.6500015258789,140,0.0,0.0
2026-10-05 05:04:00-04:00,90.69000244140625,90.69999694824219,90.58999633789062,90.58999633789062,90.58999633789062,111,0.0,0.0
2026-10-05 05:05:00-04:00,90.61000061035156,90.61000061035156,90.43000030517578,90.4800033569336,90.4800033569336,191,0.0,0.0
2026-10-05 05:06:00-04:00,90.48999786376953,90.58999633789062,90.48999786376953,90.58000183105469,90.58000183105469,165,0.0,0.0
2026-10-05 05:07:00-04:00,90.58999633789062,90.80000305175781,90.58000183105469,90.70999908447266,90.70999908447266,294,0.0,0.0
2026-10-05 05:08:00-04:00,90.70999908447266,90.76000213623047,90.68000030517578,90.69000244140625,90.69000244140625,100,0.0,0.0
2026-10-05 05:09:00-04:00,90.72000122070312,90.81999969482422,90.69999694824219,90.81999969482422,90.81999969482422,35,0.0,0.0
2026-10-05 05:10:00-04:00,90.80000305175781,90.87000274658203,90.77999877929688,90.77999877929688,90.77999877929688,159,0.0,0.0
2026-10-05 05:11:00-04:00,90.7699966430664,90.80000305175781,90.73999786376953,90.79000091552734,90.79000091552734,73,0.0,0.0
2026-10-05 05:12:00-04:00,90.79000091552734,90.93000030517578,90.79000091552734,90.93000030517578,90.93000030517578,184,0.0,0.0
2026-10-05 05:13:00-04:00,90.94999694824219,90.9800033569336,90.91000366210938,90.97000122070312,90.97000122070312,109,0.0,0.0
2026-10-05 05:14:00-04:00,90.9800033569336,91.0199966430664,90.91999816894531,90.93000030517578,90.93000030517578,178,0.0,0.0
2026-10-05 05:15:00-04:00,90.94999694824219,90.97000122070312,90.86000061035156,90.87000274658203,90.87000274658203,175,0.0,0.0
2026-10-05 05:16:00-04:00,90.87999725341797,90.94999694824219,90.83000183105469,90.88999938964844,90.88999938964844,147,0.0,0.0
2026-10-05 05:17:00-04:00,90.87999725341797,90.94999694824219,90.87000274658203,90.9000015258789,90.9000015258789,106,0.0,0.0
2026-10-05 05:18:00-04:00,90.9000015258789,90.93000030517578,90.9000015258789,90.91999816894531,90.91999816894531,26,0.0,0.0
2026-10-05 05:19:00-04:00,90.91000366210938,90.91999816894531,90.70999908447266,90.70999908447266,90.70999908447266,99,0.0,0.0
2026-10-05 05:20:00-04:00,90.72000122070312,90.73999786376953,90.5999984741211,90.61000061035156,90.61000061035156,147,0.0,0.0
2026-10-05 05:21:00-04:00,90.5999984741211,90.5999984741211,90.51000213623047,90.56999969482422,90.56999969482422,173,0.0,0.0
2026-10-05 05:22:00-04:00,90.58000183105469,90.58000183105469,90.31999969482422,90.33999633789062,90.33999633789062,261,0.0,0.0
2026-10-05 05:23:00-04:00,90.31999969482422,90.33000183105469,90.26000213623047,90.2699966430664,90.2699966430664,141,0.0,0.0
2026-10-05 05:24:00-04:00,90.25,90.30000305175781,90.1500015258789,90.16999816894531,90.16999816894531,250,0.0,0.0
2026-10-05 05:25:00-04:00,90.18000030517578,90.2300033569336,90.16999816894531,90.22000122070312,90.22000122070312,102,0.0,0.0
2026-10-05 05:26:00-04:00,90.22000122070312,90.26000213623047,90.1500015258789,90.26000213623047,90.26000213623047,131,0.0,0.0
2026-10-05 05:27:00-04:00,90.26000213623047,90.29000091552734,90.19000244140625,90.26000213623047,90.26000213623047,108,0.0,0.0
2026-10-05 05:28:00-04:00,90.2699966430664,90.29000091552734,90.2300033569336,90.2699966430664,90.2699966430664,105,0.0,0.0
2026-10-05 05:29:00-04:00,90.2699966430664,90.30000305175781,90.25,90.30000305175781,90.30000305175781,68,0.0,0.0
2026-10-05 05:30:00-04:00,90.30000305175781,90.36000061035156,90.25,90.3499984741211,90.3499984741211,112,0.0,0.0
2026-10-05 05:31:00-04:00,90.33999633789062,90.36000061035156,90.2699966430664,90.33999633789062,90.33999633789062,56,0.0,0.0
2026-10-05 05:32:00-04:00,90.33000183105469,90.38999938964844,90.30999755859375,90.33000183105469,90.33000183105469,102,0.0,0.0
2026-10-05 05:33:00-04:00,90.31999969482422,90.41999816894531,90.30999755859375,90.38999938964844,90.38999938964844,53,0.0,0.0
2026-10-05 05:34:00-04:00,90.37999725341797,90.41999816894531,90.3499984741211,90.41999816894531,90.41999816894531,95,0.0,0.0
2026-10-05 05:35:00-04:00,90.43000030517578,90.45999908447266,90.3499984741211,90.38999938964844,90.38999938964844,139,0.0,0.0
2026-10-05 05:36:00-04:00,90.37999725341797,90.47000122070312,90.37999725341797,90.47000122070312,90.47000122070312,56,0.0,0.0
2026-10-05 05:37:00-04:00,90.47000122070312,90.5,90.41999816894531,90.47000122070312,90.47000122070312,87,0.0,0.0
2026-10-05 05:38:00-04:00,90.47000122070312,90.54000091552734,90.44999694824219,90.44999694824219,90.44999694824219,80,0.0,0.0
2026-10-05 05:39:00-04:00,90.47000122070312,90.55999755859375,90.47000122070312,90.51000213623047,90.51000213623047,58,0.0,0.0
2026-10-05 05:40:00-04:00,90.51000213623047,90.58000183105469,90.5,90.5199966430664,90.5199966430664,129,0.0,0.0
2026-10-05 05:41:00-04:00,90.52999877929688,90.5999984741211,90.45999908447266,90.48999786376953,90.48999786376953,94,0.0,0.0
2026-10-05 05:42:00-04:00,90.48999786376953,90.61000061035156,90.48999786376953,90.61000061035156,90.61000061035156,46,0.0,0.0
2026-10-05 05:43:00-04:00,90.58999633789062,90.63999938964844,90.52999877929688,90.55999755859375,90.55999755859375,169,0.0,0.0
2026-10-05 05:44:00-04:00,90.55999755859375,90.58000183105469,90.54000091552734,90.58000183105469,90.58000183105469,35,0.0,0.0
2026-10-05 05:45:00-04:00,90.58999633789062,90.66999816894531,90.58000183105469,90.66999816894531,90.66999816894531,55,0.0,0.0
2026-10-05 05:46:00-04:00,90.6500015258789,90.66999816894531,90.62000274658203,90.62999725341797,90.62999725341797,88,0.0,0.0
2026-10-05 05:47:00-04:00,90.62000274658203,90.63999938964844,90.58999633789062,90.62000274658203,90.62000274658203,68,0.0,0.0
2026-10-05 05:48:00-04:00,90.5999984741211,90.62000274658203,90.5999984741211,90.5999984741211,90.5999984741211,32,0.0,0.0
2026-10-05 05:49:00-04:00,90.63999938964844,90.69999694824219,90.62999725341797,90.69000244140625,90.69000244140625,107,0.0,0.0
2026-10-05 05:50:00-04:00,90.68000030517578,90.72000122070312,90.62999725341797,90.69000244140625,90.69000244140625,169,0.0,0.0
2026-10-05 05:51:00-04:00,90.69999694824219,90.7699966430664,90.66000366210938,90.7300033569336,90.7300033569336,116,0.0,0.0
2026-10-05 05:52:00-04:00,90.70999908447266,90.70999908447266,90.62999725341797,90.69999694824219,90.69999694824219,108,0.0,0.0
2026-10-05 05:53:00-04:00,90.69999694824219,90.70999908447266,90.66999816894531,90.68000030517578,90.68000030517578,56,0.0,0.0
2026-10-05 05:54:00-04:00,90.68000030517578,90.72000122070312,90.6500015258789,90.66999816894531,90.66999816894531,70,0.0,0.0
2026-10-05 05:55:00-04:00,90.66999816894531,90.66999816894531,90.62000274658203,90.66999816894531,90.66999816894531,82,0.0,0.0
2026-10-05 05:56:00-04:00,90.68000030517578,90.68000030517578,90.55999755859375,90.58000183105469,90.58000183105469,114,0.0,0.0
2026-10-05 05:57:00-04:00,90.58000183105469,90.5999984741211,90.55000305175781,90.56999969482422,90.56999969482422,125,0.0,0.0
2026-10-05 05:58:00-04:00,90.55000305175781,90.6500015258789,90.5199966430664,90.63999938964844,90.63999938964844,138,0.0,0.0
2026-10-05 05:59:00-04:00,90.63999938964844,90.69000244140625,90.58999633789062,90.68000030517578,90.68000030517578,76,0.0,0.0
2026-10-05 06:00:00-04:00,90.69000244140625,90.80999755859375,90.68000030517578,90.80000305175781,90.80000305175781,138,0.0,0.0
2026-10-05 06:01:00-04:00,90.80999755859375,90.83000183105469,90.75,90.80999755859375,90.80999755859375,69,0.0,0.0
2026-10-05 06:02:00-04:00,90.80000305175781,90.80999755859375,90.73999786376953,90.77999877929688,90.77999877929688,68,0.0,0.0
2026-10-05 06:03:00-04:00,90.7699966430664,90.8499984741211,90.76000213623047,90.83999633789062,90.83999633789062,178,0.0,0.0
2026-10-05 06:04:00-04:00,90.83000183105469,90.8499984741211,90.80999755859375,90.80999755859375,90.80999755859375,57,0.0,0.0
2026-10-05 06:05:00-04:00,90.80000305175781,90.83999633789062,90.72000122070312,90.76000213623047,90.76000213623047,105,0.0,0.0
2026-10-05 06:06:00-04:00,90.75,90.76000213623047,90.66999816894531,90.70999908447266,90.70999908447266,53,0.0,0.0
2026-10-05 06:07:00-04:00,90.68000030517578,90.68000030517578,90.58000183105469,90.62000274658203,90.62000274658203,136,0.0,0.0
2026-10-05 06:08:00-04:00,90.62000274658203,90.6500015258789,90.58000183105469,90.58999633789062,90.58999633789062,76,0.0,0.0
2026-10-05 06:09:00-04:00,90.62000274658203,90.66000366210938,90.58000183105469,90.61000061035156,90.61000061035156,77,0.0,0.0
2026-10-05 06:10:00-04:00,90.5999984741211,90.5999984741211,90.43000030517578,90.45999908447266,90.45999908447266,201,0.0,0.0
2026-10-05 06:11:00-04:00,90.45999908447266,90.56999969482422,90.44000244140625,90.56999969482422,90.56999969482422,182,0.0,0.0
2026-10-05 06:12:00-04:00,90.55999755859375,90.61000061035156,90.52999877929688,90.5999984741211,90.5999984741211,158,0.0,0.0
2026-10-05 06:13:00-04:00,90.5999984741211,90.62999725341797,90.55999755859375,90.62000274658203,90.62000274658203,46,0.0,0.0
2026-10-05 06:14:00-04:00,90.61000061035156,90.69000244140625,90.5999984741211,90.62000274658203,90.62000274658203,165,0.0,0.0
2026-10-05 06:15:00-04:00,90.62000274658203,90.66999816894531,90.62000274658203,90.62000274658203,90.62000274658203,53,0.0,0.0
2026-10-05 06:16:00-04:00,90.63999938964844,90.7300033569336,90.63999938964844,90.72000122070312,90.72000122070312,40,0.0,0.0
2026-10-05 06:17:00-04:00,90.7300033569336,90.81999969482422,90.72000122070312,90.76000213623047,90.76000213623047,114,0.0,0.0
2026-10-05 06:18:00-04:00,90.72000122070312,90.79000091552734,90.72000122070312,90.79000091552734,90.79000091552734,83,0.0,0.0
2026-10-05 06:19:00-04:00,90.80000305175781,90.94000244140625,90.76000213623047,90.87999725341797,90.87999725341797,209,0.0,0.0
2026-10-05 06:20:00-04:00,90.87999725341797,90.9000015258789,90.83000183105469,90.86000061035156,90.86000061035156,86,0.0,0.0
2026-10-05 06:21:00-04:00,90.87999725341797,90.87999725341797,90.80999755859375,90.83000183105469,90.83000183105469,119,0.0,0.0
2026-10-05 06:22:00-04:00,90.83000183105469,90.83000183105469,90.73999786376953,90.76000213623047,90.76000213623047,280,0.0,0.0
2026-10-05 06:23:00-04:00,90.75,90.75,90.6500015258789,90.66000366210938,90.66000366210938,55,0.0,0.0
2026-10-05 06:24:00-04:00,90.6500015258789,90.6500015258789,90.4800033569336,90.5199966430664,90.5199966430664,236,0.0,0.0
2026-10-05 06:25:00-04:00,90.5199966430664,90.69999694824219,90.5199966430664,90.68000030517578,90.68000030517578,158,0.0,0.0
2026-10-05 06:26:00-04:00,90.69000244140625,90.7300033569336,90.63999938964844,90.66000366210938,90.66000366210938,88,0.0,0.0
2026-10-05 06:27:00-04:00,90.66000366210938,90.73999786376953,90.6500015258789,90.68000030517578,90.68000030517578,54,0.0,0.0
2026-10-05 06:28:00-04:00,90.69000244140625,90.69000244140625,90.62999725341797,90.6500015258789,90.6500015258789,32,0.0,0.0
2026-10-05 06:29:00-04:00,90.63999938964844,90.70999908447266,90.62000274658203,90.69000244140625,90.69000244140625,129,0.0,0.0
2026-10-05 06:30:00-04:00,90.68000030517578,90.72000122070312,90.6500015258789,90.68000030517578,90.68000030517578,51,0.0,0.0
2026-10-05 06:31:00-04:00,90.66999816894531,90.73999786376953,90.66999816894531,90.73999786376953,90.73999786376953,87,0.0,0.0
2026-10-05 06:32:00-04:00,90.75,90.7699966430664,90.69000244140625,90.73999786376953,90.73999786376953,96,0.0,0.0
2026-10-05 06:33:00-04:00,90.76000213623047,90.7699966430664,90.66999816894531,90.69000244140625,90.69000244140625,89,0.0,0.0
2026-10-05 06:34:00-04:00,90.72000122070312,90.76000213623047,90.69000244140625,90.72000122070312,90.72000122070312,102,0.0,0.0
2026-10-05 06:35:00-04:00,90.70999908447266,90.80999755859375,90.70999908447266,90.73999786376953,90.73999786376953,119,0.0,0.0
2026-10-05 06:36:00-04:00,90.72000122070312,90.8499984741211,90.72000122070312,90.83999633789062,90.83999633789062,230,0.0,0.0
2026-10-05 06:37:00-04:00,90.83000183105469,90.91999816894531,90.80999755859375,90.87000274658203,90.87000274658203,187,0.0,0.0
2026-10-05 06:38:00-04:00,90.87000274658203,90.87000274658203,90.83999633789062,90.83999633789062,90.83999633789062,46,0.0,0.0
2026-10-05 06:39:00-04:00,90.8499984741211,90.86000061035156,90.79000091552734,90.80000305175781,90.80000305175781,119,0.0,0.0
2026-10-05 06:40:00-04:00,90.81999969482422,90.81999969482422,90.75,90.80000305175781,90.80000305175781,54,0.0,0.0
2026-10-05 06:41:00-04:00,90.79000091552734,90.91999816894531,90.7699966430664,90.91999816894531,90.91999816894531,155,0.0,0.0
2026-10-05 06:42:00-04:00,90.9000015258789,90.94999694824219,90.87999725341797,90.88999938964844,90.88999938964844,133,0.0,0.0
2026-10-05 06:43:00-04:00,90.87000274658203,90.87000274658203,90.7300033569336,90.75,90.75,114,0.0,0.0
2026-10-05 06:44:00-04:00,90.75,90.77999877929688,90.70999908447266,90.76000213623047,90.76000213623047,70,0.0,0.0
2026-10-05 06:45:00-04:00,90.7699966430664,90.80999755859375,90.76000213623047,90.80999755859375,90.80999755859375,54,0.0,0.0
2026-10-05 06:46:00-04:00,90.80000305175781,90.80000305175781,90.69000244140625,90.69999694824219,90.69999694824219,131,0.0,0.0
2026-10-05 06:47:00-04:00,90.69000244140625,90.70999908447266,90.61000061035156,90.63999938964844,90.63999938964844,133,0.0,0.0
2026-10-05 06:48:00-04:00,90.63999938964844,90.63999938964844,90.58999633789062,90.5999984741211,90.5999984741211,90,0.0,0.0
2026-10-05 06:49:00-04:00,90.61000061035156,90.63999938964844,90.55999755859375,90.55999755859375,90.55999755859375,38,0.0,0.0
2026-10-05 06:50:00-04:00,90.56999969482422,90.58999633789062,90.54000091552734,90.58000183105469,90.58000183105469,86,0.0,0.0
2026-10-05 06:51:00-04:00,90.56999969482422,90.68000030517578,90.54000091552734,90.66999816894531,90.66999816894531,177,0.0,0.0
2026-10-05 06:52:00-04:00,90.69999694824219,90.69999694824219,90.62000274658203,90.63999938964844,90.63999938964844,86,0.0,0.0
2026-10-05 06:53:00-04:00,90.63999938964844,90.6500015258789,90.5999984741211,90.61000061035156,90.61000061035156,44,0.0,0.0
2026-10-05 06:54:00-04:00,90.62999725341797,90.62999725341797,90.25,90.36000061035156,90.36000061035156,1176,0.0,0.0
2026-10-05 06:55:00-04:00,90.36000061035156,90.36000061035156,89.83999633789062,89.93000030517578,89.93000030517578,1962,0.0,0.0
2026-10-05 06:56:00-04:00,89.9000015258789,90.16999816894531,89.9000015258789,90.1500015258789,90.1500015258789,619,0.0,0.0
2026-10-05 06:57:00-04:00,90.1500015258789,90.22000122070312,90.04000091552734,90.18000030517578,90.18000030517578,282,0.0,0.0
2026-10-05 06:58:00-04:00,90.18000030517578,90.30999755859375,90.16000366210938,90.23999786376953,90.23999786376953,204,0.0,0.0
2026-10-05 06:59:00-04:00,90.27999877929688,90.30000305175781,90.2300033569336,90.2699966430664,90.2699966430664,121,0.0,0.0
2026-10-05 07:00:00-04:00,90.29000091552734,90.54000091552734,90.25,90.37000274658203,90.37000274658203,447,0.0,0.0
2026-10-05 07:01:00-04:00,90.37999725341797,90.4800033569336,90.37000274658203,90.38999938964844,90.38999938964844,226,0.0,0.0
2026-10-05 07:02:00-04:00,90.4000015258789,90.58000183105469,90.4000015258789,90.5,90.5,204,0.0,0.0
2026-10-05 07:03:00-04:00,90.5,90.66000366210938,90.5,90.61000061035156,90.61000061035156,178,0.0,0.0
2026-10-05 07:04:00-04:00,90.61000061035156,90.66000366210938,90.5999984741211,90.6500015258789,90.6500015258789,175,0.0,0.0
2026-10-05 07:05:00-04:00,90.63999938964844,90.66000366210938,90.4800033569336,90.5,90.5,360,0.0,0.0
2026-10-05 07:06:00-04:00,90.5199966430664,90.55000305175781,90.4800033569336,90.51000213623047,90.51000213623047,88,0.0,0.0
2026-10-05 07:07:00-04:00,90.51000213623047,90.51000213623047,90.47000122070312,90.48999786376953,90.48999786376953,46,0.0,0.0
2026-10-05 07:08:00-04:00,90.5,90.5199966430664,90.44999694824219,90.5199966430664,90.5199966430664,118,0.0,0.0
2026-10-05 07:09:00-04:00,90.52999877929688,90.55999755859375,90.5,90.51000213623047,90.51000213623047,65,0.0,0.0
2026-10-05 07:10:00-04:00,90.5199966430664,90.5999984741211,90.5,90.55000305175781,90.55000305175781,94,0.0,0.0
2026-10-05 07:11:00-04:00,90.55000305175781,90.56999969482422,90.38999938964844,90.45999908447266,90.45999908447266,250,0.0,0.0
2026-10-05 07:12:00-04:00,90.4800033569336,90.61000061035156,90.4800033569336,90.54000091552734,90.54000091552734,117,0.0,0.0
2026-10-05 07:13:00-04:00,90.5199966430664,90.5199966430664,90.41999816894531,90.44999694824219,90.44999694824219,92,0.0,0.0
2026-10-05 07:14:00-04:00,90.44000244140625,90.4800033569336,90.41000366210938,90.44000244140625,90.44000244140625,57,0.0,0.0
2026-10-05 07:15:00-04:00,90.44999694824219,90.45999908447266,90.33999633789062,90.37000274658203,90.37000274658203,110,0.0,0.0
2026-10-05 07:16:00-04:00,90.36000061035156,90.37999725341797,90.31999969482422,90.33999633789062,90.33999633789062,65,0.0,0.0
2026-10-05 07:17:00-04:00,90.33999633789062,90.33999633789062,90.29000091552734,90.31999969482422,90.31999969482422,30,0.0,0.0
2026-10-05 07:18:00-04:00,90.31999969482422,90.33999633789062,90.2699966430664,90.27999877929688,90.27999877929688,92,0.0,0.0
2026-10-05 07:19:00-04:00,90.26000213623047,90.2699966430664,90.19999694824219,90.19999694824219,90.19999694824219,62,0.0,0.0
2026-10-05 07:20:00-04:00,90.20999908447266,90.23999786376953,90.12000274658203,90.13999938964844,90.13999938964844,195,0.0,0.0
2026-10-05 07:21:00-04:00,90.1500015258789,90.16000366210938,90.05999755859375,90.08999633789062,90.08999633789062,69,0.0,0.0
2026-10-05 07:22:00-04:00,90.08000183105469,90.1500015258789,90.08000183105469,90.08999633789062,90.08999633789062,69,0.0,0.0
2026-10-05 07:23:00-04:00,90.08000183105469,90.12000274658203,90.04000091552734,90.0999984741211,90.0999984741211,141,0.0,0.0
2026-10-05 07:24:00-04:00,90.11000061035156,90.13999938964844,90.08000183105469,90.0999984741211,90.0999984741211,57,0.0,0.0
2026-10-05 07:25:00-04:00,90.08999633789062,90.12000274658203,90.06999969482422,90.08000183105469,90.08000183105469,40,0.0,0.0
2026-10-05 07:26:00-04:00,90.08000183105469,90.12000274658203,90.05999755859375,90.11000061035156,90.11000061035156,77,0.0,0.0
2026-10-05 07:27:00-04:00,90.12000274658203,90.12000274658203,89.41999816894531,89.8499984741211,89.8499984741211,2012,0.0,0.0
2026-10-05 07:28:00-04:00,89.83999633789062,89.94999694824219,89.7699966430664,89.79000091552734,89.79000091552734,423,0.0,0.0
2026-10-05 07:29:00-04:00,89.7699966430664,89.91999816894531,89.69999694824219,89.7300033569336,89.7300033569336,286,0.0,0.0
2026-10-05 07:30:00-04:00,89.73999786376953,89.80999755859375,89.68000030517578,89.72000122070312,89.72000122070312,196,0.0,0.0
2026-10-05 07:31:00-04:00,89.70999908447266,89.79000091552734,89.66999816894531,89.77999877929688,89.77999877929688,176,0.0,0.0
2026-10-05 07:32:00-04:00,89.79000091552734,89.83999633789062,89.7300033569336,89.80000305175781,89.80000305175781,191,0.0,0.0
2026-10-05 07:33:00-04:00,89.79000091552734,90.0199966430664,89.79000091552734,89.95999908447266,89.95999908447266,504,0.0,0.0
2026-10-05 07:34:00-04:00,89.97000122070312,90.05000305175781,89.95999908447266,90.0,90.0,144,0.0,0.0
2026-10-05 07:35:00-04:00,90.0,90.1500015258789,89.98999786376953,90.12999725341797,90.12999725341797,122,0.0,0.0
2026-10-05 07:36:00-04:00,90.13999938964844,90.19000244140625,90.13999938964844,90.19000244140625,90.19000244140625,81,0.0,0.0
2026-10-05 07:37:00-04:00,90.19000244140625,90.2300033569336,90.16999816894531,90.18000030517578,90.18000030517578,110,0.0,0.0
2026-10-05 07:38:00-04:00,90.19999694824219,90.31999969482422,90.19999694824219,90.29000091552734,90.29000091552734,209,0.0,0.0
2026-10-05 07:39:00-04:00,90.30999755859375,90.30999755859375,90.22000122070312,90.23999786376953,90.23999786376953,87,0.0,0.0
2026-10-05 07:40:00-04:00,90.23999786376953,90.23999786376953,90.18000030517578,90.22000122070312,90.22000122070312,92,0.0,0.0
2026-10-05 07:41:00-04:00,90.23999786376953,90.23999786376953,90.19000244140625,90.19999694824219,90.19999694824219,95,0.0,0.0
2026-10-05 07:42:00-04:00,90.19999694824219,90.26000213623047,90.19999694824219,90.2300033569336,90.2300033569336,121,0.0,0.0
2026-10-05 07:43:00-04:00,90.2300033569336,90.26000213623047,90.19999694824219,90.20999908447266,90.20999908447266,32,0.0,0.0
2026-10-05 07:44:00-04:00,90.22000122070312,90.23999786376953,90.18000030517578,90.22000122070312,90.22000122070312,62,0.0,0.0
2026-10-05 07:45:00-04:00,90.23999786376953,90.33999633789062,90.23999786376953,90.30000305175781,90.30000305175781,96,0.0,0.0
2026-10-05 07:46:00-04:00,90.23999786376953,90.33000183105469,90.2300033569336,90.30000305175781,90.30000305175781,159,0.0,0.0
2026-10-05 07:47:00-04:00,90.29000091552734,90.37000274658203,90.27999877929688,90.37000274658203,90.37000274658203,141,0.0,0.0
2026-10-05 07:48:00-04:00,90.33999633789062,90.44000244140625,90.33000183105469,90.43000030517578,90.43000030517578,270,0.0,0.0
2026-10-05 07:49:00-04:00,90.41000366210938,90.41999816894531,90.37999725341797,90.41999816894531,90.41999816894531,132,0.0,0.0
2026-10-05 07:50:00-04:00,90.4000015258789,90.4000015258789,90.3499984741211,90.36000061035156,90.36000061035156,50,0.0,0.0
2026-10-05 07:51:00-04:00,90.36000061035156,90.36000061035156,90.26000213623047,90.31999969482422,90.31999969482422,161,0.0,0.0
2026-10-05 07:52:00-04:00,90.33999633789062,90.33999633789062,90.19000244140625,90.2300033569336,90.2300033569336,215,0.0,0.0
2026-10-05 07:53:00-04:00,90.22000122070312,90.30000305175781,90.22000122070312,90.29000091552734,90.29000091552734,52,0.0,0.0
2026-10-05 07:54:00-04:00,90.29000091552734,90.29000091552734,90.2300033569336,90.26000213623047,90.26000213623047,267,0.0,0.0
2026-10-05 07:55:00-04:00,90.25,90.26000213623047,90.2300033569336,90.2300033569336,90.2300033569336,60,0.0,0.0
2026-10-05 07:56:00-04:00,90.2300033569336,90.26000213623047,90.22000122070312,90.23999786376953,90.23999786376953,113,0.0,0.0
2026-10-05 07:57:00-04:00,90.25,90.26000213623047,90.12999725341797,90.13999938964844,90.13999938964844,408,0.0,0.0
2026-10-05 07:58:00-04:00,90.16000366210938,90.16999816894531,90.02999877929688,90.04000091552734,90.04000091552734,250,0.0,0.0
2026-10-05 07:59:00-04:00,90.06999969482422,90.08000183105469,90.0,90.05000305175781,90.05000305175781,179,0.0,0.0
2026-10-05 08:00:00-04:00,90.08000183105469,90.12000274658203,89.91000366210938,90.01000213623047,90.01000213623047,382,0.0,0.0
2026-10-05 08:01:00-04:00,90.0,90.02999877929688,89.91999816894531,90.01000213623047,90.01000213623047,169,0.0,0.0
2026-10-05 08:02:00-04:00,90.04000091552734,90.13999938964844,90.02999877929688,90.05000305175781,90.05000305175781,126,0.0,0.0
2026-10-05 08:03:00-04:00,90.02999877929688,90.12000274658203,90.02999877929688,90.04000091552734,90.04000091552734,63,0.0,0.0
2026-10-05 08:04:00-04:00,90.02999877929688,90.04000091552734,90.0,90.0199966430664,90.0199966430664,36,0.0,0.0
2026-10-05 08:05:00-04:00,90.0199966430664,90.02999877929688,89.98999786376953,90.01000213623047,90.01000213623047,79,0.0,0.0
2026-10-05 08:06:00-04:00,90.0,90.0199966430664,89.9800033569336,90.0,90.0,46,0.0,0.0
2026-10-05 08:07:00-04:00,90.02999877929688,90.04000091552734,89.98999786376953,89.98999786376953,89.98999786376953,137,0.0,0.0
2026-10-05 08:08:00-04:00,89.97000122070312,90.05999755859375,89.95999908447266,90.0199966430664,90.0199966430664,147,0.0,0.0
2026-10-05 08:09:00-04:00,90.02999877929688,90.13999938964844,90.01000213623047,90.12999725341797,90.12999725341797,156,0.0,0.0
2026-10-05 08:10:00-04:00,90.12000274658203,90.13999938964844,89.9800033569336,90.0999984741211,90.0999984741211,278,0.0,0.0
2026-10-05 08:11:00-04:00,90.11000061035156,90.16000366210938,90.01000213623047,90.0199966430664,90.0199966430664,172,0.0,0.0
2026-10-05 08:12:00-04:00,90.05000305175781,90.08000183105469,89.97000122070312,89.9800033569336,89.9800033569336,99,0.0,0.0
2026-10-05 08:13:00-04:00,89.97000122070312,89.98999786376953,89.91999816894531,89.9800033569336,89.9800033569336,140,0.0,0.0
2026-10-05 08:14:00-04:00,89.97000122070312,90.12999725341797,89.95999908447266,90.12000274658203,90.12000274658203,120,0.0,0.0
2026-10-05 08:15:00-04:00,90.11000061035156,90.20999908447266,90.11000061035156,90.18000030517578,90.18000030517578,133,0.0,0.0
2026-10-05 08:16:00-04:00,90.18000030517578,90.18000030517578,90.12000274658203,90.16999816894531,90.16999816894531,154,0.0,0.0
2026-10-05 08:17:00-04:00,90.1500015258789,90.22000122070312,90.1500015258789,90.22000122070312,90.22000122070312,190,0.0,0.0
2026-10-05 08:18:00-04:00,90.22000122070312,90.23999786376953,90.19000244140625,90.2300033569336,90.2300033569336,230,0.0,0.0
2026-10-05 08:19:00-04:00,90.2699966430664,90.36000061035156,90.2300033569336,90.3499984741211,90.3499984741211,321,0.0,0.0
2026-10-05 08:20:00-04:00,90.36000061035156,90.37999725341797,90.30000305175781,90.36000061035156,90.36000061035156,80,0.0,0.0
2026-10-05 08:21:00-04:00,90.36000061035156,90.43000030517578,90.36000061035156,90.41999816894531,90.41999816894531,233,0.0,0.0
2026-10-05 08:22:00-04:00,90.41999816894531,90.41999816894531,90.37999725341797,90.4000015258789,90.4000015258789,96,0.0,0.0
2026-10-05 08:23:00-04:00,90.4000015258789,90.5,90.4000015258789,90.44999694824219,90.44999694824219,134,0.0,0.0
2026-10-05 08:24:00-04:00,90.44999694824219,90.51000213623047,90.41000366210938,90.48999786376953,90.48999786376953,199,0.0,0.0
2026-10-05 08:25:00-04:00,90.5,90.5199966430664,90.44999694824219,90.48999786376953,90.48999786376953,206,0.0,0.0
2026-10-05 08:26:00-04:00,90.48999786376953,90.51000213623047,90.41000366210938,90.41000366210938,90.41000366210938,115,0.0,0.0
2026-10-05 08:27:00-04:00,90.41000366210938,90.41999816894531,90.36000061035156,90.4000015258789,90.4000015258789,112,0.0,0.0
2026-10-05 08:28:00-04:00,90.4000015258789,90.4000015258789,90.31999969482422,90.36000061035156,90.36000061035156,155,0.0,0.0
2026-10-05 08:29:00-04:00,90.3499984741211,90.4000015258789,90.33000183105469,90.37999725341797,90.37999725341797,71,0.0,0.0
2026-10-05 08:30:00-04:00,90.37000274658203,90.4800033569336,90.3499984741211,90.44000244140625,90.44000244140625,254,0.0,0.0
2026-10-05 08:31:00-04:00,90.43000030517578,90.43000030517578,90.3499984741211,90.36000061035156,90.36000061035156,88,0.0,0.0
2026-10-05 08:32:00-04:00,90.36000061035156,90.36000061035156,90.27999877929688,90.33000183105469,90.33000183105469,210,0.0,0.0
2026-10-05 08:33:00-04:00,90.33999633789062,90.37000274658203,90.30000305175781,90.31999969482422,90.31999969482422,98,0.0,0.0
2026-10-05 08:34:00-04:00,90.30999755859375,90.38999938964844,90.30000305175781,90.3499984741211,90.3499984741211,332,0.0,0.0
2026-10-05 08:35:00-04:00,90.36000061035156,90.37999725341797,90.22000122070312,90.2300033569336,90.2300033569336,112,0.0,0.0
2026-10-05 08:36:00-04:00,90.26000213623047,90.30999755859375,90.2300033569336,90.29000091552734,90.29000091552734,136,0.0,0.0
2026-10-05 08:37:00-04:00,90.27999877929688,90.33000183105469,90.22000122070312,90.30000305175781,90.30000305175781,244,0.0,0.0
2026-10-05 08:38:00-04:00,90.30000305175781,90.30999755859375,90.26000213623047,90.29000091552734,90.29000091552734,35,0.0,0.0
2026-10-05 08:39:00-04:00,90.30000305175781,90.31999969482422,90.18000030517578,90.19999694824219,90.19999694824219,139,0.0,0.0
2026-10-05 08:40:00-04:00,90.20999908447266,90.2300033569336,90.16999816894531,90.19999694824219,90.19999694824219,79,0.0,0.0
2026-10-05 08:41:00-04:00,90.19000244140625,90.29000091552734,90.16999816894531,90.23999786376953,90.23999786376953,132,0.0,0.0
2026-10-05 08:42:00-04:00,90.23999786376953,90.27999877929688,90.22000122070312,90.2300033569336,90.2300033569336,99,0.0,0.0
2026-10-05 08:43:00-04:00,90.2300033569336,90.2699966430664,90.20999908447266,90.2300033569336,90.2300033569336,64,0.0,0.0
2026-10-05 08:44:00-04:00,90.22000122070312,90.27999877929688,90.20999908447266,90.2300033569336,90.2300033569336,64,0.0,0.0
2026-10-05 08:45:00-04:00,90.20999908447266,90.22000122070312,90.19000244140625,90.19999694824219,90.19999694824219,57,0.0,0.0
2026-10-05 08:46:00-04:00,90.19000244140625,90.19999694824219,90.1500015258789,90.19999694824219,90.19999694824219,111,0.0,0.0
2026-10-05 08:47:00-04:00,90.19000244140625,90.4000015258789,90.05999755859375,90.06999969482422,90.06999969482422,856,0.0,0.0
2026-10-05 08:48:00-04:00,90.05999755859375,90.2699966430664,90.05999755859375,90.19999694824219,90.19999694824219,327,0.0,0.0
2026-10-05 08:49:00-04:00,90.19999694824219,90.2300033569336,90.11000061035156,90.13999938964844,90.13999938964844,107,0.0,0.0
2026-10-05 08:50:00-04:00,90.16000366210938,90.30000305175781,90.16000366210938,90.19000244140625,90.19000244140625,145,0.0,0.0
2026-10-05 08:51:00-04:00,90.19000244140625,90.19000244140625,90.11000061035156,90.12000274658203,90.12000274658203,227,0.0,0.0
2026-10-05 08:52:00-04:00,90.1500015258789,90.16000366210938,89.94999694824219,90.08999633789062,90.08999633789062,514,0.0,0.0
2026-10-05 08:53:00-04:00,90.08999633789062,90.12000274658203,90.05000305175781,90.11000061035156,90.11000061035156,63,0.0,0.0
2026-10-05 08:54:00-04:00,90.12000274658203,90.13999938964844,90.02999877929688,90.04000091552734,90.04000091552734,81,0.0,0.0
2026-10-05 08:55:00-04:00,90.0199966430664,90.05000305175781,90.0,90.0199966430664,90.0199966430664,116,0.0,0.0
2026-10-05 08:56:00-04:00,90.01000213623047,90.01000213623047,89.93000030517578,89.95999908447266,89.95999908447266,288,0.0,0.0
2026-10-05 08:57:00-04:00,89.95999908447266,90.04000091552734,89.93000030517578,89.95999908447266,89.95999908447266,153,0.0,0.0
2026-10-05 08:58:00-04:00,89.94999694824219,90.05999755859375,89.91000366210938,90.04000091552734,90.04000091552734,219,0.0,0.0
2026-10-05 08:59:00-04:00,90.04000091552734,90.1500015258789,89.98999786376953,90.08000183105469,90.08000183105469,155,0.0,0.0
2026-10-05 09:00:00-04:00,90.0999984741211,90.0999984741211,89.69000244140625,89.73999786376953,89.73999786376953,977,0.0,0.0
2026-10-05 09:01:00-04:00,89.7300033569336,89.76000213623047,89.61000061035156,89.69000244140625,89.69000244140625,525,0.0,0.0
2026-10-05 09:02:00-04:00,89.66999816894531,89.7300033569336,89.62999725341797,89.69000244140625,89.69000244140625,286,0.0,0.0
2026-10-05 09:03:00-04:00,89.68000030517578,89.70999908447266,89.58000183105469,89.58000183105469,89.58000183105469,511,0.0,0.0
2026-10-05 09:04:00-04:00,89.58000183105469,89.5999984741211,89.52999877929688,89.58000183105469,89.58000183105469,517,0.0,0.0
2026-10-05 09:05:00-04:00,89.58000183105469,89.66999816894531,89.56999969482422,89.62999725341797,89.62999725341797,540,0.0,0.0
2026-10-05 09:06:00-04:00,89.62000274658203,89.69999694824219,89.55999755859375,89.63999938964844,89.63999938964844,635,0.0,0.0
2026-10-05 09:07:00-04:00,89.62000274658203,89.63999938964844,89.58000183105469,89.63999938964844,89.63999938964844,354,0.0,0.0
2026-10-05 09:08:00-04:00,89.62999725341797,89.63999938964844,89.52999877929688,89.52999877929688,89.52999877929688,247,0.0,0.0
2026-10-05 09:09:00-04:00,89.55000305175781,89.55000305175781,89.44000244140625,89.5199966430664,89.5199966430664,311,0.0,0.0
2026-10-05 09:10:00-04:00,89.51000213623047,89.51000213623047,89.4000015258789,89.4000015258789,89.4000015258789,244,0.0,0.0
2026-10-05 09:11:00-04:00,89.41000366210938,89.44000244140625,89.25,89.30999755859375,89.30999755859375,642,0.0,0.0
2026-10-05 09:12:00-04:00,89.29000091552734,89.4000015258789,89.23999786376953,89.2699966430664,89.2699966430664,805,0.0,0.0
2026-10-05 09:13:00-04:00,89.2699966430664,89.30000305175781,89.16000366210938,89.26000213623047,89.26000213623047,804,0.0,0.0
2026-10-05 09:14:00-04:00,89.25,89.51000213623047,89.23999786376953,89.44000244140625,89.44000244140625,630,0.0,0.0
2026-10-05 09:15:00-04:00,89.43000030517578,89.4800033569336,89.30000305175781,89.30000305175781,89.30000305175781,430,0.0,0.0
2026-10-05 09:16:00-04:00,89.30999755859375,89.37000274658203,89.23999786376953,89.26000213623047,89.26000213623047,626,0.0,0.0
2026-10-05 09:17:00-04:00,89.27999877929688,89.33999633789062,89.23999786376953,89.27999877929688,89.27999877929688,489,0.0,0.0
2026-10-05 09:18:00-04:00,89.2699966430664,89.30000305175781,89.20999908447266,89.2699966430664,89.2699966430664,208,0.0,0.0
2026-10-05 09:19:00-04:00,89.2699966430664,89.30000305175781,89.19999694824219,89.19999694824219,89.19999694824219,207,0.0,0.0
2026-10-05 09:20:00-04:00,89.20999908447266,89.27999877929688,89.19000244140625,89.19999694824219,89.19999694824219,463,0.0,0.0
2026-10-05 09:21:00-04:00,89.19000244140625,89.25,89.12000274658203,89.2300033569336,89.2300033569336,611,0.0,0.0
2026-10-05 09:22:00-04:00,89.23999786376953,89.37000274658203,89.20999908447266,89.3499984741211,89.3499984741211,639,0.0,0.0
2026-10-05 09:23:00-04:00,89.33999633789062,89.37000274658203,89.30000305175781,89.3499984741211,89.3499984741211,430,0.0,0.0
2026-10-05 09:24:00-04:00,89.3499984741211,89.75,89.3499984741211,89.69000244140625,89.69000244140625,1683,0.0,0.0
2026-10-05 09:25:00-04:00,89.68000030517578,89.70999908447266,89.58000183105469,89.58999633789062,89.58999633789062,524,0.0,0.0
2026-10-05 09:26:00-04:00,89.58000183105469,89.7300033569336,89.51000213623047,89.54000091552734,89.54000091552734,646,0.0,0.0
2026-10-05 09:27:00-04:00,89.54000091552734,89.62000274658203,89.4800033569336,89.5,89.5,254,0.0,0.0
2026-10-05 09:28:00-04:00,89.4800033569336,89.7300033569336,89.45999908447266,89.58000183105469,89.58000183105469,590,0.0,0.0
2026-10-05 09:29:00-04:00,89.5999984741211,89.72000122070312,89.55000305175781,89.68000030517578,89.68000030517578,393,0.0,0.0
2026-10-05 09:30:00-04:00,89.68000030517578,89.7699966430664,89.55000305175781,89.55999755859375,89.55999755859375,1012,0.0,0.0
2026-10-05 09:31:00-04:00,89.54000091552734,89.7300033569336,89.51000213623047,89.69000244140625,89.69000244140625,563,0.0,0.0
2026-10-05 09:32:00-04:00,89.69000244140625,89.69000244140625,89.55999755859375,89.62000274658203,89.62000274658203,229,0.0,0.0
2026-10-05 09:33:00-04:00,89.62000274658203,89.62999725341797,89.55999755859375,89.5999984741211,89.5999984741211,127,0.0,0.0
2026-10-05 09:34:00-04:00,89.61000061035156,89.75,89.58999633789062,89.5999984741211,89.5999984741211,358,0.0,0.0
2026-10-05 09:35:00-04:00,89.61000061035156,89.83000183105469,89.56999969482422,89.83000183105469,89.83000183105469,367,0.0,0.0
2026-10-05 09:36:00-04:00,89.80999755859375,89.86000061035156,89.72000122070312,89.7300033569336,89.7300033569336,320,0.0,0.0
2026-10-05 09:37:00-04:00,89.68000030517578,89.70999908447266,89.62999725341797,89.69000244140625,89.69000244140625,228,0.0,0.0
2026-10-05 09:38:00-04:00,89.69000244140625,89.72000122070312,89.56999969482422,89.63999938964844,89.63999938964844,291,0.0,0.0
2026-10-05 09:39:00-04:00,89.6500015258789,89.75,89.5999984741211,89.62999725341797,89.62999725341797,419,0.0,0.0
2026-10-05 09:40:00-04:00,89.62999725341797,89.6500015258789,89.55000305175781,89.62999725341797,89.62999725341797,201,0.0,0.0
2026-10-05 09:41:00-04:00,89.62000274658203,89.7699966430664,89.58000183105469,89.73999786376953,89.73999786376953,313,0.0,0.0
2026-10-05 09:42:00-04:00,89.70999908447266,89.75,89.61000061035156,89.70999908447266,89.70999908447266,360,0.0,0.0
2026-10-05 09:43:00-04:00,89.6500015258789,89.73999786376953,89.61000061035156,89.73999786376953,89.73999786376953,295,0.0,0.0
2026-10-05 09:44:00-04:00,89.72000122070312,89.75,89.68000030517578,89.70999908447266,89.70999908447266,194,0.0,0.0
2026-10-05 09:45:00-04:00,89.73999786376953,89.80000305175781,89.62000274658203,89.73999786376953,89.73999786376953,289,0.0,0.0
2026-10-05 09:46:00-04:00,89.72000122070312,89.80000305175781,89.62999725341797,89.62999725341797,89.62999725341797,575,0.0,0.0
2026-10-05 09:47:00-04:00,89.62999725341797,89.66000366210938,89.58000183105469,89.63999938964844,89.63999938964844,475,0.0,0.0
2026-10-05 09:48:00-04:00,89.61000061035156,89.68000030517578,89.58000183105469,89.6500015258789,89.6500015258789,161,0.0,0.0
2026-10-05 09:49:00-04:00,89.66999816894531,89.81999969482422,89.6500015258789,89.80999755859375,89.80999755859375,314,0.0,0.0
2026-10-05 09:50:00-04:00,89.80000305175781,89.83000183105469,89.68000030517578,89.72000122070312,89.72000122070312,281,0.0,0.0
2026-10-05 09:51:00-04:00,89.69999694824219,89.79000091552734,89.69999694824219,89.76000213623047,89.76000213623047,306,0.0,0.0
2026-10-05 09:52:00-04:00,89.76000213623047,89.79000091552734,89.75,89.75,89.75,103,0.0,0.0
2026-10-05 09:53:00-04:00,89.72000122070312,89.87000274658203,89.69999694824219,89.76000213623047,89.76000213623047,246,0.0,0.0
2026-10-05 09:54:00-04:00,89.76000213623047,89.76000213623047,89.4800033569336,89.62000274658203,89.62000274658203,777,0.0,0.0
2026-10-05 09:55:00-04:00,89.62999725341797,89.63999938964844,89.5199966430664,89.58000183105469,89.58000183105469,234,0.0,0.0
2026-10-05 09:56:00-04:00,89.56999969482422,89.72000122070312,89.55999755859375,89.68000030517578,89.68000030517578,288,0.0,0.0
2026-10-05 09:57:00-04:00,89.66999816894531,89.80000305175781,89.63999938964844,89.79000091552734,89.79000091552734,289,0.0,0.0
2026-10-05 09:58:00-04:00,89.77999877929688,89.86000061035156,89.7699966430664,89.77999877929688,89.77999877929688,287,0.0,0.0
2026-10-05 09:59:00-04:00,89.77999877929688,89.79000091552734,89.68000030517578,89.7300033569336,89.7300033569336,182,0.0,0.0
2026-10-05 10:00:00-04:00,89.69999694824219,90.13999938964844,89.6500015258789,89.98999786376953,89.98999786376953,1209,0.0,0.0
2026-10-05 10:01:00-04:00,89.98999786376953,90.16999816894531,89.91999816894531,89.94999694824219,89.94999694824219,807,0.0,0.0
2026-10-05 10:02:00-04:00,89.94000244140625,90.0999984741211,89.9000015258789,89.94000244140625,89.94000244140625,864,0.0,0.0
2026-10-05 10:03:00-04:00,89.91999816894531,90.01000213623047,89.87000274658203,89.91000366210938,89.91000366210938,212,0.0,0.0
2026-10-05 10:04:00-04:00,89.91999816894531,89.91999816894531,89.6500015258789,89.69999694824219,89.69999694824219,698,0.0,0.0
2026-10-05 10:05:00-04:00,89.68000030517578,89.7300033569336,89.33999633789062,89.51000213623047,89.51000213623047,866,0.0,0.0
2026-10-05 10:06:00-04:00,89.51000213623047,89.62999725341797,89.48999786376953,89.58999633789062,89.58999633789062,590,0.0,0.0
2026-10-05 10:07:00-04:00,89.58999633789062,89.66999816894531,89.58000183105469,89.66000366210938,89.66000366210938,170,0.0,0.0
2026-10-05 10:08:00-04:00,89.6500015258789,89.66999816894531,89.11000061035156,89.25,89.25,1438,0.0,0.0
2026-10-05 10:09:00-04:00,89.2699966430664,89.52999877929688,89.23999786376953,89.36000061035156,89.36000061035156,726,0.0,0.0
2026-10-05 10:10:00-04:00,89.3499984741211,89.48999786376953,89.27999877929688,89.45999908447266,89.45999908447266,641,0.0,0.0
2026-10-05 10:11:00-04:00,89.44000244140625,89.55000305175781,89.41000366210938,89.4800033569336,89.4800033569336,634,0.0,0.0
2026-10-05 10:12:00-04:00,89.5,89.55000305175781,89.43000030517578,89.43000030517578,89.43000030517578,394,0.0,0.0
2026-10-05 10:13:00-04:00,89.44000244140625,89.47000122070312,89.4000015258789,89.43000030517578,89.43000030517578,184,0.0,0.0
2026-10-05 10:14:00-04:00,89.45999908447266,89.55999755859375,89.41999816894531,89.52999877929688,89.52999877929688,332,0.0,0.0
2026-10-05 10:15:00-04:00,89.54000091552734,89.62999725341797,89.48999786376953,89.61000061035156,89.61000061035156,634,0.0,0.0
2026-10-05 10:16:00-04:00,89.62000274658203,89.77999877929688,89.62000274658203,89.73999786376953,89.73999786376953,348,0.0,0.0
2026-10-05 10:17:00-04:00,89.7300033569336,89.81999969482422,89.66000366210938,89.68000030517578,89.68000030517578,422,0.0,0.0
2026-10-05 10:18:00-04:00,89.70999908447266,89.72000122070312,89.63999938964844,89.69999694824219,89.69999694824219,93,0.0,0.0
2026-10-05 10:19:00-04:00,89.69999694824219,89.77999877929688,89.68000030517578,89.7699966430664,89.7699966430664,247,0.0,0.0
2026-10-05 10:20:00-04:00,89.73999786376953,89.83000183105469,89.73999786376953,89.76000213623047,89.76000213623047,235,0.0,0.0
2026-10-05 10:21:00-04:00,89.75,89.83999633789062,89.69999694824219,89.72000122070312,89.72000122070312,426,0.0,0.0
2026-10-05 10:22:00-04:00,89.69000244140625,89.69999694824219,89.5999984741211,89.63999938964844,89.63999938964844,333,0.0,0.0
2026-10-05 10:23:00-04:00,89.63999938964844,89.81999969482422,89.5999984741211,89.77999877929688,89.77999877929688,258,0.0,0.0
2026-10-05 10:24:00-04:00,89.77999877929688,89.87000274658203,89.73999786376953,89.86000061035156,89.86000061035156,197,0.0,0.0
2026-10-05 10:25:00-04:00,89.86000061035156,89.94999694824219,89.83999633789062,89.83999633789062,89.83999633789062,300,0.0,0.0
2026-10-05 10:26:00-04:00,89.83000183105469,89.83999633789062,89.7300033569336,89.7300033569336,89.7300033569336,193,0.0,0.0
2026-10-05 10:27:00-04:00,89.76000213623047,89.83000183105469,89.69000244140625,89.80999755859375,89.80999755859375,211,0.0,0.0
2026-10-05 10:28:00-04:00,89.83000183105469,89.8499984741211,89.7300033569336,89.77999877929688,89.77999877929688,141,0.0,0.0
2026-10-05 10:29:00-04:00,89.77999877929688,89.83000183105469,89.77999877929688,89.80999755859375,89.80999755859375,99,0.0,0.0
2026-10-05 10:30:00-04:00,89.81999969482422,89.9800033569336,89.79000091552734,89.9800033569336,89.9800033569336,383,0.0,0.0
2026-10-05 10:31:00-04:00,89.97000122070312,89.98999786376953,89.77999877929688,89.77999877929688,89.77999877929688,264,0.0,0.0
2026-10-05 10:32:00-04:00,89.79000091552734,89.98999786376953,89.79000091552734,89.9800033569336,89.9800033569336,153,0.0,0.0
2026-10-05 10:33:00-04:00,89.9800033569336,90.0999984741211,89.97000122070312,90.04000091552734,90.04000091552734,382,0.0,0.0
2026-10-05 10:34:00-04:00,90.02999877929688,90.08999633789062,90.02999877929688,90.08000183105469,90.08000183105469,129,0.0,0.0
2026-10-05 10:35:00-04:00,90.04000091552734,90.05000305175781,89.9800033569336,90.02999877929688,90.02999877929688,124,0.0,0.0
2026-10-05 10:36:00-04:00,90.05000305175781,90.0999984741211,90.02999877929688,90.06999969482422,90.06999969482422,171,0.0,0.0
2026-10-05 10:37:00-04:00,90.06999969482422,90.08999633789062,90.01000213623047,90.04000091552734,90.04000091552734,185,0.0,0.0
2026-10-05 10:38:00-04:00,90.02999877929688,90.08999633789062,90.0199966430664,90.08000183105469,90.08000183105469,177,0.0,0.0
2026-10-05 10:39:00-04:00,90.06999969482422,90.11000061035156,90.06999969482422,90.08000183105469,90.08000183105469,123,0.0,0.0
2026-10-05 10:40:00-04:00,90.08000183105469,90.12999725341797,90.05000305175781,90.08999633789062,90.08999633789062,171,0.0,0.0
2026-10-05 10:41:00-04:00,90.08999633789062,90.2300033569336,90.08999633789062,90.18000030517578,90.18000030517578,254,0.0,0.0
2026-10-05 10:42:00-04:00,90.18000030517578,90.2699966430664,90.18000030517578,90.2300033569336,90.2300033569336,275,0.0,0.0
2026-10-05 10:43:00-04:00,90.25,90.2699966430664,90.18000030517578,90.22000122070312,90.22000122070312,475,0.0,0.0
2026-10-05 10:44:00-04:00,90.20999908447266,90.26000213623047,90.20999908447266,90.23999786376953,90.23999786376953,275,0.0,0.0
2026-10-05 10:45:00-04:00,90.2300033569336,90.44999694824219,90.2300033569336,90.44000244140625,90.44000244140625,379,0.0,0.0
2026-10-05 10:46:00-04:00,90.44999694824219,90.44999694824219,90.4000015258789,90.4000015258789,90.4000015258789,302,0.0,0.0
2026-10-05 10:47:00-04:00,90.41000366210938,90.47000122070312,90.38999938964844,90.43000030517578,90.43000030517578,384,0.0,0.0
2026-10-05 10:48:00-04:00,90.41000366210938,90.43000030517578,90.30000305175781,90.37999725341797,90.37999725341797,544,0.0,0.0
2026-10-05 10:49:00-04:00,90.38999938964844,90.38999938964844,90.2300033569336,90.26000213623047,90.26000213623047,294,0.0,0.0
2026-10-05 10:50:00-04:00,90.2699966430664,90.41999816894531,90.2699966430664,90.4000015258789,90.4000015258789,448,0.0,0.0
2026-10-05 10:51:00-04:00,90.4000015258789,90.52999877929688,90.37000274658203,90.44000244140625,90.44000244140625,793,0.0,0.0
2026-10-05 10:52:00-04:00,90.44999694824219,90.4800033569336,90.4000015258789,90.4800033569336,90.4800033569336,284,0.0,0.0
2026-10-05 10:53:00-04:00,90.4800033569336,90.4800033569336,90.41999816894531,90.45999908447266,90.45999908447266,139,0.0,0.0
2026-10-05 10:54:00-04:00,90.44999694824219,90.44999694824219,90.31999969482422,90.37999725341797,90.37999725341797,583,0.0,0.0
2026-10-05 10:55:00-04:00,90.37999725341797,90.47000122070312,90.37000274658203,90.45999908447266,90.45999908447266,338,0.0,0.0
2026-10-05 10:56:00-04:00,90.44999694824219,90.44999694824219,90.36000061035156,90.4000015258789,90.4000015258789,142,0.0,0.0
2026-10-05 10:57:00-04:00,90.41999816894531,90.43000030517578,90.33000183105469,90.37999725341797,90.37999725341797,200,0.0,0.0
2026-10-05 10:58:00-04:00,90.37999725341797,90.4800033569336,90.37999725341797,90.44000244140625,90.44000244140625,287,0.0,0.0
2026-10-05 10:59:00-04:00,90.44000244140625,90.52999877929688,90.41999816894531,90.52999877929688,90.52999877929688,222,0.0,0.0
2026-10-05 11:00:00-04:00,90.54000091552734,90.54000091552734,90.44000244140625,90.5,90.5,312,0.0,0.0
2026-10-05 11:01:00-04:00,90.51000213623047,90.55999755859375,90.44999694824219,90.5,90.5,427,0.0,0.0
2026-10-05 11:02:00-04:00,90.4800033569336,90.69000244140625,90.4800033569336,90.68000030517578,90.68000030517578,605,0.0,0.0
2026-10-05 11:03:00-04:00,90.66999816894531,90.75,90.6500015258789,90.70999908447266,90.70999908447266,382,0.0,0.0
2026-10-05 11:04:00-04:00,90.72000122070312,90.75,90.66999816894531,90.69999694824219,90.69999694824219,395,0.0,0.0
2026-10-05 11:05:00-04:00,90.68000030517578,90.83999633789062,90.68000030517578,90.83999633789062,90.83999633789062,696,0.0,0.0
2026-10-05 11:06:00-04:00,90.83000183105469,90.94000244140625,90.80999755859375,90.91999816894531,90.91999816894531,487,0.0,0.0
2026-10-05 11:07:00-04:00,90.93000030517578,91.08999633789062,90.91000366210938,91.06999969482422,91.06999969482422,572,0.0,0.0
2026-10-05 11:08:00-04:00,91.05999755859375,91.08000183105469,90.9000015258789,90.9000015258789,90.9000015258789,987,0.0,0.0
2026-10-05 11:09:00-04:00,90.9000015258789,90.9800033569336,90.86000061035156,90.95999908447266,90.95999908447266,858,0.0,0.0
2026-10-05 11:10:00-04:00,90.95999908447266,91.01000213623047,90.91000366210938,90.98999786376953,90.98999786376953,300,0.0,0.0
2026-10-05 11:11:00-04:00,90.9800033569336,91.12999725341797,90.97000122070312,91.05999755859375,91.05999755859375,596,0.0,0.0
2026-10-05 11:12:00-04:00,91.05999755859375,91.11000061035156,90.98999786376953,91.0999984741211,91.0999984741211,238,0.0,0.0
2026-10-05 11:13:00-04:00,91.06999969482422,91.19999694824219,91.06999969482422,91.13999938964844,91.13999938964844,443,0.0,0.0
2026-10-05 11:14:00-04:00,91.12000274658203,91.19000244140625,91.11000061035156,91.16999816894531,91.16999816894531,184,0.0,0.0
2026-10-05 11:15:00-04:00,91.16999816894531,91.30999755859375,91.16000366210938,91.23999786376953,91.23999786376953,752,0.0,0.0
2026-10-05 11:16:00-04:00,91.23999786376953,91.27999877929688,91.13999938964844,91.13999938964844,91.13999938964844,472,0.0,0.0
2026-10-05 11:17:00-04:00,91.13999938964844,91.13999938964844,91.06999969482422,91.0999984741211,91.0999984741211,350,0.0,0.0
2026-10-05 11:18:00-04:00,91.11000061035156,91.2300033569336,91.11000061035156,91.20999908447266,91.20999908447266,310,0.0,0.0
2026-10-05 11:19:00-04:00,91.22000122070312,91.29000091552734,91.13999938964844,91.2300033569336,91.2300033569336,379,0.0,0.0
2026-10-05 11:20:00-04:00,91.26000213623047,91.27999877929688,91.19999694824219,91.20999908447266,91.20999908447266,218,0.0,0.0
2026-10-05 11:21:00-04:00,91.22000122070312,91.29000091552734,91.20999908447266,91.2699966430664,91.2699966430664,631,0.0,0.0
2026-10-05 11:22:00-04:00,91.26000213623047,91.29000091552734,91.18000030517578,91.19999694824219,91.19999694824219,972,0.0,0.0
2026-10-05 11:23:00-04:00,91.19000244140625,91.19000244140625,91.0999984741211,91.16000366210938,91.16000366210938,494,0.0,0.0
2026-10-05 11:24:00-04:00,91.12999725341797,91.13999938964844,90.97000122070312,91.05000305175781,91.05000305175781,682,0.0,0.0
2026-10-05 11:25:00-04:00,91.02999877929688,91.0999984741211,90.97000122070312,91.0199966430664,91.0199966430664,392,0.0,0.0
2026-10-05 11:26:00-04:00,91.01000213623047,91.08999633789062,90.9800033569336,91.01000213623047,91.01000213623047,259,0.0,0.0
2026-10-05 11:27:00-04:00,91.01000213623047,91.02999877929688,90.94999694824219,90.98999786376953,90.98999786376953,322,0.0,0.0
2026-10-05 11:28:00-04:00,90.98999786376953,91.0199966430664,90.75,90.83000183105469,90.83000183105469,793,0.0,0.0
2026-10-05 11:29:00-04:00,90.83999633789062,90.9000015258789,90.66000366210938,90.72000122070312,90.72000122070312,1206,0.0,0.0
2026-10-05 11:30:00-04:00,90.7300033569336,90.76000213623047,90.55999755859375,90.62000274658203,90.62000274658203,1068,0.0,0.0
2026-10-05 11:31:00-04:00,90.58999633789062,90.66999816894531,90.52999877929688,90.56999969482422,90.56999969482422,506,0.0,0.0
2026-10-05 11:32:00-04:00,90.58000183105469,90.61000061035156,90.44999694824219,90.47000122070312,90.47000122070312,488,0.0,0.0
2026-10-05 11:33:00-04:00,90.45999908447266,90.51000213623047,90.3499984741211,90.38999938964844,90.38999938964844,953,0.0,0.0
2026-10-05 11:34:00-04:00,90.38999938964844,90.4800033569336,90.37999725341797,90.47000122070312,90.47000122070312,381,0.0,0.0
2026-10-05 11:35:00-04:00,90.45999908447266,90.62999725341797,90.41000366210938,90.62000274658203,90.62000274658203,320,0.0,0.0
2026-10-05 11:36:00-04:00,90.63999938964844,90.80999755859375,90.5999984741211,90.80999755859375,90.80999755859375,476,0.0,0.0
2026-10-05 11:37:00-04:00,90.80000305175781,90.81999969482422,90.69999694824219,90.7300033569336,90.7300033569336,292,0.0,0.0
2026-10-05 11:38:00-04:00,90.72000122070312,90.7699966430664,90.6500015258789,90.66999816894531,90.66999816894531,278,0.0,0.0
2026-10-05 11:39:00-04:00,90.6500015258789,90.72000122070312,90.62999725341797,90.6500015258789,90.6500015258789,161,0.0,0.0
2026-10-05 11:40:00-04:00,90.62999725341797,90.69999694824219,90.5999984741211,90.66999816894531,90.66999816894531,223,0.0,0.0
2026-10-05 11:41:00-04:00,90.66999816894531,90.7699966430664,90.66000366210938,90.75,90.75,227,0.0,0.0
2026-10-05 11:42:00-04:00,90.73999786376953,90.75,90.6500015258789,90.68000030517578,90.68000030517578,251,0.0,0.0
2026-10-05 11:43:00-04:00,90.68000030517578,90.72000122070312,90.6500015258789,90.6500015258789,90.6500015258789,182,0.0,0.0
2026-10-05 11:44:00-04:00,90.6500015258789,90.69999694824219,90.62999725341797,90.69000244140625,90.69000244140625,151,0.0,0.0
2026-10-05 11:45:00-04:00,90.68000030517578,90.7699966430664,90.63999938964844,90.68000030517578,90.68000030517578,157,0.0,0.0
2026-10-05 11:46:00-04:00,90.66000366210938,90.75,90.66000366210938,90.73999786376953,90.73999786376953,141,0.0,0.0
2026-10-05 11:47:00-04:00,90.73999786376953,90.79000091552734,90.70999908447266,90.7300033569336,90.7300033569336,137,0.0,0.0
2026-10-05 11:48:00-04:00,90.72000122070312,90.7300033569336,90.58000183105469,90.62000274658203,90.62000274658203,253,0.0,0.0
2026-10-05 11:49:00-04:00,90.61000061035156,90.62000274658203,90.52999877929688,90.52999877929688,90.52999877929688,208,0.0,0.0
2026-10-05 11:50:00-04:00,90.55999755859375,90.63999938964844,90.48999786376953,90.52999877929688,90.52999877929688,309,0.0,0.0
2026-10-05 11:51:00-04:00,90.51000213623047,90.55999755859375,90.4000015258789,90.43000030517578,90.43000030517578,240,0.0,0.0
2026-10-05 11:52:00-04:00,90.43000030517578,90.45999908447266,90.31999969482422,90.33000183105469,90.33000183105469,306,0.0,0.0
2026-10-05 11:53:00-04:00,90.33999633789062,90.41999816894531,90.30000305175781,90.37000274658203,90.37000274658203,220,0.0,0.0
2026-10-05 11:54:00-04:00,90.37000274658203,90.37000274658203,90.18000030517578,90.19000244140625,90.19000244140625,383,0.0,0.0
2026-10-05 11:55:00-04:00,90.19999694824219,90.19999694824219,90.05000305175781,90.05999755859375,90.05999755859375,572,0.0,0.0
2026-10-05 11:56:00-04:00,90.06999969482422,90.16999816894531,90.02999877929688,90.05999755859375,90.05999755859375,546,0.0,0.0
2026-10-05 11:57:00-04:00,90.08999633789062,90.25,90.06999969482422,90.23999786376953,90.23999786376953,242,0.0,0.0
2026-10-05 11:58:00-04:00,90.23999786376953,90.25,90.16999816894531,90.22000122070312,90.22000122070312,285,0.0,0.0
2026-10-05 11:59:00-04:00,90.22000122070312,90.27999877929688,90.19999694824219,90.20999908447266,90.20999908447266,324,0.0,0.0
2026-10-05 12:00:00-04:00,90.18000030517578,90.4000015258789,90.16999816894531,90.38999938964844,90.38999938964844,350,0.0,0.0
2026-10-05 12:01:00-04:00,90.37999725341797,90.37999725341797,90.30000305175781,90.30999755859375,90.30999755859375,212,0.0,0.0
2026-10-05 12:02:00-04:00,90.30000305175781,90.38999938964844,90.27999877929688,90.29000091552734,90.29000091552734,387,0.0,0.0
2026-10-05 12:03:00-04:00,90.27999877929688,90.36000061035156,90.27999877929688,90.31999969482422,90.31999969482422,201,0.0,0.0
2026-10-05 12:04:00-04:00,90.30999755859375,90.30999755859375,90.16999816894531,90.19999694824219,90.19999694824219,253,0.0,0.0
2026-10-05 12:05:00-04:00,90.16999816894531,90.25,90.1500015258789,90.19000244140625,90.19000244140625,196,0.0,0.0
2026-10-05 12:06:00-04:00,90.20999908447266,90.23999786376953,90.18000030517578,90.22000122070312,90.22000122070312,137,0.0,0.0
2026-10-05 12:07:00-04:00,90.22000122070312,90.30000305175781,90.20999908447266,90.30000305175781,90.30000305175781,109,0.0,0.0
2026-10-05 12:08:00-04:00,90.30000305175781,90.33000183105469,90.26000213623047,90.29000091552734,90.29000091552734,136,0.0,0.0
2026-10-05 12:09:00-04:00,90.29000091552734,90.29000091552734,90.20999908447266,90.2300033569336,90.2300033569336,191,0.0,0.0
2026-10-05 12:10:00-04:00,90.22000122070312,90.2300033569336,90.1500015258789,90.1500015258789,90.1500015258789,120,0.0,0.0
2026-10-05 12:11:00-04:00,90.1500015258789,90.19000244140625,90.11000061035156,90.16999816894531,90.16999816894531,254,0.0,0.0
2026-10-05 12:12:00-04:00,90.16000366210938,90.16999816894531,90.12000274658203,90.1500015258789,90.1500015258789,167,0.0,0.0
2026-10-05 12:13:00-04:00,90.18000030517578,90.22000122070312,90.16000366210938,90.19999694824219,90.19999694824219,212,0.0,0.0
2026-10-05 12:14:00-04:00,90.19000244140625,90.22000122070312,90.16000366210938,90.16999816894531,90.16999816894531,123,0.0,0.0
2026-10-05 12:15:00-04:00,90.16000366210938,90.19000244140625,90.12999725341797,90.18000030517578,90.18000030517578,173,0.0,0.0
2026-10-05 12:16:00-04:00,90.18000030517578,90.19000244140625,90.1500015258789,90.16999816894531,90.16999816894531,65,0.0,0.0
2026-10-05 12:17:00-04:00,90.16000366210938,90.19000244140625,90.12999725341797,90.13999938964844,90.13999938964844,157,0.0,0.0
2026-10-05 12:18:00-04:00,90.13999938964844,90.19999694824219,90.0999984741211,90.19999694824219,90.19999694824219,225,0.0,0.0
2026-10-05 12:19:00-04:00,90.20999908447266,90.23999786376953,90.18000030517578,90.23999786376953,90.23999786376953,207,0.0,0.0
2026-10-05 12:20:00-04:00,90.2300033569336,90.2300033569336,90.12000274658203,90.12999725341797,90.12999725341797,231,0.0,0.0
2026-10-05 12:21:00-04:00,90.12999725341797,90.12999725341797,90.05999755859375,90.08000183105469,90.08000183105469,498,0.0,0.0
2026-10-05 12:22:00-04:00,90.08000183105469,90.16000366210938,90.08000183105469,90.11000061035156,90.11000061035156,155,0.0,0.0
2026-10-05 12:23:00-04:00,90.13999938964844,90.19999694824219,90.12000274658203,90.18000030517578,90.18000030517578,120,0.0,0.0
2026-10-05 12:24:00-04:00,90.18000030517578,90.26000213623047,90.18000030517578,90.25,90.25,173,0.0,0.0
2026-10-05 12:25:00-04:00,90.23999786376953,90.30999755859375,90.23999786376953,90.27999877929688,90.27999877929688,214,0.0,0.0
2026-10-05 12:26:00-04:00,90.27999877929688,90.3499984741211,90.25,90.26000213623047,90.26000213623047,306,0.0,0.0
2026-10-05 12:27:00-04:00,90.25,90.25,90.11000061035156,90.13999938964844,90.13999938964844,318,0.0,0.0
2026-10-05 12:28:00-04:00,90.12999725341797,90.13999938964844,89.94000244140625,90.04000091552734,90.04000091552734,510,0.0,0.0
2026-10-05 12:29:00-04:00,90.02999877929688,90.08999633789062,89.91000366210938,90.08999633789062,90.08999633789062,249,0.0,0.0
2026-10-05 12:30:00-04:00,90.08999633789062,90.16999816894531,90.05000305175781,90.05000305175781,90.05000305175781,338,0.0,0.0
2026-10-05 12:31:00-04:00,90.08000183105469,90.18000030517578,90.05999755859375,90.13999938964844,90.13999938964844,284,0.0,0.0
2026-10-05 12:32:00-04:00,90.16000366210938,90.26000213623047,90.12000274658203,90.25,90.25,149,0.0,0.0
2026-10-05 12:33:00-04:00,90.26000213623047,90.26000213623047,90.08999633789062,90.08999633789062,90.08999633789062,178,0.0,0.0
2026-10-05 12:34:00-04:00,90.11000061035156,90.1500015258789,90.08000183105469,90.12999725341797,90.12999725341797,108,0.0,0.0
2026-10-05 12:35:00-04:00,90.12000274658203,90.12000274658203,90.0199966430664,90.11000061035156,90.11000061035156,272,0.0,0.0
2026-10-05 12:36:00-04:00,90.11000061035156,90.16000366210938,90.08999633789062,90.12999725341797,90.12999725341797,80,0.0,0.0
2026-10-05 12:37:00-04:00,90.12999725341797,90.1500015258789,90.08999633789062,90.12999725341797,90.12999725341797,319,0.0,0.0
2026-10-05 12:38:00-04:00,90.13999938964844,90.22000122070312,90.12000274658203,90.18000030517578,90.18000030517578,120,0.0,0.0
2026-10-05 12:39:00-04:00,90.19000244140625,90.23999786376953,90.16999816894531,90.23999786376953,90.23999786376953,89,0.0,0.0
2026-10-05 12:40:00-04:00,90.2300033569336,90.29000091552734,90.2300033569336,90.25,90.25,153,0.0,0.0
2026-10-05 12:41:00-04:00,90.25,90.33999633789062,90.25,90.33999633789062,90.33999633789062,159,0.0,0.0
2026-10-05 12:42:00-04:00,90.33000183105469,90.33000183105469,90.19000244140625,90.19000244140625,90.19000244140625,197,0.0,0.0
2026-10-05 12:43:00-04:00,90.19000244140625,90.19000244140625,90.0999984741211,90.12000274658203,90.12000274658203,137,0.0,0.0
2026-10-05 12:44:00-04:00,90.11000061035156,90.12000274658203,90.0199966430664,90.02999877929688,90.02999877929688,92,0.0,0.0
2026-10-05 12:45:00-04:00,90.02999877929688,90.06999969482422,89.98999786376953,90.05999755859375,90.05999755859375,192,0.0,0.0
2026-10-05 12:46:00-04:00,90.08999633789062,90.12000274658203,90.05000305175781,90.08999633789062,90.08999633789062,96,0.0,0.0
2026-10-05 12:47:00-04:00,90.0999984741211,90.11000061035156,90.04000091552734,90.08000183105469,90.08000183105469,139,0.0,0.0
2026-10-05 12:48:00-04:00,90.08000183105469,90.08000183105469,90.0,90.04000091552734,90.04000091552734,125,0.0,0.0
2026-10-05 12:49:00-04:00,90.04000091552734,90.05000305175781,90.02999877929688,90.04000091552734,90.04000091552734,70,0.0,0.0
2026-10-05 12:50:00-04:00,90.04000091552734,90.04000091552734,90.01000213623047,90.02999877929688,90.02999877929688,105,0.0,0.0
2026-10-05 12:51:00-04:00,90.02999877929688,90.11000061035156,90.0199966430664,90.05999755859375,90.05999755859375,191,0.0,0.0
2026-10-05 12:52:00-04:00,90.05999755859375,90.12000274658203,90.04000091552734,90.08999633789062,90.08999633789062,199,0.0,0.0
2026-10-05 12:53:00-04:00,90.0999984741211,90.1500015258789,90.08000183105469,90.08000183105469,90.08000183105469,228,0.0,0.0
2026-10-05 12:54:00-04:00,90.08000183105469,90.11000061035156,90.08000183105469,90.11000061035156,90.11000061035156,110,0.0,0.0
2026-10-05 12:55:00-04:00,90.08999633789062,90.0999984741211,90.0199966430664,90.05999755859375,90.05999755859375,218,0.0,0.0
2026-10-05 12:56:00-04:00,90.06999969482422,90.0999984741211,89.94999694824219,90.04000091552734,90.04000091552734,472,0.0,0.0
2026-10-05 12:57:00-04:00,90.02999877929688,90.19000244140625,90.0,90.0999984741211,90.0999984741211,288,0.0,0.0
2026-10-05 12:58:00-04:00,90.0999984741211,90.18000030517578,90.0999984741211,90.16000366210938,90.16000366210938,157,0.0,0.0
2026-10-05 12:59:00-04:00,90.12999725341797,90.26000213623047,90.12999725341797,90.26000213623047,90.26000213623047,347,0.0,0.0
2026-10-05 13:00:00-04:00,90.25,90.37999725341797,90.22000122070312,90.3499984741211,90.3499984741211,591,0.0,0.0
2026-10-05 13:01:00-04:00,90.3499984741211,90.38999938964844,90.19999694824219,90.23999786376953,90.23999786376953,366,0.0,0.0
2026-10-05 13:02:00-04:00,90.23999786376953,90.2699966430664,90.19999694824219,90.19999694824219,90.19999694824219,94,0.0,0.0
2026-10-05 13:03:00-04:00,90.19999694824219,90.23999786376953,90.18000030517578,90.23999786376953,90.23999786376953,81,0.0,0.0
2026-10-05 13:04:00-04:00,90.2300033569336,90.27999877929688,90.16000366210938,90.2699966430664,90.2699966430664,366,0.0,0.0
2026-10-05 13:05:00-04:00,90.26000213623047,90.27999877929688,90.19000244140625,90.20999908447266,90.20999908447266,249,0.0,0.0
2026-10-05 13:06:00-04:00,90.20999908447266,90.20999908447266,90.05000305175781,90.05000305175781,90.05000305175781,209,0.0,0.0
2026-10-05 13:07:00-04:00,90.04000091552734,90.08999633789062,90.0199966430664,90.05999755859375,90.05999755859375,201,0.0,0.0
2026-10-05 13:08:00-04:00,90.08000183105469,90.08999633789062,90.05000305175781,90.06999969482422,90.06999969482422,145,0.0,0.0
2026-10-05 13:09:00-04:00,90.05999755859375,90.1500015258789,90.0199966430664,90.1500015258789,90.1500015258789,163,0.0,0.0
2026-10-05 13:10:00-04:00,90.13999938964844,90.1500015258789,90.0999984741211,90.12999725341797,90.12999725341797,155,0.0,0.0
2026-10-05 13:11:00-04:00,90.12999725341797,90.20999908447266,90.12999725341797,90.16000366210938,90.16000366210938,120,0.0,0.0
2026-10-05 13:12:00-04:00,90.1500015258789,90.18000030517578,90.11000061035156,90.16000366210938,90.16000366210938,196,0.0,0.0
2026-10-05 13:13:00-04:00,90.18000030517578,90.18000030517578,90.12000274658203,90.12000274658203,90.12000274658203,125,0.0,0.0
2026-10-05 13:14:00-04:00,90.12000274658203,90.12000274658203,90.04000091552734,90.04000091552734,90.04000091552734,240,0.0,0.0
2026-10-05 13:15:00-04:00,90.04000091552734,90.05000305175781,89.94999694824219,89.97000122070312,89.97000122070312,346,0.0,0.0
2026-10-05 13:16:00-04:00,89.98999786376953,90.0199966430664,89.94999694824219,90.01000213623047,90.01000213623047,189,0.0,0.0
2026-10-05 13:17:00-04:00,90.0199966430664,90.06999969482422,89.98999786376953,90.05999755859375,90.05999755859375,207,0.0,0.0
2026-10-05 13:18:00-04:00,90.08999633789062,90.12000274658203,90.01000213623047,90.08000183105469,90.08000183105469,272,0.0,0.0
2026-10-05 13:19:00-04:00,90.08000183105469,90.11000061035156,90.0,90.01000213623047,90.01000213623047,218,0.0,0.0
2026-10-05 13:20:00-04:00,90.01000213623047,90.04000091552734,89.97000122070312,90.0199966430664,90.0199966430664,143,0.0,0.0
2026-10-05 13:21:00-04:00,90.02999877929688,90.08999633789062,90.01000213623047,90.08999633789062,90.08999633789062,307,0.0,0.0
2026-10-05 13:22:00-04:00,90.08999633789062,90.08999633789062,89.98999786376953,90.0199966430664,90.0199966430664,257,0.0,0.0
2026-10-05 13:23:00-04:00,90.0199966430664,90.05000305175781,90.0,90.02999877929688,90.02999877929688,140,0.0,0.0
2026-10-05 13:24:00-04:00,90.04000091552734,90.08999633789062,90.02999877929688,90.08000183105469,90.08000183105469,119,0.0,0.0
2026-10-05 13:25:00-04:00,90.06999969482422,90.08999633789062,90.04000091552734,90.06999969482422,90.06999969482422,184,0.0,0.0
2026-10-05 13:26:00-04:00,90.06999969482422,90.08000183105469,90.0,90.0199966430664,90.0199966430664,103,0.0,0.0
2026-10-05 13:27:00-04:00,90.02999877929688,90.05000305175781,90.0,90.02999877929688,90.02999877929688,77,0.0,0.0
2026-10-05 13:28:00-04:00,90.04000091552734,90.05000305175781,89.9800033569336,90.0,90.0,411,0.0,0.0
2026-10-05 13:29:00-04:00,90.01000213623047,90.02999877929688,89.9800033569336,90.02999877929688,90.02999877929688,162,0.0,0.0
2026-10-05 13:30:00-04:00,90.0199966430664,90.05000305175781,89.94999694824219,89.98999786376953,89.98999786376953,293,0.0,0.0
2026-10-05 13:31:00-04:00,89.98999786376953,90.0,89.87999725341797,89.87999725341797,89.87999725341797,497,0.0,0.0
2026-10-05 13:32:00-04:00,89.87999725341797,89.91999816894531,89.8499984741211,89.91999816894531,89.91999816894531,337,0.0,0.0
2026-10-05 13:33:00-04:00,89.94000244140625,89.94999694824219,89.91000366210938,89.94999694824219,89.94999694824219,160,0.0,0.0
2026-10-05 13:34:00-04:00,89.94999694824219,89.94999694824219,89.87999725341797,89.87999725341797,89.87999725341797,164,0.0,0.0
2026-10-05 13:35:00-04:00,89.9000015258789,89.91999816894531,89.87000274658203,89.88999938964844,89.88999938964844,195,0.0,0.0
2026-10-05 13:36:00-04:00,89.87999725341797,89.9000015258789,89.8499984741211,89.9000015258789,89.9000015258789,337,0.0,0.0
2026-10-05 13:37:00-04:00,89.88999938964844,89.88999938964844,89.77999877929688,89.79000091552734,89.79000091552734,534,0.0,0.0
2026-10-05 13:38:00-04:00,89.7699966430664,89.8499984741211,89.75,89.80999755859375,89.80999755859375,347,0.0,0.0
2026-10-05 13:39:00-04:00,89.80999755859375,89.86000061035156,89.80999755859375,89.83999633789062,89.83999633789062,179,0.0,0.0
2026-10-05 13:40:00-04:00,89.83999633789062,89.8499984741211,89.7699966430664,89.79000091552734,89.79000091552734,201,0.0,0.0
2026-10-05 13:41:00-04:00,89.7699966430664,89.80999755859375,89.72000122070312,89.73999786376953,89.73999786376953,310,0.0,0.0
2026-10-05 13:42:00-04:00,89.7300033569336,89.7699966430664,89.68000030517578,89.76000213623047,89.76000213623047,278,0.0,0.0
2026-10-05 13:43:00-04:00,89.76000213623047,89.77999877929688,89.73999786376953,89.73999786376953,89.73999786376953,388,0.0,0.0
2026-10-05 13:44:00-04:00,89.7300033569336,89.76000213623047,89.68000030517578,89.73999786376953,89.73999786376953,910,0.0,0.0
2026-10-05 13:45:00-04:00,89.73999786376953,89.75,89.70999908447266,89.73999786376953,89.73999786376953,526,0.0,0.0
2026-10-05 13:46:00-04:00,89.76000213623047,89.80000305175781,89.73999786376953,89.7699966430664,89.7699966430664,366,0.0,0.0
2026-10-05 13:47:00-04:00,89.76000213623047,89.77999877929688,89.72000122070312,89.72000122070312,89.72000122070312,85,0.0,0.0
2026-10-05 13:48:00-04:00,89.7300033569336,89.75,89.69000244140625,89.69999694824219,89.69999694824219,216,0.0,0.0
2026-10-05 13:49:00-04:00,89.70999908447266,89.70999908447266,89.66999816894531,89.66999816894531,89.66999816894531,130,0.0,0.0
2026-10-05 13:50:00-04:00,89.68000030517578,89.72000122070312,89.66000366210938,89.69000244140625,89.69000244140625,202,0.0,0.0
2026-10-05 13:51:00-04:00,89.69000244140625,89.72000122070312,89.69000244140625,89.69000244140625,89.69000244140625,175,0.0,0.0
2026-10-05 13:52:00-04:00,89.70999908447266,89.91000366210938,89.70999908447266,89.88999938964844,89.88999938964844,991,0.0,0.0
2026-10-05 13:53:00-04:00,89.87000274658203,89.87999725341797,89.7699966430664,89.81999969482422,89.81999969482422,207,0.0,0.0
2026-10-05 13:54:00-04:00,89.83000183105469,89.87999725341797,89.80999755859375,89.8499984741211,89.8499984741211,272,0.0,0.0
2026-10-05 13:55:00-04:00,89.8499984741211,89.88999938964844,89.81999969482422,89.87000274658203,89.87000274658203,236,0.0,0.0
2026-10-05 13:56:00-04:00,89.88999938964844,89.94999694824219,89.87999725341797,89.93000030517578,89.93000030517578,162,0.0,0.0
2026-10-05 13:57:00-04:00,89.91999816894531,89.9800033569336,89.91999816894531,89.95999908447266,89.95999908447266,278,0.0,0.0
2026-10-05 13:58:00-04:00,89.97000122070312,90.05000305175781,89.97000122070312,90.0199966430664,90.0199966430664,260,0.0,0.0
2026-10-05 13:59:00-04:00,90.01000213623047,90.01000213623047,89.95999908447266,90.01000213623047,90.01000213623047,237,0.0,0.0
2026-10-05 14:00:00-04:00,90.0,90.01000213623047,89.86000061035156,89.91999816894531,89.91999816894531,338,0.0,0.0
2026-10-05 14:01:00-04:00,89.91000366210938,89.94000244140625,89.81999969482422,89.83000183105469,89.83000183105469,712,0.0,0.0
2026-10-05 14:02:00-04:00,89.83000183105469,89.87999725341797,89.80999755859375,89.87000274658203,89.87000274658203,211,0.0,0.0
2026-10-05 14:03:00-04:00,89.87000274658203,89.9000015258789,89.83999633789062,89.87999725341797,89.87999725341797,464,0.0,0.0
2026-10-05 14:04:00-04:00,89.87000274658203,89.93000030517578,89.83999633789062,89.87999725341797,89.87999725341797,953,0.0,0.0
2026-10-05 14:05:00-04:00,89.87999725341797,90.13999938964844,89.87000274658203,90.02999877929688,90.02999877929688,857,0.0,0.0
2026-10-05 14:06:00-04:00,90.0199966430664,90.05999755859375,89.94999694824219,89.97000122070312,89.97000122070312,264,0.0,0.0
2026-10-05 14:07:00-04:00,89.95999908447266,89.95999908447266,89.87999725341797,89.91999816894531,89.91999816894531,294,0.0,0.0
2026-10-05 14:08:00-04:00,89.91999816894531,90.0,89.91000366210938,89.98999786376953,89.98999786376953,179,0.0,0.0
2026-10-05 14:09:00-04:00,90.0,90.0,89.91000366210938,89.91000366210938,89.91000366210938,229,0.0,0.0
2026-10-05 14:10:00-04:00,89.9000015258789,90.04000091552734,89.87999725341797,90.0199966430664,90.0199966430664,239,0.0,0.0
2026-10-05 14:11:00-04:00,90.01000213623047,90.02999877929688,89.9800033569336,90.01000213623047,90.01000213623047,549,0.0,0.0
2026-10-05 14:12:00-04:00,89.9800033569336,90.02999877929688,89.87000274658203,89.98999786376953,89.98999786376953,1526,0.0,0.0
2026-10-05 14:13:00-04:00,89.98999786376953,90.06999969482422,89.9800033569336,90.01000213623047,90.01000213623047,355,0.0,0.0
2026-10-05 14:14:00-04:00,90.01000213623047,90.05000305175781,90.0,90.05000305175781,90.05000305175781,519,0.0,0.0
2026-10-05 14:15:00-04:00,90.02999877929688,90.05999755859375,90.01000213623047,90.05999755859375,90.05999755859375,211,0.0,0.0
2026-10-05 14:16:00-04:00,90.05000305175781,90.05999755859375,89.98999786376953,90.01000213623047,90.01000213623047,379,0.0,0.0
2026-10-05 14:17:00-04:00,90.01000213623047,90.01000213623047,89.86000061035156,89.87000274658203,89.87000274658203,580,0.0,0.0
2026-10-05 14:18:00-04:00,89.87999725341797,89.94000244140625,89.86000061035156,89.91999816894531,89.91999816894531,269,0.0,0.0
2026-10-05 14:19:00-04:00,89.91999816894531,89.9800033569336,89.91999816894531,89.94999694824219,89.94999694824219,307,0.0,0.0
2026-10-05 14:20:00-04:00,89.95999908447266,89.97000122070312,89.87999725341797,89.97000122070312,89.97000122070312,736,0.0,0.0
2026-10-05 14:21:00-04:00,89.95999908447266,89.9800033569336,89.86000061035156,89.9000015258789,89.9000015258789,894,0.0,0.0
2026-10-05 14:22:00-04:00,89.88999938964844,89.91000366210938,89.86000061035156,89.86000061035156,89.86000061035156,239,0.0,0.0
2026-10-05 14:23:00-04:00,89.86000061035156,89.9000015258789,89.81999969482422,89.83999633789062,89.83999633789062,626,0.0,0.0
2026-10-05 14:24:00-04:00,89.86000061035156,89.86000061035156,89.79000091552734,89.80000305175781,89.80000305175781,834,0.0,0.0
2026-10-05 14:25:00-04:00,89.77999877929688,89.83000183105469,89.77999877929688,89.80000305175781,89.80000305175781,984,0.0,0.0
2026-10-05 14:26:00-04:00,89.80999755859375,89.8499984741211,89.77999877929688,89.80000305175781,89.80000305175781,494,0.0,0.0
2026-10-05 14:27:00-04:00,89.79000091552734,89.83999633789062,89.76000213623047,89.83999633789062,89.83999633789062,1081,0.0,0.0
2026-10-05 14:28:00-04:00,89.83000183105469,89.83000183105469,89.30999755859375,89.33000183105469,89.33000183105469,7702,0.0,0.0
2026-10-05 14:29:00-04:00,89.33000183105469,89.41000366210938,89.29000091552734,89.33000183105469,89.33000183105469,8127,0.0,0.0
2026-10-05 14:30:00-04:00,89.33000183105469,89.4000015258789,89.27999877929688,89.37000274658203,89.37000274658203,1064,0.0,0.0
2026-10-05 14:31:00-04:00,89.37000274658203,89.38999938964844,89.29000091552734,89.31999969482422,89.31999969482422,705,0.0,0.0
2026-10-05 14:32:00-04:00,89.30999755859375,89.36000061035156,89.30000305175781,89.36000061035156,89.36000061035156,185,0.0,0.0
2026-10-05 14:33:00-04:00,89.37000274658203,89.4000015258789,89.33999633789062,89.3499984741211,89.3499984741211,195,0.0,0.0
2026-10-05 14:34:00-04:00,89.3499984741211,89.36000061035156,89.22000122070312,89.22000122070312,89.22000122070312,430,0.0,0.0
2026-10-05 14:35:00-04:00,89.22000122070312,89.22000122070312,89.04000091552734,89.13999938964844,89.13999938964844,1963,0.0,0.0
2026-10-05 14:36:00-04:00,89.13999938964844,89.13999938964844,89.04000091552734,89.13999938964844,89.13999938964844,265,0.0,0.0
2026-10-05 14:37:00-04:00,89.13999938964844,89.25,89.12999725341797,89.22000122070312,89.22000122070312,482,0.0,0.0
2026-10-05 14:38:00-04:00,89.2300033569336,89.27999877929688,89.19999694824219,89.2300033569336,89.2300033569336,279,0.0,0.0
2026-10-05 14:39:00-04:00,89.22000122070312,89.26000213623047,89.16000366210938,89.19999694824219,89.19999694824219,180,0.0,0.0
2026-10-05 14:40:00-04:00,89.19000244140625,89.19000244140625,89.05000305175781,89.05999755859375,89.05999755859375,352,0.0,0.0
2026-10-05 14:41:00-04:00,89.05000305175781,89.08000183105469,89.01000213623047,89.01000213623047,89.01000213623047,293,0.0,0.0
2026-10-05 14:42:00-04:00,89.01000213623047,89.01000213623047,88.73999786376953,88.76000213623047,88.76000213623047,957,0.0,0.0
2026-10-05 14:43:00-04:00,88.7699966430664,88.9000015258789,88.76000213623047,88.87999725341797,88.87999725341797,299,0.0,0.0
2026-10-05 14:44:00-04:00,88.88999938964844,88.98999786376953,88.87999725341797,88.9800033569336,88.9800033569336,207,0.0,0.0
2026-10-05 14:45:00-04:00,88.9800033569336,89.0199966430664,88.97000122070312,89.0,89.0,96,0.0,0.0
2026-10-05 14:46:00-04:00,88.98999786376953,89.01000213623047,88.93000030517578,88.97000122070312,88.97000122070312,167,0.0,0.0
2026-10-05 14:47:00-04:00,88.9800033569336,89.02999877929688,88.9800033569336,89.01000213623047,89.01000213623047,65,0.0,0.0
2026-10-05 14:48:00-04:00,89.01000213623047,89.02999877929688,88.9000015258789,88.93000030517578,88.93000030517578,125,0.0,0.0
2026-10-05 14:49:00-04:00,88.93000030517578,88.94000244140625,88.88999938964844,88.91000366210938,88.91000366210938,43,0.0,0.0
2026-10-05 14:50:00-04:00,88.93000030517578,89.0,88.91999816894531,88.97000122070312,88.97000122070312,133,0.0,0.0
2026-10-05 14:51:00-04:00,88.97000122070312,88.98999786376953,88.94999694824219,88.95999908447266,88.95999908447266,82,0.0,0.0
2026-10-05 14:52:00-04:00,88.94000244140625,88.97000122070312,88.93000030517578,88.94000244140625,88.94000244140625,43,0.0,0.0
2026-10-05 14:53:00-04:00,88.94999694824219,88.98999786376953,88.93000030517578,88.9800033569336,88.9800033569336,114,0.0,0.0
2026-10-05 14:54:00-04:00,88.98999786376953,88.98999786376953,88.9000015258789,88.93000030517578,88.93000030517578,36,0.0,0.0
2026-10-05 14:55:00-04:00,88.9000015258789,88.91000366210938,88.8499984741211,88.9000015258789,88.9000015258789,80,0.0,0.0
2026-10-05 14:56:00-04:00,88.88999938964844,88.9000015258789,88.8499984741211,88.87999725341797,88.87999725341797,129,0.0,0.0
2026-10-05 14:57:00-04:00,88.87000274658203,88.88999938964844,88.83999633789062,88.87999725341797,88.87999725341797,97,0.0,0.0
2026-10-05 14:58:00-04:00,88.87000274658203,88.93000030517578,88.87000274658203,88.91000366210938,88.91000366210938,94,0.0,0.0
2026-10-05 14:59:00-04:00,88.9000015258789,88.9000015258789,88.8499984741211,88.87999725341797,88.87999725341797,161,0.0,0.0
2026-10-05 15:00:00-04:00,88.87999725341797,89.0,88.86000061035156,89.0,89.0,259,0.0,0.0
2026-10-05 15:01:00-04:00,89.05000305175781,89.06999969482422,88.94000244140625,88.98999786376953,88.98999786376953,570,0.0,0.0
2026-10-05 15:02:00-04:00,89.0,89.0,88.94000244140625,88.94999694824219,88.94999694824219,74,0.0,0.0
2026-10-05 15:03:00-04:00,88.94000244140625,88.94999694824219,88.9000015258789,88.93000030517578,88.93000030517578,208,0.0,0.0
2026-10-05 15:04:00-04:00,88.93000030517578,88.95999908447266,88.91999816894531,88.94999694824219,88.94999694824219,139,0.0,0.0
2026-10-05 15:05:00-04:00,88.94999694824219,89.05000305175781,88.94000244140625,89.02999877929688,89.02999877929688,318,0.0,0.0
2026-10-05 15:06:00-04:00,89.04000091552734,89.05000305175781,88.98999786376953,89.05000305175781,89.05000305175781,105,0.0,0.0
2026-10-05 15:07:00-04:00,89.04000091552734,89.08000183105469,89.02999877929688,89.05999755859375,89.05999755859375,77,0.0,0.0
2026-10-05 15:08:00-04:00,89.05000305175781,89.0999984741211,89.05000305175781,89.06999969482422,89.06999969482422,92,0.0,0.0
2026-10-05 15:09:00-04:00,89.08000183105469,89.12000274658203,89.05000305175781,89.08000183105469,89.08000183105469,196,0.0,0.0
2026-10-05 15:10:00-04:00,89.08000183105469,89.08999633789062,89.0199966430664,89.02999877929688,89.02999877929688,42,0.0,0.0
2026-10-05 15:11:00-04:00,89.0199966430664,89.06999969482422,89.0199966430664,89.06999969482422,89.06999969482422,111,0.0,0.0
2026-10-05 15:12:00-04:00,89.08000183105469,89.08999633789062,89.05999755859375,89.05999755859375,89.05999755859375,29,0.0,0.0
2026-10-05 15:13:00-04:00,89.05999755859375,89.05999755859375,89.01000213623047,89.02999877929688,89.02999877929688,76,0.0,0.0
2026-10-05 15:14:00-04:00,89.02999877929688,89.05000305175781,89.0,89.02999877929688,89.02999877929688,103,0.0,0.0
2026-10-05 15:15:00-04:00,89.02999877929688,89.04000091552734,89.0199966430664,89.0199966430664,89.0199966430664,17,0.0,0.0
2026-10-05 15:16:00-04:00,89.01000213623047,89.06999969482422,88.9800033569336,89.05000305175781,89.05000305175781,99,0.0,0.0
2026-10-05 15:17:00-04:00,89.05000305175781,89.05000305175781,89.0,89.04000091552734,89.04000091552734,122,0.0,0.0
2026-10-05 15:18:00-04:00,89.0199966430664,89.0199966430664,89.0,89.0,89.0,97,0.0,0.0
2026-10-05 15:19:00-04:00,88.98999786376953,89.04000091552734,88.9800033569336,89.04000091552734,89.04000091552734,92,0.0,0.0
2026-10-05 15:20:00-04:00,89.05000305175781,89.06999969482422,89.0,89.0,89.0,211,0.0,0.0
2026-10-05 15:21:00-04:00,89.0,89.0,88.80999755859375,88.91999816894531,88.91999816894531,233,0.0,0.0
2026-10-05 15:22:00-04:00,88.93000030517578,88.94000244140625,88.87000274658203,88.93000030517578,88.93000030517578,126,0.0,0.0
2026-10-05 15:23:00-04:00,88.94999694824219,89.0199966430664,88.93000030517578,89.0,89.0,129,0.0,0.0
2026-10-05 15:24:00-04:00,89.0199966430664,89.04000091552734,88.9800033569336,89.0,89.0,114,0.0,0.0
2026-10-05 15:25:00-04:00,89.0,89.01000213623047,88.94999694824219,88.94999694824219,88.94999694824219,17,0.0,0.0
2026-10-05 15:26:00-04:00,88.94999694824219,89.0,88.94999694824219,88.94999694824219,88.94999694824219,17,0.0,0.0
2026-10-05 15:27:00-04:00,88.94999694824219,88.94999694824219,88.9000015258789,88.91999816894531,88.91999816894531,53,0.0,0.0
2026-10-05 15:28:00-04:00,88.91999816894531,88.94000244140625,88.91999816894531,88.93000030517578,88.93000030517578,36,0.0,0.0
2026-10-05 15:29:00-04:00,88.93000030517578,88.95999908447266,88.91999816894531,88.94000244140625,88.94000244140625,34,0.0,0.0
2026-10-05 15:30:00-04:00,88.94000244140625,88.97000122070312,88.94000244140625,88.95999908447266,88.95999908447266,51,0.0,0.0
2026-10-05 15:31:00-04:00,88.95999908447266,88.95999908447266,88.91000366210938,88.93000030517578,88.93000030517578,117,0.0,0.0
2026-10-05 15:32:00-04:00,88.93000030517578,89.05999755859375,88.91999816894531,89.02999877929688,89.02999877929688,235,0.0,0.0
2026-10-05 15:33:00-04:00,89.02999877929688,89.04000091552734,88.94000244140625,88.94000244140625,88.94000244140625,125,0.0,0.0
2026-10-05 15:34:00-04:00,88.94000244140625,88.95999908447266,88.91999816894531,88.93000030517578,88.93000030517578,65,0.0,0.0
2026-10-05 15:35:00-04:00,88.94999694824219,88.97000122070312,88.93000030517578,88.95999908447266,88.95999908447266,77,0.0,0.0
2026-10-05 15:36:00-04:00,88.95999908447266,89.08000183105469,88.95999908447266,89.02999877929688,89.02999877929688,153,0.0,0.0
2026-10-05 15:37:00-04:00,89.02999877929688,89.05000305175781,89.0199966430664,89.05000305175781,89.05000305175781,86,0.0,0.0
2026-10-05 15:38:00-04:00,89.05999755859375,89.08999633789062,89.05000305175781,89.06999969482422,89.06999969482422,196,0.0,0.0
2026-10-05 15:39:00-04:00,89.08000183105469,89.08999633789062,89.05000305175781,89.05000305175781,89.05000305175781,63,0.0,0.0
2026-10-05 15:40:00-04:00,89.05000305175781,89.08999633789062,89.05000305175781,89.05999755859375,89.05999755859375,45,0.0,0.0
2026-10-05 15:41:00-04:00,89.05000305175781,89.05000305175781,89.0,89.01000213623047,89.01000213623047,89,0.0,0.0
2026-10-05 15:42:00-04:00,89.01000213623047,89.02999877929688,89.01000213623047,89.0199966430664,89.0199966430664,40,0.0,0.0
2026-10-05 15:43:00-04:00,89.02999877929688,89.06999969482422,89.0199966430664,89.06999969482422,89.06999969482422,198,0.0,0.0
2026-10-05 15:44:00-04:00,89.05999755859375,89.08000183105469,89.04000091552734,89.06999969482422,89.06999969482422,118,0.0,0.0
2026-10-05 15:45:00-04:00,89.05999755859375,89.08000183105469,89.02999877929688,89.04000091552734,89.04000091552734,62,0.0,0.0
2026-10-05 15:46:00-04:00,89.04000091552734,89.06999969482422,89.02999877929688,89.05999755859375,89.05999755859375,43,0.0,0.0
2026-10-05 15:47:00-04:00,89.05999755859375,89.06999969482422,89.05999755859375,89.05999755859375,89.05999755859375,70,0.0,0.0
2026-10-05 15:48:00-04:00,89.05999755859375,89.06999969482422,89.05999755859375,89.06999969482422,89.06999969482422,34,0.0,0.0
2026-10-05 15:49:00-04:00,89.05999755859375,89.11000061035156,89.04000091552734,89.0999984741211,89.0999984741211,97,0.0,0.0
2026-10-05 15:50:00-04:00,89.08999633789062,89.1500015258789,89.08999633789062,89.12999725341797,89.12999725341797,123,0.0,0.0
2026-10-05 15:51:00-04:00,89.12000274658203,89.23999786376953,89.12000274658203,89.18000030517578,89.18000030517578,211,0.0,0.0
2026-10-05 15:52:00-04:00,89.18000030517578,89.25,89.16999816894531,89.20999908447266,89.20999908447266,118,0.0,0.0
2026-10-05 15:53:00-04:00,89.20999908447266,89.2300033569336,89.19999694824219,89.19999694824219,89.19999694824219,36,0.0,0.0
2026-10-05 15:54:00-04:00,89.19999694824219,89.19999694824219,89.18000030517578,89.19000244140625,89.19000244140625,31,0.0,0.0
2026-10-05 15:55:00-04:00,89.19999694824219,89.2300033569336,89.19000244140625,89.19999694824219,89.19999694824219,66,0.0,0.0
2026-10-05 15:56:00-04:00,89.19999694824219,89.2699966430664,89.19999694824219,89.25,89.25,213,0.0,0.0
2026-10-05 15:57:00-04:00,89.26000213623047,89.2699966430664,89.25,89.26000213623047,89.26000213623047,44,0.0,0.0
2026-10-05 15:58:00-04:00,89.25,89.26000213623047,89.2300033569336,89.25,89.25,52,0.0,0.0
2026-10-05 15:59:00-04:00,89.26000213623047,89.27999877929688,89.23999786376953,89.26000213623047,89.26000213623047,116,0.0,0.0
2026-10-05 16:00:00-04:00,89.25,89.31999969482422,89.23999786376953,89.30999755859375,89.30999755859375,170,0.0,0.0
2026-10-05 16:01:00-04:00,89.30999755859375,89.30999755859375,89.29000091552734,89.30999755859375,89.30999755859375,81,0.0,0.0
2026-10-05 16:02:00-04:00,89.31999969482422,89.3499984741211,89.29000091552734,89.3499984741211,89.3499984741211,78,0.0,0.0
2026-10-05 16:03:00-04:00,89.33000183105469,89.33999633789062,89.2699966430664,89.2699966430664,89.2699966430664,48,0.0,0.0
2026-10-05 16:04:00-04:00,89.2699966430664,89.27999877929688,89.19000244140625,89.19999694824219,89.19999694824219,53,0.0,0.0
2026-10-05 16:05:00-04:00,89.22000122070312,89.22000122070312,89.19000244140625,89.19000244140625,89.19000244140625,21,0.0,0.0
2026-10-05 16:06:00-04:00,89.19999694824219,89.2699966430664,89.16999816894531,89.25,89.25,46,0.0,0.0
2026-10-05 16:07:00-04:00,89.27999877929688,89.27999877929688,89.22000122070312,89.23999786376953,89.23999786376953,42,0.0,0.0
2026-10-05 16:08:00-04:00,89.22000122070312,89.27999877929688,89.22000122070312,89.27999877929688,89.27999877929688,159,0.0,0.0
2026-10-05 16:09:00-04:00,89.2699966430664,89.33000183105469,89.23999786376953,89.31999969482422,89.31999969482422,158,0.0,0.0
2026-10-05 16:10:00-04:00,89.3499984741211,89.37000274658203,89.33999633789062,89.36000061035156,89.36000061035156,47,0.0,0.0
2026-10-05 16:11:00-04:00,89.33999633789062,89.4000015258789,89.33999633789062,89.37000274658203,89.37000274658203,47,0.0,0.0
2026-10-05 16:12:00-04:00,89.37000274658203,89.4000015258789,89.33999633789062,89.3499984741211,89.3499984741211,42,0.0,0.0
2026-10-05 16:13:00-04:00,89.33999633789062,89.37000274658203,89.33999633789062,89.36000061035156,89.36000061035156,37,0.0,0.0
2026-10-05 16:14:00-04:00,89.37000274658203,89.37999725341797,89.33999633789062,89.3499984741211,89.3499984741211,33,0.0,0.0
2026-10-05 16:15:00-04:00,89.3499984741211,89.36000061035156,89.30999755859375,89.36000061035156,89.36000061035156,58,0.0,0.0
2026-10-05 16:16:00-04:00,89.3499984741211,89.41000366210938,89.33999633789062,89.37000274658203,89.37000274658203,45,0.0,0.0
2026-10-05 16:17:00-04:00,89.37000274658203,89.43000030517578,89.37000274658203,89.41000366210938,89.41000366210938,46,0.0,0.0
2026-10-05 16:18:00-04:00,89.41999816894531,89.41999816894531,89.4000015258789,89.41999816894531,89.41999816894531,39,0.0,0.0
2026-10-05 16:19:00-04:00,89.41000366210938,89.41000366210938,89.33000183105469,89.33000183105469,89.33000183105469,34,0.0,0.0
2026-10-05 16:20:00-04:00,89.33999633789062,89.33999633789062,89.2699966430664,89.2699966430664,89.2699966430664,66,0.0,0.0
2026-10-05 16:21:00-04:00,89.27999877929688,89.27999877929688,89.22000122070312,89.2300033569336,89.2300033569336,162,0.0,0.0
2026-10-05 16:22:00-04:00,89.23999786376953,89.30000305175781,89.23999786376953,89.30000305175781,89.30000305175781,41,0.0,0.0
2026-10-05 16:23:00-04:00,89.30000305175781,89.30000305175781,89.30000305175781,89.30000305175781,89.30000305175781,8,0.0,0.0
2026-10-05 16:24:00-04:00,89.23999786376953,89.26000213623047,89.16000366210938,89.16000366210938,89.16000366210938,133,0.0,0.0
2026-10-05 16:25:00-04:00,89.16000366210938,89.18000030517578,89.12999725341797,89.18000030517578,89.18000030517578,41,0.0,0.0
2026-10-05 16:26:00-04:00,89.16999816894531,89.20999908447266,89.16999816894531,89.18000030517578,89.18000030517578,9,0.0,0.0
2026-10-05 16:27:00-04:00,89.18000030517578,89.18000030517578,89.18000030517578,89.18000030517578,89.18000030517578,37,0.0,0.0
2026-10-05 16:28:00-04:00,89.16999816894531,89.18000030517578,89.16000366210938,89.18000030517578,89.18000030517578,9,0.0,0.0
2026-10-05 16:29:00-04:00,89.18000030517578,89.20999908447266,89.16000366210938,89.19000244140625,89.19000244140625,26,0.0,0.0
2026-10-05 16:30:00-04:00,89.19999694824219,89.19999694824219,89.19000244140625,89.19000244140625,89.19000244140625,8,0.0,0.0
2026-10-05 16:31:00-04:00,89.19000244140625,89.22000122070312,89.18000030517578,89.19999694824219,89.19999694824219,232,0.0,0.0
2026-10-05 16:32:00-04:00,89.20999908447266,89.20999908447266,89.18000030517578,89.19000244140625,89.19000244140625,42,0.0,0.0
2026-10-05 16:33:00-04:00,89.16999816894531,89.19999694824219,89.16999816894531,89.19999694824219,89.19999694824219,18,0.0,0.0
2026-10-05 16:34:00-04:00,89.22000122070312,89.23999786376953,89.22000122070312,89.22000122070312,89.22000122070312,13,0.0,0.0
2026-10-05 16:35:00-04:00,89.22000122070312,89.25,89.20999908447266,89.25,89.25,27,0.0,0.0
2026-10-05 16:36:00-04:00,89.25,89.25,89.22000122070312,89.22000122070312,89.22000122070312,6,0.0,0.0
2026-10-05 16:37:00-04:00,89.2300033569336,89.23999786376953,89.18000030517578,89.20999908447266,89.20999908447266,34,0.0,0.0
2026-10-05 16:38:00-04:00,89.1500015258789,89.16999816894531,89.11000061035156,89.13999938964844,89.13999938964844,34,0.0,0.0
2026-10-05 16:39:00-04:00,89.13999938964844,89.1500015258789,89.0999984741211,89.0999984741211,89.0999984741211,46,0.0,0.0
2026-10-05 16:40:00-04:00,89.0999984741211,89.12000274658203,89.05999755859375,89.06999969482422,89.06999969482422,69,0.0,0.0
2026-10-05 16:41:00-04:00,89.08000183105469,89.08000183105469,88.97000122070312,89.01000213623047,89.01000213623047,67,0.0,0.0
2026-10-05 16:42:00-04:00,89.0199966430664,89.05999755859375,89.0199966430664,89.05999755859375,89.05999755859375,63,0.0,0.0
2026-10-05 16:43:00-04:00,89.08000183105469,89.18000030517578,89.06999969482422,89.18000030517578,89.18000030517578,192,0.0,0.0
2026-10-05 16:44:00-04:00,89.16999816894531,89.18000030517578,89.1500015258789,89.16000366210938,89.16000366210938,99,0.0,0.0
2026-10-05 16:45:00-04:00,89.18000030517578,89.29000091552734,89.1500015258789,89.22000122070312,89.22000122070312,370,0.0,0.0
2026-10-05 16:46:00-04:00,89.22000122070312,89.22000122070312,89.18000030517578,89.22000122070312,89.22000122070312,53,0.0,0.0
2026-10-05 16:47:00-04:00,89.22000122070312,89.23999786376953,89.22000122070312,89.23999786376953,89.23999786376953,14,0.0,0.0
2026-10-05 16:48:00-04:00,89.23999786376953,89.23999786376953,89.22000122070312,89.2300033569336,89.2300033569336,38,0.0,0.0
2026-10-05 16:49:00-04:00,89.20999908447266,89.2300033569336,89.19999694824219,89.19999694824219,89.19999694824219,15,0.0,0.0
2026-10-05 16:50:00-04:00,89.22000122070312,89.2699966430664,89.22000122070312,89.2699966430664,89.2699966430664,135,0.0,0.0
2026-10-05 16:51:00-04:00,89.2699966430664,89.29000091552734,89.26000213623047,89.29000091552734,89.29000091552734,18,0.0,0.0
2026-10-05 16:52:00-04:00,89.29000091552734,89.29000091552734,89.2699966430664,89.29000091552734,89.29000091552734,5,0.0,0.0
2026-10-05 16:53:00-04:00,89.29000091552734,89.29000091552734,89.27999877929688,89.29000091552734,89.29000091552734,127,0.0,0.0
2026-10-05 16:54:00-04:00,89.26000213623047,89.30000305175781,89.26000213623047,89.30000305175781,89.30000305175781,172,0.0,0.0
2026-10-05 16:55:00-04:00,89.27999877929688,89.29000091552734,89.2300033569336,89.25,89.25,45,0.0,0.0
2026-10-05 16:56:00-04:00,89.23999786376953,89.23999786376953,89.22000122070312,89.23999786376953,89.23999786376953,14,0.0,0.0
2026-10-05 16:57:00-04:00,89.25,89.25,89.20999908447266,89.22000122070312,89.22000122070312,10,0.0,0.0
2026-10-05 16:58:00-04:00,89.2300033569336,89.26000213623047,89.19999694824219,89.25,89.25,54,0.0,0.0
2026-10-05 16:59:00-04:00,89.2699966430664,89.30000305175781,89.25,89.30000305175781,89.30000305175781,121,0.0,0.0
2026-10-05 18:00:00-04:00,89.26000213623047,89.33999633789062,89.22000122070312,89.33999633789062,89.33999633789062,0,0.0,0.0
2026-10-05 18:01:00-04:00,89.33999633789062,89.36000061035156,89.30999755859375,89.30999755859375,89.30999755859375,34,0.0,0.0
2026-10-05 18:02:00-04:00,89.30999755859375,89.36000061035156,89.2699966430664,89.27999877929688,89.27999877929688,99,0.0,0.0
2026-10-05 18:03:00-04:00,89.29000091552734,89.33000183105469,89.26000213623047,89.26000213623047,89.26000213623047,14,0.0,0.0
2026-10-05 18:04:00-04:00,89.26000213623047,89.29000091552734,89.26000213623047,89.26000213623047,89.26000213623047,11,0.0,0.0
2026-10-05 18:05:00-04:00,89.26000213623047,89.26000213623047,89.22000122070312,89.23999786376953,89.23999786376953,77,0.0,0.0
2026-10-05 18:06:00-04:00,89.2300033569336,89.26000213623047,89.2300033569336,89.26000213623047,89.26000213623047,19,0.0,0.0
2026-10-05 18:07:00-04:00,89.23999786376953,89.26000213623047,89.2300033569336,89.26000213623047,89.26000213623047,9,0.0,0.0
2026-10-05 18:08:00-04:00,89.2699966430664,89.2699966430664,89.2300033569336,89.26000213623047,89.26000213623047,4,0.0,0.0
2026-10-05 18:09:00-04:00,89.26000213623047,89.2699966430664,89.2300033569336,89.23999786376953,89.23999786376953,18,0.0,0.0
2026-10-05 18:10:00-04:00,89.23999786376953,89.2699966430664,89.23999786376953,89.25,89.25,8,0.0,0.0
2026-10-05 18:11:00-04:00,89.23999786376953,89.26000213623047,89.23999786376953,89.26000213623047,89.26000213623047,2,0.0,0.0
2026-10-05 18:13:00-04:00,89.26000213623047,89.26000213623047,89.26000213623047,89.26000213623047,89.26000213623047,1,0.0,0.0
2026-10-05 18:14:00-04:00,89.27999877929688,89.29000091552734,89.27999877929688,89.29000091552734,89.29000091552734,3,0.0,0.0
2026-10-05 18:15:00-04:00,89.30000305175781,89.33999633789062,89.29000091552734,89.29000091552734,89.29000091552734,46,0.0,0.0
2026-10-05 18:16:00-04:00,89.27999877929688,89.27999877929688,89.27999877929688,89.27999877929688,89.27999877929688,2,0.0,0.0
2026-10-05 18:17:00-04:00,89.26000213623047,89.2699966430664,89.26000213623047,89.26000213623047,89.26000213623047,6,0.0,0.0
2026-10-05 18:18:00-04:00,89.25,89.2699966430664,89.23999786376953,89.23999786376953,89.23999786376953,7,0.0,0.0
2026-10-05 18:19:00-04:00,89.2300033569336,89.25,89.2300033569336,89.25,89.25,9,0.0,0.0
2026-10-05 18:21:00-04:00,89.23999786376953,89.23999786376953,89.23999786376953,89.23999786376953,89.23999786376953,1,0.0,0.0
2026-10-05 18:22:00-04:00,89.26000213623047,89.26000213623047,89.23999786376953,89.23999786376953,89.23999786376953,3,0.0,0.0
2026-10-05 18:23:00-04:00,89.25,89.26000213623047,89.25,89.26000213623047,89.26000213623047,24,0.0,0.0
2026-10-05 18:24:00-04:00,89.25,89.25,89.23999786376953,89.23999786376953,89.23999786376953,31,0.0,0.0
2026-10-05 18:25:00-04:00,89.25,89.25,89.23999786376953,89.23999786376953,89.23999786376953,14,0.0,0.0
2026-10-05 18:26:00-04:00,89.23999786376953,89.23999786376953,89.2300033569336,89.23999786376953,89.23999786376953,5,0.0,0.0
2026-10-05 18:27:00-04:00,89.22000122070312,89.2300033569336,89.22000122070312,89.2300033569336,89.2300033569336,12,0.0,0.0
2026-10-05 18:28:00-04:00,89.2300033569336,89.25,89.2300033569336,89.23999786376953,89.23999786376953,5,0.0,0.0
2026-10-05 18:29:00-04:00,89.25,89.26000213623047,89.25,89.25,89.25,40,0.0,0.0
2026-10-05 18:30:00-04:00,89.26000213623047,89.26000213623047,89.23999786376953,89.25,89.25,29,0.0,0.0
2026-10-05 18:31:00-04:00,89.25,89.25,89.22000122070312,89.22000122070312,89.22000122070312,7,0.0,0.0
2026-10-05 18:32:00-04:00,89.2300033569336,89.23999786376953,89.20999908447266,89.20999908447266,89.20999908447266,67,0.0,0.0
2026-10-05 18:33:00-04:00,89.20999908447266,89.20999908447266,89.19999694824219,89.19999694824219,89.19999694824219,19,0.0,0.0
2026-10-05 18:34:00-04:00,89.20999908447266,89.20999908447266,89.20999908447266,89.20999908447266,89.20999908447266,7,0.0,0.0
2026-10-05 18:35:00-04:00,89.20999908447266,89.22000122070312,89.20999908447266,89.22000122070312,89.22000122070312,9,0.0,0.0
2026-10-05 18:36:00-04:00,89.22000122070312,89.22000122070312,89.19999694824219,89.19999694824219,89.19999694824219,38,0.0,0.0
2026-10-05 18:37:00-04:00,89.20999908447266,89.20999908447266,89.20999908447266,89.20999908447266,89.20999908447266,4,0.0,0.0
2026-10-05 18:38:00-04:00,89.22000122070312,89.2300033569336,89.20999908447266,89.2300033569336,89.2300033569336,22,0.0,0.0
2026-10-05 18:39:00-04:00,89.20999908447266,89.22000122070312,89.20999908447266,89.22000122070312,89.22000122070312,9,0.0,0.0
2026-10-05 18:40:00-04:00,89.20999908447266,89.2699966430664,89.20999908447266,89.23999786376953,89.23999786376953,32,0.0,0.0
2026-10-05 18:41:00-04:00,89.25,89.25,89.25,89.25,89.25,6,0.0,0.0
2026-10-05 18:42:00-04:00,89.26000213623047,89.2699966430664,89.25,89.26000213623047,89.26000213623047,8,0.0,0.0
2026-10-05 18:44:00-04:00,89.25,89.25,89.25,89.25,89.25,1,0.0,0.0
2026-10-05 18:45:00-04:00,89.25,89.26000213623047,89.25,89.26000213623047,89.26000213623047,2,0.0,0.0
2026-10-05 18:46:00-04:00,89.23999786376953,89.23999786376953,89.23999786376953,89.23999786376953,89.23999786376953,5,0.0,0.0
2026-10-05 18:47:00-04:00,89.23999786376953,89.2699966430664,89.23999786376953,89.2699966430664,89.2699966430664,13,0.0,0.0
2026-10-05 18:49:00-04:00,89.25,89.25,89.25,89.25,89.25,1,0.0,0.0
2026-10-05 18:51:00-04:00,89.25,89.26000213623047,89.23999786376953,89.26000213623047,89.26000213623047,9,0.0,0.0
2026-10-05 18:53:00-04:00,89.26000213623047,89.26000213623047,89.26000213623047,89.26000213623047,89.26000213623047,5,0.0,0.0
2026-10-05 18:54:00-04:00,89.26000213623047,89.26000213623047,89.25,89.25,89.25,3,0.0,0.0
2026-10-05 18:56:00-04:00,89.25,89.25,89.25,89.25,89.25,2,0.0,0.0
2026-10-05 18:58:00-04:00,89.23999786376953,89.25,89.2300033569336,89.2300033569336,89.2300033569336,8,0.0,0.0
2026-10-05 18:59:00-04:00,89.20999908447266,89.22000122070312,89.20999908447266,89.22000122070312,89.22000122070312,12,0.0,0.0
2026-10-05 19:00:00-04:00,89.23999786376953,89.26000213623047,89.23999786376953,89.26000213623047,89.26000213623047,7,0.0,0.0
2026-10-05 19:01:00-04:00,89.23999786376953,89.25,89.23999786376953,89.23999786376953,89.23999786376953,16,0.0,0.0
2026-10-05 19:02:00-04:00,89.25,89.26000213623047,89.25,89.26000213623047,89.26000213623047,2,0.0,0.0
2026-10-05 19:03:00-04:00,89.2699966430664,89.30000305175781,89.26000213623047,89.27999877929688,89.27999877929688,21,0.0,0.0
2026-10-05 19:05:00-04:00,89.2699966430664,89.27999877929688,89.2699966430664,89.27999877929688,89.27999877929688,4,0.0,0.0
2026-10-05 19:06:00-04:00,89.27999877929688,89.27999877929688,89.27999877929688,89.27999877929688,89.27999877929688,1,0.0,0.0
2026-10-05 19:09:00-04:00,89.2699966430664,89.2699966430664,89.25,89.26000213623047,89.26000213623047,7,0.0,0.0
2026-10-05 19:10:00-04:00,89.25,89.25,89.25,89.25,89.25,9,0.0,0.0
2026-10-05 19:12:00-04:00,89.23999786376953,89.23999786376953,89.23999786376953,89.23999786376953,89.23999786376953,2,0.0,0.0
2026-10-05 19:14:00-04:00,89.23999786376953,89.23999786376953,89.22000122070312,89.22000122070312,89.22000122070312,23,0.0,0.0
2026-10-05 19:15:00-04:00,89.22000122070312,89.22000122070312,89.19999694824219,89.19999694824219,89.19999694824219,24,0.0,0.0
2026-10-05 19:16:00-04:00,89.20999908447266,89.20999908447266,89.19000244140625,89.19000244140625,89.19000244140625,38,0.0,0.0
2026-10-05 19:17:00-04:00,89.18000030517578,89.18000030517578,89.18000030517578,89.18000030517578,89.18000030517578,3,0.0,0.0
2026-10-05 19:18:00-04:00,89.19000244140625,89.20999908447266,89.19000244140625,89.20999908447266,89.20999908447266,12,0.0,0.0
2026-10-05 19:19:00-04:00,89.20999908447266,89.22000122070312,89.19999694824219,89.22000122070312,89.22000122070312,13,0.0,0.0
2026-10-05 19:20:00-04:00,89.19999694824219,89.19999694824219,89.13999938964844,89.16000366210938,89.16000366210938,25,0.0,0.0
2026-10-05 19:21:00-04:00,89.1500015258789,89.16999816894531,89.1500015258789,89.16999816894531,89.16999816894531,4,0.0,0.0
2026-10-05 19:22:00-04:00,89.16000366210938,89.16999816894531,89.16000366210938,89.16999816894531,89.16999816894531,4,0.0,0.0
2026-10-05 19:23:00-04:00,89.16000366210938,89.16000366210938,89.16000366210938,89.16000366210938,89.16000366210938,1,0.0,0.0
2026-10-05 19:24:00-04:00,89.1500015258789,89.1500015258789,89.1500015258789,89.1500015258789,89.1500015258789,2,0.0,0.0
2026-10-05 19:25:00-04:00,89.16999816894531,89.18000030517578,89.16999816894531,89.18000030517578,89.18000030517578,6,0.0,0.0
2026-10-05 19:26:00-04:00,89.18000030517578,89.18000030517578,89.16000366210938,89.16000366210938,89.16000366210938,6,0.0,0.0
2026-10-05 19:27:00-04:00,89.19000244140625,89.19000244140625,89.19000244140625,89.19000244140625,89.19000244140625,1,0.0,0.0
2026-10-05 19:28:00-04:00,89.18000030517578,89.18000030517578,89.18000030517578,89.18000030517578,89.18000030517578,1,0.0,0.0
2026-10-05 19:30:00-04:00,89.19000244140625,89.19000244140625,89.18000030517578,89.18000030517578,89.18000030517578,1,0.0,0.0
2026-10-05 19:31:00-04:00,89.16000366210938,89.18000030517578,89.16000366210938,89.18000030517578,89.18000030517578,19,0.0,0.0
2026-10-05 19:32:00-04:00,89.19000244140625,89.19000244140625,89.18000030517578,89.18000030517578,89.18000030517578,3,0.0,0.0
2026-10-05 19:33:00-04:00,89.19000244140625,89.19000244140625,89.19000244140625,89.19000244140625,89.19000244140625,2,0.0,0.0
2026-10-05 19:34:00-04:00,89.19999694824219,89.19999694824219,89.19999694824219,89.19999694824219,89.19999694824219,1,0.0,0.0
2026-10-05 19:35:00-04:00,89.19999694824219,89.19999694824219,89.19999694824219,89.19999694824219,89.19999694824219,1,0.0,0.0
2026-10-05 19:36:00-04:00,89.19999694824219,89.20999908447266,89.1500015258789,89.18000030517578,89.18000030517578,28,0.0,0.0
2026-10-05 19:38:00-04:00,89.19000244140625,89.19000244140625,89.19000244140625,89.19000244140625,89.19000244140625,5,0.0,0.0
2026-10-05 19:39:00-04:00,89.19000244140625,89.19000244140625,89.18000030517578,89.18000030517578,89.18000030517578,4,0.0,0.0
2026-10-05 19:40:00-04:00,89.18000030517578,89.19999694824219,89.18000030517578,89.19999694824219,89.19999694824219,16,0.0,0.0
2026-10-05 19:41:00-04:00,89.19999694824219,89.20999908447266,89.18000030517578,89.18000030517578,89.18000030517578,7,0.0,0.0
2026-10-05 19:42:00-04:00,89.19000244140625,89.19999694824219,89.19000244140625,89.19999694824219,89.19999694824219,7,0.0,0.0
2026-10-05 19:44:00-04:00,89.16999816894531,89.16999816894531,89.16999816894531,89.16999816894531,89.16999816894531,1,0.0,0.0
2026-10-05 19:45:00-04:00,89.19000244140625,89.20999908447266,89.19000244140625,89.20999908447266,89.20999908447266,6,0.0,0.0
2026-10-05 19:47:00-04:00,89.20999908447266,89.23999786376953,89.20999908447266,89.2300033569336,89.2300033569336,18,0.0,0.0
2026-10-05 19:48:00-04:00,89.2300033569336,89.26000213623047,89.2300033569336,89.25,89.25,15,0.0,0.0
2026-10-05 19:49:00-04:00,89.25,89.29000091552734,89.25,89.2699966430664,89.2699966430664,26,0.0,0.0
2026-10-05 19:50:00-04:00,89.23999786376953,89.2699966430664,89.22000122070312,89.2300033569336,89.2300033569336,18,0.0,0.0
2026-10-05 19:52:00-04:00,89.2300033569336,89.23999786376953,89.2300033569336,89.23999786376953,89.23999786376953,4,0.0,0.0
2026-10-05 19:53:00-04:00,89.2300033569336,89.2300033569336,89.2300033569336,89.2300033569336,89.2300033569336,8,0.0,0.0
2026-10-05 19:54:00-04:00,89.2300033569336,89.25,89.2300033569336,89.2300033569336,89.2300033569336,8,0.0,0.0
2026-10-05 19:55:00-04:00,89.19999694824219,89.20999908447266,89.18000030517578,89.18000030517578,89.18000030517578,36,0.0,0.0
2026-10-05 19:56:00-04:00,89.19000244140625,89.2300033569336,89.19000244140625,89.22000122070312,89.22000122070312,13,0.0,0.0
2026-10-05 19:57:00-04:00,89.2300033569336,89.2300033569336,89.19000244140625,89.19999694824219,89.19999694824219,18,0.0,0.0
2026-10-05 19:58:00-04:00,89.19999694824219,89.22000122070312,89.19999694824219,89.22000122070312,89.22000122070312,7,0.0,0.0
2026-10-05 19:59:00-04:00,89.22000122070312,89.22000122070312,89.20999908447266,89.22000122070312,89.22000122070312,6,0.0,0.0
2026-10-05 20:00:00-04:00,89.20999908447266,89.2699966430664,89.16999816894531,89.23999786376953,89.23999786376953,129,0.0,0.0
2026-10-05 20:01:00-04:00,89.2300033569336,89.27999877929688,89.20999908447266,89.2300033569336,89.2300033569336,55,0.0,0.0
2026-10-05 20:02:00-04:00,89.2699966430664,89.30999755859375,89.25,89.30999755859375,89.30999755859375,26,0.0,0.0
2026-10-05 20:03:00-04:00,89.30999755859375,89.33000183105469,89.30999755859375,89.31999969482422,89.31999969482422,25,0.0,0.0
2026-10-05 20:04:00-04:00,89.31999969482422,89.4000015258789,89.31999969482422,89.33999633789062,89.33999633789062,81,0.0,0.0
2026-10-05 20:05:00-04:00,89.33999633789062,89.3499984741211,89.30999755859375,89.33999633789062,89.33999633789062,21,0.0,0.0
2026-10-05 20:06:00-04:00,89.33000183105469,89.33999633789062,89.25,89.26000213623047,89.26000213623047,42,0.0,0.0
2026-10-05 20:07:00-04:00,89.26000213623047,89.26000213623047,89.20999908447266,89.20999908447266,89.20999908447266,13,0.0,0.0
2026-10-05 20:08:00-04:00,89.2300033569336,89.31999969482422,89.2300033569336,89.31999969482422,89.31999969482422,41,0.0,0.0
2026-10-05 20:09:00-04:00,89.30999755859375,89.31999969482422,89.30000305175781,89.31999969482422,89.31999969482422,11,0.0,0.0
2026-10-05 20:10:00-04:00,89.33000183105469,89.33000183105469,89.27999877929688,89.30000305175781,89.30000305175781,18,0.0,0.0
2026-10-05 20:11:00-04:00,89.29000091552734,89.30000305175781,89.20999908447266,89.22000122070312,89.22000122070312,27,0.0,0.0
2026-10-05 20:12:00-04:00,89.22000122070312,89.22000122070312,89.18000030517578,89.19999694824219,89.19999694824219,17,0.0,0.0
2026-10-05 20:13:00-04:00,89.19999694824219,89.19999694824219,89.1500015258789,89.1500015258789,89.1500015258789,23,0.0,0.0
2026-10-05 20:14:00-04:00,89.1500015258789,89.2300033569336,89.1500015258789,89.19999694824219,89.19999694824219,15,0.0,0.0
2026-10-05 20:15:00-04:00,89.18000030517578,89.19999694824219,89.11000061035156,89.19000244140625,89.19000244140625,60,0.0,0.0
2026-10-05 20:16:00-04:00,89.19000244140625,89.20999908447266,89.18000030517578,89.20999908447266,89.20999908447266,17,0.0,0.0
2026-10-05 20:17:00-04:00,89.20999908447266,89.22000122070312,89.19000244140625,89.19000244140625,89.19000244140625,25,0.0,0.0
2026-10-05 20:18:00-04:00,89.19999694824219,89.22000122070312,89.19999694824219,89.20999908447266,89.20999908447266,7,0.0,0.0
2026-10-05 20:19:00-04:00,89.19999694824219,89.20999908447266,89.19999694824219,89.20999908447266,89.20999908447266,6,0.0,0.0
2026-10-05 20:20:00-04:00,89.2300033569336,89.25,89.2300033569336,89.23999786376953,89.23999786376953,16,0.0,0.0
2026-10-05 20:21:00-04:00,89.25,89.27999877929688,89.25,89.2699966430664,89.2699966430664,19,0.0,0.0
2026-10-05 20:22:00-04:00,89.26000213623047,89.27999877929688,89.25,89.25,89.25,21,0.0,0.0
2026-10-05 20:23:00-04:00,89.2699966430664,89.2699966430664,89.20999908447266,89.20999908447266,89.20999908447266,11,0.0,0.0
2026-10-05 20:24:00-04:00,89.19999694824219,89.22000122070312,89.16999816894531,89.22000122070312,89.22000122070312,22,0.0,0.0
2026-10-05 20:25:00-04:00,89.22000122070312,89.33000183105469,89.22000122070312,89.29000091552734,89.29000091552734,53,0.0,0.0
2026-10-05 20:26:00-04:00,89.29000091552734,89.30000305175781,89.29000091552734,89.30000305175781,89.30000305175781,4,0.0,0.0
2026-10-05 20:27:00-04:00,89.29000091552734,89.29000091552734,89.2699966430664,89.29000091552734,89.29000091552734,9,0.0,0.0
2026-10-05 20:28:00-04:00,89.30000305175781,89.30999755859375,89.29000091552734,89.30000305175781,89.30000305175781,10,0.0,0.0
2026-10-05 20:29:00-04:00,89.29000091552734,89.31999969482422,89.2699966430664,89.30999755859375,89.30999755859375,42,0.0,0.0
2026-10-05 20:30:00-04:00,89.30999755859375,89.41999816894531,89.30999755859375,89.38999938964844,89.38999938964844,72,0.0,0.0
2026-10-05 20:31:00-04:00,89.37999725341797,89.37999725341797,89.36000061035156,89.37000274658203,89.37000274658203,23,0.0,0.0
2026-10-05 20:32:00-04:00,89.36000061035156,89.37000274658203,89.36000061035156,89.37000274658203,89.37000274658203,15,0.0,0.0
2026-10-05 20:33:00-04:00,89.36000061035156,89.4000015258789,89.36000061035156,89.4000015258789,89.4000015258789,73,0.0,0.0
2026-10-05 20:34:00-04:00,89.41000366210938,89.48999786376953,89.38999938964844,89.48999786376953,89.48999786376953,54,0.0,0.0
2026-10-05 20:35:00-04:00,89.48999786376953,89.48999786376953,89.45999908447266,89.47000122070312,89.47000122070312,32,0.0,0.0
2026-10-05 20:36:00-04:00,89.47000122070312,89.4800033569336,89.44000244140625,89.44000244140625,89.44000244140625,18,0.0,0.0
2026-10-05 20:37:00-04:00,89.45999908447266,89.47000122070312,89.43000030517578,89.45999908447266,89.45999908447266,18,0.0,0.0
2026-10-05 20:38:00-04:00,89.47000122070312,89.48999786376953,89.47000122070312,89.48999786376953,89.48999786376953,14,0.0,0.0
2026-10-05 20:39:00-04:00,89.4800033569336,89.4800033569336,89.44999694824219,89.47000122070312,89.47000122070312,14,0.0,0.0
2026-10-05 20:40:00-04:00,89.45999908447266,89.45999908447266,89.41000366210938,89.43000030517578,89.43000030517578,16,0.0,0.0
2026-10-05 20:41:00-04:00,89.43000030517578,89.44999694824219,89.43000030517578,89.43000030517578,89.43000030517578,10,0.0,0.0
2026-10-05 20:42:00-04:00,89.43000030517578,89.43000030517578,89.43000030517578,89.43000030517578,89.43000030517578,3,0.0,0.0
2026-10-05 20:43:00-04:00,89.41999816894531,89.41999816894531,89.41000366210938,89.41000366210938,89.41000366210938,3,0.0,0.0
2026-10-05 20:44:00-04:00,89.41000366210938,89.41000366210938,89.41000366210938,89.41000366210938,89.41000366210938,5,0.0,0.0
2026-10-05 20:45:00-04:00,89.41000366210938,89.41000366210938,89.33999633789062,89.33999633789062,89.33999633789062,52,0.0,0.0
2026-10-05 20:46:00-04:00,89.33000183105469,89.33000183105469,89.29000091552734,89.30000305175781,89.30000305175781,36,0.0,0.0
2026-10-05 20:47:00-04:00,89.30000305175781,89.30999755859375,89.2699966430664,89.29000091552734,89.29000091552734,21,0.0,0.0
2026-10-05 20:48:00-04:00,89.27999877929688,89.30000305175781,89.26000213623047,89.27999877929688,89.27999877929688,29,0.0,0.0
2026-10-05 20:49:00-04:00,89.27999877929688,89.33999633789062,89.2699966430664,89.31999969482422,89.31999969482422,20,0.0,0.0
2026-10-05 20:50:00-04:00,89.30999755859375,89.33999633789062,89.30000305175781,89.33999633789062,89.33999633789062,18,0.0,0.0
2026-10-05 20:51:00-04:00,89.33999633789062,89.36000061035156,89.29000091552734,89.29000091552734,89.29000091552734,20,0.0,0.0
2026-10-05 20:52:00-04:00,89.29000091552734,89.30999755859375,89.23999786376953,89.25,89.25,53,0.0,0.0
2026-10-05 20:53:00-04:00,89.25,89.29000091552734,89.2300033569336,89.26000213623047,89.26000213623047,38,0.0,0.0
2026-10-05 20:54:00-04:00,89.26000213623047,89.33000183105469,89.25,89.30000305175781,89.30000305175781,51,0.0,0.0
2026-10-05 20:55:00-04:00,89.29000091552734,89.3499984741211,89.29000091552734,89.3499984741211,89.3499984741211,30,0.0,0.0
2026-10-05 20:56:00-04:00,89.3499984741211,89.37999725341797,89.33000183105469,89.33000183105469,89.33000183105469,23,0.0,0.0
2026-10-05 20:57:00-04:00,89.3499984741211,89.38999938964844,89.33000183105469,89.37999725341797,89.37999725341797,37,0.0,0.0
2026-10-05 20:58:00-04:00,89.37000274658203,89.41999816894531,89.33999633789062,89.38999938964844,89.38999938964844,43,0.0,0.0
2026-10-05 20:59:00-04:00,89.37000274658203,89.4000015258789,89.36000061035156,89.38999938964844,89.38999938964844,28,0.0,0.0
2026-10-05 21:00:00-04:00,89.37999725341797,89.41000366210938,89.29000091552734,89.41000366210938,89.41000366210938,93,0.0,0.0
2026-10-05 21:01:00-04:00,89.38999938964844,89.4000015258789,89.37999725341797,89.37999725341797,89.37999725341797,9,0.0,0.0
2026-10-05 21:02:00-04:00,89.3499984741211,89.37999725341797,89.3499984741211,89.37999725341797,89.37999725341797,14,0.0,0.0
2026-10-05 21:03:00-04:00,89.36000061035156,89.38999938964844,89.36000061035156,89.38999938964844,89.38999938964844,5,0.0,0.0
2026-10-05 21:04:00-04:00,89.4000015258789,89.41000366210938,89.4000015258789,89.4000015258789,89.4000015258789,10,0.0,0.0
2026-10-05 21:05:00-04:00,89.41999816894531,89.43000030517578,89.41000366210938,89.41000366210938,89.41000366210938,10,0.0,0.0
2026-10-05 21:06:00-04:00,89.41999816894531,89.44000244140625,89.41000366210938,89.41000366210938,89.41000366210938,21,0.0,0.0
2026-10-05 21:07:00-04:00,89.41000366210938,89.41999816894531,89.37000274658203,89.37000274658203,89.37000274658203,11,0.0,0.0
2026-10-05 21:08:00-04:00,89.38999938964844,89.38999938964844,89.3499984741211,89.37000274658203,89.37000274658203,10,0.0,0.0
2026-10-05 21:09:00-04:00,89.36000061035156,89.44999694824219,89.36000061035156,89.44000244140625,89.44000244140625,72,0.0,0.0
2026-10-05 21:10:00-04:00,89.44000244140625,89.51000213623047,89.41999816894531,89.5,89.5,289,0.0,0.0
2026-10-05 21:11:00-04:00,89.48999786376953,89.58000183105469,89.48999786376953,89.55000305175781,89.55000305175781,99,0.0,0.0
2026-10-05 21:12:00-04:00,89.55000305175781,89.55999755859375,89.52999877929688,89.54000091552734,89.54000091552734,43,0.0,0.0
2026-10-05 21:13:00-04:00,89.55000305175781,89.62000274658203,89.54000091552734,89.58000183105469,89.58000183105469,163,0.0,0.0
2026-10-05 21:14:00-04:00,89.58000183105469,89.5999984741211,89.56999969482422,89.56999969482422,89.56999969482422,17,0.0,0.0
2026-10-05 21:15:00-04:00,89.58000183105469,89.5999984741211,89.56999969482422,89.5999984741211,89.5999984741211,33,0.0,0.0
2026-10-05 21:16:00-04:00,89.58999633789062,89.5999984741211,89.58000183105469,89.58000183105469,89.58000183105469,27,0.0,0.0
2026-10-05 21:17:00-04:00,89.58999633789062,89.58999633789062,89.56999969482422,89.58000183105469,89.58000183105469,8,0.0,0.0
2026-10-05 21:18:00-04:00,89.56999969482422,89.58000183105469,89.54000091552734,89.56999969482422,89.56999969482422,16,0.0,0.0
2026-10-05 21:19:00-04:00,89.55999755859375,89.58999633789062,89.54000091552734,89.58999633789062,89.58999633789062,22,0.0,0.0
2026-10-05 21:20:00-04:00,89.58999633789062,89.58999633789062,89.56999969482422,89.56999969482422,89.56999969482422,14,0.0,0.0
2026-10-05 21:21:00-04:00,89.56999969482422,89.56999969482422,89.52999877929688,89.55999755859375,89.55999755859375,22,0.0,0.0
2026-10-05 21:22:00-04:00,89.54000091552734,89.58000183105469,89.54000091552734,89.56999969482422,89.56999969482422,21,0.0,0.0
2026-10-05 21:23:00-04:00,89.55999755859375,89.56999969482422,89.55999755859375,89.55999755859375,89.55999755859375,12,0.0,0.0
2026-10-05 21:24:00-04:00,89.55999755859375,89.58999633789062,89.55999755859375,89.56999969482422,89.56999969482422,10,0.0,0.0
2026-10-05 21:25:00-04:00,89.58999633789062,89.5999984741211,89.58999633789062,89.58999633789062,89.58999633789062,9,0.0,0.0
2026-10-05 21:26:00-04:00,89.58999633789062,89.62999725341797,89.58000183105469,89.61000061035156,89.61000061035156,20,0.0,0.0
2026-10-05 21:27:00-04:00,89.62000274658203,89.62000274658203,89.5999984741211,89.5999984741211,89.5999984741211,8,0.0,0.0
2026-10-05 21:28:00-04:00,89.58000183105469,89.5999984741211,89.55000305175781,89.56999969482422,89.56999969482422,23,0.0,0.0
2026-10-05 21:29:00-04:00,89.55000305175781,89.55999755859375,89.54000091552734,89.55999755859375,89.55999755859375,18,0.0,0.0
2026-10-05 21:30:00-04:00,89.54000091552734,89.55000305175781,89.52999877929688,89.54000091552734,89.54000091552734,8,0.0,0.0
2026-10-05 21:31:00-04:00,89.52999877929688,89.52999877929688,89.51000213623047,89.52999877929688,89.52999877929688,17,0.0,0.0
2026-10-05 21:32:00-04:00,89.52999877929688,89.52999877929688,89.48999786376953,89.51000213623047,89.51000213623047,25,0.0,0.0
2026-10-05 21:33:00-04:00,89.5199966430664,89.55999755859375,89.51000213623047,89.54000091552734,89.54000091552734,12,0.0,0.0
2026-10-05 21:34:00-04:00,89.54000091552734,89.58999633789062,89.54000091552734,89.58000183105469,89.58000183105469,21,0.0,0.0
2026-10-05 21:35:00-04:00,89.56999969482422,89.56999969482422,89.48999786376953,89.5,89.5,37,0.0,0.0
2026-10-05 21:36:00-04:00,89.4800033569336,89.5,89.45999908447266,89.5,89.5,39,0.0,0.0
2026-10-05 21:37:00-04:00,89.4800033569336,89.5,89.45999908447266,89.47000122070312,89.47000122070312,77,0.0,0.0
2026-10-05 21:38:00-04:00,89.47000122070312,89.48999786376953,89.44000244140625,89.48999786376953,89.48999786376953,27,0.0,0.0
2026-10-05 21:39:00-04:00,89.5,89.5,89.4800033569336,89.4800033569336,89.4800033569336,5,0.0,0.0
2026-10-05 21:40:00-04:00,89.4800033569336,89.4800033569336,89.47000122070312,89.47000122070312,89.47000122070312,7,0.0,0.0
2026-10-05 21:41:00-04:00,89.45999908447266,89.47000122070312,89.44000244140625,89.45999908447266,89.45999908447266,21,0.0,0.0
2026-10-05 21:42:00-04:00,89.45999908447266,89.4800033569336,89.44000244140625,89.4800033569336,89.4800033569336,29,0.0,0.0
2026-10-05 21:43:00-04:00,89.48999786376953,89.5,89.47000122070312,89.5,89.5,22,0.0,0.0
2026-10-05 21:44:00-04:00,89.48999786376953,89.5,89.47000122070312,89.4800033569336,89.4800033569336,11,0.0,0.0
2026-10-05 21:45:00-04:00,89.5,89.5,89.48999786376953,89.48999786376953,89.48999786376953,5,0.0,0.0
2026-10-05 21:46:00-04:00,89.5,89.5,89.5,89.5,89.5,1,0.0,0.0
2026-10-05 21:47:00-04:00,89.48999786376953,89.56999969482422,89.4800033569336,89.52999877929688,89.52999877929688,26,0.0,0.0
2026-10-05 21:48:00-04:00,89.51000213623047,89.51000213623047,89.47000122070312,89.5,89.5,16,0.0,0.0
2026-10-05 21:49:00-04:00,89.51000213623047,89.55000305175781,89.5,89.55000305175781,89.55000305175781,8,0.0,0.0
2026-10-05 21:50:00-04:00,89.54000091552734,89.55000305175781,89.5,89.51000213623047,89.51000213623047,24,0.0,0.0
2026-10-05 21:51:00-04:00,89.5199966430664,89.54000091552734,89.5199966430664,89.5199966430664,89.5199966430664,19,0.0,0.0
2026-10-05 21:52:00-04:00,89.51000213623047,89.5199966430664,89.51000213623047,89.5199966430664,89.5199966430664,2,0.0,0.0
2026-10-05 21:53:00-04:00,89.5199966430664,89.58999633789062,89.5199966430664,89.58999633789062,89.58999633789062,21,0.0,0.0
2026-10-05 21:54:00-04:00,89.58000183105469,89.58000183105469,89.58000183105469,89.58000183105469,89.58000183105469,7,0.0,0.0
2026-10-05 21:55:00-04:00,89.58999633789062,89.58999633789062,89.58000183105469,89.58999633789062,89.58999633789062,17,0.0,0.0
2026-10-05 21:56:00-04:00,89.55999755859375,89.56999969482422,89.54000091552734,89.55000305175781,89.55000305175781,15,0.0,0.0
2026-10-05 21:57:00-04:00,89.55000305175781,89.55999755859375,89.54000091552734,89.55000305175781,89.55000305175781,6,0.0,0.0
2026-10-05 21:58:00-04:00,89.52999877929688,89.55000305175781,89.52999877929688,89.55000305175781,89.55000305175781,6,0.0,0.0
2026-10-05 22:00:00-04:00,89.55000305175781,89.55999755859375,89.5199966430664,89.55999755859375,89.55999755859375,11,0.0,0.0
2026-10-05 22:01:00-04:00,89.52999877929688,89.52999877929688,89.52999877929688,89.52999877929688,89.52999877929688,1,0.0,0.0
2026-10-05 22:02:00-04:00,89.54000091552734,89.56999969482422,89.54000091552734,89.56999969482422,89.56999969482422,10,0.0,0.0
2026-10-05 22:03:00-04:00,89.55999755859375,89.56999969482422,89.55999755859375,89.56999969482422,89.56999969482422,4,0.0,0.0
2026-10-05 22:04:00-04:00,89.58999633789062,89.62999725341797,89.58000183105469,89.5999984741211,89.5999984741211,34,0.0,0.0
2026-10-05 22:05:00-04:00,89.5999984741211,89.62999725341797,89.5999984741211,89.62999725341797,89.62999725341797,17,0.0,0.0
2026-10-05 22:06:00-04:00,89.62999725341797,89.62999725341797,89.61000061035156,89.62999725341797,89.62999725341797,6,0.0,0.0
2026-10-05 22:08:00-04:00,89.62000274658203,89.62999725341797,89.5999984741211,89.62999725341797,89.62999725341797,53,0.0,0.0
2026-10-05 22:09:00-04:00,89.62999725341797,89.62999725341797,89.55999755859375,89.55999755859375,89.55999755859375,34,0.0,0.0
2026-10-05 22:10:00-04:00,89.58000183105469,89.58000183105469,89.54000091552734,89.55000305175781,89.55000305175781,8,0.0,0.0
2026-10-05 22:11:00-04:00,89.55000305175781,89.5999984741211,89.55000305175781,89.5999984741211,89.5999984741211,9,0.0,0.0
2026-10-05 22:12:00-04:00,89.58999633789062,89.61000061035156,89.58999633789062,89.61000061035156,89.61000061035156,80,0.0,0.0
2026-10-05 22:13:00-04:00,89.62000274658203,89.63999938964844,89.62000274658203,89.62999725341797,89.62999725341797,37,0.0,0.0
2026-10-05 22:14:00-04:00,89.62999725341797,89.66000366210938,89.62999725341797,89.63999938964844,89.63999938964844,63,0.0,0.0
2026-10-05 22:15:00-04:00,89.63999938964844,89.63999938964844,89.61000061035156,89.63999938964844,89.63999938964844,14,0.0,0.0
2026-10-05 22:16:00-04:00,89.63999938964844,89.66000366210938,89.63999938964844,89.66000366210938,89.66000366210938,8,0.0,0.0
2026-10-05 22:17:00-04:00,89.6500015258789,89.70999908447266,89.6500015258789,89.70999908447266,89.70999908447266,72,0.0,0.0
2026-10-05 22:18:00-04:00,89.69999694824219,89.69999694824219,89.68000030517578,89.69999694824219,89.69999694824219,17,0.0,0.0
2026-10-05 22:19:00-04:00,89.69000244140625,89.69000244140625,89.68000030517578,89.68000030517578,89.68000030517578,11,0.0,0.0
2026-10-05 22:20:00-04:00,89.68000030517578,89.70999908447266,89.68000030517578,89.70999908447266,89.70999908447266,12,0.0,0.0
2026-10-05 22:21:00-04:00,89.69999694824219,89.7300033569336,89.68000030517578,89.69000244140625,89.69000244140625,37,0.0,0.0
2026-10-05 22:22:00-04:00,89.69999694824219,89.69999694824219,89.6500015258789,89.66999816894531,89.66999816894531,27,0.0,0.0
2026-10-05 22:23:00-04:00,89.66999816894531,89.66999816894531,89.62999725341797,89.66999816894531,89.66999816894531,29,0.0,0.0
2026-10-05 22:24:00-04:00,89.66999816894531,89.72000122070312,89.66000366210938,89.72000122070312,89.72000122070312,54,0.0,0.0
2026-10-05 22:25:00-04:00,89.75,89.75,89.70999908447266,89.73999786376953,89.73999786376953,47,0.0,0.0
2026-10-05 22:26:00-04:00,89.73999786376953,89.7699966430664,89.73999786376953,89.76000213623047,89.76000213623047,28,0.0,0.0
2026-10-05 22:27:00-04:00,89.75,89.77999877929688,89.75,89.77999877929688,89.77999877929688,12,0.0,0.0
2026-10-05 22:28:00-04:00,89.76000213623047,89.76000213623047,89.73999786376953,89.73999786376953,89.73999786376953,10,0.0,0.0
2026-10-05 22:29:00-04:00,89.75,89.77999877929688,89.75,89.77999877929688,89.77999877929688,23,0.0,0.0
2026-10-05 22:30:00-04:00,89.7699966430664,89.77999877929688,89.7300033569336,89.73999786376953,89.73999786376953,47,0.0,0.0
2026-10-05 22:31:00-04:00,89.73999786376953,89.73999786376953,89.72000122070312,89.73999786376953,89.73999786376953,19,0.0,0.0
2026-10-05 22:32:00-04:00,89.75,89.75,89.73999786376953,89.73999786376953,89.73999786376953,8,0.0,0.0
2026-10-05 22:33:00-04:00,89.73999786376953,89.75,89.72000122070312,89.75,89.75,9,0.0,0.0
2026-10-05 22:34:00-04:00,89.73999786376953,89.76000213623047,89.73999786376953,89.75,89.75,9,0.0,0.0
2026-10-05 22:35:00-04:00,89.76000213623047,89.7699966430664,89.75,89.7699966430664,89.7699966430664,15,0.0,0.0
2026-10-05 22:36:00-04:00,89.7699966430664,89.7699966430664,89.76000213623047,89.7699966430664,89.7699966430664,10,0.0,0.0
2026-10-05 22:37:00-04:00,89.77999877929688,89.80000305175781,89.77999877929688,89.79000091552734,89.79000091552734,18,0.0,0.0
2026-10-05 22:38:00-04:00,89.79000091552734,89.80000305175781,89.79000091552734,89.80000305175781,89.80000305175781,20,0.0,0.0
2026-10-05 22:39:00-04:00,89.77999877929688,89.79000091552734,89.73999786376953,89.73999786376953,89.73999786376953,23,0.0,0.0
2026-10-05 22:40:00-04:00,89.7300033569336,89.7300033569336,89.69999694824219,89.70999908447266,89.70999908447266,31,0.0,0.0
2026-10-05 22:41:00-04:00,89.70999908447266,89.73999786376953,89.70999908447266,89.72000122070312,89.72000122070312,21,0.0,0.0
2026-10-05 22:42:00-04:00,89.70999908447266,89.7300033569336,89.69999694824219,89.69999694824219,89.69999694824219,14,0.0,0.0
2026-10-05 22:43:00-04:00,89.69000244140625,89.69999694824219,89.69000244140625,89.69999694824219,89.69999694824219,4,0.0,0.0
2026-10-05 22:44:00-04:00,89.69000244140625,89.69999694824219,89.66999816894531,89.68000030517578,89.68000030517578,10,0.0,0.0
2026-10-05 22:45:00-04:00,89.68000030517578,89.69999694824219,89.66999816894531,89.68000030517578,89.68000030517578,18,0.0,0.0
2026-10-05 22:46:00-04:00,89.68000030517578,89.70999908447266,89.66999816894531,89.68000030517578,89.68000030517578,31,0.0,0.0
2026-10-05 22:47:00-04:00,89.69000244140625,89.69000244140625,89.66999816894531,89.66999816894531,89.66999816894531,3,0.0,0.0
2026-10-05 22:48:00-04:00,89.69000244140625,89.7300033569336,89.69000244140625,89.7300033569336,89.7300033569336,10,0.0,0.0
2026-10-05 22:49:00-04:00,89.75,89.75,89.72000122070312,89.72000122070312,89.72000122070312,8,0.0,0.0
2026-10-05 22:50:00-04:00,89.70999908447266,89.75,89.70999908447266,89.73999786376953,89.73999786376953,5,0.0,0.0
2026-10-05 22:51:00-04:00,89.7300033569336,89.73999786376953,89.66999816894531,89.70999908447266,89.70999908447266,63,0.0,0.0
2026-10-05 22:52:00-04:00,89.72000122070312,89.7300033569336,89.70999908447266,89.7300033569336,89.7300033569336,15,0.0,0.0
2026-10-05 22:53:00-04:00,89.73999786376953,89.73999786376953,89.7300033569336,89.7300033569336,89.7300033569336,50,0.0,0.0
2026-10-05 22:54:00-04:00,89.7699966430664,89.7699966430664,89.75,89.75,89.75,86,0.0,0.0
2026-10-05 22:55:00-04:00,89.75,89.7699966430664,89.75,89.75,89.75,6,0.0,0.0
2026-10-05 22:56:00-04:00,89.7300033569336,89.73999786376953,89.7300033569336,89.73999786376953,89.73999786376953,7,0.0,0.0
2026-10-05 22:57:00-04:00,89.73999786376953,89.73999786376953,89.72000122070312,89.73999786376953,89.73999786376953,15,0.0,0.0
2026-10-05 22:58:00-04:00,89.73999786376953,89.75,89.7300033569336,89.73999786376953,89.73999786376953,11,0.0,0.0
2026-10-05 22:59:00-04:00,89.7300033569336,89.73999786376953,89.69000244140625,89.7300033569336,89.7300033569336,25,0.0,0.0
2026-10-05 23:00:00-04:00,89.72000122070312,89.79000091552734,89.72000122070312,89.79000091552734,89.79000091552734,86,0.0,0.0
2026-10-05 23:01:00-04:00,89.77999877929688,89.77999877929688,89.7300033569336,89.7300033569336,89.7300033569336,14,0.0,0.0
2026-10-05 23:02:00-04:00,89.75,89.77999877929688,89.75,89.76000213623047,89.76000213623047,13,0.0,0.0
2026-10-05 23:03:00-04:00,89.73999786376953,89.75,89.72000122070312,89.7300033569336,89.7300033569336,32,0.0,0.0
2026-10-05 23:04:00-04:00,89.7300033569336,89.7300033569336,89.69999694824219,89.69999694824219,89.69999694824219,15,0.0,0.0
2026-10-05 23:05:00-04:00,89.69000244140625,89.69999694824219,89.63999938964844,89.6500015258789,89.6500015258789,42,0.0,0.0
2026-10-05 23:06:00-04:00,89.66000366210938,89.69999694824219,89.6500015258789,89.66999816894531,89.66999816894531,33,0.0,0.0
2026-10-05 23:07:00-04:00,89.66999816894531,89.68000030517578,89.66000366210938,89.66000366210938,89.66000366210938,9,0.0,0.0
2026-10-05 23:08:00-04:00,89.66000366210938,89.66000366210938,89.62999725341797,89.63999938964844,89.63999938964844,22,0.0,0.0
2026-10-05 23:09:00-04:00,89.63999938964844,89.69999694824219,89.63999938964844,89.69999694824219,89.69999694824219,38,0.0,0.0
2026-10-05 23:10:00-04:00,89.69999694824219,89.69999694824219,89.63999938964844,89.6500015258789,89.6500015258789,183,0.0,0.0
2026-10-05 23:11:00-04:00,89.63999938964844,89.6500015258789,89.63999938964844,89.6500015258789,89.6500015258789,21,0.0,0.0
2026-10-05 23:12:00-04:00,89.66000366210938,89.66000366210938,89.5999984741211,89.61000061035156,89.61000061035156,25,0.0,0.0
2026-10-05 23:13:00-04:00,89.69000244140625,89.72000122070312,89.63999938964844,89.72000122070312,89.72000122070312,52,0.0,0.0
2026-10-05 23:14:00-04:00,89.72000122070312,89.73999786376953,89.72000122070312,89.7300033569336,89.7300033569336,12,0.0,0.0
2026-10-05 23:15:00-04:00,89.73999786376953,89.75,89.73999786376953,89.75,89.75,12,0.0,0.0
2026-10-05 23:16:00-04:00,89.76000213623047,89.76000213623047,89.7300033569336,89.75,89.75,19,0.0,0.0
2026-10-05 23:17:00-04:00,89.75,89.75,89.75,89.75,89.75,2,0.0,0.0
2026-10-05 23:18:00-04:00,89.76000213623047,89.76000213623047,89.7300033569336,89.7300033569336,89.7300033569336,7,0.0,0.0
2026-10-05 23:19:00-04:00,89.72000122070312,89.80000305175781,89.72000122070312,89.7699966430664,89.7699966430664,69,0.0,0.0
2026-10-05 23:20:00-04:00,89.76000213623047,89.76000213623047,89.75,89.75,89.75,19,0.0,0.0
2026-10-05 23:21:00-04:00,89.75,89.80000305175781,89.75,89.75,89.75,156,0.0,0.0
2026-10-05 23:22:00-04:00,89.75,89.75,89.75,89.75,89.75,3,0.0,0.0
2026-10-05 23:23:00-04:00,89.73999786376953,89.75,89.7300033569336,89.7300033569336,89.7300033569336,20,0.0,0.0
2026-10-05 23:24:00-04:00,89.7300033569336,89.73999786376953,89.72000122070312,89.72000122070312,89.72000122070312,17,0.0,0.0
2026-10-05 23:25:00-04:00,89.72000122070312,89.7300033569336,89.72000122070312,89.7300033569336,89.7300033569336,6,0.0,0.0
2026-10-05 23:26:00-04:00,89.73999786376953,89.73999786376953,89.70999908447266,89.70999908447266,89.70999908447266,11,0.0,0.0
2026-10-05 23:27:00-04:00,89.70999908447266,89.70999908447266,89.66999816894531,89.66999816894531,89.66999816894531,26,0.0,0.0
2026-10-05 23:28:00-04:00,89.68000030517578,89.68000030517578,89.66000366210938,89.66000366210938,89.66000366210938,9,0.0,0.0
2026-10-05 23:29:00-04:00,89.6500015258789,89.6500015258789,89.63999938964844,89.6500015258789,89.6500015258789,18,0.0,0.0
2026-10-05 23:30:00-04:00,89.66000366210938,89.76000213623047,89.66000366210938,89.73999786376953,89.73999786376953,57,0.0,0.0
2026-10-05 23:31:00-04:00,89.73999786376953,89.76000213623047,89.7300033569336,89.75,89.75,21,0.0,0.0
2026-10-05 23:32:00-04:00,89.76000213623047,89.77999877929688,89.73999786376953,89.75,89.75,25,0.0,0.0
2026-10-05 23:33:00-04:00,89.7699966430664,89.7699966430664,89.75,89.75,89.75,2,0.0,0.0
2026-10-05 23:34:00-04:00,89.75,89.76000213623047,89.73999786376953,89.73999786376953,89.73999786376953,8,0.0,0.0
2026-10-05 23:35:00-04:00,89.7300033569336,89.73999786376953,89.72000122070312,89.73999786376953,89.73999786376953,22,0.0,0.0
2026-10-05 23:36:00-04:00,89.75,89.75,89.72000122070312,89.73999786376953,89.73999786376953,15,0.0,0.0
2026-10-05 23:37:00-04:00,89.76000213623047,89.7699966430664,89.75,89.75,89.75,10,0.0,0.0
2026-10-05 23:38:00-04:00,89.75,89.75,89.73999786376953,89.73999786376953,89.73999786376953,5,0.0,0.0
2026-10-05 23:39:00-04:00,89.76000213623047,89.7699966430664,89.76000213623047,89.76000213623047,89.76000213623047,8,0.0,0.0
2026-10-05 23:40:00-04:00,89.7699966430664,89.80999755859375,89.7699966430664,89.80000305175781,89.80000305175781,35,0.0,0.0
2026-10-05 23:41:00-04:00,89.80999755859375,89.80999755859375,89.77999877929688,89.77999877929688,89.77999877929688,21,0.0,0.0
2026-10-05 23:42:00-04:00,89.7699966430664,89.77999877929688,89.76000213623047,89.76000213623047,89.76000213623047,9,0.0,0.0
2026-10-05 23:43:00-04:00,89.76000213623047,89.77999877929688,89.76000213623047,89.77999877929688,89.77999877929688,14,0.0,0.0
2026-10-05 23:44:00-04:00,89.81999969482422,89.81999969482422,89.77999877929688,89.80999755859375,89.80999755859375,45,0.0,0.0
2026-10-05 23:45:00-04:00,89.80000305175781,89.81999969482422,89.79000091552734,89.81999969482422,89.81999969482422,28,0.0,0.0
2026-10-05 23:46:00-04:00,89.80999755859375,89.83999633789062,89.80999755859375,89.83999633789062,89.83999633789062,14,0.0,0.0
2026-10-05 23:47:00-04:00,89.83999633789062,89.83999633789062,89.81999969482422,89.81999969482422,89.81999969482422,7,0.0,0.0
2026-10-05 23:48:00-04:00,89.81999969482422,89.81999969482422,89.77999877929688,89.77999877929688,89.77999877929688,43,0.0,0.0
2026-10-05 23:49:00-04:00,89.80999755859375,89.81999969482422,89.80000305175781,89.80000305175781,89.80000305175781,16,0.0,0.0
2026-10-05 23:50:00-04:00,89.79000091552734,89.80000305175781,89.79000091552734,89.80000305175781,89.80000305175781,4,0.0,0.0
2026-10-05 23:51:00-04:00,89.80000305175781,89.80000305175781,89.75,89.7699966430664,89.7699966430664,5,0.0,0.0
2026-10-05 23:52:00-04:00,89.77999877929688,89.80000305175781,89.77999877929688,89.79000091552734,89.79000091552734,9,0.0,0.0
2026-10-05 23:53:00-04:00,89.7699966430664,89.79000091552734,89.7699966430664,89.7699966430664,89.7699966430664,18,0.0,0.0
2026-10-05 23:54:00-04:00,89.76000213623047,89.79000091552734,89.75,89.77999877929688,89.77999877929688,22,0.0,0.0
2026-10-05 23:55:00-04:00,89.7699966430664,89.83000183105469,89.7699966430664,89.81999969482422,89.81999969482422,42,0.0,0.0
2026-10-05 23:56:00-04:00,89.81999969482422,89.83999633789062,89.81999969482422,89.83000183105469,89.83000183105469,20,0.0,0.0
2026-10-05 23:57:00-04:00,89.80000305175781,89.81999969482422,89.77999877929688,89.77999877929688,89.77999877929688,23,0.0,0.0
2026-10-05 23:58:00-04:00,89.77999877929688,89.79000091552734,89.75,89.75,89.75,8,0.0,0.0
2026-10-06 00:00:00-04:00,89.72000122070312,89.75,89.70999908447266,89.75,89.75,17,0.0,0.0
2026-10-06 00:01:00-04:00,89.7699966430664,89.7699966430664,89.7300033569336,89.7300033569336,89.7300033569336,8,0.0,0.0
2026-10-06 00:02:00-04:00,89.72000122070312,89.72000122070312,89.69000244140625,89.69000244140625,89.69000244140625,16,0.0,0.0
2026-10-06 00:03:00-04:00,89.69000244140625,89.69999694824219,89.62999725341797,89.63999938964844,89.63999938964844,33,0.0,0.0
2026-10-06 00:04:00-04:00,89.6500015258789,89.6500015258789,89.5999984741211,89.63999938964844,89.63999938964844,50,0.0,0.0
2026-10-06 00:05:00-04:00,89.63999938964844,89.66999816894531,89.62999725341797,89.66999816894531,89.66999816894531,15,0.0,0.0
2026-10-06 00:06:00-04:00,89.6500015258789,89.66000366210938,89.63999938964844,89.63999938964844,89.63999938964844,13,0.0,0.0
2026-10-06 00:07:00-04:00,89.6500015258789,89.66000366210938,89.63999938964844,89.63999938964844,89.63999938964844,11,0.0,0.0
2026-10-06 00:08:00-04:00,89.63999938964844,89.6500015258789,89.62999725341797,89.6500015258789,89.6500015258789,16,0.0,0.0
2026-10-06 00:09:00-04:00,89.62000274658203,89.62000274658203,89.62000274658203,89.62000274658203,89.62000274658203,8,0.0,0.0
2026-10-06 00:10:00-04:00,89.62999725341797,89.6500015258789,89.61000061035156,89.61000061035156,89.61000061035156,14,0.0,0.0
2026-10-06 00:11:00-04:00,89.61000061035156,89.63999938964844,89.61000061035156,89.63999938964844,89.63999938964844,10,0.0,0.0
2026-10-06 00:12:00-04:00,89.63999938964844,89.6500015258789,89.62999725341797,89.6500015258789,89.6500015258789,12,0.0,0.0
2026-10-06 00:13:00-04:00,89.62000274658203,89.62000274658203,89.5999984741211,89.5999984741211,89.5999984741211,18,0.0,0.0
2026-10-06 00:14:00-04:00,89.5999984741211,89.61000061035156,89.5999984741211,89.5999984741211,89.5999984741211,6,0.0,0.0
2026-10-06 00:15:00-04:00,89.58999633789062,89.5999984741211,89.58000183105469,89.5999984741211,89.5999984741211,5,0.0,0.0
2026-10-06 00:17:00-04:00,89.58999633789062,89.58999633789062,89.5199966430664,89.54000091552734,89.54000091552734,46,0.0,0.0
2026-10-06 00:18:00-04:00,89.52999877929688,89.55000305175781,89.5199966430664,89.5199966430664,89.5199966430664,19,0.0,0.0
2026-10-06 00:19:00-04:00,89.54000091552734,89.54000091552734,89.51000213623047,89.51000213623047,89.51000213623047,8,0.0,0.0
2026-10-06 00:20:00-04:00,89.52999877929688,89.54000091552734,89.51000213623047,89.52999877929688,89.52999877929688,13,0.0,0.0
2026-10-06 00:21:00-04:00,89.54000091552734,89.54000091552734,89.52999877929688,89.52999877929688,89.52999877929688,8,0.0,0.0
2026-10-06 00:22:00-04:00,89.5199966430664,89.5199966430664,89.48999786376953,89.51000213623047,89.51000213623047,29,0.0,0.0
2026-10-06 00:23:00-04:00,89.48999786376953,89.54000091552734,89.47000122070312,89.52999877929688,89.52999877929688,18,0.0,0.0
2026-10-06 00:24:00-04:00,89.5199966430664,89.52999877929688,89.51000213623047,89.52999877929688,89.52999877929688,16,0.0,0.0
2026-10-06 00:25:00-04:00,89.5199966430664,89.5199966430664,89.5,89.5,89.5,8,0.0,0.0
2026-10-06 00:26:00-04:00,89.51000213623047,89.5199966430664,89.4800033569336,89.5,89.5,22,0.0,0.0
2026-10-06 00:27:00-04:00,89.48999786376953,89.5199966430664,89.4800033569336,89.5199966430664,89.5199966430664,12,0.0,0.0
2026-10-06 00:28:00-04:00,89.54000091552734,89.58000183105469,89.54000091552734,89.58000183105469,89.58000183105469,23,0.0,0.0
2026-10-06 00:29:00-04:00,89.56999969482422,89.58000183105469,89.55999755859375,89.55999755859375,89.55999755859375,3,0.0,0.0
2026-10-06 00:30:00-04:00,89.55999755859375,89.58000183105469,89.55000305175781,89.56999969482422,89.56999969482422,12,0.0,0.0
2026-10-06 00:31:00-04:00,89.61000061035156,89.63999938964844,89.55999755859375,89.62999725341797,89.62999725341797,31,0.0,0.0
2026-10-06 00:32:00-04:00,89.62999725341797,89.6500015258789,89.62999725341797,89.6500015258789,89.6500015258789,20,0.0,0.0
2026-10-06 00:33:00-04:00,89.62999725341797,89.6500015258789,89.62999725341797,89.63999938964844,89.63999938964844,22,0.0,0.0
2026-10-06 00:34:00-04:00,89.63999938964844,89.70999908447266,89.63999938964844,89.70999908447266,89.70999908447266,48,0.0,0.0
2026-10-06 00:35:00-04:00,89.70999908447266,89.70999908447266,89.69000244140625,89.70999908447266,89.70999908447266,13,0.0,0.0
2026-10-06 00:36:00-04:00,89.69999694824219,89.77999877929688,89.69999694824219,89.75,89.75,31,0.0,0.0
2026-10-06 00:37:00-04:00,89.76000213623047,89.76000213623047,89.73999786376953,89.75,89.75,27,0.0,0.0
2026-10-06 00:38:00-04:00,89.75,89.80000305175781,89.75,89.80000305175781,89.80000305175781,23,0.0,0.0
2026-10-06 00:39:00-04:00,89.80000305175781,89.80999755859375,89.80000305175781,89.80999755859375,89.80999755859375,7,0.0,0.0
2026-10-06 00:40:00-04:00,89.80000305175781,89.86000061035156,89.80000305175781,89.83999633789062,89.83999633789062,94,0.0,0.0
2026-10-06 00:41:00-04:00,89.83000183105469,89.88999938964844,89.80999755859375,89.88999938964844,89.88999938964844,43,0.0,0.0
2026-10-06 00:42:00-04:00,89.88999938964844,89.9000015258789,89.87000274658203,89.88999938964844,89.88999938964844,23,0.0,0.0
2026-10-06 00:43:00-04:00,89.87999725341797,89.91000366210938,89.87000274658203,89.91000366210938,89.91000366210938,29,0.0,0.0
2026-10-06 00:44:00-04:00,89.91000366210938,89.9800033569336,89.9000015258789,89.91999816894531,89.91999816894531,154,0.0,0.0
2026-10-06 00:45:00-04:00,89.93000030517578,89.9800033569336,89.93000030517578,89.9800033569336,89.9800033569336,14,0.0,0.0
2026-10-06 00:46:00-04:00,89.97000122070312,89.98999786376953,89.95999908447266,89.98999786376953,89.98999786376953,26,0.0,0.0
2026-10-06 00:47:00-04:00,89.98999786376953,90.01000213623047,89.9800033569336,89.98999786376953,89.98999786376953,103,0.0,0.0
2026-10-06 00:48:00-04:00,89.9800033569336,89.98999786376953,89.97000122070312,89.9800033569336,89.9800033569336,18,0.0,0.0
2026-10-06 00:49:00-04:00,89.98999786376953,90.05000305175781,89.98999786376953,90.04000091552734,90.04000091552734,44,0.0,0.0
2026-10-06 00:50:00-04:00,90.02999877929688,90.04000091552734,90.0,90.02999877929688,90.02999877929688,52,0.0,0.0
2026-10-06 00:51:00-04:00,90.0199966430664,90.05000305175781,90.0,90.0,90.0,23,0.0,0.0
2026-10-06 00:52:00-04:00,90.0,90.0199966430664,89.98999786376953,89.98999786376953,89.98999786376953,10,0.0,0.0
2026-10-06 00:53:00-04:00,90.0,90.01000213623047,90.0,90.0,90.0,7,0.0,0.0
2026-10-06 00:54:00-04:00,90.0,90.01000213623047,89.9800033569336,90.01000213623047,90.01000213623047,34,0.0,0.0
2026-10-06 00:55:00-04:00,90.0,90.04000091552734,90.0,90.01000213623047,90.01000213623047,17,0.0,0.0
2026-10-06 00:56:00-04:00,90.01000213623047,90.02999877929688,89.9800033569336,90.02999877929688,90.02999877929688,60,0.0,0.0
2026-10-06 00:57:00-04:00,89.98999786376953,90.0199966430664,89.9800033569336,90.0,90.0,38,0.0,0.0
2026-10-06 00:58:00-04:00,89.98999786376953,89.98999786376953,89.9000015258789,89.9000015258789,89.9000015258789,72,0.0,0.0
2026-10-06 00:59:00-04:00,89.91999816894531,89.94000244140625,89.87999725341797,89.93000030517578,89.93000030517578,62,0.0,0.0
2026-10-06 01:00:00-04:00,89.93000030517578,89.95999908447266,89.93000030517578,89.94999694824219,89.94999694824219,52,0.0,0.0
2026-10-06 01:01:00-04:00,89.93000030517578,89.93000030517578,89.87999725341797,89.88999938964844,89.88999938964844,35,0.0,0.0
2026-10-06 01:02:00-04:00,89.87999725341797,89.91000366210938,89.87000274658203,89.87999725341797,89.87999725341797,13,0.0,0.0
2026-10-06 01:03:00-04:00,89.87000274658203,89.88999938964844,89.87000274658203,89.88999938964844,89.88999938964844,19,0.0,0.0
2026-10-06 01:04:00-04:00,89.88999938964844,89.88999938964844,89.88999938964844,89.88999938964844,89.88999938964844,1,0.0,0.0
2026-10-06 01:05:00-04:00,89.87000274658203,89.87000274658203,89.76000213623047,89.81999969482422,89.81999969482422,59,0.0,0.0
2026-10-06 01:06:00-04:00,89.83000183105469,89.83999633789062,89.80000305175781,89.81999969482422,89.81999969482422,25,0.0,0.0
2026-10-06 01:07:00-04:00,89.83999633789062,89.83999633789062,89.81999969482422,89.81999969482422,89.81999969482422,6,0.0,0.0
2026-10-06 01:08:00-04:00,89.83000183105469,89.88999938964844,89.83000183105469,89.86000061035156,89.86000061035156,37,0.0,0.0
2026-10-06 01:09:00-04:00,89.9000015258789,89.93000030517578,89.87999725341797,89.9000015258789,89.9000015258789,20,0.0,0.0
2026-10-06 01:10:00-04:00,89.91999816894531,89.91999816894531,89.91000366210938,89.91999816894531,89.91999816894531,6,0.0,0.0
2026-10-06 01:11:00-04:00,89.93000030517578,89.94000244140625,89.91000366210938,89.94000244140625,89.94000244140625,14,0.0,0.0
2026-10-06 01:12:00-04:00,89.9800033569336,89.9800033569336,89.9000015258789,89.91000366210938,89.91000366210938,76,0.0,0.0
2026-10-06 01:13:00-04:00,89.88999938964844,89.91000366210938,89.87999725341797,89.88999938964844,89.88999938964844,23,0.0,0.0
2026-10-06 01:14:00-04:00,89.87999725341797,89.88999938964844,89.87999725341797,89.87999725341797,89.87999725341797,8,0.0,0.0
2026-10-06 01:15:00-04:00,89.88999938964844,89.88999938964844,89.87999725341797,89.88999938964844,89.88999938964844,11,0.0,0.0
2026-10-06 01:16:00-04:00,89.88999938964844,89.91000366210938,89.8499984741211,89.87999725341797,89.87999725341797,134,0.0,0.0
2026-10-06 01:17:00-04:00,89.88999938964844,89.88999938964844,89.87000274658203,89.87000274658203,89.87000274658203,6,0.0,0.0
2026-10-06 01:18:00-04:00,89.87000274658203,89.88999938964844,89.87000274658203,89.88999938964844,89.88999938964844,7,0.0,0.0
2026-10-06 01:19:00-04:00,89.88999938964844,89.88999938964844,89.81999969482422,89.87000274658203,89.87000274658203,29,0.0,0.0
2026-10-06 01:20:00-04:00,89.87000274658203,89.87999725341797,89.8499984741211,89.8499984741211,89.8499984741211,5,0.0,0.0
2026-10-06 01:21:00-04:00,89.88999938964844,89.9000015258789,89.88999938964844,89.88999938964844,89.88999938964844,12,0.0,0.0
2026-10-06 01:22:00-04:00,89.87999725341797,89.87999725341797,89.86000061035156,89.86000061035156,89.86000061035156,3,0.0,0.0
2026-10-06 01:23:00-04:00,89.87999725341797,89.87999725341797,89.83000183105469,89.83000183105469,89.83000183105469,13,0.0,0.0
2026-10-06 01:24:00-04:00,89.83000183105469,89.83000183105469,89.79000091552734,89.81999969482422,89.81999969482422,50,0.0,0.0
2026-10-06 01:25:00-04:00,89.83000183105469,89.86000061035156,89.83000183105469,89.86000061035156,89.86000061035156,3,0.0,0.0
2026-10-06 01:26:00-04:00,89.86000061035156,89.86000061035156,89.83999633789062,89.83999633789062,89.83999633789062,4,0.0,0.0
2026-10-06 01:27:00-04:00,89.83000183105469,89.87000274658203,89.80999755859375,89.8499984741211,89.8499984741211,59,0.0,0.0
2026-10-06 01:28:00-04:00,89.83999633789062,89.8499984741211,89.79000091552734,89.80000305175781,89.80000305175781,22,0.0,0.0
2026-10-06 01:29:00-04:00,89.79000091552734,89.80000305175781,89.75,89.75,89.75,77,0.0,0.0
2026-10-06 01:30:00-04:00,89.7699966430664,89.77999877929688,89.7300033569336,89.75,89.75,25,0.0,0.0
2026-10-06 01:31:00-04:00,89.73999786376953,89.73999786376953,89.68000030517578,89.69999694824219,89.69999694824219,49,0.0,0.0
2026-10-06 01:32:00-04:00,89.70999908447266,89.70999908447266,89.66999816894531,89.69000244140625,89.69000244140625,10,0.0,0.0
2026-10-06 01:33:00-04:00,89.6500015258789,89.77999877929688,89.62999725341797,89.77999877929688,89.77999877929688,67,0.0,0.0
2026-10-06 01:34:00-04:00,89.7699966430664,89.79000091552734,89.75,89.7699966430664,89.7699966430664,28,0.0,0.0
2026-10-06 01:35:00-04:00,89.7699966430664,89.77999877929688,89.73999786376953,89.73999786376953,89.73999786376953,5,0.0,0.0
2026-10-06 01:36:00-04:00,89.75,89.76000213623047,89.69000244140625,89.69999694824219,89.69999694824219,14,0.0,0.0
2026-10-06 01:37:00-04:00,89.70999908447266,89.70999908447266,89.68000030517578,89.69000244140625,89.69000244140625,15,0.0,0.0
2026-10-06 01:38:00-04:00,89.68000030517578,89.68000030517578,89.58999633789062,89.62000274658203,89.62000274658203,34,0.0,0.0
2026-10-06 01:39:00-04:00,89.62999725341797,89.6500015258789,89.5999984741211,89.63999938964844,89.63999938964844,30,0.0,0.0
2026-10-06 01:40:00-04:00,89.66999816894531,89.66999816894531,89.63999938964844,89.6500015258789,89.6500015258789,20,0.0,0.0
2026-10-06 01:41:00-04:00,89.6500015258789,89.66999816894531,89.63999938964844,89.66000366210938,89.66000366210938,19,0.0,0.0
2026-10-06 01:42:00-04:00,89.68000030517578,89.68000030517578,89.66999816894531,89.68000030517578,89.68000030517578,12,0.0,0.0
2026-10-06 01:43:00-04:00,89.66999816894531,89.66999816894531,89.62999725341797,89.66000366210938,89.66000366210938,15,0.0,0.0
2026-10-06 01:44:00-04:00,89.6500015258789,89.66000366210938,89.6500015258789,89.66000366210938,89.66000366210938,5,0.0,0.0
2026-10-06 01:45:00-04:00,89.66000366210938,89.66999816894531,89.6500015258789,89.66999816894531,89.66999816894531,10,0.0,0.0
2026-10-06 01:46:00-04:00,89.69000244140625,89.70999908447266,89.69000244140625,89.69000244140625,89.69000244140625,42,0.0,0.0
2026-10-06 01:47:00-04:00,89.72000122070312,89.73999786376953,89.69999694824219,89.7300033569336,89.7300033569336,43,0.0,0.0
2026-10-06 01:48:00-04:00,89.73999786376953,89.7699966430664,89.7300033569336,89.76000213623047,89.76000213623047,35,0.0,0.0
2026-10-06 01:49:00-04:00,89.7699966430664,89.80000305175781,89.73999786376953,89.79000091552734,89.79000091552734,35,0.0,0.0
2026-10-06 01:50:00-04:00,89.76000213623047,89.77999877929688,89.69000244140625,89.72000122070312,89.72000122070312,53,0.0,0.0
2026-10-06 01:51:00-04:00,89.70999908447266,89.70999908447266,89.68000030517578,89.70999908447266,89.70999908447266,19,0.0,0.0
2026-10-06 01:52:00-04:00,89.69999694824219,89.7300033569336,89.69999694824219,89.70999908447266,89.70999908447266,3,0.0,0.0
2026-10-06 01:53:00-04:00,89.7300033569336,89.7300033569336,89.70999908447266,89.70999908447266,89.70999908447266,13,0.0,0.0
2026-10-06 01:54:00-04:00,89.70999908447266,89.70999908447266,89.6500015258789,89.6500015258789,89.6500015258789,19,0.0,0.0
2026-10-06 01:55:00-04:00,89.68000030517578,89.69999694824219,89.66999816894531,89.68000030517578,89.68000030517578,17,0.0,0.0
2026-10-06 01:56:00-04:00,89.66000366210938,89.66000366210938,89.63999938964844,89.63999938964844,89.63999938964844,7,0.0,0.0
2026-10-06 01:57:00-04:00,89.62999725341797,89.62999725341797,89.55000305175781,89.55999755859375,89.55999755859375,53,0.0,0.0
2026-10-06 01:58:00-04:00,89.55999755859375,89.55999755859375,89.44999694824219,89.4800033569336,89.4800033569336,76,0.0,0.0
2026-10-06 01:59:00-04:00,89.47000122070312,89.4800033569336,89.41999816894531,89.44999694824219,89.44999694824219,109,0.0,0.0
2026-10-06 02:00:00-04:00,89.41999816894531,89.45999908447266,89.36000061035156,89.38999938964844,89.38999938964844,140,0.0,0.0
2026-10-06 02:01:00-04:00,89.37999725341797,89.43000030517578,89.37999725341797,89.41999816894531,89.41999816894531,41,0.0,0.0
2026-10-06 02:02:00-04:00,89.41000366210938,89.44999694824219,89.37999725341797,89.41000366210938,89.41000366210938,75,0.0,0.0
2026-10-06 02:03:00-04:00,89.4000015258789,89.41000366210938,89.37999725341797,89.41000366210938,89.41000366210938,45,0.0,0.0
2026-10-06 02:04:00-04:00,89.41999816894531,89.44000244140625,89.38999938964844,89.38999938964844,89.38999938964844,28,0.0,0.0
2026-10-06 02:05:00-04:00,89.4000015258789,89.47000122070312,89.30000305175781,89.3499984741211,89.3499984741211,234,0.0,0.0
2026-10-06 02:06:00-04:00,89.33000183105469,89.37999725341797,89.30000305175781,89.37999725341797,89.37999725341797,77,0.0,0.0
2026-10-06 02:07:00-04:00,89.37999725341797,89.43000030517578,89.37999725341797,89.41000366210938,89.41000366210938,47,0.0,0.0
2026-10-06 02:08:00-04:00,89.41000366210938,89.41000366210938,89.31999969482422,89.37999725341797,89.37999725341797,88,0.0,0.0
2026-10-06 02:09:00-04:00,89.37999725341797,89.38999938964844,89.37000274658203,89.37000274658203,89.37000274658203,13,0.0,0.0
2026-10-06 02:10:00-04:00,89.3499984741211,89.3499984741211,89.31999969482422,89.33000183105469,89.33000183105469,16,0.0,0.0
2026-10-06 02:11:00-04:00,89.31999969482422,89.31999969482422,89.23999786376953,89.27999877929688,89.27999877929688,205,0.0,0.0
2026-10-06 02:12:00-04:00,89.2699966430664,89.27999877929688,89.20999908447266,89.2300033569336,89.2300033569336,88,0.0,0.0
2026-10-06 02:13:00-04:00,89.2300033569336,89.25,89.13999938964844,89.22000122070312,89.22000122070312,252,0.0,0.0
2026-10-06 02:14:00-04:00,89.22000122070312,89.27999877929688,89.13999938964844,89.16000366210938,89.16000366210938,96,0.0,0.0
2026-10-06 02:15:00-04:00,89.1500015258789,89.1500015258789,89.0199966430664,89.02999877929688,89.02999877929688,252,0.0,0.0
2026-10-06 02:16:00-04:00,88.93000030517578,89.02999877929688,88.66000366210938,88.7300033569336,88.7300033569336,845,0.0,0.0
2026-10-06 02:17:00-04:00,88.75,88.80999755859375,88.62999725341797,88.7300033569336,88.7300033569336,332,0.0,0.0
2026-10-06 02:18:00-04:00,88.7300033569336,88.80000305175781,88.72000122070312,88.75,88.75,150,0.0,0.0
2026-10-06 02:19:00-04:00,88.77999877929688,88.80999755859375,88.7300033569336,88.7699966430664,88.7699966430664,177,0.0,0.0
2026-10-06 02:20:00-04:00,88.76000213623047,88.76000213623047,88.63999938964844,88.66999816894531,88.66999816894531,203,0.0,0.0
2026-10-06 02:21:00-04:00,88.6500015258789,88.68000030517578,88.5999984741211,88.66999816894531,88.66999816894531,238,0.0,0.0
2026-10-06 02:22:00-04:00,88.66000366210938,88.69000244140625,88.61000061035156,88.61000061035156,88.61000061035156,328,0.0,0.0
2026-10-06 02:23:00-04:00,88.62000274658203,88.77999877929688,88.62000274658203,88.72000122070312,88.72000122070312,197,0.0,0.0
2026-10-06 02:24:00-04:00,88.69999694824219,88.79000091552734,88.69999694824219,88.7699966430664,88.7699966430664,132,0.0,0.0
2026-10-06 02:25:00-04:00,88.7699966430664,88.81999969482422,88.73999786376953,88.76000213623047,88.76000213623047,117,0.0,0.0
2026-10-06 02:26:00-04:00,88.72000122070312,88.76000213623047,88.70999908447266,88.73999786376953,88.73999786376953,82,0.0,0.0
2026-10-06 02:27:00-04:00,88.73999786376953,88.7699966430664,88.63999938964844,88.7699966430664,88.7699966430664,97,0.0,0.0
2026-10-06 02:28:00-04:00,88.77999877929688,88.81999969482422,88.73999786376953,88.77999877929688,88.77999877929688,141,0.0,0.0
2026-10-06 02:29:00-04:00,88.79000091552734,88.93000030517578,88.7699966430664,88.87999725341797,88.87999725341797,147,0.0,0.0
2026-10-06 02:30:00-04:00,88.87000274658203,88.91999816894531,88.80000305175781,88.87000274658203,88.87000274658203,130,0.0,0.0
2026-10-06 02:31:00-04:00,88.86000061035156,88.88999938964844,88.83999633789062,88.83999633789062,88.83999633789062,85,0.0,0.0
2026-10-06 02:32:00-04:00,88.83000183105469,88.87000274658203,88.7699966430664,88.7699966430664,88.7699966430664,145,0.0,0.0
2026-10-06 02:33:00-04:00,88.77999877929688,88.79000091552734,88.76000213623047,88.76000213623047,88.76000213623047,61,0.0,0.0
2026-10-06 02:34:00-04:00,88.77999877929688,88.81999969482422,88.73999786376953,88.77999877929688,88.77999877929688,71,0.0,0.0
2026-10-06 02:35:00-04:00,88.79000091552734,88.79000091552734,88.75,88.79000091552734,88.79000091552734,32,0.0,0.0
2026-10-06 02:36:00-04:00,88.77999877929688,88.77999877929688,88.58000183105469,88.62000274658203,88.62000274658203,279,0.0,0.0
2026-10-06 02:37:00-04:00,88.62999725341797,88.63999938964844,88.56999969482422,88.62000274658203,88.62000274658203,180,0.0,0.0
2026-10-06 02:38:00-04:00,88.62000274658203,88.62999725341797,88.55000305175781,88.5999984741211,88.5999984741211,218,0.0,0.0
2026-10-06 02:39:00-04:00,88.58000183105469,88.72000122070312,88.55000305175781,88.68000030517578,88.68000030517578,98,0.0,0.0
2026-10-06 02:40:00-04:00,88.68000030517578,88.73999786376953,88.66999816894531,88.70999908447266,88.70999908447266,72,0.0,0.0
2026-10-06 02:41:00-04:00,88.72000122070312,88.77999877929688,88.68000030517578,88.77999877929688,88.77999877929688,130,0.0,0.0
2026-10-06 02:42:00-04:00,88.76000213623047,88.77999877929688,88.63999938964844,88.6500015258789,88.6500015258789,160,0.0,0.0
2026-10-06 02:43:00-04:00,88.66000366210938,88.66000366210938,88.5999984741211,88.62000274658203,88.62000274658203,144,0.0,0.0
2026-10-06 02:44:00-04:00,88.62000274658203,88.66000366210938,88.61000061035156,88.66000366210938,88.66000366210938,64,0.0,0.0
2026-10-06 02:45:00-04:00,88.6500015258789,88.66000366210938,88.45999908447266,88.45999908447266,88.45999908447266,444,0.0,0.0
2026-10-06 02:46:00-04:00,88.45999908447266,88.47000122070312,88.37000274658203,88.44000244140625,88.44000244140625,522,0.0,0.0
2026-10-06 02:47:00-04:00,88.44000244140625,88.45999908447266,88.38999938964844,88.4000015258789,88.4000015258789,100,0.0,0.0
2026-10-06 02:48:00-04:00,88.41000366210938,88.44999694824219,88.41000366210938,88.44000244140625,88.44000244140625,91,0.0,0.0
2026-10-06 02:49:00-04:00,88.41999816894531,88.44999694824219,88.41000366210938,88.41999816894531,88.41999816894531,125,0.0,0.0
2026-10-06 02:50:00-04:00,88.41999816894531,88.44999694824219,88.41000366210938,88.43000030517578,88.43000030517578,120,0.0,0.0
2026-10-06 02:51:00-04:00,88.43000030517578,88.45999908447266,88.4000015258789,88.45999908447266,88.45999908447266,215,0.0,0.0
2026-10-06 02:52:00-04:00,88.44000244140625,88.54000091552734,88.44000244140625,88.52999877929688,88.52999877929688,133,0.0,0.0
2026-10-06 02:53:00-04:00,88.5,88.55999755859375,88.45999908447266,88.54000091552734,88.54000091552734,128,0.0,0.0
2026-10-06 02:54:00-04:00,88.55000305175781,88.55000305175781,88.4800033569336,88.5199966430664,88.5199966430664,112,0.0,0.0
2026-10-06 02:55:00-04:00,88.54000091552734,88.7300033569336,88.52999877929688,88.6500015258789,88.6500015258789,294,0.0,0.0
2026-10-06 02:56:00-04:00,88.6500015258789,88.66999816894531,88.61000061035156,88.66999816894531,88.66999816894531,183,0.0,0.0
2026-10-06 02:57:00-04:00,88.68000030517578,88.69999694824219,88.62000274658203,88.68000030517578,88.68000030517578,91,0.0,0.0
2026-10-06 02:58:00-04:00,88.68000030517578,88.70999908447266,88.66000366210938,88.69999694824219,88.69999694824219,65,0.0,0.0
2026-10-06 02:59:00-04:00,88.69000244140625,88.7300033569336,88.66000366210938,88.69999694824219,88.69999694824219,119,0.0,0.0
2026-10-06 03:00:00-04:00,88.68000030517578,88.69000244140625,88.55000305175781,88.61000061035156,88.61000061035156,303,0.0,0.0
2026-10-06 03:01:00-04:00,88.62000274658203,88.62000274658203,88.54000091552734,88.58000183105469,88.58000183105469,111,0.0,0.0
2026-10-06 03:02:00-04:00,88.55999755859375,88.61000061035156,88.44999694824219,88.51000213623047,88.51000213623047,193,0.0,0.0
2026-10-06 03:03:00-04:00,88.48999786376953,88.5199966430664,88.37999725341797,88.44000244140625,88.44000244140625,190,0.0,0.0
2026-10-06 03:04:00-04:00,88.45999908447266,88.5,88.37000274658203,88.44000244140625,88.44000244140625,138,0.0,0.0
2026-10-06 03:05:00-04:00,88.41000366210938,88.54000091552734,88.4000015258789,88.5199966430664,88.5199966430664,98,0.0,0.0
2026-10-06 03:06:00-04:00,88.5199966430664,88.52999877929688,88.45999908447266,88.4800033569336,88.4800033569336,58,0.0,0.0
2026-10-06 03:07:00-04:00,88.47000122070312,88.56999969482422,88.44999694824219,88.52999877929688,88.52999877929688,178,0.0,0.0
2026-10-06 03:08:00-04:00,88.51000213623047,88.52999877929688,88.44999694824219,88.47000122070312,88.47000122070312,49,0.0,0.0
2026-10-06 03:09:00-04:00,88.47000122070312,88.47000122070312,88.37999725341797,88.43000030517578,88.43000030517578,95,0.0,0.0
2026-10-06 03:10:00-04:00,88.43000030517578,88.45999908447266,88.36000061035156,88.37999725341797,88.37999725341797,112,0.0,0.0
2026-10-06 03:11:00-04:00,88.3499984741211,88.37999725341797,88.31999969482422,88.33999633789062,88.33999633789062,181,0.0,0.0
2026-10-06 03:12:00-04:00,88.37000274658203,88.37000274658203,88.31999969482422,88.33000183105469,88.33000183105469,86,0.0,0.0
2026-10-06 03:13:00-04:00,88.33999633789062,88.44000244140625,88.33999633789062,88.4000015258789,88.4000015258789,69,0.0,0.0
2026-10-06 03:14:00-04:00,88.4000015258789,88.41000366210938,88.30999755859375,88.33000183105469,88.33000183105469,49,0.0,0.0
2026-10-06 03:15:00-04:00,88.33000183105469,88.37000274658203,88.30000305175781,88.36000061035156,88.36000061035156,120,0.0,0.0
2026-10-06 03:16:00-04:00,88.36000061035156,88.4000015258789,88.36000061035156,88.37999725341797,88.37999725341797,36,0.0,0.0
2026-10-06 03:17:00-04:00,88.37999725341797,88.41000366210938,88.33000183105469,88.4000015258789,88.4000015258789,111,0.0,0.0
2026-10-06 03:18:00-04:00,88.38999938964844,88.4000015258789,88.31999969482422,88.33000183105469,88.33000183105469,70,0.0,0.0
2026-10-06 03:19:00-04:00,88.30000305175781,88.36000061035156,88.29000091552734,88.33000183105469,88.33000183105469,75,0.0,0.0
2026-10-06 03:20:00-04:00,88.31999969482422,88.33999633789062,88.30999755859375,88.33999633789062,88.33999633789062,53,0.0,0.0
2026-10-06 03:21:00-04:00,88.3499984741211,88.41000366210938,88.33000183105469,88.4000015258789,88.4000015258789,80,0.0,0.0
2026-10-06 03:22:00-04:00,88.4000015258789,88.41999816894531,88.3499984741211,88.3499984741211,88.3499984741211,53,0.0,0.0
2026-10-06 03:23:00-04:00,88.3499984741211,88.37000274658203,88.33000183105469,88.36000061035156,88.36000061035156,60,0.0,0.0
2026-10-06 03:24:00-04:00,88.36000061035156,88.37000274658203,88.31999969482422,88.33999633789062,88.33999633789062,75,0.0,0.0
2026-10-06 03:25:00-04:00,88.33000183105469,88.41999816894531,88.33000183105469,88.4000015258789,88.4000015258789,133,0.0,0.0
2026-10-06 03:26:00-04:00,88.38999938964844,88.38999938964844,88.30000305175781,88.3499984741211,88.3499984741211,93,0.0,0.0
2026-10-06 03:27:00-04:00,88.31999969482422,88.33999633789062,88.27999877929688,88.30000305175781,88.30000305175781,142,0.0,0.0
2026-10-06 03:28:00-04:00,88.30000305175781,88.36000061035156,88.29000091552734,88.3499984741211,88.3499984741211,32,0.0,0.0
2026-10-06 03:29:00-04:00,88.33000183105469,88.55000305175781,88.33000183105469,88.5,88.5,330,0.0,0.0
2026-10-06 03:30:00-04:00,88.47000122070312,88.72000122070312,88.44999694824219,88.68000030517578,88.68000030517578,424,0.0,0.0
2026-10-06 03:31:00-04:00,88.69000244140625,88.95999908447266,88.66000366210938,88.87000274658203,88.87000274658203,438,0.0,0.0
2026-10-06 03:32:00-04:00,88.86000061035156,88.86000061035156,88.75,88.76000213623047,88.76000213623047,203,0.0,0.0
2026-10-06 03:33:00-04:00,88.7699966430664,88.7699966430664,88.58999633789062,88.66000366210938,88.66000366210938,173,0.0,0.0
2026-10-06 03:34:00-04:00,88.66000366210938,88.7699966430664,88.63999938964844,88.72000122070312,88.72000122070312,190,0.0,0.0
2026-10-06 03:35:00-04:00,88.7300033569336,88.76000213623047,88.68000030517578,88.7300033569336,88.7300033569336,68,0.0,0.0
2026-10-06 03:36:00-04:00,88.70999908447266,88.75,88.68000030517578,88.69999694824219,88.69999694824219,107,0.0,0.0
2026-10-06 03:37:00-04:00,88.70999908447266,88.73999786376953,88.62999725341797,88.66000366210938,88.66000366210938,103,0.0,0.0
2026-10-06 03:38:00-04:00,88.72000122070312,88.73999786376953,88.55999755859375,88.56999969482422,88.56999969482422,106,0.0,0.0
2026-10-06 03:39:00-04:00,88.58999633789062,88.62000274658203,88.5199966430664,88.54000091552734,88.54000091552734,88,0.0,0.0
2026-10-06 03:40:00-04:00,88.55000305175781,88.61000061035156,88.55000305175781,88.58000183105469,88.58000183105469,41,0.0,0.0
2026-10-06 03:41:00-04:00,88.56999969482422,88.56999969482422,88.51000213623047,88.52999877929688,88.52999877929688,43,0.0,0.0
2026-10-06 03:42:00-04:00,88.5199966430664,88.54000091552734,88.51000213623047,88.54000091552734,88.54000091552734,44,0.0,0.0
2026-10-06 03:43:00-04:00,88.52999877929688,88.61000061035156,88.52999877929688,88.58000183105469,88.58000183105469,55,0.0,0.0
2026-10-06 03:44:00-04:00,88.58000183105469,88.58999633789062,88.5199966430664,88.52999877929688,88.52999877929688,25,0.0,0.0
2026-10-06 03:45:00-04:00,88.5199966430664,88.5199966430664,88.37999725341797,88.4000015258789,88.4000015258789,112,0.0,0.0
2026-10-06 03:46:00-04:00,88.38999938964844,88.41999816894531,88.27999877929688,88.30999755859375,88.30999755859375,126,0.0,0.0
2026-10-06 03:47:00-04:00,88.30999755859375,88.3499984741211,88.29000091552734,88.33000183105469,88.33000183105469,104,0.0,0.0
2026-10-06 03:48:00-04:00,88.33000183105469,88.41000366210938,88.33000183105469,88.4000015258789,88.4000015258789,45,0.0,0.0
2026-10-06 03:49:00-04:00,88.41000366210938,88.45999908447266,88.37000274658203,88.44000244140625,88.44000244140625,81,0.0,0.0
2026-10-06 03:50:00-04:00,88.44000244140625,88.52999877929688,88.41000366210938,88.51000213623047,88.51000213623047,209,0.0,0.0
2026-10-06 03:51:00-04:00,88.51000213623047,88.66000366210938,88.48999786376953,88.63999938964844,88.63999938964844,191,0.0,0.0
2026-10-06 03:52:00-04:00,88.63999938964844,88.68000030517578,88.51000213623047,88.52999877929688,88.52999877929688,109,0.0,0.0
2026-10-06 03:53:00-04:00,88.54000091552734,88.54000091552734,88.48999786376953,88.5,88.5,41,0.0,0.0
2026-10-06 03:54:00-04:00,88.5,88.52999877929688,88.47000122070312,88.4800033569336,88.4800033569336,57,0.0,0.0
2026-10-06 03:55:00-04:00,88.48999786376953,88.5,88.47000122070312,88.47000122070312,88.47000122070312,71,0.0,0.0
2026-10-06 03:56:00-04:00,88.45999908447266,88.4800033569336,88.31999969482422,88.38999938964844,88.38999938964844,191,0.0,0.0
2026-10-06 03:57:00-04:00,88.43000030517578,88.44000244140625,88.33999633789062,88.41000366210938,88.41000366210938,378,0.0,0.0
2026-10-06 03:58:00-04:00,88.41999816894531,88.45999908447266,88.41000366210938,88.44999694824219,88.44999694824219,87,0.0,0.0
2026-10-06 03:59:00-04:00,88.44999694824219,88.54000091552734,88.44000244140625,88.54000091552734,88.54000091552734,155,0.0,0.0
2026-10-06 04:00:00-04:00,88.51000213623047,88.56999969482422,88.37000274658203,88.43000030517578,88.43000030517578,299,0.0,0.0
2026-10-06 04:01:00-04:00,88.41999816894531,88.52999877929688,88.38999938964844,88.5199966430664,88.5199966430664,155,0.0,0.0
2026-10-06 04:02:00-04:00,88.5199966430664,88.5199966430664,88.41000366210938,88.44999694824219,88.44999694824219,140,0.0,0.0
2026-10-06 04:03:00-04:00,88.41999816894531,88.43000030517578,88.23999786376953,88.27999877929688,88.27999877929688,308,0.0,0.0
2026-10-06 04:04:00-04:00,88.30000305175781,88.41000366210938,88.30000305175781,88.38999938964844,88.38999938964844,233,0.0,0.0
2026-10-06 04:05:00-04:00,88.41999816894531,88.45999908447266,88.3499984741211,88.41999816894531,88.41999816894531,133,0.0,0.0
2026-10-06 04:06:00-04:00,88.43000030517578,88.44000244140625,88.33999633789062,88.37000274658203,88.37000274658203,89,0.0,0.0
2026-10-06 04:07:00-04:00,88.37999725341797,88.48999786376953,88.37000274658203,88.48999786376953,88.48999786376953,335,0.0,0.0
2026-10-06 04:08:00-04:00,88.48999786376953,88.5999984741211,88.48999786376953,88.58000183105469,88.58000183105469,222,0.0,0.0
2026-10-06 04:09:00-04:00,88.54000091552734,88.62000274658203,88.4800033569336,88.5,88.5,100,0.0,0.0
2026-10-06 04:10:00-04:00,88.5,88.76000213623047,88.4800033569336,88.69000244140625,88.69000244140625,262,0.0,0.0
2026-10-06 04:11:00-04:00,88.69000244140625,88.83000183105469,88.66999816894531,88.77999877929688,88.77999877929688,235,0.0,0.0
2026-10-06 04:12:00-04:00,88.77999877929688,88.79000091552734,88.69999694824219,88.7300033569336,88.7300033569336,191,0.0,0.0
2026-10-06 04:13:00-04:00,88.68000030517578,88.94999694824219,88.6500015258789,88.9000015258789,88.9000015258789,442,0.0,0.0
2026-10-06 04:14:00-04:00,88.91999816894531,89.0199966430664,88.9000015258789,89.0,89.0,229,0.0,0.0
2026-10-06 04:15:00-04:00,89.0,89.02999877929688,88.79000091552734,88.80000305175781,88.80000305175781,294,0.0,0.0
2026-10-06 04:16:00-04:00,88.80000305175781,88.81999969482422,88.6500015258789,88.66000366210938,88.66000366210938,330,0.0,0.0
2026-10-06 04:17:00-04:00,88.68000030517578,88.7699966430664,88.66999816894531,88.7300033569336,88.7300033569336,181,0.0,0.0
2026-10-06 04:18:00-04:00,88.70999908447266,88.76000213623047,88.5199966430664,88.58000183105469,88.58000183105469,495,0.0,0.0
2026-10-06 04:19:00-04:00,88.55000305175781,88.63999938964844,88.5199966430664,88.63999938964844,88.63999938964844,159,0.0,0.0
2026-10-06 04:20:00-04:00,88.62999725341797,88.72000122070312,88.62000274658203,88.69000244140625,88.69000244140625,536,0.0,0.0
2026-10-06 04:21:00-04:00,88.68000030517578,88.68000030517578,88.5999984741211,88.62000274658203,88.62000274658203,157,0.0,0.0
2026-10-06 04:22:00-04:00,88.5999984741211,88.61000061035156,88.55999755859375,88.56999969482422,88.56999969482422,147,0.0,0.0
2026-10-06 04:23:00-04:00,88.56999969482422,88.62000274658203,88.52999877929688,88.62000274658203,88.62000274658203,202,0.0,0.0
2026-10-06 04:24:00-04:00,88.5999984741211,88.62999725341797,88.44999694824219,88.54000091552734,88.54000091552734,194,0.0,0.0
2026-10-06 04:25:00-04:00,88.54000091552734,88.62000274658203,88.5199966430664,88.55000305175781,88.55000305175781,259,0.0,0.0
2026-10-06 04:26:00-04:00,88.54000091552734,88.6500015258789,88.54000091552734,88.63999938964844,88.63999938964844,134,0.0,0.0
2026-10-06 04:27:00-04:00,88.63999938964844,88.66999816894531,88.58000183105469,88.63999938964844,88.63999938964844,124,0.0,0.0
2026-10-06 04:28:00-04:00,88.63999938964844,88.66999816894531,88.5199966430664,88.55000305175781,88.55000305175781,204,0.0,0.0
2026-10-06 04:29:00-04:00,88.5199966430664,88.62000274658203,88.41000366210938,88.5,88.5,430,0.0,0.0
2026-10-06 04:30:00-04:00,88.48999786376953,88.5199966430664,88.4000015258789,88.41000366210938,88.41000366210938,381,0.0,0.0
2026-10-06 04:31:00-04:00,88.38999938964844,88.43000030517578,88.2699966430664,88.41000366210938,88.41000366210938,465,0.0,0.0
2026-10-06 04:32:00-04:00,88.4000015258789,88.47000122070312,88.37999725341797,88.44000244140625,88.44000244140625,126,0.0,0.0
2026-10-06 04:33:00-04:00,88.44000244140625,88.54000091552734,88.43000030517578,88.5199966430664,88.5199966430664,191,0.0,0.0
2026-10-06 04:34:00-04:00,88.5,88.55000305175781,88.37000274658203,88.44999694824219,88.44999694824219,169,0.0,0.0
2026-10-06 04:35:00-04:00,88.44999694824219,88.45999908447266,88.27999877929688,88.29000091552734,88.29000091552734,214,0.0,0.0
2026-10-06 04:36:00-04:00,88.2699966430664,88.30999755859375,88.13999938964844,88.18000030517578,88.18000030517578,496,0.0,0.0
2026-10-06 04:37:00-04:00,88.16999816894531,88.16999816894531,87.62000274658203,87.94000244140625,87.94000244140625,1312,0.0,0.0
2026-10-06 04:38:00-04:00,87.94000244140625,87.9800033569336,87.87000274658203,87.94999694824219,87.94999694824219,286,0.0,0.0
2026-10-06 04:39:00-04:00,87.97000122070312,88.13999938964844,87.94999694824219,88.12000274658203,88.12000274658203,292,0.0,0.0
2026-10-06 04:40:00-04:00,88.12999725341797,88.19000244140625,88.08999633789062,88.19000244140625,88.19000244140625,263,0.0,0.0
2026-10-06 04:41:00-04:00,88.19999694824219,88.25,88.12999725341797,88.16000366210938,88.16000366210938,149,0.0,0.0
2026-10-06 04:42:00-04:00,88.11000061035156,88.13999938964844,87.9800033569336,88.02999877929688,88.02999877929688,127,0.0,0.0
2026-10-06 04:43:00-04:00,88.0199966430664,88.05999755859375,88.01000213623047,88.0199966430664,88.0199966430664,108,0.0,0.0
2026-10-06 04:44:00-04:00,88.02999877929688,88.11000061035156,88.0199966430664,88.0999984741211,88.0999984741211,116,0.0,0.0
2026-10-06 04:45:00-04:00,88.11000061035156,88.18000030517578,88.0999984741211,88.12999725341797,88.12999725341797,122,0.0,0.0
2026-10-06 04:46:00-04:00,88.11000061035156,88.1500015258789,88.05999755859375,88.11000061035156,88.11000061035156,123,0.0,0.0
2026-10-06 04:47:00-04:00,88.08999633789062,88.22000122070312,88.08999633789062,88.12000274658203,88.12000274658203,190,0.0,0.0
2026-10-06 04:48:00-04:00,88.12000274658203,88.12999725341797,88.08999633789062,88.0999984741211,88.0999984741211,105,0.0,0.0
2026-10-06 04:49:00-04:00,88.0999984741211,88.13999938964844,88.08999633789062,88.12000274658203,88.12000274658203,107,0.0,0.0
2026-10-06 04:50:00-04:00,88.11000061035156,88.11000061035156,87.94000244140625,88.0199966430664,88.0199966430664,347,0.0,0.0
2026-10-06 04:51:00-04:00,88.0199966430664,88.0199966430664,87.91000366210938,87.93000030517578,87.93000030517578,210,0.0,0.0
2026-10-06 04:52:00-04:00,87.91999816894531,87.98999786376953,87.88999938964844,87.98999786376953,87.98999786376953,130,0.0,0.0
2026-10-06 04:53:00-04:00,87.98999786376953,88.0199966430664,87.88999938964844,88.0,88.0,298,0.0,0.0
2026-10-06 04:54:00-04:00,87.98999786376953,88.0199966430664,87.94999694824219,87.9800033569336,87.9800033569336,140,0.0,0.0
2026-10-06 04:55:00-04:00,87.98999786376953,88.0199966430664,87.9000015258789,87.91999816894531,87.91999816894531,135,0.0,0.0
2026-10-06 04:56:00-04:00,87.93000030517578,87.95999908447266,87.9000015258789,87.94000244140625,87.94000244140625,136,0.0,0.0
2026-10-06 04:57:00-04:00,87.94999694824219,87.95999908447266,87.88999938964844,87.94000244140625,87.94000244140625,113,0.0,0.0
2026-10-06 04:58:00-04:00,87.94999694824219,87.95999908447266,87.9000015258789,87.93000030517578,87.93000030517578,79,0.0,0.0
2026-10-06 04:59:00-04:00,87.94999694824219,88.05000305175781,87.94999694824219,88.02999877929688,88.02999877929688,147,0.0,0.0
2026-10-06 05:00:00-04:00,88.05999755859375,88.12000274658203,88.01000213623047,88.02999877929688,88.02999877929688,196,0.0,0.0
2026-10-06 05:01:00-04:00,88.04000091552734,88.06999969482422,87.9800033569336,88.01000213623047,88.01000213623047,101,0.0,0.0
2026-10-06 05:02:00-04:00,88.0199966430664,88.0199966430664,87.93000030517578,87.95999908447266,87.95999908447266,147,0.0,0.0
2026-10-06 05:03:00-04:00,87.95999908447266,88.04000091552734,87.88999938964844,88.04000091552734,88.04000091552734,148,0.0,0.0
2026-10-06 05:04:00-04:00,88.02999877929688,88.02999877929688,87.9000015258789,87.94000244140625,87.94000244140625,131,0.0,0.0
2026-10-06 05:05:00-04:00,87.91000366210938,87.97000122070312,87.8499984741211,87.94000244140625,87.94000244140625,186,0.0,0.0
2026-10-06 05:06:00-04:00,87.93000030517578,87.93000030517578,87.83000183105469,87.86000061035156,87.86000061035156,191,0.0,0.0
2026-10-06 05:07:00-04:00,87.87000274658203,87.91999816894531,87.86000061035156,87.9000015258789,87.9000015258789,105,0.0,0.0
2026-10-06 05:08:00-04:00,87.91000366210938,87.94999694824219,87.86000061035156,87.93000030517578,87.93000030517578,111,0.0,0.0
2026-10-06 05:09:00-04:00,87.94000244140625,88.01000213623047,87.93000030517578,87.97000122070312,87.97000122070312,182,0.0,0.0
2026-10-06 05:10:00-04:00,87.95999908447266,88.0,87.9000015258789,87.91000366210938,87.91000366210938,152,0.0,0.0
2026-10-06 05:11:00-04:00,87.88999938964844,87.91000366210938,87.63999938964844,87.80999755859375,87.80999755859375,421,0.0,0.0
2026-10-06 05:12:00-04:00,87.81999969482422,87.91000366210938,87.79000091552734,87.91000366210938,87.91000366210938,111,0.0,0.0
2026-10-06 05:13:00-04:00,87.91000366210938,87.93000030517578,87.86000061035156,87.88999938964844,87.88999938964844,152,0.0,0.0
2026-10-06 05:14:00-04:00,87.87000274658203,87.87000274658203,87.80000305175781,87.81999969482422,87.81999969482422,105,0.0,0.0
2026-10-06 05:15:00-04:00,87.80999755859375,87.87000274658203,87.6500015258789,87.66000366210938,87.66000366210938,351,0.0,0.0
2026-10-06 05:16:00-04:00,87.66000366210938,87.72000122070312,87.63999938964844,87.69999694824219,87.69999694824219,272,0.0,0.0
2026-10-06 05:17:00-04:00,87.69999694824219,87.7300033569336,87.6500015258789,87.68000030517578,87.68000030517578,169,0.0,0.0
2026-10-06 05:18:00-04:00,87.63999938964844,87.68000030517578,87.5999984741211,87.61000061035156,87.61000061035156,266,0.0,0.0
2026-10-06 05:19:00-04:00,87.62999725341797,87.66000366210938,87.55999755859375,87.63999938964844,87.63999938964844,230,0.0,0.0
2026-10-06 05:20:00-04:00,87.62999725341797,87.75,87.62000274658203,87.70999908447266,87.70999908447266,237,0.0,0.0
2026-10-06 05:21:00-04:00,87.69999694824219,87.73999786376953,87.66000366210938,87.72000122070312,87.72000122070312,222,0.0,0.0
2026-10-06 05:22:00-04:00,87.70999908447266,87.76000213623047,87.69000244140625,87.76000213623047,87.76000213623047,161,0.0,0.0
2026-10-06 05:23:00-04:00,87.7699966430664,87.94000244140625,87.7699966430664,87.91999816894531,87.91999816894531,364,0.0,0.0
2026-10-06 05:24:00-04:00,87.91999816894531,88.0,87.9000015258789,87.9000015258789,87.9000015258789,149,0.0,0.0
2026-10-06 05:25:00-04:00,87.94000244140625,88.04000091552734,87.91999816894531,87.9800033569336,87.9800033569336,111,0.0,0.0
2026-10-06 05:26:00-04:00,87.95999908447266,87.98999786376953,87.83000183105469,87.86000061035156,87.86000061035156,149,0.0,0.0
2026-10-06 05:27:00-04:00,87.86000061035156,87.87999725341797,87.77999877929688,87.8499984741211,87.8499984741211,96,0.0,0.0
2026-10-06 05:28:00-04:00,87.83999633789062,87.88999938964844,87.81999969482422,87.87000274658203,87.87000274658203,89,0.0,0.0
2026-10-06 05:29:00-04:00,87.86000061035156,87.91000366210938,87.75,87.77999877929688,87.77999877929688,97,0.0,0.0
2026-10-06 05:30:00-04:00,87.77999877929688,87.77999877929688,87.70999908447266,87.75,87.75,114,0.0,0.0
2026-10-06 05:31:00-04:00,87.75,87.83999633789062,87.75,87.80999755859375,87.80999755859375,96,0.0,0.0
2026-10-06 05:32:00-04:00,87.80999755859375,87.81999969482422,87.76000213623047,87.76000213623047,87.76000213623047,46,0.0,0.0
2026-10-06 05:33:00-04:00,87.73999786376953,87.75,87.5999984741211,87.62999725341797,87.62999725341797,204,0.0,0.0
2026-10-06 05:34:00-04:00,87.62000274658203,87.66000366210938,87.25,87.31999969482422,87.31999969482422,1393,0.0,0.0
2026-10-06 05:35:00-04:00,87.31999969482422,87.47000122070312,87.29000091552734,87.4000015258789,87.4000015258789,449,0.0,0.0
2026-10-06 05:36:00-04:00,87.37999725341797,87.44999694824219,87.2699966430664,87.30999755859375,87.30999755859375,309,0.0,0.0
2026-10-06 05:37:00-04:00,87.30000305175781,87.37000274658203,87.30000305175781,87.36000061035156,87.36000061035156,210,0.0,0.0
2026-10-06 05:38:00-04:00,87.37000274658203,87.37000274658203,87.16999816894531,87.2300033569336,87.2300033569336,429,0.0,0.0
2026-10-06 05:39:00-04:00,87.20999908447266,87.23999786376953,87.16999816894531,87.19999694824219,87.19999694824219,197,0.0,0.0
2026-10-06 05:40:00-04:00,87.16000366210938,87.19999694824219,87.0999984741211,87.19000244140625,87.19000244140625,395,0.0,0.0
2026-10-06 05:41:00-04:00,87.19999694824219,87.25,87.19000244140625,87.23999786376953,87.23999786376953,238,0.0,0.0
2026-10-06 05:42:00-04:00,87.23999786376953,87.31999969482422,87.19999694824219,87.30999755859375,87.30999755859375,306,0.0,0.0
2026-10-06 05:43:00-04:00,87.30999755859375,87.31999969482422,87.22000122070312,87.30000305175781,87.30000305175781,138,0.0,0.0
2026-10-06 05:44:00-04:00,87.30999755859375,87.36000061035156,87.29000091552734,87.33999633789062,87.33999633789062,227,0.0,0.0
2026-10-06 05:45:00-04:00,87.33999633789062,87.62999725341797,87.33999633789062,87.5199966430664,87.5199966430664,645,0.0,0.0
2026-10-06 05:46:00-04:00,87.5199966430664,87.58000183105469,87.4800033569336,87.56999969482422,87.56999969482422,287,0.0,0.0
2026-10-06 05:47:00-04:00,87.56999969482422,87.5999984741211,87.55000305175781,87.56999969482422,87.56999969482422,105,0.0,0.0
2026-10-06 05:48:00-04:00,87.56999969482422,87.62000274658203,87.51000213623047,87.5199966430664,87.5199966430664,168,0.0,0.0
2026-10-06 05:49:00-04:00,87.5199966430664,87.5199966430664,87.43000030517578,87.4800033569336,87.4800033569336,189,0.0,0.0
2026-10-06 05:50:00-04:00,87.47000122070312,87.5199966430664,87.44999694824219,87.47000122070312,87.47000122070312,166,0.0,0.0
2026-10-06 05:51:00-04:00,87.4800033569336,87.5,87.37000274658203,87.44000244140625,87.44000244140625,219,0.0,0.0
2026-10-06 05:52:00-04:00,87.41000366210938,87.58000183105469,87.41000366210938,87.52999877929688,87.52999877929688,147,0.0,0.0
2026-10-06 05:53:00-04:00,87.54000091552734,87.56999969482422,87.47000122070312,87.4800033569336,87.4800033569336,162,0.0,0.0
2026-10-06 05:54:00-04:00,87.47000122070312,87.51000213623047,87.47000122070312,87.47000122070312,87.47000122070312,112,0.0,0.0
2026-10-06 05:55:00-04:00,87.47000122070312,87.51000213623047,87.41999816894531,87.48999786376953,87.48999786376953,145,0.0,0.0
2026-10-06 05:56:00-04:00,87.5,87.58999633789062,87.48999786376953,87.55000305175781,87.55000305175781,215,0.0,0.0
2026-10-06 05:57:00-04:00,87.55000305175781,87.61000061035156,87.48999786376953,87.61000061035156,87.61000061035156,191,0.0,0.0
2026-10-06 05:58:00-04:00,87.61000061035156,87.63999938964844,87.58000183105469,87.61000061035156,87.61000061035156,194,0.0,0.0
2026-10-06 05:59:00-04:00,87.5999984741211,87.62000274658203,87.52999877929688,87.61000061035156,87.61000061035156,166,0.0,0.0
2026-10-06 06:00:00-04:00,87.61000061035156,87.72000122070312,87.58999633789062,87.72000122070312,87.72000122070312,232,0.0,0.0
2026-10-06 06:01:00-04:00,87.70999908447266,87.79000091552734,87.69000244140625,87.75,87.75,111,0.0,0.0
2026-10-06 06:02:00-04:00,87.75,87.79000091552734,87.75,87.77999877929688,87.77999877929688,56,0.0,0.0
2026-10-06 06:03:00-04:00,87.7699966430664,87.80999755859375,87.7300033569336,87.80999755859375,87.80999755859375,141,0.0,0.0
2026-10-06 06:04:00-04:00,87.80999755859375,87.87000274658203,87.80000305175781,87.80999755859375,87.80999755859375,134,0.0,0.0
2026-10-06 06:05:00-04:00,87.80000305175781,87.81999969482422,87.76000213623047,87.77999877929688,87.77999877929688,94,0.0,0.0
2026-10-06 06:06:00-04:00,87.7699966430664,87.83000183105469,87.75,87.80000305175781,87.80000305175781,82,0.0,0.0
2026-10-06 06:07:00-04:00,87.80999755859375,87.81999969482422,87.80000305175781,87.80000305175781,87.80000305175781,59,0.0,0.0
2026-10-06 06:08:00-04:00,87.79000091552734,87.80000305175781,87.75,87.7699966430664,87.7699966430664,263,0.0,0.0
2026-10-06 06:09:00-04:00,87.75,87.80000305175781,87.7300033569336,87.76000213623047,87.76000213623047,66,0.0,0.0
2026-10-06 06:10:00-04:00,87.76000213623047,87.77999877929688,87.72000122070312,87.7300033569336,87.7300033569336,380,0.0,0.0
2026-10-06 06:11:00-04:00,87.69999694824219,87.75,87.68000030517578,87.72000122070312,87.72000122070312,214,0.0,0.0
2026-10-06 06:12:00-04:00,87.76000213623047,87.77999877929688,87.55999755859375,87.68000030517578,87.68000030517578,435,0.0,0.0
2026-10-06 06:13:00-04:00,87.69000244140625,87.69999694824219,87.66000366210938,87.69000244140625,87.69000244140625,71,0.0,0.0
2026-10-06 06:14:00-04:00,87.6500015258789,87.72000122070312,87.62000274658203,87.69000244140625,87.69000244140625,256,0.0,0.0
2026-10-06 06:15:00-04:00,87.69000244140625,87.76000213623047,87.68000030517578,87.75,87.75,93,0.0,0.0
2026-10-06 06:16:00-04:00,87.76000213623047,87.81999969482422,87.69000244140625,87.7699966430664,87.7699966430664,256,0.0,0.0
2026-10-06 06:17:00-04:00,87.7699966430664,87.80999755859375,87.76000213623047,87.80999755859375,87.80999755859375,258,0.0,0.0
2026-10-06 06:18:00-04:00,87.80999755859375,87.8499984741211,87.77999877929688,87.80000305175781,87.80000305175781,122,0.0,0.0
2026-10-06 06:19:00-04:00,87.80999755859375,87.88999938964844,87.79000091552734,87.79000091552734,87.79000091552734,118,0.0,0.0
2026-10-06 06:20:00-04:00,87.80999755859375,87.81999969482422,87.7300033569336,87.79000091552734,87.79000091552734,133,0.0,0.0
2026-10-06 06:21:00-04:00,87.7699966430664,87.7699966430664,87.72000122070312,87.75,87.75,32,0.0,0.0
2026-10-06 06:22:00-04:00,87.76000213623047,87.77999877929688,87.75,87.77999877929688,87.77999877929688,24,0.0,0.0
2026-10-06 06:23:00-04:00,87.7699966430664,87.80999755859375,87.7300033569336,87.75,87.75,58,0.0,0.0
2026-10-06 06:24:00-04:00,87.75,87.7699966430664,87.70999908447266,87.7699966430664,87.7699966430664,78,0.0,0.0
2026-10-06 06:25:00-04:00,87.7300033569336,87.87000274658203,87.72000122070312,87.87000274658203,87.87000274658203,140,0.0,0.0
2026-10-06 06:26:00-04:00,87.8499984741211,87.91999816894531,87.83999633789062,87.87000274658203,87.87000274658203,92,0.0,0.0
2026-10-06 06:27:00-04:00,87.86000061035156,87.91000366210938,87.83999633789062,87.86000061035156,87.86000061035156,65,0.0,0.0
2026-10-06 06:28:00-04:00,87.8499984741211,87.87000274658203,87.80999755859375,87.81999969482422,87.81999969482422,33,0.0,0.0
2026-10-06 06:29:00-04:00,87.80000305175781,87.80999755859375,87.72000122070312,87.72000122070312,87.72000122070312,157,0.0,0.0
2026-10-06 06:30:00-04:00,87.7300033569336,87.7300033569336,87.63999938964844,87.68000030517578,87.68000030517578,175,0.0,0.0
2026-10-06 06:31:00-04:00,87.66999816894531,87.69000244140625,87.5999984741211,87.61000061035156,87.61000061035156,123,0.0,0.0
2026-10-06 06:32:00-04:00,87.62000274658203,87.62000274658203,87.54000091552734,87.55000305175781,87.55000305175781,166,0.0,0.0
2026-10-06 06:33:00-04:00,87.54000091552734,87.55999755859375,87.5,87.51000213623047,87.51000213623047,94,0.0,0.0
2026-10-06 06:34:00-04:00,87.51000213623047,87.55999755859375,87.5,87.51000213623047,87.51000213623047,89,0.0,0.0
2026-10-06 06:35:00-04:00,87.51000213623047,87.51000213623047,87.44999694824219,87.45999908447266,87.45999908447266,65,0.0,0.0
2026-10-06 06:36:00-04:00,87.45999908447266,87.48999786376953,87.44000244140625,87.4800033569336,87.4800033569336,231,0.0,0.0
2026-10-06 06:37:00-04:00,87.48999786376953,87.5,87.47000122070312,87.48999786376953,87.48999786376953,51,0.0,0.0
2026-10-06 06:38:00-04:00,87.48999786376953,87.48999786376953,87.44999694824219,87.45999908447266,87.45999908447266,67,0.0,0.0
2026-10-06 06:39:00-04:00,87.44000244140625,87.47000122070312,87.41999816894531,87.44000244140625,87.44000244140625,44,0.0,0.0
2026-10-06 06:40:00-04:00,87.45999908447266,87.5,87.43000030517578,87.44000244140625,87.44000244140625,118,0.0,0.0
2026-10-06 06:41:00-04:00,87.44999694824219,87.47000122070312,87.37999725341797,87.41999816894531,87.41999816894531,253,0.0,0.0
2026-10-06 06:42:00-04:00,87.43000030517578,87.45999908447266,87.41999816894531,87.41999816894531,87.41999816894531,60,0.0,0.0
2026-10-06 06:43:00-04:00,87.41999816894531,87.47000122070312,87.36000061035156,87.37000274658203,87.37000274658203,172,0.0,0.0
2026-10-06 06:44:00-04:00,87.36000061035156,87.36000061035156,87.18000030517578,87.22000122070312,87.22000122070312,293,0.0,0.0
2026-10-06 06:45:00-04:00,87.2300033569336,87.33999633789062,87.16999816894531,87.30000305175781,87.30000305175781,342,0.0,0.0
2026-10-06 06:46:00-04:00,87.27999877929688,87.37000274658203,87.25,87.36000061035156,87.36000061035156,197,0.0,0.0
2026-10-06 06:47:00-04:00,87.33999633789062,87.4000015258789,87.30999755859375,87.36000061035156,87.36000061035156,129,0.0,0.0
2026-10-06 06:48:00-04:00,87.3499984741211,87.5,87.3499984741211,87.43000030517578,87.43000030517578,111,0.0,0.0
2026-10-06 06:49:00-04:00,87.44000244140625,87.4800033569336,87.33999633789062,87.37999725341797,87.37999725341797,131,0.0,0.0
2026-10-06 06:50:00-04:00,87.36000061035156,87.54000091552734,87.33999633789062,87.51000213623047,87.51000213623047,358,0.0,0.0
2026-10-06 06:51:00-04:00,87.51000213623047,87.5199966430664,87.36000061035156,87.38999938964844,87.38999938964844,152,0.0,0.0
2026-10-06 06:52:00-04:00,87.37000274658203,87.47000122070312,87.37000274658203,87.47000122070312,87.47000122070312,56,0.0,0.0
2026-10-06 06:53:00-04:00,87.45999908447266,87.4800033569336,87.45999908447266,87.47000122070312,87.47000122070312,29,0.0,0.0
2026-10-06 06:54:00-04:00,87.45999908447266,87.4800033569336,87.43000030517578,87.44999694824219,87.44999694824219,68,0.0,0.0
2026-10-06 06:55:00-04:00,87.44999694824219,87.47000122070312,87.44000244140625,87.47000122070312,87.47000122070312,48,0.0,0.0
2026-10-06 06:56:00-04:00,87.47000122070312,87.5,87.41999816894531,87.5,87.5,94,0.0,0.0
2026-10-06 06:57:00-04:00,87.5,87.5999984741211,87.47000122070312,87.5999984741211,87.5999984741211,169,0.0,0.0
2026-10-06 06:58:00-04:00,87.61000061035156,87.68000030517578,87.5999984741211,87.62999725341797,87.62999725341797,165,0.0,0.0
2026-10-06 06:59:00-04:00,87.62000274658203,87.68000030517578,87.5999984741211,87.68000030517578,87.68000030517578,246,0.0,0.0
2026-10-06 07:00:00-04:00,87.66000366210938,87.80999755859375,87.63999938964844,87.77999877929688,87.77999877929688,304,0.0,0.0
2026-10-06 07:01:00-04:00,87.7699966430664,87.80999755859375,87.75,87.80000305175781,87.80000305175781,184,0.0,0.0
2026-10-06 07:02:00-04:00,87.80000305175781,87.80000305175781,87.68000030517578,87.69999694824219,87.69999694824219,93,0.0,0.0
2026-10-06 07:03:00-04:00,87.69999694824219,87.7300033569336,87.69000244140625,87.7300033569336,87.7300033569336,85,0.0,0.0
2026-10-06 07:04:00-04:00,87.72000122070312,87.80999755859375,87.70999908447266,87.76000213623047,87.76000213623047,142,0.0,0.0
2026-10-06 07:05:00-04:00,87.76000213623047,87.81999969482422,87.75,87.79000091552734,87.79000091552734,155,0.0,0.0
2026-10-06 07:06:00-04:00,87.76000213623047,87.86000061035156,87.76000213623047,87.8499984741211,87.8499984741211,179,0.0,0.0
2026-10-06 07:07:00-04:00,87.87000274658203,87.88999938964844,87.81999969482422,87.87000274658203,87.87000274658203,178,0.0,0.0
2026-10-06 07:08:00-04:00,87.83999633789062,87.8499984741211,87.80999755859375,87.83000183105469,87.83000183105469,71,0.0,0.0
2026-10-06 07:09:00-04:00,87.83000183105469,87.86000061035156,87.80999755859375,87.83999633789062,87.83999633789062,120,0.0,0.0
2026-10-06 07:10:00-04:00,87.83000183105469,87.83999633789062,87.79000091552734,87.81999969482422,87.81999969482422,114,0.0,0.0
2026-10-06 07:11:00-04:00,87.83000183105469,87.83000183105469,87.7300033569336,87.7300033569336,87.7300033569336,101,0.0,0.0
2026-10-06 07:12:00-04:00,87.7300033569336,87.76000213623047,87.66999816894531,87.69999694824219,87.69999694824219,158,0.0,0.0
2026-10-06 07:13:00-04:00,87.72000122070312,87.75,87.69000244140625,87.70999908447266,87.70999908447266,83,0.0,0.0
2026-10-06 07:14:00-04:00,87.7300033569336,87.73999786376953,87.69999694824219,87.72000122070312,87.72000122070312,58,0.0,0.0
2026-10-06 07:15:00-04:00,87.73999786376953,87.73999786376953,87.62999725341797,87.72000122070312,87.72000122070312,131,0.0,0.0
2026-10-06 07:16:00-04:00,87.7300033569336,87.76000213623047,87.68000030517578,87.72000122070312,87.72000122070312,114,0.0,0.0
2026-10-06 07:17:00-04:00,87.72000122070312,87.72000122070312,87.6500015258789,87.68000030517578,87.68000030517578,50,0.0,0.0
2026-10-06 07:18:00-04:00,87.68000030517578,87.69999694824219,87.55999755859375,87.56999969482422,87.56999969482422,209,0.0,0.0
2026-10-06 07:19:00-04:00,87.56999969482422,87.63999938964844,87.55999755859375,87.62999725341797,87.62999725341797,90,0.0,0.0
2026-10-06 07:20:00-04:00,87.62000274658203,87.6500015258789,87.61000061035156,87.63999938964844,87.63999938964844,38,0.0,0.0
2026-10-06 07:21:00-04:00,87.63999938964844,87.6500015258789,87.58999633789062,87.62000274658203,87.62000274658203,47,0.0,0.0
2026-10-06 07:22:00-04:00,87.62000274658203,87.66000366210938,87.58999633789062,87.58999633789062,87.58999633789062,44,0.0,0.0
2026-10-06 07:23:00-04:00,87.5999984741211,87.5999984741211,87.55000305175781,87.5999984741211,87.5999984741211,86,0.0,0.0
2026-10-06 07:24:00-04:00,87.62000274658203,87.63999938964844,87.54000091552734,87.55000305175781,87.55000305175781,48,0.0,0.0
2026-10-06 07:25:00-04:00,87.55999755859375,87.5999984741211,87.54000091552734,87.55999755859375,87.55999755859375,81,0.0,0.0
2026-10-06 07:26:00-04:00,87.55000305175781,87.6500015258789,87.54000091552734,87.63999938964844,87.63999938964844,90,0.0,0.0
2026-10-06 07:27:00-04:00,87.6500015258789,87.68000030517578,87.62999725341797,87.62999725341797,87.62999725341797,75,0.0,0.0
2026-10-06 07:28:00-04:00,87.62000274658203,87.62000274658203,87.55999755859375,87.62000274658203,87.62000274658203,57,0.0,0.0
2026-10-06 07:29:00-04:00,87.61000061035156,87.62000274658203,87.58000183105469,87.58999633789062,87.58999633789062,37,0.0,0.0
2026-10-06 07:30:00-04:00,87.58000183105469,87.58999633789062,87.5,87.55999755859375,87.55999755859375,204,0.0,0.0
2026-10-06 07:31:00-04:00,87.56999969482422,87.58999633789062,87.51000213623047,87.5199966430664,87.5199966430664,92,0.0,0.0
2026-10-06 07:32:00-04:00,87.5199966430664,87.54000091552734,87.5,87.52999877929688,87.52999877929688,118,0.0,0.0
2026-10-06 07:33:00-04:00,87.52999877929688,87.52999877929688,87.41999816894531,87.4800033569336,87.4800033569336,313,0.0,0.0
2026-10-06 07:34:00-04:00,87.47000122070312,87.5999984741211,87.47000122070312,87.58999633789062,87.58999633789062,135,0.0,0.0
2026-10-06 07:35:00-04:00,87.56999969482422,87.6500015258789,87.55999755859375,87.62999725341797,87.62999725341797,110,0.0,0.0
2026-10-06 07:36:00-04:00,87.62000274658203,87.68000030517578,87.61000061035156,87.66999816894531,87.66999816894531,76,0.0,0.0
2026-10-06 07:37:00-04:00,87.66999816894531,87.66999816894531,87.58999633789062,87.5999984741211,87.5999984741211,95,0.0,0.0
2026-10-06 07:38:00-04:00,87.5999984741211,87.62000274658203,87.48999786376953,87.51000213623047,87.51000213623047,40,0.0,0.0
2026-10-06 07:39:00-04:00,87.51000213623047,87.5199966430664,87.29000091552734,87.33999633789062,87.33999633789062,953,0.0,0.0
2026-10-06 07:40:00-04:00,87.33999633789062,87.37999725341797,87.31999969482422,87.33999633789062,87.33999633789062,130,0.0,0.0
2026-10-06 07:41:00-04:00,87.33999633789062,87.33999633789062,87.19999694824219,87.26000213623047,87.26000213623047,281,0.0,0.0
2026-10-06 07:42:00-04:00,87.26000213623047,87.31999969482422,87.22000122070312,87.26000213623047,87.26000213623047,279,0.0,0.0
2026-10-06 07:43:00-04:00,87.25,87.3499984741211,87.23999786376953,87.31999969482422,87.31999969482422,156,0.0,0.0
2026-10-06 07:44:00-04:00,87.31999969482422,87.31999969482422,87.29000091552734,87.30999755859375,87.30999755859375,81,0.0,0.0
2026-10-06 07:45:00-04:00,87.31999969482422,87.3499984741211,87.26000213623047,87.27999877929688,87.27999877929688,143,0.0,0.0
2026-10-06 07:46:00-04:00,87.27999877929688,87.30999755859375,87.16000366210938,87.22000122070312,87.22000122070312,289,0.0,0.0
2026-10-06 07:47:00-04:00,87.2300033569336,87.23999786376953,87.19000244140625,87.20999908447266,87.20999908447266,190,0.0,0.0
2026-10-06 07:48:00-04:00,87.20999908447266,87.26000213623047,87.18000030517578,87.22000122070312,87.22000122070312,102,0.0,0.0
2026-10-06 07:49:00-04:00,87.20999908447266,87.2699966430664,87.18000030517578,87.20999908447266,87.20999908447266,166,0.0,0.0
2026-10-06 07:50:00-04:00,87.23999786376953,87.38999938964844,87.2300033569336,87.38999938964844,87.38999938964844,369,0.0,0.0
2026-10-06 07:51:00-04:00,87.38999938964844,87.41999816894531,87.37000274658203,87.37000274658203,87.37000274658203,424,0.0,0.0
2026-10-06 07:52:00-04:00,87.37000274658203,87.4000015258789,87.33999633789062,87.38999938964844,87.38999938964844,93,0.0,0.0
2026-10-06 07:53:00-04:00,87.4000015258789,87.5,87.38999938964844,87.5,87.5,235,0.0,0.0
2026-10-06 07:54:00-04:00,87.5,87.54000091552734,87.47000122070312,87.5199966430664,87.5199966430664,339,0.0,0.0
2026-10-06 07:55:00-04:00,87.54000091552734,87.55000305175781,87.41999816894531,87.44999694824219,87.44999694824219,90,0.0,0.0
2026-10-06 07:56:00-04:00,87.44000244140625,87.5,87.44000244140625,87.48999786376953,87.48999786376953,78,0.0,0.0
2026-10-06 07:57:00-04:00,87.47000122070312,87.47000122070312,87.37999725341797,87.41999816894531,87.41999816894531,86,0.0,0.0
2026-10-06 07:58:00-04:00,87.41000366210938,87.41000366210938,87.20999908447266,87.23999786376953,87.23999786376953,356,0.0,0.0
2026-10-06 07:59:00-04:00,87.23999786376953,87.23999786376953,87.19000244140625,87.19000244140625,87.19000244140625,214,0.0,0.0
2026-10-06 08:00:00-04:00,87.20999908447266,87.27999877929688,87.16000366210938,87.25,87.25,435,0.0,0.0
2026-10-06 08:01:00-04:00,87.2300033569336,87.30000305175781,87.18000030517578,87.19000244140625,87.19000244140625,241,0.0,0.0
2026-10-06 08:02:00-04:00,87.18000030517578,87.25,87.16000366210938,87.16000366210938,87.16000366210938,235,0.0,0.0
2026-10-06 08:03:00-04:00,87.16999816894531,87.22000122070312,87.1500015258789,87.20999908447266,87.20999908447266,345,0.0,0.0
2026-10-06 08:04:00-04:00,87.19000244140625,87.25,87.16000366210938,87.16999816894531,87.16999816894531,211,0.0,0.0
2026-10-06 08:05:00-04:00,87.1500015258789,87.2300033569336,87.12000274658203,87.22000122070312,87.22000122070312,463,0.0,0.0
2026-10-06 08:06:00-04:00,87.25,87.30999755859375,87.18000030517578,87.19999694824219,87.19999694824219,521,0.0,0.0
2026-10-06 08:07:00-04:00,87.19999694824219,87.22000122070312,87.13999938964844,87.16000366210938,87.16000366210938,201,0.0,0.0
2026-10-06 08:08:00-04:00,87.18000030517578,87.19000244140625,87.02999877929688,87.02999877929688,87.02999877929688,358,0.0,0.0
2026-10-06 08:09:00-04:00,87.04000091552734,87.16000366210938,87.02999877929688,87.05000305175781,87.05000305175781,493,0.0,0.0
2026-10-06 08:10:00-04:00,87.05000305175781,87.19000244140625,87.0199966430664,87.0999984741211,87.0999984741211,548,0.0,0.0
2026-10-06 08:11:00-04:00,87.12000274658203,87.16000366210938,87.0199966430664,87.05999755859375,87.05999755859375,426,0.0,0.0
2026-10-06 08:12:00-04:00,87.05999755859375,87.05999755859375,86.94000244140625,86.9800033569336,86.9800033569336,556,0.0,0.0
2026-10-06 08:13:00-04:00,87.0,87.16999816894531,87.0,87.1500015258789,87.1500015258789,263,0.0,0.0
2026-10-06 08:14:00-04:00,87.16000366210938,87.2300033569336,87.1500015258789,87.20999908447266,87.20999908447266,146,0.0,0.0
2026-10-06 08:15:00-04:00,87.20999908447266,87.2699966430664,87.1500015258789,87.16999816894531,87.16999816894531,248,0.0,0.0
2026-10-06 08:16:00-04:00,87.1500015258789,87.16999816894531,87.04000091552734,87.05999755859375,87.05999755859375,225,0.0,0.0
2026-10-06 08:17:00-04:00,87.08000183105469,87.13999938964844,87.06999969482422,87.12000274658203,87.12000274658203,277,0.0,0.0
2026-10-06 08:18:00-04:00,87.12000274658203,87.16999816894531,87.06999969482422,87.06999969482422,87.06999969482422,91,0.0,0.0
2026-10-06 08:19:00-04:00,87.05999755859375,87.08000183105469,86.94999694824219,86.9800033569336,86.9800033569336,312,0.0,0.0
2026-10-06 08:20:00-04:00,86.9800033569336,86.9800033569336,86.86000061035156,86.93000030517578,86.93000030517578,435,0.0,0.0
2026-10-06 08:21:00-04:00,86.91999816894531,86.94000244140625,86.88999938964844,86.93000030517578,86.93000030517578,121,0.0,0.0
2026-10-06 08:22:00-04:00,86.91000366210938,86.94999694824219,86.88999938964844,86.94999694824219,86.94999694824219,205,0.0,0.0
2026-10-06 08:23:00-04:00,86.95999908447266,86.97000122070312,86.88999938964844,86.91999816894531,86.91999816894531,495,0.0,0.0
2026-10-06 08:24:00-04:00,86.93000030517578,86.94000244140625,86.9000015258789,86.94000244140625,86.94000244140625,371,0.0,0.0
2026-10-06 08:25:00-04:00,86.94000244140625,87.05000305175781,86.94000244140625,86.97000122070312,86.97000122070312,292,0.0,0.0
2026-10-06 08:26:00-04:00,86.9800033569336,87.29000091552734,86.94000244140625,87.1500015258789,87.1500015258789,973,0.0,0.0
2026-10-06 08:27:00-04:00,87.13999938964844,87.22000122070312,87.08999633789062,87.12000274658203,87.12000274658203,698,0.0,0.0
2026-10-06 08:28:00-04:00,87.12000274658203,87.22000122070312,87.0999984741211,87.13999938964844,87.13999938964844,388,0.0,0.0
2026-10-06 08:29:00-04:00,87.1500015258789,87.1500015258789,87.01000213623047,87.08999633789062,87.08999633789062,347,0.0,0.0
2026-10-06 08:30:00-04:00,87.11000061035156,87.11000061035156,87.02999877929688,87.0999984741211,87.0999984741211,194,0.0,0.0
2026-10-06 08:31:00-04:00,87.0999984741211,87.19000244140625,87.06999969482422,87.13999938964844,87.13999938964844,253,0.0,0.0
2026-10-06 08:32:00-04:00,87.1500015258789,87.2300033569336,87.12999725341797,87.1500015258789,87.1500015258789,327,0.0,0.0
2026-10-06 08:33:00-04:00,87.1500015258789,87.19999694824219,87.13999938964844,87.19999694824219,87.19999694824219,125,0.0,0.0
2026-10-06 08:34:00-04:00,87.19999694824219,87.2300033569336,87.0999984741211,87.12000274658203,87.12000274658203,271,0.0,0.0
2026-10-06 08:35:00-04:00,87.12000274658203,87.1500015258789,87.05999755859375,87.08000183105469,87.08000183105469,205,0.0,0.0
2026-10-06 08:36:00-04:00,87.08000183105469,87.0999984741211,86.97000122070312,87.05000305175781,87.05000305175781,536,0.0,0.0
2026-10-06 08:37:00-04:00,87.08000183105469,87.26000213623047,87.05999755859375,87.22000122070312,87.22000122070312,401,0.0,0.0
2026-10-06 08:38:00-04:00,87.22000122070312,87.25,87.19999694824219,87.2300033569336,87.2300033569336,153,0.0,0.0
2026-10-06 08:39:00-04:00,87.23999786376953,87.29000091552734,87.22000122070312,87.2699966430664,87.2699966430664,227,0.0,0.0
2026-10-06 08:40:00-04:00,87.27999877929688,87.30999755859375,87.19000244140625,87.19999694824219,87.19999694824219,149,0.0,0.0
2026-10-06 08:41:00-04:00,87.19999694824219,87.23999786376953,87.18000030517578,87.2300033569336,87.2300033569336,140,0.0,0.0
2026-10-06 08:42:00-04:00,87.26000213623047,87.36000061035156,87.23999786376953,87.33999633789062,87.33999633789062,478,0.0,0.0
2026-10-06 08:43:00-04:00,87.36000061035156,87.4000015258789,87.33999633789062,87.4000015258789,87.4000015258789,377,0.0,0.0
2026-10-06 08:44:00-04:00,87.4000015258789,87.44000244140625,87.33000183105469,87.36000061035156,87.36000061035156,240,0.0,0.0
2026-10-06 08:45:00-04:00,87.36000061035156,87.41999816894531,87.36000061035156,87.4000015258789,87.4000015258789,215,0.0,0.0
2026-10-06 08:46:00-04:00,87.38999938964844,87.51000213623047,87.37999725341797,87.51000213623047,87.51000213623047,329,0.0,0.0
2026-10-06 08:47:00-04:00,87.51000213623047,87.61000061035156,87.5,87.5999984741211,87.5999984741211,420,0.0,0.0
2026-10-06 08:48:00-04:00,87.58000183105469,87.66000366210938,87.55000305175781,87.55999755859375,87.55999755859375,275,0.0,0.0
2026-10-06 08:49:00-04:00,87.56999969482422,87.61000061035156,87.48999786376953,87.51000213623047,87.51000213623047,147,0.0,0.0
2026-10-06 08:50:00-04:00,87.5,87.5,87.02999877929688,87.25,87.25,1333,0.0,0.0
2026-10-06 08:51:00-04:00,87.2300033569336,87.31999969482422,86.9000015258789,86.9000015258789,86.9000015258789,679,0.0,0.0
2026-10-06 08:52:00-04:00,86.91999816894531,87.1500015258789,86.91999816894531,87.12999725341797,87.12999725341797,527,0.0,0.0
2026-10-06 08:53:00-04:00,87.12999725341797,87.22000122070312,87.12999725341797,87.18000030517578,87.18000030517578,375,0.0,0.0
2026-10-06 08:54:00-04:00,87.22000122070312,87.22000122070312,87.13999938964844,87.20999908447266,87.20999908447266,608,0.0,0.0
2026-10-06 08:55:00-04:00,87.23999786376953,87.33000183105469,87.19000244140625,87.19999694824219,87.19999694824219,434,0.0,0.0
2026-10-06 08:56:00-04:00,87.20999908447266,87.25,87.18000030517578,87.22000122070312,87.22000122070312,192,0.0,0.0
2026-10-06 08:57:00-04:00,87.20999908447266,87.23999786376953,87.05999755859375,87.05999755859375,87.05999755859375,255,0.0,0.0
2026-10-06 08:58:00-04:00,87.05999755859375,87.13999938964844,87.04000091552734,87.12000274658203,87.12000274658203,188,0.0,0.0
2026-10-06 08:59:00-04:00,87.12999725341797,87.16999816894531,87.08999633789062,87.12999725341797,87.12999725341797,155,0.0,0.0
2026-10-06 09:00:00-04:00,87.13999938964844,87.36000061035156,87.12999725341797,87.16000366210938,87.16000366210938,939,0.0,0.0
2026-10-06 09:01:00-04:00,87.19000244140625,87.29000091552734,87.16000366210938,87.27999877929688,87.27999877929688,626,0.0,0.0
2026-10-06 09:02:00-04:00,87.2699966430664,87.36000061035156,87.23999786376953,87.36000061035156,87.36000061035156,389,0.0,0.0
2026-10-06 09:03:00-04:00,87.3499984741211,87.37000274658203,87.2699966430664,87.3499984741211,87.3499984741211,590,0.0,0.0
2026-10-06 09:04:00-04:00,87.36000061035156,87.41999816894531,87.31999969482422,87.4000015258789,87.4000015258789,291,0.0,0.0
2026-10-06 09:05:00-04:00,87.41000366210938,87.47000122070312,87.33999633789062,87.47000122070312,87.47000122070312,843,0.0,0.0
2026-10-06 09:06:00-04:00,87.4800033569336,87.5199966430664,87.38999938964844,87.5,87.5,408,0.0,0.0
2026-10-06 09:07:00-04:00,87.48999786376953,87.62000274658203,87.4800033569336,87.58000183105469,87.58000183105469,357,0.0,0.0
2026-10-06 09:08:00-04:00,87.58000183105469,87.66999816894531,87.5,87.55000305175781,87.55000305175781,485,0.0,0.0
2026-10-06 09:09:00-04:00,87.55999755859375,87.56999969482422,87.41999816894531,87.41999816894531,87.41999816894531,197,0.0,0.0
2026-10-06 09:10:00-04:00,87.41999816894531,87.62000274658203,87.37999725341797,87.56999969482422,87.56999969482422,389,0.0,0.0
2026-10-06 09:11:00-04:00,87.55000305175781,87.7300033569336,87.55000305175781,87.7300033569336,87.7300033569336,317,0.0,0.0
2026-10-06 09:12:00-04:00,87.70999908447266,87.81999969482422,87.63999938964844,87.79000091552734,87.79000091552734,666,0.0,0.0
2026-10-06 09:13:00-04:00,87.80000305175781,87.94000244140625,87.80000305175781,87.86000061035156,87.86000061035156,710,0.0,0.0
2026-10-06 09:14:00-04:00,87.86000061035156,87.98999786376953,87.8499984741211,87.95999908447266,87.95999908447266,468,0.0,0.0
2026-10-06 09:15:00-04:00,87.97000122070312,88.0199966430664,87.88999938964844,88.0199966430664,88.0199966430664,451,0.0,0.0
2026-10-06 09:16:00-04:00,88.01000213623047,88.13999938964844,87.94999694824219,88.01000213623047,88.01000213623047,540,0.0,0.0
2026-10-06 09:17:00-04:00,88.0199966430664,88.12000274658203,88.01000213623047,88.08999633789062,88.08999633789062,599,0.0,0.0
2026-10-06 09:18:00-04:00,88.08000183105469,88.22000122070312,88.06999969482422,88.19000244140625,88.19000244140625,641,0.0,0.0
2026-10-06 09:19:00-04:00,88.19999694824219,88.23999786376953,88.02999877929688,88.05000305175781,88.05000305175781,639,0.0,0.0
2026-10-06 09:20:00-04:00,88.04000091552734,88.08000183105469,87.91000366210938,87.94999694824219,87.94999694824219,531,0.0,0.0
2026-10-06 09:21:00-04:00,87.94000244140625,88.08999633789062,87.91000366210938,88.04000091552734,88.04000091552734,284,0.0,0.0
2026-10-06 09:22:00-04:00,88.04000091552734,88.04000091552734,87.94999694824219,87.9800033569336,87.9800033569336,272,0.0,0.0
2026-10-06 09:23:00-04:00,87.9800033569336,88.0199966430664,87.94999694824219,88.0,88.0,226,0.0,0.0
2026-10-06 09:24:00-04:00,88.0,88.05000305175781,87.94999694824219,88.0199966430664,88.0199966430664,250,0.0,0.0
2026-10-06 09:25:00-04:00,87.98999786376953,88.0999984741211,87.94000244140625,88.06999969482422,88.06999969482422,387,0.0,0.0
2026-10-06 09:26:00-04:00,88.05999755859375,88.12999725341797,88.04000091552734,88.08000183105469,88.08000183105469,296,0.0,0.0
2026-10-06 09:27:00-04:00,88.06999969482422,88.12000274658203,88.04000091552734,88.11000061035156,88.11000061035156,321,0.0,0.0
2026-10-06 09:28:00-04:00,88.11000061035156,88.11000061035156,88.04000091552734,88.08000183105469,88.08000183105469,108,0.0,0.0
2026-10-06 09:29:00-04:00,88.08000183105469,88.08000183105469,87.9800033569336,88.05000305175781,88.05000305175781,251,0.0,0.0
2026-10-06 09:30:00-04:00,88.04000091552734,88.08000183105469,87.83999633789062,87.9000015258789,87.9000015258789,661,0.0,0.0
2026-10-06 09:31:00-04:00,87.87999725341797,87.88999938964844,87.7300033569336,87.75,87.75,510,0.0,0.0
2026-10-06 09:32:00-04:00,87.7300033569336,87.88999938964844,87.72000122070312,87.86000061035156,87.86000061035156,447,0.0,0.0
2026-10-06 09:33:00-04:00,87.87000274658203,87.95999908447266,87.83000183105469,87.87000274658203,87.87000274658203,402,0.0,0.0
2026-10-06 09:34:00-04:00,87.86000061035156,87.87000274658203,87.80999755859375,87.83999633789062,87.83999633789062,309,0.0,0.0
2026-10-06 09:35:00-04:00,87.83000183105469,87.94999694824219,87.79000091552734,87.88999938964844,87.88999938964844,305,0.0,0.0
2026-10-06 09:36:00-04:00,87.93000030517578,87.94999694824219,87.87000274658203,87.93000030517578,87.93000030517578,237,0.0,0.0
2026-10-06 09:37:00-04:00,87.91999816894531,87.9800033569336,87.81999969482422,87.83999633789062,87.83999633789062,266,0.0,0.0
2026-10-06 09:38:00-04:00,87.83000183105469,87.87000274658203,87.80999755859375,87.83999633789062,87.83999633789062,230,0.0,0.0
2026-10-06 09:39:00-04:00,87.8499984741211,87.93000030517578,87.80999755859375,87.93000030517578,87.93000030517578,211,0.0,0.0
2026-10-06 09:40:00-04:00,87.91000366210938,87.93000030517578,87.79000091552734,87.93000030517578,87.93000030517578,279,0.0,0.0
2026-10-06 09:41:00-04:00,87.91999816894531,87.95999908447266,87.81999969482422,87.93000030517578,87.93000030517578,262,0.0,0.0
2026-10-06 09:42:00-04:00,87.93000030517578,88.0,87.9000015258789,87.94999694824219,87.94999694824219,278,0.0,0.0
2026-10-06 09:43:00-04:00,87.94000244140625,87.97000122070312,87.87000274658203,87.94000244140625,87.94000244140625,239,0.0,0.0
2026-10-06 09:44:00-04:00,87.93000030517578,87.93000030517578,87.79000091552734,87.81999969482422,87.81999969482422,280,0.0,0.0
2026-10-06 09:45:00-04:00,87.83999633789062,88.04000091552734,87.81999969482422,87.9000015258789,87.9000015258789,469,0.0,0.0
2026-10-06 09:46:00-04:00,87.91000366210938,87.91999816894531,87.80000305175781,87.80000305175781,87.80000305175781,312,0.0,0.0
2026-10-06 09:47:00-04:00,87.83999633789062,87.83999633789062,87.73999786376953,87.77999877929688,87.77999877929688,296,0.0,0.0
2026-10-06 09:48:00-04:00,87.7699966430664,87.79000091552734,87.70999908447266,87.72000122070312,87.72000122070312,305,0.0,0.0
2026-10-06 09:49:00-04:00,87.7300033569336,87.79000091552734,87.70999908447266,87.77999877929688,87.77999877929688,233,0.0,0.0
2026-10-06 09:50:00-04:00,87.80000305175781,87.81999969482422,87.70999908447266,87.76000213623047,87.76000213623047,234,0.0,0.0
2026-10-06 09:51:00-04:00,87.73999786376953,87.81999969482422,87.73999786376953,87.80000305175781,87.80000305175781,178,0.0,0.0
2026-10-06 09:52:00-04:00,87.7699966430664,88.01000213623047,87.7300033569336,88.0,88.0,432,0.0,0.0
2026-10-06 09:53:00-04:00,87.98999786376953,88.08999633789062,87.93000030517578,87.93000030517578,87.93000030517578,466,0.0,0.0
2026-10-06 09:54:00-04:00,87.97000122070312,88.0199966430664,87.93000030517578,87.94999694824219,87.94999694824219,278,0.0,0.0
2026-10-06 09:55:00-04:00,87.97000122070312,88.04000091552734,87.88999938964844,87.9000015258789,87.9000015258789,186,0.0,0.0
2026-10-06 09:56:00-04:00,87.9000015258789,87.93000030517578,87.80999755859375,87.83000183105469,87.83000183105469,181,0.0,0.0
2026-10-06 09:57:00-04:00,87.80000305175781,87.83999633789062,87.79000091552734,87.80999755859375,87.80999755859375,184,0.0,0.0
2026-10-06 09:58:00-04:00,87.80999755859375,87.80999755859375,87.73999786376953,87.77999877929688,87.77999877929688,189,0.0,0.0
2026-10-06 09:59:00-04:00,87.80000305175781,87.94999694824219,87.79000091552734,87.94999694824219,87.94999694824219,176,0.0,0.0
2026-10-06 10:00:00-04:00,87.94999694824219,88.02999877929688,87.87000274658203,88.0199966430664,88.0199966430664,463,0.0,0.0
2026-10-06 10:01:00-04:00,88.01000213623047,88.05999755859375,87.94999694824219,87.94999694824219,87.94999694824219,296,0.0,0.0
2026-10-06 10:02:00-04:00,87.94999694824219,87.9800033569336,87.87999725341797,87.94000244140625,87.94000244140625,332,0.0,0.0
2026-10-06 10:03:00-04:00,87.93000030517578,88.0199966430664,87.88999938964844,87.9800033569336,87.9800033569336,297,0.0,0.0
2026-10-06 10:04:00-04:00,87.9800033569336,88.0199966430664,87.66999816894531,87.83999633789062,87.83999633789062,1018,0.0,0.0
2026-10-06 10:05:00-04:00,87.83999633789062,87.94999694824219,87.81999969482422,87.88999938964844,87.88999938964844,298,0.0,0.0
2026-10-06 10:06:00-04:00,87.86000061035156,88.0199966430664,87.8499984741211,87.98999786376953,87.98999786376953,336,0.0,0.0
2026-10-06 10:07:00-04:00,87.9800033569336,88.0,87.9000015258789,87.93000030517578,87.93000030517578,296,0.0,0.0
2026-10-06 10:08:00-04:00,87.94999694824219,87.9800033569336,87.87999725341797,87.87999725341797,87.87999725341797,151,0.0,0.0
2026-10-06 10:09:00-04:00,87.88999938964844,87.88999938964844,87.7300033569336,87.7300033569336,87.7300033569336,297,0.0,0.0
2026-10-06 10:10:00-04:00,87.73999786376953,87.87000274658203,87.68000030517578,87.87000274658203,87.87000274658203,250,0.0,0.0
2026-10-06 10:11:00-04:00,87.8499984741211,87.95999908447266,87.8499984741211,87.88999938964844,87.88999938964844,165,0.0,0.0
2026-10-06 10:12:00-04:00,87.91000366210938,88.02999877929688,87.88999938964844,88.0199966430664,88.0199966430664,293,0.0,0.0
2026-10-06 10:13:00-04:00,88.02999877929688,88.04000091552734,87.88999938964844,87.95999908447266,87.95999908447266,377,0.0,0.0
2026-10-06 10:14:00-04:00,87.97000122070312,88.01000213623047,87.88999938964844,87.88999938964844,87.88999938964844,184,0.0,0.0
2026-10-06 10:15:00-04:00,87.88999938964844,88.05000305175781,87.83999633789062,88.04000091552734,88.04000091552734,283,0.0,0.0
2026-10-06 10:16:00-04:00,88.04000091552734,88.06999969482422,88.01000213623047,88.02999877929688,88.02999877929688,210,0.0,0.0
2026-10-06 10:17:00-04:00,88.02999877929688,88.06999969482422,87.95999908447266,88.05999755859375,88.05999755859375,281,0.0,0.0
2026-10-06 10:18:00-04:00,88.05999755859375,88.19999694824219,88.05000305175781,88.16000366210938,88.16000366210938,341,0.0,0.0
2026-10-06 10:19:00-04:00,88.1500015258789,88.16999816894531,88.04000091552734,88.0999984741211,88.0999984741211,328,0.0,0.0
2026-10-06 10:20:00-04:00,88.08000183105469,88.13999938964844,88.05999755859375,88.08000183105469,88.08000183105469,214,0.0,0.0
2026-10-06 10:21:00-04:00,88.08999633789062,88.0999984741211,88.0199966430664,88.08000183105469,88.08000183105469,175,0.0,0.0
2026-10-06 10:22:00-04:00,88.08000183105469,88.08999633789062,87.91999816894531,87.94000244140625,87.94000244140625,331,0.0,0.0
2026-10-06 10:23:00-04:00,87.93000030517578,88.01000213623047,87.91999816894531,87.97000122070312,87.97000122070312,200,0.0,0.0
2026-10-06 10:24:00-04:00,87.97000122070312,88.05000305175781,87.94000244140625,87.95999908447266,87.95999908447266,176,0.0,0.0
2026-10-06 10:25:00-04:00,87.9800033569336,88.05000305175781,87.95999908447266,88.0,88.0,234,0.0,0.0
2026-10-06 10:26:00-04:00,87.98999786376953,88.02999877929688,87.91999816894531,88.0199966430664,88.0199966430664,167,0.0,0.0
2026-10-06 10:27:00-04:00,88.0,88.12999725341797,87.94999694824219,88.08000183105469,88.08000183105469,171,0.0,0.0
2026-10-06 10:28:00-04:00,88.08000183105469,88.11000061035156,87.98999786376953,88.08000183105469,88.08000183105469,156,0.0,0.0
2026-10-06 10:29:00-04:00,88.08999633789062,88.08999633789062,87.9800033569336,88.0,88.0,101,0.0,0.0
2026-10-06 10:30:00-04:00,88.0,88.19999694824219,88.0,88.19999694824219,88.19999694824219,376,0.0,0.0
2026-10-06 10:31:00-04:00,88.19999694824219,88.19999694824219,88.0999984741211,88.16999816894531,88.16999816894531,181,0.0,0.0
2026-10-06 10:32:00-04:00,88.16999816894531,88.19999694824219,88.13999938964844,88.18000030517578,88.18000030517578,331,0.0,0.0
2026-10-06 10:33:00-04:00,88.16999816894531,88.20999908447266,88.05000305175781,88.06999969482422,88.06999969482422,509,0.0,0.0
2026-10-06 10:34:00-04:00,88.08999633789062,88.08999633789062,88.0,88.0199966430664,88.0199966430664,129,0.0,0.0
2026-10-06 10:35:00-04:00,88.0199966430664,88.08000183105469,87.97000122070312,88.0199966430664,88.0199966430664,330,0.0,0.0
2026-10-06 10:36:00-04:00,88.01000213623047,88.04000091552734,87.98999786376953,88.0199966430664,88.0199966430664,212,0.0,0.0
2026-10-06 10:37:00-04:00,88.05000305175781,88.11000061035156,87.9800033569336,88.0999984741211,88.0999984741211,245,0.0,0.0
2026-10-06 10:38:00-04:00,88.12000274658203,88.18000030517578,88.08999633789062,88.12000274658203,88.12000274658203,372,0.0,0.0
2026-10-06 10:39:00-04:00,88.12000274658203,88.12999725341797,88.04000091552734,88.08000183105469,88.08000183105469,186,0.0,0.0
2026-10-06 10:40:00-04:00,88.06999969482422,88.0999984741211,87.9800033569336,87.98999786376953,87.98999786376953,164,0.0,0.0
2026-10-06 10:41:00-04:00,87.98999786376953,88.01000213623047,87.88999938964844,87.9000015258789,87.9000015258789,227,0.0,0.0
2026-10-06 10:42:00-04:00,87.91000366210938,87.94999694824219,87.87999725341797,87.9000015258789,87.9000015258789,128,0.0,0.0
2026-10-06 10:43:00-04:00,87.9000015258789,87.91999816894531,87.8499984741211,87.87000274658203,87.87000274658203,133,0.0,0.0
2026-10-06 10:44:00-04:00,87.87000274658203,87.88999938964844,87.83000183105469,87.87999725341797,87.87999725341797,231,0.0,0.0
2026-10-06 10:45:00-04:00,87.87999725341797,88.01000213623047,87.87000274658203,87.9000015258789,87.9000015258789,403,0.0,0.0
2026-10-06 10:46:00-04:00,87.91000366210938,88.0,87.9000015258789,87.97000122070312,87.97000122070312,151,0.0,0.0
2026-10-06 10:47:00-04:00,87.95999908447266,87.9800033569336,87.91000366210938,87.97000122070312,87.97000122070312,138,0.0,0.0
2026-10-06 10:48:00-04:00,87.97000122070312,87.98999786376953,87.88999938964844,87.9000015258789,87.9000015258789,95,0.0,0.0
2026-10-06 10:49:00-04:00,87.87999725341797,87.87999725341797,87.77999877929688,87.8499984741211,87.8499984741211,191,0.0,0.0
2026-10-06 10:50:00-04:00,87.83999633789062,87.83999633789062,87.77999877929688,87.81999969482422,87.81999969482422,122,0.0,0.0
2026-10-06 10:51:00-04:00,87.80000305175781,87.80999755859375,87.72000122070312,87.73999786376953,87.73999786376953,372,0.0,0.0
2026-10-06 10:52:00-04:00,87.7300033569336,87.8499984741211,87.7300033569336,87.80000305175781,87.80000305175781,332,0.0,0.0
2026-10-06 10:53:00-04:00,87.80000305175781,87.87000274658203,87.79000091552734,87.86000061035156,87.86000061035156,63,0.0,0.0
2026-10-06 10:54:00-04:00,87.86000061035156,87.94000244140625,87.83999633789062,87.94000244140625,87.94000244140625,218,0.0,0.0
2026-10-06 10:55:00-04:00,87.94000244140625,87.9800033569336,87.88999938964844,87.91999816894531,87.91999816894531,183,0.0,0.0
2026-10-06 10:56:00-04:00,87.93000030517578,87.95999908447266,87.88999938964844,87.95999908447266,87.95999908447266,126,0.0,0.0
2026-10-06 10:57:00-04:00,87.94999694824219,88.0,87.94000244140625,87.97000122070312,87.97000122070312,97,0.0,0.0
2026-10-06 10:58:00-04:00,87.9800033569336,87.9800033569336,87.8499984741211,87.9000015258789,87.9000015258789,252,0.0,0.0
2026-10-06 10:59:00-04:00,87.9000015258789,87.91000366210938,87.83000183105469,87.83000183105469,87.83000183105469,106,0.0,0.0
2026-10-06 11:00:00-04:00,87.83000183105469,87.87000274658203,87.7699966430664,87.77999877929688,87.77999877929688,159,0.0,0.0
2026-10-06 11:01:00-04:00,87.79000091552734,87.80000305175781,87.75,87.76000213623047,87.76000213623047,157,0.0,0.0
2026-10-06 11:02:00-04:00,87.73999786376953,87.87000274658203,87.69999694824219,87.73999786376953,87.73999786376953,430,0.0,0.0
2026-10-06 11:03:00-04:00,87.75,87.75,87.72000122070312,87.7300033569336,87.7300033569336,57,0.0,0.0
2026-10-06 11:04:00-04:00,87.70999908447266,87.7699966430664,87.69000244140625,87.7699966430664,87.7699966430664,121,0.0,0.0
2026-10-06 11:05:00-04:00,87.75,87.8499984741211,87.72000122070312,87.77999877929688,87.77999877929688,175,0.0,0.0
2026-10-06 11:06:00-04:00,87.77999877929688,87.81999969482422,87.75,87.7699966430664,87.7699966430664,52,0.0,0.0
2026-10-06 11:07:00-04:00,87.76000213623047,87.91000366210938,87.76000213623047,87.9000015258789,87.9000015258789,169,0.0,0.0
2026-10-06 11:08:00-04:00,87.91000366210938,87.91000366210938,87.8499984741211,87.9000015258789,87.9000015258789,180,0.0,0.0
2026-10-06 11:09:00-04:00,87.9000015258789,87.93000030517578,87.87000274658203,87.9000015258789,87.9000015258789,217,0.0,0.0
2026-10-06 11:10:00-04:00,87.91000366210938,87.98999786376953,87.87999725341797,87.95999908447266,87.95999908447266,356,0.0,0.0
2026-10-06 11:11:00-04:00,87.94999694824219,87.94999694824219,87.83000183105469,87.8499984741211,87.8499984741211,221,0.0,0.0
2026-10-06 11:12:00-04:00,87.83999633789062,87.87999725341797,87.81999969482422,87.87000274658203,87.87000274658203,77,0.0,0.0
2026-10-06 11:13:00-04:00,87.87999725341797,87.97000122070312,87.87999725341797,87.87999725341797,87.87999725341797,169,0.0,0.0
2026-10-06 11:14:00-04:00,87.87999725341797,87.87999725341797,87.80999755859375,87.87000274658203,87.87000274658203,62,0.0,0.0
2026-10-06 11:15:00-04:00,87.87000274658203,87.91000366210938,87.80000305175781,87.83000183105469,87.83000183105469,126,0.0,0.0
2026-10-06 11:16:00-04:00,87.86000061035156,87.9800033569336,87.86000061035156,87.93000030517578,87.93000030517578,200,0.0,0.0
2026-10-06 11:17:00-04:00,87.93000030517578,88.05000305175781,87.87999725341797,88.04000091552734,88.04000091552734,296,0.0,0.0
2026-10-06 11:18:00-04:00,88.05000305175781,88.12999725341797,87.9800033569336,88.0,88.0,339,0.0,0.0
2026-10-06 11:19:00-04:00,87.98999786376953,88.08999633789062,87.95999908447266,88.05000305175781,88.05000305175781,338,0.0,0.0
2026-10-06 11:20:00-04:00,88.01000213623047,88.22000122070312,88.01000213623047,88.0999984741211,88.0999984741211,509,0.0,0.0
2026-10-06 11:21:00-04:00,88.12000274658203,88.12999725341797,88.05000305175781,88.08000183105469,88.08000183105469,179,0.0,0.0
2026-10-06 11:22:00-04:00,88.08000183105469,88.12999725341797,88.01000213623047,88.0199966430664,88.0199966430664,261,0.0,0.0
2026-10-06 11:23:00-04:00,88.0199966430664,88.02999877929688,87.93000030517578,87.95999908447266,87.95999908447266,225,0.0,0.0
2026-10-06 11:24:00-04:00,87.94999694824219,88.08000183105469,87.94999694824219,88.06999969482422,88.06999969482422,220,0.0,0.0
2026-10-06 11:25:00-04:00,88.06999969482422,88.18000030517578,88.02999877929688,88.16999816894531,88.16999816894531,243,0.0,0.0
2026-10-06 11:26:00-04:00,88.16999816894531,88.26000213623047,88.08000183105469,88.26000213623047,88.26000213623047,807,0.0,0.0
2026-10-06 11:27:00-04:00,88.23999786376953,88.37000274658203,88.23999786376953,88.2699966430664,88.2699966430664,696,0.0,0.0
2026-10-06 11:28:00-04:00,88.27999877929688,88.30000305175781,88.19000244140625,88.25,88.25,348,0.0,0.0
2026-10-06 11:29:00-04:00,88.23999786376953,88.38999938964844,88.2300033569336,88.33999633789062,88.33999633789062,813,0.0,0.0
2026-10-06 11:30:00-04:00,88.31999969482422,88.41000366210938,88.2699966430664,88.37999725341797,88.37999725341797,1083,0.0,0.0
2026-10-06 11:31:00-04:00,88.37999725341797,88.38999938964844,88.16000366210938,88.16999816894531,88.16999816894531,514,0.0,0.0
2026-10-06 11:32:00-04:00,88.16999816894531,88.2300033569336,88.12999725341797,88.19000244140625,88.19000244140625,352,0.0,0.0
2026-10-06 11:33:00-04:00,88.18000030517578,88.31999969482422,88.18000030517578,88.31999969482422,88.31999969482422,473,0.0,0.0
2026-10-06 11:34:00-04:00,88.33000183105469,88.44999694824219,88.31999969482422,88.44000244140625,88.44000244140625,541,0.0,0.0
2026-10-06 11:35:00-04:00,88.43000030517578,88.62999725341797,88.41999816894531,88.48999786376953,88.48999786376953,1763,0.0,0.0
2026-10-06 11:36:00-04:00,88.48999786376953,88.54000091552734,88.44999694824219,88.5199966430664,88.5199966430664,512,0.0,0.0
2026-10-06 11:37:00-04:00,88.5199966430664,88.54000091552734,88.44999694824219,88.47000122070312,88.47000122070312,290,0.0,0.0
2026-10-06 11:38:00-04:00,88.47000122070312,88.68000030517578,88.45999908447266,88.58000183105469,88.58000183105469,684,0.0,0.0
2026-10-06 11:39:00-04:00,88.56999969482422,88.68000030517578,88.55999755859375,88.66999816894531,88.66999816894531,390,0.0,0.0
2026-10-06 11:40:00-04:00,88.66000366210938,88.86000061035156,88.61000061035156,88.80000305175781,88.80000305175781,1349,0.0,0.0
2026-10-06 11:41:00-04:00,88.80000305175781,88.86000061035156,88.70999908447266,88.73999786376953,88.73999786376953,554,0.0,0.0
2026-10-06 11:42:00-04:00,88.75,88.83000183105469,88.72000122070312,88.80999755859375,88.80999755859375,414,0.0,0.0
2026-10-06 11:43:00-04:00,88.80999755859375,88.81999969482422,88.69999694824219,88.73999786376953,88.73999786376953,371,0.0,0.0
2026-10-06 11:44:00-04:00,88.76000213623047,88.83000183105469,88.72000122070312,88.81999969482422,88.81999969482422,821,0.0,0.0
2026-10-06 11:45:00-04:00,88.80999755859375,88.91999816894531,88.80999755859375,88.9000015258789,88.9000015258789,813,0.0,0.0
2026-10-06 11:46:00-04:00,88.91000366210938,89.01000213623047,88.87999725341797,88.9000015258789,88.9000015258789,667,0.0,0.0
2026-10-06 11:47:00-04:00,88.88999938964844,88.91000366210938,88.81999969482422,88.83999633789062,88.83999633789062,615,0.0,0.0
2026-10-06 11:48:00-04:00,88.81999969482422,88.86000061035156,88.70999908447266,88.79000091552734,88.79000091552734,393,0.0,0.0
2026-10-06 11:49:00-04:00,88.80000305175781,88.83000183105469,88.72000122070312,88.73999786376953,88.73999786376953,195,0.0,0.0
2026-10-06 11:50:00-04:00,88.73999786376953,88.76000213623047,88.69000244140625,88.7300033569336,88.7300033569336,323,0.0,0.0
2026-10-06 11:51:00-04:00,88.73999786376953,88.87999725341797,88.73999786376953,88.83999633789062,88.83999633789062,337,0.0,0.0
2026-10-06 11:52:00-04:00,88.83999633789062,88.9000015258789,88.80999755859375,88.9000015258789,88.9000015258789,365,0.0,0.0
2026-10-06 11:53:00-04:00,88.88999938964844,88.91999816894531,88.81999969482422,88.81999969482422,88.81999969482422,278,0.0,0.0
2026-10-06 11:54:00-04:00,88.80000305175781,88.87000274658203,88.76000213623047,88.76000213623047,88.76000213623047,255,0.0,0.0
2026-10-06 11:55:00-04:00,88.76000213623047,88.80000305175781,88.69999694824219,88.77999877929688,88.77999877929688,158,0.0,0.0
2026-10-06 11:56:00-04:00,88.77999877929688,88.80999755859375,88.72000122070312,88.7300033569336,88.7300033569336,312,0.0,0.0
2026-10-06 11:57:00-04:00,88.7300033569336,88.7699966430664,88.69000244140625,88.7699966430664,88.7699966430664,315,0.0,0.0
2026-10-06 11:58:00-04:00,88.76000213623047,88.79000091552734,88.72000122070312,88.73999786376953,88.73999786376953,263,0.0,0.0
2026-10-06 11:59:00-04:00,88.73999786376953,88.8499984741211,88.73999786376953,88.81999969482422,88.81999969482422,223,0.0,0.0
2026-10-06 12:00:00-04:00,88.80999755859375,88.88999938964844,88.7300033569336,88.8499984741211,88.8499984741211,458,0.0,0.0
2026-10-06 12:01:00-04:00,88.87000274658203,88.91999816894531,88.83000183105469,88.87000274658203,88.87000274658203,535,0.0,0.0
2026-10-06 12:02:00-04:00,88.87999725341797,88.95999908447266,88.86000061035156,88.93000030517578,88.93000030517578,380,0.0,0.0
2026-10-06 12:03:00-04:00,88.94000244140625,88.98999786376953,88.91000366210938,88.98999786376953,88.98999786376953,230,0.0,0.0
2026-10-06 12:04:00-04:00,89.0,89.08999633789062,88.9800033569336,89.05999755859375,89.05999755859375,501,0.0,0.0
2026-10-06 12:05:00-04:00,89.04000091552734,89.16999816894531,89.0199966430664,89.08999633789062,89.08999633789062,567,0.0,0.0
2026-10-06 12:06:00-04:00,89.08999633789062,89.16000366210938,89.06999969482422,89.08999633789062,89.08999633789062,227,0.0,0.0
2026-10-06 12:07:00-04:00,89.0999984741211,89.0999984741211,89.0,89.05000305175781,89.05000305175781,331,0.0,0.0
2026-10-06 12:08:00-04:00,89.05999755859375,89.16000366210938,89.04000091552734,89.05999755859375,89.05999755859375,319,0.0,0.0
2026-10-06 12:09:00-04:00,89.06999969482422,89.08000183105469,89.0,89.05000305175781,89.05000305175781,225,0.0,0.0
2026-10-06 12:10:00-04:00,89.05000305175781,89.12999725341797,89.0199966430664,89.12000274658203,89.12000274658203,420,0.0,0.0
2026-10-06 12:11:00-04:00,89.12000274658203,89.20999908447266,89.08999633789062,89.18000030517578,89.18000030517578,324,0.0,0.0
2026-10-06 12:12:00-04:00,89.18000030517578,89.2300033569336,89.12000274658203,89.13999938964844,89.13999938964844,933,0.0,0.0
2026-10-06 12:13:00-04:00,89.12999725341797,89.16999816894531,89.0199966430664,89.12000274658203,89.12000274658203,554,0.0,0.0
2026-10-06 12:14:00-04:00,89.13999938964844,89.2300033569336,89.13999938964844,89.18000030517578,89.18000030517578,521,0.0,0.0
2026-10-06 12:15:00-04:00,89.16000366210938,89.2699966430664,89.16000366210938,89.25,89.25,401,0.0,0.0
2026-10-06 12:16:00-04:00,89.26000213623047,89.27999877929688,89.20999908447266,89.22000122070312,89.22000122070312,181,0.0,0.0
2026-10-06 12:17:00-04:00,89.20999908447266,89.26000213623047,89.19000244140625,89.19999694824219,89.19999694824219,381,0.0,0.0
2026-10-06 12:18:00-04:00,89.19999694824219,89.23999786376953,89.18000030517578,89.19000244140625,89.19000244140625,321,0.0,0.0
2026-10-06 12:19:00-04:00,89.19000244140625,89.26000213623047,89.16000366210938,89.25,89.25,206,0.0,0.0
2026-10-06 12:20:00-04:00,89.25,89.27999877929688,89.16999816894531,89.2699966430664,89.2699966430664,272,0.0,0.0
2026-10-06 12:21:00-04:00,89.25,89.29000091552734,89.23999786376953,89.27999877929688,89.27999877929688,134,0.0,0.0
2026-10-06 12:22:00-04:00,89.29000091552734,89.33000183105469,89.2300033569336,89.33000183105469,89.33000183105469,198,0.0,0.0
2026-10-06 12:23:00-04:00,89.33000183105469,89.4000015258789,89.31999969482422,89.38999938964844,89.38999938964844,391,0.0,0.0
2026-10-06 12:24:00-04:00,89.38999938964844,89.54000091552734,89.37000274658203,89.5,89.5,642,0.0,0.0
2026-10-06 12:25:00-04:00,89.48999786376953,89.55999755859375,89.47000122070312,89.5,89.5,447,0.0,0.0
2026-10-06 12:26:00-04:00,89.5,89.54000091552734,89.44999694824219,89.47000122070312,89.47000122070312,415,0.0,0.0
2026-10-06 12:27:00-04:00,89.48999786376953,89.55999755859375,89.47000122070312,89.5199966430664,89.5199966430664,301,0.0,0.0
2026-10-06 12:28:00-04:00,89.51000213623047,89.62000274658203,89.5,89.58000183105469,89.58000183105469,320,0.0,0.0
2026-10-06 12:29:00-04:00,89.58000183105469,89.62999725341797,89.55000305175781,89.55000305175781,89.55000305175781,183,0.0,0.0
2026-10-06 12:30:00-04:00,89.55000305175781,89.63999938964844,89.52999877929688,89.58000183105469,89.58000183105469,246,0.0,0.0
2026-10-06 12:31:00-04:00,89.55999755859375,89.55999755859375,89.47000122070312,89.54000091552734,89.54000091552734,593,0.0,0.0
2026-10-06 12:32:00-04:00,89.55999755859375,89.62000274658203,89.54000091552734,89.5999984741211,89.5999984741211,192,0.0,0.0
2026-10-06 12:33:00-04:00,89.5999984741211,89.61000061035156,89.58000183105469,89.58999633789062,89.58999633789062,114,0.0,0.0
2026-10-06 12:34:00-04:00,89.58000183105469,89.6500015258789,89.55000305175781,89.58000183105469,89.58000183105469,398,0.0,0.0
2026-10-06 12:35:00-04:00,89.61000061035156,89.66000366210938,89.61000061035156,89.66000366210938,89.66000366210938,285,0.0,0.0
2026-10-06 12:36:00-04:00,89.66000366210938,89.69999694824219,89.62000274658203,89.6500015258789,89.6500015258789,231,0.0,0.0
2026-10-06 12:37:00-04:00,89.63999938964844,89.69000244140625,89.62999725341797,89.63999938964844,89.63999938964844,289,0.0,0.0
2026-10-06 12:38:00-04:00,89.66000366210938,89.76000213623047,89.58999633789062,89.5999984741211,89.5999984741211,1425,0.0,0.0
2026-10-06 12:39:00-04:00,89.61000061035156,89.66000366210938,89.58000183105469,89.58000183105469,89.58000183105469,560,0.0,0.0
2026-10-06 12:40:00-04:00,89.5999984741211,89.66000366210938,89.5199966430664,89.55000305175781,89.55000305175781,689,0.0,0.0
2026-10-06 12:41:00-04:00,89.54000091552734,89.62999725341797,89.52999877929688,89.55999755859375,89.55999755859375,759,0.0,0.0
2026-10-06 12:42:00-04:00,89.56999969482422,89.5999984741211,89.55000305175781,89.55999755859375,89.55999755859375,190,0.0,0.0
2026-10-06 12:43:00-04:00,89.54000091552734,89.55999755859375,89.5,89.52999877929688,89.52999877929688,705,0.0,0.0
2026-10-06 12:44:00-04:00,89.51000213623047,89.52999877929688,89.37999725341797,89.41000366210938,89.41000366210938,614,0.0,0.0
2026-10-06 12:45:00-04:00,89.41000366210938,89.43000030517578,89.37000274658203,89.38999938964844,89.38999938964844,639,0.0,0.0
2026-10-06 12:46:00-04:00,89.4000015258789,89.47000122070312,89.37999725341797,89.47000122070312,89.47000122070312,370,0.0,0.0
2026-10-06 12:47:00-04:00,89.47000122070312,89.55999755859375,89.47000122070312,89.52999877929688,89.52999877929688,194,0.0,0.0
2026-10-06 12:48:00-04:00,89.54000091552734,89.54000091552734,89.41000366210938,89.43000030517578,89.43000030517578,516,0.0,0.0
2026-10-06 12:49:00-04:00,89.41999816894531,89.44000244140625,89.33000183105469,89.4000015258789,89.4000015258789,761,0.0,0.0
2026-10-06 12:50:00-04:00,89.41000366210938,89.5199966430664,89.4000015258789,89.5,89.5,275,0.0,0.0
2026-10-06 12:51:00-04:00,89.5,89.5199966430664,89.41999816894531,89.43000030517578,89.43000030517578,232,0.0,0.0
2026-10-06 12:52:00-04:00,89.43000030517578,89.45999908447266,89.31999969482422,89.33999633789062,89.33999633789062,611,0.0,0.0
2026-10-06 12:53:00-04:00,89.33999633789062,89.4000015258789,89.33999633789062,89.37999725341797,89.37999725341797,291,0.0,0.0
2026-10-06 12:54:00-04:00,89.37999725341797,89.4800033569336,89.37000274658203,89.44000244140625,89.44000244140625,232,0.0,0.0
2026-10-06 12:55:00-04:00,89.44000244140625,89.56999969482422,89.44000244140625,89.44000244140625,89.44000244140625,535,0.0,0.0
2026-10-06 12:56:00-04:00,89.44000244140625,89.45999908447266,89.43000030517578,89.45999908447266,89.45999908447266,97,0.0,0.0
2026-10-06 12:57:00-04:00,89.47000122070312,89.54000091552734,89.45999908447266,89.51000213623047,89.51000213623047,103,0.0,0.0
2026-10-06 12:58:00-04:00,89.51000213623047,89.55999755859375,89.48999786376953,89.51000213623047,89.51000213623047,352,0.0,0.0
2026-10-06 12:59:00-04:00,89.45999908447266,89.51000213623047,89.43000030517578,89.43000030517578,89.43000030517578,207,0.0,0.0
2026-10-06 13:00:00-04:00,89.41999816894531,89.52999877929688,89.37000274658203,89.52999877929688,89.52999877929688,425,0.0,0.0
2026-10-06 13:01:00-04:00,89.52999877929688,89.5999984741211,89.5,89.58000183105469,89.58000183105469,237,0.0,0.0
2026-10-06 13:02:00-04:00,89.56999969482422,89.72000122070312,89.5199966430664,89.72000122070312,89.72000122070312,393,0.0,0.0
2026-10-06 13:03:00-04:00,89.72000122070312,89.73999786376953,89.55000305175781,89.55999755859375,89.55999755859375,279,0.0,0.0
2026-10-06 13:04:00-04:00,89.55999755859375,89.58999633789062,89.52999877929688,89.58000183105469,89.58000183105469,167,0.0,0.0
2026-10-06 13:05:00-04:00,89.56999969482422,89.62999725341797,89.55999755859375,89.58999633789062,89.58999633789062,284,0.0,0.0
2026-10-06 13:06:00-04:00,89.5999984741211,89.63999938964844,89.58999633789062,89.62000274658203,89.62000274658203,118,0.0,0.0
2026-10-06 13:07:00-04:00,89.63999938964844,89.7300033569336,89.63999938964844,89.6500015258789,89.6500015258789,232,0.0,0.0
2026-10-06 13:08:00-04:00,89.62999725341797,89.62999725341797,89.48999786376953,89.51000213623047,89.51000213623047,266,0.0,0.0
2026-10-06 13:09:00-04:00,89.51000213623047,89.52999877929688,89.4800033569336,89.4800033569336,89.4800033569336,130,0.0,0.0
2026-10-06 13:10:00-04:00,89.47000122070312,89.5,89.4000015258789,89.5,89.5,349,0.0,0.0
2026-10-06 13:11:00-04:00,89.48999786376953,89.5999984741211,89.48999786376953,89.5999984741211,89.5999984741211,194,0.0,0.0
2026-10-06 13:12:00-04:00,89.58999633789062,89.6500015258789,89.58000183105469,89.6500015258789,89.6500015258789,178,0.0,0.0
2026-10-06 13:13:00-04:00,89.66000366210938,89.68000030517578,89.62999725341797,89.66999816894531,89.66999816894531,193,0.0,0.0
2026-10-06 13:14:00-04:00,89.66000366210938,89.66000366210938,89.61000061035156,89.61000061035156,89.61000061035156,111,0.0,0.0
2026-10-06 13:15:00-04:00,89.61000061035156,89.73999786376953,89.61000061035156,89.69999694824219,89.69999694824219,527,0.0,0.0
2026-10-06 13:16:00-04:00,89.69000244140625,89.70999908447266,89.58999633789062,89.58999633789062,89.58999633789062,323,0.0,0.0
2026-10-06 13:17:00-04:00,89.58999633789062,89.61000061035156,89.54000091552734,89.56999969482422,89.56999969482422,138,0.0,0.0
2026-10-06 13:18:00-04:00,89.55000305175781,89.58999633789062,89.55000305175781,89.58000183105469,89.58000183105469,59,0.0,0.0
2026-10-06 13:19:00-04:00,89.58999633789062,89.6500015258789,89.56999969482422,89.61000061035156,89.61000061035156,193,0.0,0.0
2026-10-06 13:20:00-04:00,89.61000061035156,89.72000122070312,89.55000305175781,89.62000274658203,89.62000274658203,477,0.0,0.0
2026-10-06 13:21:00-04:00,89.62999725341797,89.66999816894531,89.5999984741211,89.63999938964844,89.63999938964844,106,0.0,0.0
2026-10-06 13:22:00-04:00,89.62999725341797,89.80999755859375,89.58000183105469,89.62999725341797,89.62999725341797,738,0.0,0.0
2026-10-06 13:23:00-04:00,89.63999938964844,89.77999877929688,89.63999938964844,89.75,89.75,685,0.0,0.0
2026-10-06 13:24:00-04:00,89.75,89.83999633789062,89.7300033569336,89.79000091552734,89.79000091552734,756,0.0,0.0
2026-10-06 13:25:00-04:00,89.77999877929688,89.80000305175781,89.69000244140625,89.69000244140625,89.69000244140625,508,0.0,0.0
2026-10-06 13:26:00-04:00,89.69999694824219,89.7300033569336,89.63999938964844,89.69999694824219,89.69999694824219,312,0.0,0.0
2026-10-06 13:27:00-04:00,89.69999694824219,89.75,89.66999816894531,89.7300033569336,89.7300033569336,252,0.0,0.0
2026-10-06 13:28:00-04:00,89.75,89.75,89.58999633789062,89.62000274658203,89.62000274658203,395,0.0,0.0
2026-10-06 13:29:00-04:00,89.62000274658203,89.63999938964844,89.56999969482422,89.58999633789062,89.58999633789062,163,0.0,0.0
2026-10-06 13:30:00-04:00,89.58000183105469,89.66000366210938,89.5199966430664,89.58999633789062,89.58999633789062,551,0.0,0.0
2026-10-06 13:31:00-04:00,89.58999633789062,89.5999984741211,89.54000091552734,89.5999984741211,89.5999984741211,264,0.0,0.0
2026-10-06 13:32:00-04:00,89.58000183105469,89.58999633789062,89.5199966430664,89.58999633789062,89.58999633789062,206,0.0,0.0
2026-10-06 13:33:00-04:00,89.58999633789062,89.62000274658203,89.56999969482422,89.58999633789062,89.58999633789062,136,0.0,0.0
2026-10-06 13:34:00-04:00,89.58999633789062,89.58999633789062,89.52999877929688,89.58000183105469,89.58000183105469,142,0.0,0.0
2026-10-06 13:35:00-04:00,89.56999969482422,89.58999633789062,89.55000305175781,89.58999633789062,89.58999633789062,170,0.0,0.0
2026-10-06 13:36:00-04:00,89.58000183105469,89.5999984741211,89.5199966430664,89.5199966430664,89.5199966430664,187,0.0,0.0
2026-10-06 13:37:00-04:00,89.51000213623047,89.54000091552734,89.43000030517578,89.43000030517578,89.43000030517578,276,0.0,0.0
2026-10-06 13:38:00-04:00,89.43000030517578,89.43000030517578,89.36000061035156,89.41000366210938,89.41000366210938,388,0.0,0.0
2026-10-06 13:39:00-04:00,89.41000366210938,89.45999908447266,89.4000015258789,89.45999908447266,89.45999908447266,161,0.0,0.0
2026-10-06 13:40:00-04:00,89.44999694824219,89.44999694824219,89.37000274658203,89.38999938964844,89.38999938964844,483,0.0,0.0
2026-10-06 13:41:00-04:00,89.4000015258789,89.43000030517578,89.37999725341797,89.38999938964844,89.38999938964844,262,0.0,0.0
2026-10-06 13:42:00-04:00,89.38999938964844,89.44999694824219,89.37999725341797,89.44999694824219,89.44999694824219,201,0.0,0.0
2026-10-06 13:43:00-04:00,89.44999694824219,89.45999908447266,89.36000061035156,89.4000015258789,89.4000015258789,308,0.0,0.0
2026-10-06 13:44:00-04:00,89.38999938964844,89.41000366210938,89.33000183105469,89.36000061035156,89.36000061035156,462,0.0,0.0
2026-10-06 13:45:00-04:00,89.36000061035156,89.4000015258789,89.36000061035156,89.38999938964844,89.38999938964844,192,0.0,0.0
2026-10-06 13:46:00-04:00,89.37999725341797,89.4000015258789,89.30999755859375,89.37000274658203,89.37000274658203,318,0.0,0.0
2026-10-06 13:47:00-04:00,89.37000274658203,89.43000030517578,89.37000274658203,89.41000366210938,89.41000366210938,222,0.0,0.0
2026-10-06 13:48:00-04:00,89.38999938964844,89.41999816894531,89.33000183105469,89.33999633789062,89.33999633789062,256,0.0,0.0
2026-10-06 13:49:00-04:00,89.33999633789062,89.41000366210938,89.33000183105469,89.3499984741211,89.3499984741211,206,0.0,0.0
2026-10-06 13:50:00-04:00,89.33999633789062,89.37000274658203,89.30999755859375,89.37000274658203,89.37000274658203,167,0.0,0.0
2026-10-06 13:51:00-04:00,89.3499984741211,89.36000061035156,89.31999969482422,89.33000183105469,89.33000183105469,121,0.0,0.0
2026-10-06 13:52:00-04:00,89.31999969482422,89.33999633789062,89.2699966430664,89.33000183105469,89.33000183105469,382,0.0,0.0
2026-10-06 13:53:00-04:00,89.33000183105469,89.3499984741211,89.27999877929688,89.33999633789062,89.33999633789062,205,0.0,0.0
2026-10-06 13:54:00-04:00,89.3499984741211,89.5,89.33999633789062,89.44000244140625,89.44000244140625,432,0.0,0.0
2026-10-06 13:55:00-04:00,89.44000244140625,89.44000244140625,89.41000366210938,89.43000030517578,89.43000030517578,255,0.0,0.0
2026-10-06 13:56:00-04:00,89.43000030517578,89.43000030517578,89.37000274658203,89.41999816894531,89.41999816894531,165,0.0,0.0
2026-10-06 13:57:00-04:00,89.41999816894531,89.43000030517578,89.4000015258789,89.4000015258789,89.4000015258789,189,0.0,0.0
2026-10-06 13:58:00-04:00,89.41000366210938,89.43000030517578,89.37999725341797,89.41999816894531,89.41999816894531,150,0.0,0.0
2026-10-06 13:59:00-04:00,89.43000030517578,89.4800033569336,89.41000366210938,89.45999908447266,89.45999908447266,246,0.0,0.0
2026-10-06 14:00:00-04:00,89.47000122070312,89.5199966430664,89.44999694824219,89.48999786376953,89.48999786376953,359,0.0,0.0
2026-10-06 14:01:00-04:00,89.48999786376953,89.52999877929688,89.36000061035156,89.37999725341797,89.37999725341797,363,0.0,0.0
2026-10-06 14:02:00-04:00,89.38999938964844,89.4000015258789,89.33999633789062,89.36000061035156,89.36000061035156,129,0.0,0.0
2026-10-06 14:03:00-04:00,89.3499984741211,89.37000274658203,89.29000091552734,89.30999755859375,89.30999755859375,343,0.0,0.0
2026-10-06 14:04:00-04:00,89.30999755859375,89.3499984741211,89.27999877929688,89.3499984741211,89.3499984741211,229,0.0,0.0
2026-10-06 14:05:00-04:00,89.33000183105469,89.33999633789062,89.29000091552734,89.33999633789062,89.33999633789062,181,0.0,0.0
2026-10-06 14:06:00-04:00,89.33000183105469,89.36000061035156,89.30000305175781,89.33999633789062,89.33999633789062,386,0.0,0.0
2026-10-06 14:07:00-04:00,89.33999633789062,89.33999633789062,89.27999877929688,89.30999755859375,89.30999755859375,322,0.0,0.0
2026-10-06 14:08:00-04:00,89.30999755859375,89.31999969482422,89.27999877929688,89.29000091552734,89.29000091552734,187,0.0,0.0
2026-10-06 14:09:00-04:00,89.29000091552734,89.29000091552734,89.16000366210938,89.19000244140625,89.19000244140625,351,0.0,0.0
2026-10-06 14:10:00-04:00,89.19999694824219,89.2300033569336,89.08999633789062,89.13999938964844,89.13999938964844,597,0.0,0.0
2026-10-06 14:11:00-04:00,89.13999938964844,89.18000030517578,89.12000274658203,89.16999816894531,89.16999816894531,253,0.0,0.0
2026-10-06 14:12:00-04:00,89.16000366210938,89.26000213623047,89.16000366210938,89.25,89.25,291,0.0,0.0
2026-10-06 14:13:00-04:00,89.23999786376953,89.27999877929688,89.23999786376953,89.26000213623047,89.26000213623047,242,0.0,0.0
2026-10-06 14:14:00-04:00,89.26000213623047,89.27999877929688,89.25,89.2699966430664,89.2699966430664,121,0.0,0.0
2026-10-06 14:15:00-04:00,89.27999877929688,89.33000183105469,89.20999908447266,89.2300033569336,89.2300033569336,545,0.0,0.0
2026-10-06 14:16:00-04:00,89.22000122070312,89.27999877929688,89.16999816894531,89.26000213623047,89.26000213623047,388,0.0,0.0
2026-10-06 14:17:00-04:00,89.26000213623047,89.29000091552734,89.18000030517578,89.19999694824219,89.19999694824219,373,0.0,0.0
2026-10-06 14:18:00-04:00,89.22000122070312,89.25,89.22000122070312,89.23999786376953,89.23999786376953,178,0.0,0.0
2026-10-06 14:19:00-04:00,89.23999786376953,89.30000305175781,89.20999908447266,89.30000305175781,89.30000305175781,332,0.0,0.0
2026-10-06 14:20:00-04:00,89.30999755859375,89.30999755859375,89.25,89.2699966430664,89.2699966430664,221,0.0,0.0
2026-10-06 14:21:00-04:00,89.27999877929688,89.29000091552734,89.19999694824219,89.23999786376953,89.23999786376953,472,0.0,0.0
2026-10-06 14:22:00-04:00,89.23999786376953,89.26000213623047,89.22000122070312,89.25,89.25,656,0.0,0.0
2026-10-06 14:23:00-04:00,89.25,89.44000244140625,89.25,89.44000244140625,89.44000244140625,521,0.0,0.0
2026-10-06 14:24:00-04:00,89.43000030517578,89.48999786376953,89.41000366210938,89.45999908447266,89.45999908447266,1189,0.0,0.0
2026-10-06 14:25:00-04:00,89.4800033569336,89.54000091552734,89.43000030517578,89.44999694824219,89.44999694824219,605,0.0,0.0
2026-10-06 14:26:00-04:00,89.47000122070312,89.5199966430664,89.43000030517578,89.48999786376953,89.48999786376953,681,0.0,0.0
2026-10-06 14:27:00-04:00,89.47000122070312,89.5,89.41999816894531,89.48999786376953,89.48999786376953,1623,0.0,0.0
2026-10-06 14:28:00-04:00,89.4800033569336,89.52999877929688,89.31999969482422,89.4000015258789,89.4000015258789,6456,0.0,0.0
2026-10-06 14:29:00-04:00,89.41999816894531,89.47000122070312,89.38999938964844,89.44000244140625,89.44000244140625,5021,0.0,0.0
2026-10-06 14:30:00-04:00,89.43000030517578,89.52999877929688,89.43000030517578,89.5199966430664,89.5199966430664,1001,0.0,0.0
2026-10-06 14:31:00-04:00,89.52999877929688,89.5999984741211,89.51000213623047,89.58999633789062,89.58999633789062,552,0.0,0.0
2026-10-06 14:32:00-04:00,89.58999633789062,89.5999984741211,89.54000091552734,89.55000305175781,89.55000305175781,157,0.0,0.0
2026-10-06 14:33:00-04:00,89.55000305175781,89.63999938964844,89.55000305175781,89.61000061035156,89.61000061035156,285,0.0,0.0
2026-10-06 14:34:00-04:00,89.5999984741211,89.5999984741211,89.55999755859375,89.58000183105469,89.58000183105469,197,0.0,0.0
2026-10-06 14:35:00-04:00,89.58000183105469,89.5999984741211,89.55999755859375,89.58000183105469,89.58000183105469,90,0.0,0.0
2026-10-06 14:36:00-04:00,89.58000183105469,89.58000183105469,89.44000244140625,89.47000122070312,89.47000122070312,254,0.0,0.0
2026-10-06 14:37:00-04:00,89.47000122070312,89.5,89.47000122070312,89.48999786376953,89.48999786376953,99,0.0,0.0
2026-10-06 14:38:00-04:00,89.48999786376953,89.51000213623047,89.45999908447266,89.51000213623047,89.51000213623047,178,0.0,0.0
2026-10-06 14:39:00-04:00,89.51000213623047,89.62000274658203,89.5,89.61000061035156,89.61000061035156,249,0.0,0.0
2026-10-06 14:40:00-04:00,89.5999984741211,89.66000366210938,89.58999633789062,89.62999725341797,89.62999725341797,277,0.0,0.0
2026-10-06 14:41:00-04:00,89.62999725341797,89.62999725341797,89.58999633789062,89.5999984741211,89.5999984741211,101,0.0,0.0
2026-10-06 14:42:00-04:00,89.5999984741211,89.62000274658203,89.55999755859375,89.56999969482422,89.56999969482422,143,0.0,0.0
2026-10-06 14:43:00-04:00,89.55999755859375,89.58000183105469,89.55999755859375,89.58000183105469,89.58000183105469,16,0.0,0.0
2026-10-06 14:44:00-04:00,89.56999969482422,89.58999633789062,89.56999969482422,89.58999633789062,89.58999633789062,31,0.0,0.0
2026-10-06 14:45:00-04:00,89.58999633789062,89.63999938964844,89.58000183105469,89.62999725341797,89.62999725341797,48,0.0,0.0
2026-10-06 14:46:00-04:00,89.6500015258789,89.70999908447266,89.63999938964844,89.66999816894531,89.66999816894531,212,0.0,0.0
2026-10-06 14:47:00-04:00,89.66000366210938,89.66999816894531,89.63999938964844,89.63999938964844,89.63999938964844,63,0.0,0.0
2026-10-06 14:48:00-04:00,89.62999725341797,89.63999938964844,89.61000061035156,89.62999725341797,89.62999725341797,82,0.0,0.0
2026-10-06 14:49:00-04:00,89.62999725341797,89.63999938964844,89.52999877929688,89.55000305175781,89.55000305175781,543,0.0,0.0
2026-10-06 14:50:00-04:00,89.55999755859375,89.55999755859375,89.52999877929688,89.52999877929688,89.52999877929688,345,0.0,0.0
2026-10-06 14:51:00-04:00,89.54000091552734,89.58000183105469,89.51000213623047,89.56999969482422,89.56999969482422,117,0.0,0.0
2026-10-06 14:52:00-04:00,89.58000183105469,89.58000183105469,89.54000091552734,89.56999969482422,89.56999969482422,148,0.0,0.0
2026-10-06 14:53:00-04:00,89.56999969482422,89.56999969482422,89.55999755859375,89.56999969482422,89.56999969482422,23,0.0,0.0
2026-10-06 14:54:00-04:00,89.55999755859375,89.58999633789062,89.55999755859375,89.58999633789062,89.58999633789062,47,0.0,0.0
2026-10-06 14:55:00-04:00,89.5999984741211,89.62000274658203,89.58999633789062,89.61000061035156,89.61000061035156,59,0.0,0.0
2026-10-06 14:56:00-04:00,89.61000061035156,89.6500015258789,89.61000061035156,89.61000061035156,89.61000061035156,77,0.0,0.0
2026-10-06 14:57:00-04:00,89.61000061035156,89.62000274658203,89.5999984741211,89.61000061035156,89.61000061035156,73,0.0,0.0
2026-10-06 14:58:00-04:00,89.61000061035156,89.62000274658203,89.5999984741211,89.61000061035156,89.61000061035156,66,0.0,0.0
2026-10-06 14:59:00-04:00,89.5999984741211,89.62999725341797,89.5999984741211,89.61000061035156,89.61000061035156,62,0.0,0.0
2026-10-06 15:00:00-04:00,89.5999984741211,89.62000274658203,89.56999969482422,89.58999633789062,89.58999633789062,104,0.0,0.0
2026-10-06 15:01:00-04:00,89.5999984741211,89.63999938964844,89.56999969482422,89.63999938964844,89.63999938964844,108,0.0,0.0
2026-10-06 15:02:00-04:00,89.62999725341797,89.62999725341797,89.58000183105469,89.5999984741211,89.5999984741211,90,0.0,0.0
2026-10-06 15:03:00-04:00,89.5999984741211,89.62999725341797,89.56999969482422,89.62999725341797,89.62999725341797,87,0.0,0.0
2026-10-06 15:04:00-04:00,89.62000274658203,89.62000274658203,89.58999633789062,89.61000061035156,89.61000061035156,47,0.0,0.0
2026-10-06 15:05:00-04:00,89.61000061035156,89.63999938964844,89.5999984741211,89.62999725341797,89.62999725341797,72,0.0,0.0
2026-10-06 15:06:00-04:00,89.62999725341797,89.69000244140625,89.62000274658203,89.66000366210938,89.66000366210938,190,0.0,0.0
2026-10-06 15:07:00-04:00,89.66000366210938,89.66000366210938,89.61000061035156,89.62000274658203,89.62000274658203,102,0.0,0.0
2026-10-06 15:08:00-04:00,89.5999984741211,89.66000366210938,89.58999633789062,89.66000366210938,89.66000366210938,40,0.0,0.0
2026-10-06 15:09:00-04:00,89.68000030517578,89.72000122070312,89.6500015258789,89.66999816894531,89.66999816894531,144,0.0,0.0
2026-10-06 15:10:00-04:00,89.68000030517578,89.69000244140625,89.68000030517578,89.69000244140625,89.69000244140625,18,0.0,0.0
2026-10-06 15:11:00-04:00,89.68000030517578,89.69000244140625,89.66999816894531,89.69000244140625,89.69000244140625,17,0.0,0.0
2026-10-06 15:12:00-04:00,89.68000030517578,89.69000244140625,89.66999816894531,89.69000244140625,89.69000244140625,22,0.0,0.0
2026-10-06 15:13:00-04:00,89.68000030517578,89.68000030517578,89.62999725341797,89.63999938964844,89.63999938964844,32,0.0,0.0
2026-10-06 15:14:00-04:00,89.62999725341797,89.62999725341797,89.55999755859375,89.56999969482422,89.56999969482422,86,0.0,0.0
2026-10-06 15:15:00-04:00,89.56999969482422,89.5999984741211,89.52999877929688,89.52999877929688,89.52999877929688,111,0.0,0.0
2026-10-06 15:16:00-04:00,89.54000091552734,89.56999969482422,89.52999877929688,89.56999969482422,89.56999969482422,54,0.0,0.0
2026-10-06 15:17:00-04:00,89.58999633789062,89.58999633789062,89.55999755859375,89.56999969482422,89.56999969482422,18,0.0,0.0
2026-10-06 15:18:00-04:00,89.58000183105469,89.75,89.58000183105469,89.7300033569336,89.7300033569336,287,0.0,0.0
2026-10-06 15:19:00-04:00,89.75,89.76000213623047,89.70999908447266,89.72000122070312,89.72000122070312,170,0.0,0.0
2026-10-06 15:20:00-04:00,89.75,89.76000213623047,89.72000122070312,89.72000122070312,89.72000122070312,161,0.0,0.0
2026-10-06 15:21:00-04:00,89.75,89.77999877929688,89.7300033569336,89.7699966430664,89.7699966430664,107,0.0,0.0
2026-10-06 15:22:00-04:00,89.76000213623047,89.76000213623047,89.7300033569336,89.7300033569336,89.7300033569336,23,0.0,0.0
2026-10-06 15:23:00-04:00,89.7300033569336,89.7300033569336,89.69000244140625,89.69000244140625,89.69000244140625,32,0.0,0.0
2026-10-06 15:24:00-04:00,89.69000244140625,89.7300033569336,89.68000030517578,89.69999694824219,89.69999694824219,133,0.0,0.0
2026-10-06 15:25:00-04:00,89.70999908447266,89.70999908447266,89.63999938964844,89.6500015258789,89.6500015258789,72,0.0,0.0
2026-10-06 15:26:00-04:00,89.63999938964844,89.6500015258789,89.63999938964844,89.63999938964844,89.63999938964844,23,0.0,0.0
2026-10-06 15:27:00-04:00,89.66000366210938,89.66999816894531,89.6500015258789,89.6500015258789,89.6500015258789,46,0.0,0.0
2026-10-06 15:28:00-04:00,89.63999938964844,89.69000244140625,89.62999725341797,89.69000244140625,89.69000244140625,42,0.0,0.0
2026-10-06 15:29:00-04:00,89.69999694824219,89.69999694824219,89.68000030517578,89.69000244140625,89.69000244140625,36,0.0,0.0
2026-10-06 15:30:00-04:00,89.69000244140625,89.69999694824219,89.69000244140625,89.69000244140625,89.69000244140625,39,0.0,0.0
2026-10-06 15:31:00-04:00,89.69000244140625,89.72000122070312,89.69000244140625,89.70999908447266,89.70999908447266,101,0.0,0.0
2026-10-06 15:32:00-04:00,89.69999694824219,89.70999908447266,89.69000244140625,89.70999908447266,89.70999908447266,19,0.0,0.0
2026-10-06 15:33:00-04:00,89.70999908447266,89.70999908447266,89.69999694824219,89.70999908447266,89.70999908447266,20,0.0,0.0
2026-10-06 15:34:00-04:00,89.70999908447266,89.72000122070312,89.69999694824219,89.70999908447266,89.70999908447266,25,0.0,0.0
2026-10-06 15:35:00-04:00,89.70999908447266,89.72000122070312,89.69000244140625,89.72000122070312,89.72000122070312,47,0.0,0.0
2026-10-06 15:36:00-04:00,89.72000122070312,89.76000213623047,89.72000122070312,89.75,89.75,51,0.0,0.0
2026-10-06 15:37:00-04:00,89.73999786376953,89.76000213623047,89.72000122070312,89.76000213623047,89.76000213623047,49,0.0,0.0
2026-10-06 15:38:00-04:00,89.76000213623047,89.77999877929688,89.7300033569336,89.7300033569336,89.7300033569336,68,0.0,0.0
2026-10-06 15:39:00-04:00,89.76000213623047,89.76000213623047,89.73999786376953,89.75,89.75,10,0.0,0.0
2026-10-06 15:40:00-04:00,89.75,89.80000305175781,89.7300033569336,89.75,89.75,132,0.0,0.0
2026-10-06 15:41:00-04:00,89.73999786376953,89.77999877929688,89.73999786376953,89.76000213623047,89.76000213623047,33,0.0,0.0
2026-10-06 15:42:00-04:00,89.76000213623047,89.7699966430664,89.72000122070312,89.73999786376953,89.73999786376953,66,0.0,0.0
2026-10-06 15:43:00-04:00,89.7300033569336,89.75,89.70999908447266,89.73999786376953,89.73999786376953,59,0.0,0.0
2026-10-06 15:44:00-04:00,89.73999786376953,89.76000213623047,89.7300033569336,89.76000213623047,89.76000213623047,24,0.0,0.0
2026-10-06 15:45:00-04:00,89.7699966430664,89.80999755859375,89.7699966430664,89.80999755859375,89.80999755859375,69,0.0,0.0
2026-10-06 15:46:00-04:00,89.80000305175781,89.83000183105469,89.76000213623047,89.80999755859375,89.80999755859375,73,0.0,0.0
2026-10-06 15:47:00-04:00,89.81999969482422,89.81999969482422,89.79000091552734,89.80000305175781,89.80000305175781,69,0.0,0.0
2026-10-06 15:48:00-04:00,89.80000305175781,89.80000305175781,89.75,89.75,89.75,85,0.0,0.0
2026-10-06 15:49:00-04:00,89.76000213623047,89.77999877929688,89.73999786376953,89.7699966430664,89.7699966430664,83,0.0,0.0
2026-10-06 15:50:00-04:00,89.7699966430664,89.7699966430664,89.7300033569336,89.76000213623047,89.76000213623047,89,0.0,0.0
2026-10-06 15:51:00-04:00,89.76000213623047,89.8499984741211,89.76000213623047,89.83999633789062,89.83999633789062,99,0.0,0.0
2026-10-06 15:52:00-04:00,89.83000183105469,89.83999633789062,89.80000305175781,89.80999755859375,89.80999755859375,76,0.0,0.0
2026-10-06 15:53:00-04:00,89.79000091552734,89.81999969482422,89.77999877929688,89.80999755859375,89.80999755859375,55,0.0,0.0
2026-10-06 15:54:00-04:00,89.79000091552734,89.81999969482422,89.79000091552734,89.80000305175781,89.80000305175781,61,0.0,0.0
2026-10-06 15:55:00-04:00,89.80999755859375,89.80999755859375,89.77999877929688,89.80000305175781,89.80000305175781,71,0.0,0.0
2026-10-06 15:56:00-04:00,89.79000091552734,89.81999969482422,89.77999877929688,89.77999877929688,89.77999877929688,51,0.0,0.0
2026-10-06 15:57:00-04:00,89.7699966430664,89.79000091552734,89.76000213623047,89.7699966430664,89.7699966430664,57,0.0,0.0
2026-10-06 15:58:00-04:00,89.7699966430664,89.7699966430664,89.73999786376953,89.7699966430664,89.7699966430664,76,0.0,0.0
2026-10-06 15:59:00-04:00,89.76000213623047,89.7699966430664,89.73999786376953,89.75,89.75,142,0.0,0.0
2026-10-06 16:00:00-04:00,89.7699966430664,89.83000183105469,89.75,89.81999969482422,89.81999969482422,69,0.0,0.0
2026-10-06 16:01:00-04:00,89.83000183105469,89.83000183105469,89.81999969482422,89.81999969482422,89.81999969482422,37,0.0,0.0
2026-10-06 16:02:00-04:00,89.80999755859375,89.91000366210938,89.80999755859375,89.9000015258789,89.9000015258789,191,0.0,0.0
2026-10-06 16:03:00-04:00,89.9000015258789,89.93000030517578,89.87000274658203,89.88999938964844,89.88999938964844,91,0.0,0.0
2026-10-06 16:04:00-04:00,89.9000015258789,89.93000030517578,89.9000015258789,89.91000366210938,89.91000366210938,35,0.0,0.0
2026-10-06 16:05:00-04:00,89.91000366210938,89.9800033569336,89.91000366210938,89.91999816894531,89.91999816894531,157,0.0,0.0
2026-10-06 16:06:00-04:00,89.91000366210938,89.91999816894531,89.87000274658203,89.87999725341797,89.87999725341797,30,0.0,0.0
2026-10-06 16:07:00-04:00,89.87000274658203,89.87999725341797,89.80000305175781,89.83999633789062,89.83999633789062,45,0.0,0.0
2026-10-06 16:08:00-04:00,89.83999633789062,89.8499984741211,89.80999755859375,89.83999633789062,89.83999633789062,57,0.0,0.0
2026-10-06 16:09:00-04:00,89.83999633789062,89.93000030517578,89.83999633789062,89.91000366210938,89.91000366210938,75,0.0,0.0
2026-10-06 16:10:00-04:00,89.91999816894531,89.94999694824219,89.9000015258789,89.9000015258789,89.9000015258789,47,0.0,0.0
2026-10-06 16:11:00-04:00,89.93000030517578,89.94999694824219,89.91000366210938,89.91000366210938,89.91000366210938,81,0.0,0.0
2026-10-06 16:12:00-04:00,89.91000366210938,89.94000244140625,89.9000015258789,89.9000015258789,89.9000015258789,36,0.0,0.0
2026-10-06 16:13:00-04:00,89.9000015258789,89.9000015258789,89.81999969482422,89.87000274658203,89.87000274658203,89,0.0,0.0
2026-10-06 16:14:00-04:00,89.86000061035156,89.87000274658203,89.83000183105469,89.83000183105469,89.83000183105469,30,0.0,0.0
2026-10-06 16:15:00-04:00,89.83000183105469,89.8499984741211,89.83000183105469,89.8499984741211,89.8499984741211,27,0.0,0.0
2026-10-06 16:16:00-04:00,89.83999633789062,89.83999633789062,89.80000305175781,89.81999969482422,89.81999969482422,57,0.0,0.0
2026-10-06 16:17:00-04:00,89.80999755859375,89.86000061035156,89.80000305175781,89.86000061035156,89.86000061035156,55,0.0,0.0
2026-10-06 16:18:00-04:00,89.86000061035156,89.86000061035156,89.81999969482422,89.83000183105469,89.83000183105469,23,0.0,0.0
2026-10-06 16:19:00-04:00,89.81999969482422,89.83000183105469,89.77999877929688,89.80000305175781,89.80000305175781,29,0.0,0.0
2026-10-06 16:20:00-04:00,89.79000091552734,89.79000091552734,89.75,89.77999877929688,89.77999877929688,15,0.0,0.0
2026-10-06 16:21:00-04:00,89.77999877929688,89.79000091552734,89.76000213623047,89.77999877929688,89.77999877929688,32,0.0,0.0
2026-10-06 16:22:00-04:00,89.7699966430664,89.81999969482422,89.7699966430664,89.7699966430664,89.7699966430664,42,0.0,0.0
2026-10-06 16:23:00-04:00,89.77999877929688,89.79000091552734,89.76000213623047,89.77999877929688,89.77999877929688,22,0.0,0.0
2026-10-06 16:24:00-04:00,89.77999877929688,89.77999877929688,89.75,89.76000213623047,89.76000213623047,56,0.0,0.0
2026-10-06 16:25:00-04:00,89.75,89.80000305175781,89.73999786376953,89.76000213623047,89.76000213623047,56,0.0,0.0
2026-10-06 16:26:00-04:00,89.75,89.80999755859375,89.75,89.80000305175781,89.80000305175781,87,0.0,0.0
2026-10-06 16:27:00-04:00,89.80999755859375,89.80999755859375,89.80000305175781,89.80000305175781,89.80000305175781,24,0.0,0.0
2026-10-06 16:28:00-04:00,89.79000091552734,89.86000061035156,89.79000091552734,89.8499984741211,89.8499984741211,98,0.0,0.0
2026-10-06 16:29:00-04:00,89.8499984741211,89.86000061035156,89.83000183105469,89.83000183105469,89.83000183105469,62,0.0,0.0
2026-10-06 16:30:00-04:00,89.80999755859375,89.87000274658203,89.80000305175781,89.87000274658203,89.87000274658203,57,0.0,0.0
2026-10-06 16:31:00-04:00,89.8499984741211,89.88999938964844,89.80999755859375,89.83000183105469,89.83000183105469,87,0.0,0.0
2026-10-06 16:32:00-04:00,89.81999969482422,89.8499984741211,89.81999969482422,89.8499984741211,89.8499984741211,20,0.0,0.0
2026-10-06 16:33:00-04:00,89.86000061035156,89.87000274658203,89.83000183105469,89.86000061035156,89.86000061035156,16,0.0,0.0
2026-10-06 16:34:00-04:00,89.86000061035156,89.87999725341797,89.83999633789062,89.87000274658203,89.87000274658203,52,0.0,0.0
2026-10-06 16:35:00-04:00,89.86000061035156,89.91000366210938,89.86000061035156,89.91000366210938,89.91000366210938,31,0.0,0.0
2026-10-06 16:36:00-04:00,89.9000015258789,89.91999816894531,89.8499984741211,89.87999725341797,89.87999725341797,97,0.0,0.0
2026-10-06 16:37:00-04:00,89.8499984741211,89.86000061035156,89.83000183105469,89.83999633789062,89.83999633789062,32,0.0,0.0
2026-10-06 16:38:00-04:00,89.87000274658203,89.91999816894531,89.86000061035156,89.91000366210938,89.91000366210938,47,0.0,0.0
2026-10-06 16:39:00-04:00,89.91000366210938,89.94999694824219,89.91000366210938,89.93000030517578,89.93000030517578,66,0.0,0.0
2026-10-06 16:40:00-04:00,89.95999908447266,90.02999877929688,89.94999694824219,90.0,90.0,326,0.0,0.0
2026-10-06 16:41:00-04:00,90.0,90.0199966430664,89.95999908447266,89.97000122070312,89.97000122070312,69,0.0,0.0
2026-10-06 16:42:00-04:00,90.0,90.0199966430664,89.9800033569336,89.98999786376953,89.98999786376953,87,0.0,0.0
2026-10-06 16:43:00-04:00,89.98999786376953,90.05000305175781,89.9800033569336,90.05000305175781,90.05000305175781,45,0.0,0.0
2026-10-06 16:44:00-04:00,90.02999877929688,90.02999877929688,89.98999786376953,90.01000213623047,90.01000213623047,189,0.0,0.0
2026-10-06 16:45:00-04:00,90.01000213623047,90.04000091552734,89.87999725341797,89.91000366210938,89.91000366210938,355,0.0,0.0
2026-10-06 16:46:00-04:00,89.94000244140625,89.9800033569336,89.88999938964844,89.97000122070312,89.97000122070312,65,0.0,0.0
2026-10-06 16:47:00-04:00,89.95999908447266,90.01000213623047,89.94999694824219,89.98999786376953,89.98999786376953,41,0.0,0.0
2026-10-06 16:48:00-04:00,89.98999786376953,89.98999786376953,89.86000061035156,89.93000030517578,89.93000030517578,274,0.0,0.0
2026-10-06 16:49:00-04:00,89.93000030517578,89.97000122070312,89.9000015258789,89.94000244140625,89.94000244140625,239,0.0,0.0
2026-10-06 16:50:00-04:00,89.94000244140625,89.97000122070312,89.93000030517578,89.93000030517578,89.93000030517578,75,0.0,0.0
2026-10-06 16:51:00-04:00,89.91999816894531,89.95999908447266,89.91999816894531,89.93000030517578,89.93000030517578,89,0.0,0.0
2026-10-06 16:52:00-04:00,89.94999694824219,89.94999694824219,89.94999694824219,89.94999694824219,89.94999694824219,1,0.0,0.0
2026-10-06 16:53:00-04:00,89.94000244140625,89.94999694824219,89.91999816894531,89.94999694824219,89.94999694824219,11,0.0,0.0
2026-10-06 16:54:00-04:00,89.91999816894531,89.97000122070312,89.91999816894531,89.94999694824219,89.94999694824219,94,0.0,0.0
2026-10-06 16:55:00-04:00,89.91999816894531,89.94000244140625,89.91999816894531,89.93000030517578,89.93000030517578,23,0.0,0.0
2026-10-06 16:56:00-04:00,89.91999816894531,89.94000244140625,89.9000015258789,89.9000015258789,89.9000015258789,9,0.0,0.0
2026-10-06 16:57:00-04:00,89.91999816894531,89.94000244140625,89.9000015258789,89.94000244140625,89.94000244140625,67,0.0,0.0
2026-10-06 16:58:00-04:00,89.91999816894531,89.93000030517578,89.91000366210938,89.93000030517578,89.93000030517578,11,0.0,0.0
2026-10-06 16:59:00-04:00,89.91999816894531,89.93000030517578,89.87999725341797,89.91000366210938,89.91000366210938,84,0.0,0.0
2026-10-06 18:00:00-04:00,89.94999694824219,89.95999908447266,89.77999877929688,89.77999877929688,89.77999877929688,0,0.0,0.0
2026-10-06 18:01:00-04:00,89.80999755859375,89.80999755859375,89.7300033569336,89.7300033569336,89.7300033569336,62,0.0,0.0
2026-10-06 18:02:00-04:00,89.73999786376953,89.83000183105469,89.62000274658203,89.80000305175781,89.80000305175781,101,0.0,0.0
2026-10-06 18:03:00-04:00,89.81999969482422,89.83000183105469,89.73999786376953,89.80999755859375,89.80999755859375,22,0.0,0.0
2026-10-06 18:04:00-04:00,89.80000305175781,89.80999755859375,89.72000122070312,89.7300033569336,89.7300033569336,32,0.0,0.0
2026-10-06 18:05:00-04:00,89.73999786376953,89.80000305175781,89.73999786376953,89.7699966430664,89.7699966430664,21,0.0,0.0
2026-10-06 18:06:00-04:00,89.76000213623047,89.79000091552734,89.76000213623047,89.7699966430664,89.7699966430664,4,0.0,0.0
2026-10-06 18:07:00-04:00,89.77999877929688,89.79000091552734,89.76000213623047,89.79000091552734,89.79000091552734,6,0.0,0.0
2026-10-06 18:08:00-04:00,89.77999877929688,89.77999877929688,89.7300033569336,89.75,89.75,14,0.0,0.0
2026-10-06 18:09:00-04:00,89.75,89.76000213623047,89.70999908447266,89.7300033569336,89.7300033569336,23,0.0,0.0
2026-10-06 18:10:00-04:00,89.77999877929688,89.77999877929688,89.7300033569336,89.7699966430664,89.7699966430664,26,0.0,0.0
2026-10-06 18:11:00-04:00,89.75,89.76000213623047,89.75,89.76000213623047,89.76000213623047,4,0.0,0.0
2026-10-06 18:12:00-04:00,89.76000213623047,89.76000213623047,89.72000122070312,89.72000122070312,89.72000122070312,16,0.0,0.0
2026-10-06 18:13:00-04:00,89.7300033569336,89.76000213623047,89.72000122070312,89.76000213623047,89.76000213623047,9,0.0,0.0
2026-10-06 18:14:00-04:00,89.76000213623047,89.77999877929688,89.76000213623047,89.7699966430664,89.7699966430664,6,0.0,0.0
2026-10-06 18:15:00-04:00,89.7699966430664,89.7699966430664,89.76000213623047,89.76000213623047,89.76000213623047,3,0.0,0.0
2026-10-06 18:16:00-04:00,89.7300033569336,89.7300033569336,89.7300033569336,89.7300033569336,89.7300033569336,3,0.0,0.0
2026-10-06 18:17:00-04:00,89.72000122070312,89.77999877929688,89.72000122070312,89.76000213623047,89.76000213623047,15,0.0,0.0
2026-10-06 18:18:00-04:00,89.81999969482422,89.8499984741211,89.80999755859375,89.83999633789062,89.83999633789062,18,0.0,0.0
2026-10-06 18:19:00-04:00,89.83000183105469,89.8499984741211,89.80000305175781,89.81999969482422,89.81999969482422,36,0.0,0.0
2026-10-06 18:20:00-04:00,89.83999633789062,89.83999633789062,89.83999633789062,89.83999633789062,89.83999633789062,6,0.0,0.0
2026-10-06 18:21:00-04:00,89.86000061035156,89.87999725341797,89.8499984741211,89.8499984741211,89.8499984741211,17,0.0,0.0
2026-10-06 18:22:00-04:00,89.83999633789062,89.83999633789062,89.80999755859375,89.80999755859375,89.80999755859375,7,0.0,0.0
2026-10-06 18:23:00-04:00,89.80999755859375,89.81999969482422,89.80999755859375,89.81999969482422,89.81999969482422,2,0.0,0.0
2026-10-06 18:24:00-04:00,89.83000183105469,89.8499984741211,89.83000183105469,89.8499984741211,89.8499984741211,4,0.0,0.0
2026-10-06 18:25:00-04:00,89.80999755859375,89.83000183105469,89.79000091552734,89.83000183105469,89.83000183105469,17,0.0,0.0
2026-10-06 18:26:00-04:00,89.81999969482422,89.81999969482422,89.81999969482422,89.81999969482422,89.81999969482422,3,0.0,0.0
2026-10-06 18:28:00-04:00,89.83999633789062,89.83999633789062,89.83999633789062,89.83999633789062,89.83999633789062,1,0.0,0.0
2026-10-06 18:29:00-04:00,89.8499984741211,89.87000274658203,89.8499984741211,89.87000274658203,89.87000274658203,6,0.0,0.0
2026-10-06 18:31:00-04:00,89.8499984741211,89.86000061035156,89.81999969482422,89.8499984741211,89.8499984741211,20,0.0,0.0
2026-10-06 18:32:00-04:00,89.86000061035156,89.86000061035156,89.80999755859375,89.81999969482422,89.81999969482422,16,0.0,0.0
2026-10-06 18:33:00-04:00,89.81999969482422,89.8499984741211,89.80000305175781,89.80000305175781,89.80000305175781,23,0.0,0.0
2026-10-06 18:34:00-04:00,89.79000091552734,89.79000091552734,89.79000091552734,89.79000091552734,89.79000091552734,1,0.0,0.0
2026-10-06 18:35:00-04:00,89.80999755859375,89.91000366210938,89.80000305175781,89.80999755859375,89.80999755859375,105,0.0,0.0
2026-10-06 18:36:00-04:00,89.80999755859375,89.80999755859375,89.80000305175781,89.80999755859375,89.80999755859375,10,0.0,0.0
2026-10-06 18:37:00-04:00,89.81999969482422,89.81999969482422,89.80000305175781,89.80999755859375,89.80999755859375,16,0.0,0.0
2026-10-06 18:38:00-04:00,89.79000091552734,89.80000305175781,89.75,89.75,89.75,34,0.0,0.0
2026-10-06 18:39:00-04:00,89.7699966430664,89.7699966430664,89.70999908447266,89.70999908447266,89.70999908447266,42,0.0,0.0
2026-10-06 18:40:00-04:00,89.72000122070312,89.73999786376953,89.72000122070312,89.73999786376953,89.73999786376953,6,0.0,0.0
2026-10-06 18:41:00-04:00,89.73999786376953,89.73999786376953,89.70999908447266,89.73999786376953,89.73999786376953,3,0.0,0.0
2026-10-06 18:42:00-04:00,89.70999908447266,89.75,89.70999908447266,89.72000122070312,89.72000122070312,33,0.0,0.0
2026-10-06 18:43:00-04:00,89.76000213623047,89.76000213623047,89.7300033569336,89.7300033569336,89.7300033569336,10,0.0,0.0
2026-10-06 18:44:00-04:00,89.76000213623047,89.7699966430664,89.76000213623047,89.7699966430664,89.7699966430664,3,0.0,0.0
2026-10-06 18:45:00-04:00,89.77999877929688,89.77999877929688,89.77999877929688,89.77999877929688,89.77999877929688,3,0.0,0.0
2026-10-06 18:46:00-04:00,89.79000091552734,89.80000305175781,89.79000091552734,89.80000305175781,89.80000305175781,4,0.0,0.0
2026-10-06 18:49:00-04:00,89.79000091552734,89.79000091552734,89.77999877929688,89.77999877929688,89.77999877929688,4,0.0,0.0
2026-10-06 18:50:00-04:00,89.76000213623047,89.76000213623047,89.70999908447266,89.72000122070312,89.72000122070312,19,0.0,0.0
2026-10-06 18:51:00-04:00,89.72000122070312,89.7300033569336,89.72000122070312,89.7300033569336,89.7300033569336,2,0.0,0.0
2026-10-06 18:52:00-04:00,89.7300033569336,89.7300033569336,89.7300033569336,89.7300033569336,89.7300033569336,2,0.0,0.0
2026-10-06 18:53:00-04:00,89.75,89.75,89.73999786376953,89.75,89.75,6,0.0,0.0
2026-10-06 18:54:00-04:00,89.75,89.76000213623047,89.70999908447266,89.73999786376953,89.73999786376953,15,0.0,0.0
2026-10-06 18:55:00-04:00,89.73999786376953,89.73999786376953,89.73999786376953,89.73999786376953,89.73999786376953,2,0.0,0.0
2026-10-06 18:56:00-04:00,89.76000213623047,89.79000091552734,89.75,89.77999877929688,89.77999877929688,17,0.0,0.0
2026-10-06 18:57:00-04:00,89.7699966430664,89.77999877929688,89.7699966430664,89.77999877929688,89.77999877929688,3,0.0,0.0
2026-10-06 18:58:00-04:00,89.80000305175781,89.80000305175781,89.80000305175781,89.80000305175781,89.80000305175781,1,0.0,0.0
2026-10-06 18:59:00-04:00,89.80000305175781,89.80000305175781,89.7699966430664,89.79000091552734,89.79000091552734,5,0.0,0.0
2026-10-06 19:00:00-04:00,89.7699966430664,89.80000305175781,89.76000213623047,89.80000305175781,89.80000305175781,17,0.0,0.0
2026-10-06 19:01:00-04:00,89.80000305175781,89.81999969482422,89.79000091552734,89.81999969482422,89.81999969482422,10,0.0,0.0
2026-10-06 19:02:00-04:00,89.80999755859375,89.80999755859375,89.80999755859375,89.80999755859375,89.80999755859375,2,0.0,0.0
2026-10-06 19:03:00-04:00,89.81999969482422,89.87000274658203,89.81999969482422,89.83999633789062,89.83999633789062,18,0.0,0.0
2026-10-06 19:04:00-04:00,89.83999633789062,89.8499984741211,89.83999633789062,89.8499984741211,89.8499984741211,5,0.0,0.0
2026-10-06 19:05:00-04:00,89.8499984741211,89.87999725341797,89.8499984741211,89.87999725341797,89.87999725341797,10,0.0,0.0
2026-10-06 19:06:00-04:00,89.88999938964844,89.91999816894531,89.87000274658203,89.91000366210938,89.91000366210938,33,0.0,0.0
2026-10-06 19:07:00-04:00,89.9000015258789,89.91000366210938,89.87999725341797,89.88999938964844,89.88999938964844,21,0.0,0.0
2026-10-06 19:08:00-04:00,89.88999938964844,89.94000244140625,89.88999938964844,89.94000244140625,89.94000244140625,15,0.0,0.0
2026-10-06 19:09:00-04:00,89.94000244140625,89.94000244140625,89.9000015258789,89.9000015258789,89.9000015258789,11,0.0,0.0
2026-10-06 19:10:00-04:00,89.9000015258789,89.9000015258789,89.87999725341797,89.87999725341797,89.87999725341797,3,0.0,0.0
2026-10-06 19:11:00-04:00,89.87000274658203,89.88999938964844,89.87000274658203,89.88999938964844,89.88999938964844,3,0.0,0.0
2026-10-06 19:12:00-04:00,89.87999725341797,89.87999725341797,89.86000061035156,89.86000061035156,89.86000061035156,3,0.0,0.0
2026-10-06 19:13:00-04:00,89.86000061035156,89.86000061035156,89.86000061035156,89.86000061035156,89.86000061035156,2,0.0,0.0
2026-10-06 19:14:00-04:00,89.86000061035156,89.86000061035156,89.8499984741211,89.86000061035156,89.86000061035156,4,0.0,0.0
2026-10-06 19:15:00-04:00,89.8499984741211,89.8499984741211,89.80000305175781,89.80000305175781,89.80000305175781,13,0.0,0.0
2026-10-06 19:16:00-04:00,89.81999969482422,89.88999938964844,89.81999969482422,89.87000274658203,89.87000274658203,44,0.0,0.0
2026-10-06 19:17:00-04:00,89.87999725341797,89.9000015258789,89.87999725341797,89.9000015258789,89.9000015258789,6,0.0,0.0
2026-10-06 19:18:00-04:00,89.91999816894531,89.91999816894531,89.88999938964844,89.88999938964844,89.88999938964844,3,0.0,0.0
2026-10-06 19:19:00-04:00,89.88999938964844,89.88999938964844,89.88999938964844,89.88999938964844,89.88999938964844,3,0.0,0.0
2026-10-06 19:20:00-04:00,89.87999725341797,89.87999725341797,89.87999725341797,89.87999725341797,89.87999725341797,7,0.0,0.0
2026-10-06 19:21:00-04:00,89.87999725341797,89.87999725341797,89.87000274658203,89.87000274658203,89.87000274658203,6,0.0,0.0
2026-10-06 19:22:00-04:00,89.87000274658203,89.88999938964844,89.86000061035156,89.86000061035156,89.86000061035156,10,0.0,0.0
2026-10-06 19:23:00-04:00,89.87999725341797,89.91000366210938,89.87000274658203,89.87000274658203,89.87000274658203,13,0.0,0.0
2026-10-06 19:24:00-04:00,89.88999938964844,89.91999816894531,89.87000274658203,89.91000366210938,89.91000366210938,25,0.0,0.0
2026-10-06 19:25:00-04:00,89.9000015258789,89.91999816894531,89.9000015258789,89.91999816894531,89.91999816894531,5,0.0,0.0
2026-10-06 19:26:00-04:00,89.91999816894531,89.94000244140625,89.9000015258789,89.9000015258789,89.9000015258789,14,0.0,0.0
2026-10-06 19:27:00-04:00,89.88999938964844,89.91999816894531,89.88999938964844,89.91999816894531,89.91999816894531,5,0.0,0.0
2026-10-06 19:28:00-04:00,89.91999816894531,89.93000030517578,89.9000015258789,89.91999816894531,89.91999816894531,6,0.0,0.0
2026-10-06 19:30:00-04:00,89.94000244140625,89.94000244140625,89.94000244140625,89.94000244140625,89.94000244140625,3,0.0,0.0
2026-10-06 19:31:00-04:00,90.0,90.0,89.95999908447266,89.97000122070312,89.97000122070312,59,0.0,0.0
2026-10-06 19:32:00-04:00,89.95999908447266,89.97000122070312,89.94999694824219,89.97000122070312,89.97000122070312,12,0.0,0.0
2026-10-06 19:33:00-04:00,89.9800033569336,90.0,89.95999908447266,89.95999908447266,89.95999908447266,31,0.0,0.0
2026-10-06 19:34:00-04:00,89.97000122070312,89.97000122070312,89.94000244140625,89.97000122070312,89.97000122070312,18,0.0,0.0
2026-10-06 19:35:00-04:00,89.9800033569336,89.9800033569336,89.97000122070312,89.9800033569336,89.9800033569336,7,0.0,0.0
2026-10-06 19:36:00-04:00,89.9800033569336,89.9800033569336,89.95999908447266,89.9800033569336,89.9800033569336,6,0.0,0.0
2026-10-06 19:37:00-04:00,89.9800033569336,89.98999786376953,89.97000122070312,89.98999786376953,89.98999786376953,7,0.0,0.0
2026-10-06 19:38:00-04:00,89.97000122070312,89.97000122070312,89.95999908447266,89.95999908447266,89.95999908447266,2,0.0,0.0
2026-10-06 19:39:00-04:00,89.97000122070312,89.97000122070312,89.97000122070312,89.97000122070312,89.97000122070312,7,0.0,0.0
2026-10-06 19:40:00-04:00,89.95999908447266,89.9800033569336,89.95999908447266,89.9800033569336,89.9800033569336,6,0.0,0.0
2026-10-06 19:41:00-04:00,89.9800033569336,89.9800033569336,89.94999694824219,89.94999694824219,89.94999694824219,8,0.0,0.0
2026-10-06 19:42:00-04:00,89.94999694824219,89.97000122070312,89.94999694824219,89.95999908447266,89.95999908447266,13,0.0,0.0
2026-10-06 19:43:00-04:00,89.94999694824219,89.97000122070312,89.94999694824219,89.97000122070312,89.97000122070312,6,0.0,0.0
2026-10-06 19:44:00-04:00,89.97000122070312,89.9800033569336,89.97000122070312,89.97000122070312,89.97000122070312,4,0.0,0.0
2026-10-06 19:45:00-04:00,89.9800033569336,89.98999786376953,89.9800033569336,89.98999786376953,89.98999786376953,7,0.0,0.0
2026-10-06 19:46:00-04:00,89.98999786376953,90.01000213623047,89.97000122070312,89.97000122070312,89.97000122070312,22,0.0,0.0
2026-10-06 19:47:00-04:00,89.9800033569336,89.9800033569336,89.9800033569336,89.9800033569336,89.9800033569336,1,0.0,0.0
2026-10-06 19:48:00-04:00,89.97000122070312,89.9800033569336,89.95999908447266,89.95999908447266,89.95999908447266,6,0.0,0.0
2026-10-06 19:49:00-04:00,89.97000122070312,90.0,89.97000122070312,90.0,90.0,3,0.0,0.0
2026-10-06 19:50:00-04:00,90.0,90.0,89.98999786376953,89.98999786376953,89.98999786376953,4,0.0,0.0
2026-10-06 19:51:00-04:00,89.9800033569336,89.9800033569336,89.97000122070312,89.97000122070312,89.97000122070312,3,0.0,0.0
2026-10-06 19:52:00-04:00,89.97000122070312,89.97000122070312,89.94999694824219,89.97000122070312,89.97000122070312,6,0.0,0.0
2026-10-06 19:53:00-04:00,90.0,90.0,89.98999786376953,89.98999786376953,89.98999786376953,8,0.0,0.0
2026-10-06 19:54:00-04:00,89.98999786376953,90.01000213623047,89.98999786376953,90.01000213623047,90.01000213623047,9,0.0,0.0
2026-10-06 19:55:00-04:00,90.01000213623047,90.01000213623047,90.01000213623047,90.01000213623047,90.01000213623047,3,0.0,0.0
2026-10-06 19:56:00-04:00,90.0199966430664,90.04000091552734,89.98999786376953,90.04000091552734,90.04000091552734,42,0.0,0.0
2026-10-06 19:57:00-04:00,90.01000213623047,90.0199966430664,89.94999694824219,89.9800033569336,89.9800033569336,43,0.0,0.0
2026-10-06 19:58:00-04:00,89.97000122070312,89.97000122070312,89.97000122070312,89.97000122070312,89.97000122070312,5,0.0,0.0
2026-10-06 19:59:00-04:00,89.9800033569336,89.9800033569336,89.95999908447266,89.9800033569336,89.9800033569336,21,0.0,0.0
2026-10-06 20:00:00-04:00,89.9800033569336,90.0199966430664,89.97000122070312,90.0199966430664,90.0199966430664,188,0.0,0.0
2026-10-06 20:01:00-04:00,90.02999877929688,90.2699966430664,90.0,90.11000061035156,90.11000061035156,595,0.0,0.0
2026-10-06 20:02:00-04:00,90.08999633789062,90.12000274658203,90.02999877929688,90.08000183105469,90.08000183105469,85,0.0,0.0
2026-10-06 20:03:00-04:00,90.05999755859375,90.08999633789062,90.05999755859375,90.08999633789062,90.08999633789062,20,0.0,0.0
2026-10-06 20:04:00-04:00,90.0999984741211,90.12999725341797,90.06999969482422,90.0999984741211,90.0999984741211,19,0.0,0.0
2026-10-06 20:05:00-04:00,90.12999725341797,90.16999816894531,90.05999755859375,90.0999984741211,90.0999984741211,86,0.0,0.0
2026-10-06 20:06:00-04:00,90.08999633789062,90.0999984741211,90.06999969482422,90.08000183105469,90.08000183105469,20,0.0,0.0
2026-10-06 20:07:00-04:00,90.08000183105469,90.0999984741211,90.05999755859375,90.05999755859375,90.05999755859375,11,0.0,0.0
2026-10-06 20:08:00-04:00,90.06999969482422,90.16000366210938,90.05000305175781,90.16000366210938,90.16000366210938,66,0.0,0.0
2026-10-06 20:09:00-04:00,90.18000030517578,90.19999694824219,90.12000274658203,90.18000030517578,90.18000030517578,51,0.0,0.0
2026-10-06 20:10:00-04:00,90.16999816894531,90.16999816894531,90.0999984741211,90.0999984741211,90.0999984741211,44,0.0,0.0
2026-10-06 20:11:00-04:00,90.11000061035156,90.12000274658203,90.04000091552734,90.05000305175781,90.05000305175781,48,0.0,0.0
2026-10-06 20:12:00-04:00,90.05000305175781,90.05999755859375,90.02999877929688,90.02999877929688,90.02999877929688,22,0.0,0.0
2026-10-06 20:13:00-04:00,90.02999877929688,90.05999755859375,90.02999877929688,90.02999877929688,90.02999877929688,49,0.0,0.0
2026-10-06 20:14:00-04:00,90.04000091552734,90.05000305175781,89.9800033569336,90.0,90.0,80,0.0,0.0
2026-10-06 20:15:00-04:00,90.0,90.12000274658203,90.0,90.08999633789062,90.08999633789062,72,0.0,0.0
2026-10-06 20:16:00-04:00,90.0999984741211,90.1500015258789,90.0999984741211,90.12000274658203,90.12000274658203,49,0.0,0.0
2026-10-06 20:17:00-04:00,90.12000274658203,90.16999816894531,90.12000274658203,90.16999816894531,90.16999816894531,46,0.0,0.0
2026-10-06 20:18:00-04:00,90.16000366210938,90.22000122070312,90.16000366210938,90.22000122070312,90.22000122070312,47,0.0,0.0
2026-10-06 20:19:00-04:00,90.20999908447266,90.22000122070312,90.16000366210938,90.16999816894531,90.16999816894531,28,0.0,0.0
2026-10-06 20:20:00-04:00,90.16999816894531,90.2699966430664,90.16999816894531,90.2699966430664,90.2699966430664,63,0.0,0.0
2026-10-06 20:21:00-04:00,90.26000213623047,90.2699966430664,90.22000122070312,90.2300033569336,90.2300033569336,24,0.0,0.0
2026-10-06 20:22:00-04:00,90.22000122070312,90.22000122070312,90.20999908447266,90.20999908447266,90.20999908447266,5,0.0,0.0
2026-10-06 20:23:00-04:00,90.22000122070312,90.2699966430664,90.22000122070312,90.26000213623047,90.26000213623047,131,0.0,0.0
2026-10-06 20:24:00-04:00,90.26000213623047,90.2699966430664,90.2300033569336,90.23999786376953,90.23999786376953,79,0.0,0.0
2026-10-06 20:25:00-04:00,90.23999786376953,90.30000305175781,90.23999786376953,90.30000305175781,90.30000305175781,131,0.0,0.0
2026-10-06 20:26:00-04:00,90.29000091552734,90.30000305175781,90.2699966430664,90.29000091552734,90.29000091552734,42,0.0,0.0
2026-10-06 20:27:00-04:00,90.29000091552734,90.30999755859375,90.26000213623047,90.26000213623047,90.26000213623047,49,0.0,0.0
2026-10-06 20:28:00-04:00,90.26000213623047,90.30000305175781,90.23999786376953,90.27999877929688,90.27999877929688,63,0.0,0.0
2026-10-06 20:29:00-04:00,90.27999877929688,90.27999877929688,90.19999694824219,90.19999694824219,90.19999694824219,80,0.0,0.0
2026-10-06 20:30:00-04:00,90.23999786376953,90.23999786376953,90.19999694824219,90.2300033569336,90.2300033569336,110,0.0,0.0
2026-10-06 20:31:00-04:00,90.2300033569336,90.29000091552734,90.2300033569336,90.26000213623047,90.26000213623047,118,0.0,0.0
2026-10-06 20:32:00-04:00,90.2699966430664,90.30999755859375,90.23999786376953,90.23999786376953,90.23999786376953,88,0.0,0.0
2026-10-06 20:33:00-04:00,90.2300033569336,90.2699966430664,90.19999694824219,90.19999694824219,90.19999694824219,37,0.0,0.0
2026-10-06 20:34:00-04:00,90.19999694824219,90.19999694824219,90.16000366210938,90.16999816894531,90.16999816894531,61,0.0,0.0
2026-10-06 20:35:00-04:00,90.16999816894531,90.16999816894531,90.11000061035156,90.12999725341797,90.12999725341797,45,0.0,0.0
2026-10-06 20:36:00-04:00,90.13999938964844,90.1500015258789,90.12999725341797,90.1500015258789,90.1500015258789,11,0.0,0.0
2026-10-06 20:37:00-04:00,90.13999938964844,90.13999938964844,90.06999969482422,90.08999633789062,90.08999633789062,35,0.0,0.0
2026-10-06 20:38:00-04:00,90.06999969482422,90.08000183105469,90.04000091552734,90.05999755859375,90.05999755859375,29,0.0,0.0
2026-10-06 20:39:00-04:00,90.08999633789062,90.08999633789062,90.04000091552734,90.05000305175781,90.05000305175781,17,0.0,0.0
2026-10-06 20:40:00-04:00,90.05999755859375,90.05999755859375,90.05000305175781,90.05999755859375,90.05999755859375,9,0.0,0.0
2026-10-06 20:41:00-04:00,90.02999877929688,90.04000091552734,90.0,90.04000091552734,90.04000091552734,45,0.0,0.0
2026-10-06 20:42:00-04:00,90.01000213623047,90.01000213623047,89.97000122070312,89.97000122070312,89.97000122070312,49,0.0,0.0
2026-10-06 20:43:00-04:00,89.9800033569336,89.98999786376953,89.97000122070312,89.9800033569336,89.9800033569336,15,0.0,0.0
2026-10-06 20:44:00-04:00,89.9800033569336,89.9800033569336,89.94999694824219,89.95999908447266,89.95999908447266,21,0.0,0.0
2026-10-06 20:45:00-04:00,89.94999694824219,89.94999694824219,89.8499984741211,89.9000015258789,89.9000015258789,112,0.0,0.0
2026-10-06 20:46:00-04:00,89.9000015258789,89.9000015258789,89.87999725341797,89.88999938964844,89.88999938964844,21,0.0,0.0
2026-10-06 20:47:00-04:00,89.88999938964844,89.9000015258789,89.8499984741211,89.86000061035156,89.86000061035156,59,0.0,0.0
2026-10-06 20:48:00-04:00,89.87999725341797,89.9000015258789,89.87000274658203,89.9000015258789,89.9000015258789,31,0.0,0.0
2026-10-06 20:49:00-04:00,89.93000030517578,89.97000122070312,89.9000015258789,89.94999694824219,89.94999694824219,61,0.0,0.0
2026-10-06 20:50:00-04:00,89.94000244140625,90.0,89.94000244140625,89.9800033569336,89.9800033569336,39,0.0,0.0
2026-10-06 20:51:00-04:00,89.9800033569336,89.98999786376953,89.94000244140625,89.9800033569336,89.9800033569336,19,0.0,0.0
2026-10-06 20:52:00-04:00,89.95999908447266,90.0,89.95999908447266,89.9800033569336,89.9800033569336,12,0.0,0.0
2026-10-06 20:53:00-04:00,89.9800033569336,89.9800033569336,89.94999694824219,89.95999908447266,89.95999908447266,22,0.0,0.0
2026-10-06 20:54:00-04:00,89.95999908447266,89.97000122070312,89.93000030517578,89.94999694824219,89.94999694824219,17,0.0,0.0
2026-10-06 20:55:00-04:00,89.94000244140625,89.95999908447266,89.87000274658203,89.95999908447266,89.95999908447266,265,0.0,0.0
2026-10-06 20:56:00-04:00,89.97000122070312,90.05000305175781,89.97000122070312,90.05000305175781,90.05000305175781,28,0.0,0.0
2026-10-06 20:57:00-04:00,90.05000305175781,90.05999755859375,90.04000091552734,90.04000091552734,90.04000091552734,11,0.0,0.0
2026-10-06 20:58:00-04:00,90.04000091552734,90.05999755859375,90.04000091552734,90.05000305175781,90.05000305175781,9,0.0,0.0
2026-10-06 20:59:00-04:00,90.08000183105469,90.1500015258789,90.08000183105469,90.12999725341797,90.12999725341797,49,0.0,0.0
2026-10-06 21:00:00-04:00,90.13999938964844,90.29000091552734,90.13999938964844,90.2699966430664,90.2699966430664,86,0.0,0.0
2026-10-06 21:01:00-04:00,90.2699966430664,90.30000305175781,90.25,90.2699966430664,90.2699966430664,125,0.0,0.0
2026-10-06 21:02:00-04:00,90.27999877929688,90.29000091552734,90.23999786376953,90.29000091552734,90.29000091552734,58,0.0,0.0
2026-10-06 21:03:00-04:00,90.30000305175781,90.36000061035156,90.29000091552734,90.30999755859375,90.30999755859375,332,0.0,0.0
2026-10-06 21:04:00-04:00,90.30000305175781,90.37999725341797,90.2699966430664,90.37999725341797,90.37999725341797,202,0.0,0.0
2026-10-06 21:05:00-04:00,90.37999725341797,90.38999938964844,90.3499984741211,90.36000061035156,90.36000061035156,48,0.0,0.0
2026-10-06 21:06:00-04:00,90.36000061035156,90.4800033569336,90.3499984741211,90.41000366210938,90.41000366210938,275,0.0,0.0
2026-10-06 21:07:00-04:00,90.41000366210938,90.41999816894531,90.36000061035156,90.36000061035156,90.36000061035156,67,0.0,0.0
2026-10-06 21:08:00-04:00,90.37000274658203,90.38999938964844,90.3499984741211,90.37999725341797,90.37999725341797,30,0.0,0.0
2026-10-06 21:09:00-04:00,90.38999938964844,90.41000366210938,90.36000061035156,90.37999725341797,90.37999725341797,37,0.0,0.0
2026-10-06 21:10:00-04:00,90.37999725341797,90.47000122070312,90.37999725341797,90.43000030517578,90.43000030517578,176,0.0,0.0
2026-10-06 21:11:00-04:00,90.41999816894531,90.44000244140625,90.41999816894531,90.41999816894531,90.41999816894531,13,0.0,0.0
2026-10-06 21:12:00-04:00,90.41999816894531,90.44000244140625,90.41999816894531,90.44000244140625,90.44000244140625,19,0.0,0.0
2026-10-06 21:13:00-04:00,90.44999694824219,90.45999908447266,90.43000030517578,90.44000244140625,90.44000244140625,94,0.0,0.0
2026-10-06 21:14:00-04:00,90.43000030517578,90.55000305175781,90.43000030517578,90.51000213623047,90.51000213623047,111,0.0,0.0
2026-10-06 21:15:00-04:00,90.51000213623047,90.61000061035156,90.51000213623047,90.52999877929688,90.52999877929688,215,0.0,0.0
2026-10-06 21:16:00-04:00,90.52999877929688,90.58000183105469,90.5199966430664,90.55999755859375,90.55999755859375,88,0.0,0.0
2026-10-06 21:17:00-04:00,90.58000183105469,90.58000183105469,90.4800033569336,90.48999786376953,90.48999786376953,61,0.0,0.0
2026-10-06 21:18:00-04:00,90.51000213623047,90.55000305175781,90.5,90.51000213623047,90.51000213623047,58,0.0,0.0
2026-10-06 21:19:00-04:00,90.5199966430664,90.52999877929688,90.43000030517578,90.43000030517578,90.43000030517578,45,0.0,0.0
2026-10-06 21:20:00-04:00,90.44000244140625,90.44000244140625,90.4000015258789,90.41999816894531,90.41999816894531,33,0.0,0.0
2026-10-06 21:21:00-04:00,90.41999816894531,90.43000030517578,90.41000366210938,90.43000030517578,90.43000030517578,13,0.0,0.0
2026-10-06 21:22:00-04:00,90.41999816894531,90.43000030517578,90.4000015258789,90.43000030517578,90.43000030517578,17,0.0,0.0
2026-10-06 21:23:00-04:00,90.43000030517578,90.44000244140625,90.43000030517578,90.44000244140625,90.44000244140625,17,0.0,0.0
2026-10-06 21:24:00-04:00,90.44000244140625,90.44999694824219,90.37999725341797,90.38999938964844,90.38999938964844,23,0.0,0.0
2026-10-06 21:25:00-04:00,90.38999938964844,90.41999816894531,90.33000183105469,90.38999938964844,90.38999938964844,47,0.0,0.0
2026-10-06 21:26:00-04:00,90.37999725341797,90.44999694824219,90.37999725341797,90.44999694824219,90.44999694824219,17,0.0,0.0
2026-10-06 21:27:00-04:00,90.44999694824219,90.44999694824219,90.41999816894531,90.41999816894531,90.41999816894531,12,0.0,0.0
2026-10-06 21:28:00-04:00,90.41999816894531,90.43000030517578,90.4000015258789,90.41000366210938,90.41000366210938,6,0.0,0.0
2026-10-06 21:29:00-04:00,90.41999816894531,90.43000030517578,90.37999725341797,90.37999725341797,90.37999725341797,17,0.0,0.0
2026-10-06 21:30:00-04:00,90.37999725341797,90.38999938964844,90.3499984741211,90.37999725341797,90.37999725341797,23,0.0,0.0
2026-10-06 21:31:00-04:00,90.36000061035156,90.36000061035156,90.33000183105469,90.33000183105469,90.33000183105469,22,0.0,0.0
2026-10-06 21:32:00-04:00,90.31999969482422,90.36000061035156,90.30999755859375,90.33000183105469,90.33000183105469,21,0.0,0.0
2026-10-06 21:33:00-04:00,90.33000183105469,90.3499984741211,90.33000183105469,90.3499984741211,90.3499984741211,3,0.0,0.0
2026-10-06 21:34:00-04:00,90.3499984741211,90.38999938964844,90.3499984741211,90.37000274658203,90.37000274658203,21,0.0,0.0
2026-10-06 21:35:00-04:00,90.37999725341797,90.38999938964844,90.37999725341797,90.37999725341797,90.37999725341797,18,0.0,0.0
2026-10-06 21:36:00-04:00,90.36000061035156,90.36000061035156,90.36000061035156,90.36000061035156,90.36000061035156,5,0.0,0.0
2026-10-06 21:37:00-04:00,90.36000061035156,90.37999725341797,90.33000183105469,90.37999725341797,90.37999725341797,20,0.0,0.0
2026-10-06 21:38:00-04:00,90.37999725341797,90.4000015258789,90.37000274658203,90.38999938964844,90.38999938964844,21,0.0,0.0
2026-10-06 21:39:00-04:00,90.4000015258789,90.44999694824219,90.4000015258789,90.44999694824219,90.44999694824219,20,0.0,0.0
2026-10-06 21:40:00-04:00,90.44000244140625,90.45999908447266,90.37000274658203,90.38999938964844,90.38999938964844,28,0.0,0.0
2026-10-06 21:41:00-04:00,90.37000274658203,90.37000274658203,90.31999969482422,90.33999633789062,90.33999633789062,11,0.0,0.0
2026-10-06 21:42:00-04:00,90.3499984741211,90.36000061035156,90.29000091552734,90.29000091552734,90.29000091552734,19,0.0,0.0
2026-10-06 21:43:00-04:00,90.30000305175781,90.31999969482422,90.30000305175781,90.30000305175781,90.30000305175781,10,0.0,0.0
2026-10-06 21:44:00-04:00,90.29000091552734,90.29000091552734,90.26000213623047,90.27999877929688,90.27999877929688,30,0.0,0.0
2026-10-06 21:45:00-04:00,90.26000213623047,90.30999755859375,90.25,90.30999755859375,90.30999755859375,17,0.0,0.0
2026-10-06 21:46:00-04:00,90.26000213623047,90.33999633789062,90.25,90.33999633789062,90.33999633789062,29,0.0,0.0
2026-10-06 21:47:00-04:00,90.33000183105469,90.33000183105469,90.33000183105469,90.33000183105469,90.33000183105469,3,0.0,0.0
2026-10-06 21:48:00-04:00,90.3499984741211,90.38999938964844,90.33999633789062,90.33999633789062,90.33999633789062,13,0.0,0.0
2026-10-06 21:49:00-04:00,90.3499984741211,90.36000061035156,90.33000183105469,90.33000183105469,90.33000183105469,7,0.0,0.0
2026-10-06 21:50:00-04:00,90.36000061035156,90.45999908447266,90.36000061035156,90.41999816894531,90.41999816894531,34,0.0,0.0
2026-10-06 21:51:00-04:00,90.44000244140625,90.48999786376953,90.43000030517578,90.43000030517578,90.43000030517578,28,0.0,0.0
2026-10-06 21:52:00-04:00,90.41000366210938,90.41000366210938,90.41000366210938,90.41000366210938,90.41000366210938,5,0.0,0.0
2026-10-06 21:53:00-04:00,90.41000366210938,90.43000030517578,90.38999938964844,90.41000366210938,90.41000366210938,9,0.0,0.0
2026-10-06 21:54:00-04:00,90.4000015258789,90.43000030517578,90.33999633789062,90.33999633789062,90.33999633789062,30,0.0,0.0
2026-10-06 21:55:00-04:00,90.33999633789062,90.36000061035156,90.29000091552734,90.29000091552734,90.29000091552734,35,0.0,0.0
2026-10-06 21:56:00-04:00,90.27999877929688,90.33000183105469,90.2699966430664,90.31999969482422,90.31999969482422,209,0.0,0.0
2026-10-06 21:57:00-04:00,90.33000183105469,90.33000183105469,90.2699966430664,90.29000091552734,90.29000091552734,54,0.0,0.0
2026-10-06 21:58:00-04:00,90.30000305175781,90.38999938964844,90.30000305175781,90.36000061035156,90.36000061035156,81,0.0,0.0
2026-10-06 21:59:00-04:00,90.38999938964844,90.4000015258789,90.37999725341797,90.4000015258789,90.4000015258789,5,0.0,0.0
2026-10-06 22:00:00-04:00,90.38999938964844,90.41000366210938,90.37000274658203,90.38999938964844,90.38999938964844,19,0.0,0.0
2026-10-06 22:01:00-04:00,90.37999725341797,90.4000015258789,90.37000274658203,90.37000274658203,90.37000274658203,26,0.0,0.0
2026-10-06 22:02:00-04:00,90.36000061035156,90.37999725341797,90.3499984741211,90.36000061035156,90.36000061035156,7,0.0,0.0
2026-10-06 22:03:00-04:00,90.36000061035156,90.37000274658203,90.27999877929688,90.29000091552734,90.29000091552734,19,0.0,0.0
2026-10-06 22:04:00-04:00,90.2699966430664,90.33000183105469,90.2699966430664,90.30999755859375,90.30999755859375,39,0.0,0.0
2026-10-06 22:05:00-04:00,90.31999969482422,90.33000183105469,90.22000122070312,90.26000213623047,90.26000213623047,47,0.0,0.0
2026-10-06 22:06:00-04:00,90.26000213623047,90.27999877929688,90.2300033569336,90.25,90.25,39,0.0,0.0
2026-10-06 22:07:00-04:00,90.19000244140625,90.25,90.19000244140625,90.25,90.25,69,0.0,0.0
2026-10-06 22:08:00-04:00,90.25,90.25,90.2300033569336,90.25,90.25,12,0.0,0.0
2026-10-06 22:09:00-04:00,90.26000213623047,90.27999877929688,90.2300033569336,90.2699966430664,90.2699966430664,33,0.0,0.0
2026-10-06 22:10:00-04:00,90.2699966430664,90.30000305175781,90.26000213623047,90.30000305175781,90.30000305175781,12,0.0,0.0
2026-10-06 22:11:00-04:00,90.30000305175781,90.30000305175781,90.2699966430664,90.2699966430664,90.2699966430664,11,0.0,0.0
2026-10-06 22:12:00-04:00,90.2699966430664,90.27999877929688,90.26000213623047,90.2699966430664,90.2699966430664,9,0.0,0.0
2026-10-06 22:13:00-04:00,90.27999877929688,90.27999877929688,90.27999877929688,90.27999877929688,90.27999877929688,1,0.0,0.0
2026-10-06 22:14:00-04:00,90.26000213623047,90.29000091552734,90.26000213623047,90.29000091552734,90.29000091552734,14,0.0,0.0
2026-10-06 22:15:00-04:00,90.2699966430664,90.2699966430664,90.2300033569336,90.23999786376953,90.23999786376953,19,0.0,0.0
2026-10-06 22:16:00-04:00,90.2300033569336,90.29000091552734,90.2300033569336,90.29000091552734,90.29000091552734,6,0.0,0.0
2026-10-06 22:17:00-04:00,90.29000091552734,90.29000091552734,90.2699966430664,90.2699966430664,90.2699966430664,15,0.0,0.0
2026-10-06 22:18:00-04:00,90.27999877929688,90.30000305175781,90.23999786376953,90.23999786376953,90.23999786376953,54,0.0,0.0
2026-10-06 22:19:00-04:00,90.23999786376953,90.33999633789062,90.23999786376953,90.2699966430664,90.2699966430664,82,0.0,0.0
2026-10-06 22:20:00-04:00,90.2699966430664,90.27999877929688,90.23999786376953,90.25,90.25,32,0.0,0.0
2026-10-06 22:21:00-04:00,90.25,90.27999877929688,90.23999786376953,90.25,90.25,29,0.0,0.0
2026-10-06 22:22:00-04:00,90.2300033569336,90.23999786376953,90.22000122070312,90.2300033569336,90.2300033569336,18,0.0,0.0
2026-10-06 22:23:00-04:00,90.25,90.25,90.23999786376953,90.23999786376953,90.23999786376953,12,0.0,0.0
2026-10-06 22:24:00-04:00,90.23999786376953,90.25,90.23999786376953,90.25,90.25,11,0.0,0.0
2026-10-06 22:25:00-04:00,90.23999786376953,90.23999786376953,90.19999694824219,90.20999908447266,90.20999908447266,21,0.0,0.0
2026-10-06 22:26:00-04:00,90.19999694824219,90.22000122070312,90.19999694824219,90.20999908447266,90.20999908447266,32,0.0,0.0
2026-10-06 22:27:00-04:00,90.20999908447266,90.25,90.20999908447266,90.2300033569336,90.2300033569336,27,0.0,0.0
2026-10-06 22:28:00-04:00,90.23999786376953,90.26000213623047,90.22000122070312,90.22000122070312,90.22000122070312,20,0.0,0.0
2026-10-06 22:29:00-04:00,90.22000122070312,90.29000091552734,90.22000122070312,90.29000091552734,90.29000091552734,29,0.0,0.0
2026-10-06 22:30:00-04:00,90.30000305175781,90.30000305175781,90.2699966430664,90.2699966430664,90.2699966430664,3,0.0,0.0
2026-10-06 22:31:00-04:00,90.26000213623047,90.29000091552734,90.26000213623047,90.2699966430664,90.2699966430664,19,0.0,0.0
2026-10-06 22:32:00-04:00,90.26000213623047,90.2699966430664,90.26000213623047,90.2699966430664,90.2699966430664,3,0.0,0.0
2026-10-06 22:33:00-04:00,90.27999877929688,90.27999877929688,90.20999908447266,90.25,90.25,64,0.0,0.0
2026-10-06 22:34:00-04:00,90.26000213623047,90.26000213623047,90.26000213623047,90.26000213623047,90.26000213623047,1,0.0,0.0
2026-10-06 22:35:00-04:00,90.29000091552734,90.29000091552734,90.2300033569336,90.2300033569336,90.2300033569336,29,0.0,0.0
2026-10-06 22:36:00-04:00,90.2300033569336,90.2300033569336,90.19999694824219,90.19999694824219,90.19999694824219,122,0.0,0.0
2026-10-06 22:37:00-04:00,90.19999694824219,90.19999694824219,90.16000366210938,90.19000244140625,90.19000244140625,29,0.0,0.0
2026-10-06 22:38:00-04:00,90.20999908447266,90.22000122070312,90.19000244140625,90.19999694824219,90.19999694824219,18,0.0,0.0
2026-10-06 22:39:00-04:00,90.19999694824219,90.20999908447266,90.19000244140625,90.19000244140625,90.19000244140625,16,0.0,0.0
2026-10-06 22:40:00-04:00,90.20999908447266,90.25,90.18000030517578,90.19000244140625,90.19000244140625,40,0.0,0.0
2026-10-06 22:41:00-04:00,90.18000030517578,90.19000244140625,90.16999816894531,90.16999816894531,90.16999816894531,24,0.0,0.0
2026-10-06 22:42:00-04:00,90.18000030517578,90.18000030517578,90.16999816894531,90.18000030517578,90.18000030517578,6,0.0,0.0
2026-10-06 22:43:00-04:00,90.18000030517578,90.19000244140625,90.18000030517578,90.19000244140625,90.19000244140625,3,0.0,0.0
2026-10-06 22:44:00-04:00,90.19000244140625,90.19999694824219,90.19000244140625,90.19000244140625,90.19000244140625,9,0.0,0.0
2026-10-06 22:45:00-04:00,90.18000030517578,90.18000030517578,90.08999633789062,90.0999984741211,90.0999984741211,121,0.0,0.0
2026-10-06 22:46:00-04:00,90.08999633789062,90.12999725341797,90.08999633789062,90.12000274658203,90.12000274658203,25,0.0,0.0
2026-10-06 22:47:00-04:00,90.11000061035156,90.11000061035156,90.0999984741211,90.11000061035156,90.11000061035156,38,0.0,0.0
2026-10-06 22:48:00-04:00,90.11000061035156,90.13999938964844,90.08999633789062,90.13999938964844,90.13999938964844,37,0.0,0.0
2026-10-06 22:49:00-04:00,90.16000366210938,90.16000366210938,90.1500015258789,90.16000366210938,90.16000366210938,11,0.0,0.0
2026-10-06 22:50:00-04:00,90.18000030517578,90.19000244140625,90.16999816894531,90.18000030517578,90.18000030517578,12,0.0,0.0
2026-10-06 22:51:00-04:00,90.18000030517578,90.25,90.18000030517578,90.25,90.25,53,0.0,0.0
2026-10-06 22:52:00-04:00,90.25,90.25,90.2300033569336,90.2300033569336,90.2300033569336,23,0.0,0.0
2026-10-06 22:53:00-04:00,90.25,90.26000213623047,90.20999908447266,90.20999908447266,90.20999908447266,46,0.0,0.0
2026-10-06 22:54:00-04:00,90.20999908447266,90.20999908447266,90.1500015258789,90.1500015258789,90.1500015258789,81,0.0,0.0
2026-10-06 22:55:00-04:00,90.1500015258789,90.16999816894531,90.1500015258789,90.16999816894531,90.16999816894531,44,0.0,0.0
2026-10-06 22:56:00-04:00,90.18000030517578,90.19000244140625,90.16999816894531,90.16999816894531,90.16999816894531,13,0.0,0.0
2026-10-06 22:57:00-04:00,90.18000030517578,90.18000030517578,90.16000366210938,90.16000366210938,90.16000366210938,23,0.0,0.0
2026-10-06 22:58:00-04:00,90.19000244140625,90.19000244140625,90.18000030517578,90.18000030517578,90.18000030517578,6,0.0,0.0
2026-10-06 22:59:00-04:00,90.19000244140625,90.19000244140625,90.16999816894531,90.16999816894531,90.16999816894531,7,0.0,0.0
2026-10-06 23:00:00-04:00,90.16999816894531,90.22000122070312,90.16999816894531,90.19999694824219,90.19999694824219,28,0.0,0.0
2026-10-06 23:01:00-04:00,90.22000122070312,90.23999786376953,90.20999908447266,90.20999908447266,90.20999908447266,57,0.0,0.0
2026-10-06 23:02:00-04:00,90.23999786376953,90.25,90.20999908447266,90.22000122070312,90.22000122070312,70,0.0,0.0
2026-10-06 23:03:00-04:00,90.19999694824219,90.20999908447266,90.19000244140625,90.20999908447266,90.20999908447266,11,0.0,0.0
2026-10-06 23:04:00-04:00,90.22000122070312,90.22000122070312,90.22000122070312,90.22000122070312,90.22000122070312,7,0.0,0.0
2026-10-06 23:05:00-04:00,90.22000122070312,90.22000122070312,90.20999908447266,90.20999908447266,90.20999908447266,7,0.0,0.0
2026-10-06 23:06:00-04:00,90.22000122070312,90.22000122070312,90.19999694824219,90.19999694824219,90.19999694824219,6,0.0,0.0
2026-10-06 23:07:00-04:00,90.19999694824219,90.20999908447266,90.19000244140625,90.20999908447266,90.20999908447266,11,0.0,0.0
2026-10-06 23:08:00-04:00,90.2300033569336,90.23999786376953,90.22000122070312,90.23999786376953,90.23999786376953,35,0.0,0.0
2026-10-06 23:09:00-04:00,90.23999786376953,90.26000213623047,90.22000122070312,90.2300033569336,90.2300033569336,76,0.0,0.0
2026-10-06 23:10:00-04:00,90.23999786376953,90.26000213623047,90.2300033569336,90.23999786376953,90.23999786376953,126,0.0,0.0
2026-10-06 23:11:00-04:00,90.23999786376953,90.25,90.20999908447266,90.2300033569336,90.2300033569336,54,0.0,0.0
2026-10-06 23:12:00-04:00,90.20999908447266,90.22000122070312,90.19999694824219,90.22000122070312,90.22000122070312,8,0.0,0.0
2026-10-06 23:13:00-04:00,90.20999908447266,90.2699966430664,90.20999908447266,90.23999786376953,90.23999786376953,56,0.0,0.0
2026-10-06 23:14:00-04:00,90.25,90.26000213623047,90.19999694824219,90.20999908447266,90.20999908447266,34,0.0,0.0
2026-10-06 23:15:00-04:00,90.22000122070312,90.22000122070312,90.19000244140625,90.19999694824219,90.19999694824219,8,0.0,0.0
2026-10-06 23:16:00-04:00,90.19999694824219,90.20999908447266,90.19000244140625,90.19999694824219,90.19999694824219,26,0.0,0.0
2026-10-06 23:17:00-04:00,90.20999908447266,90.22000122070312,90.19999694824219,90.20999908447266,90.20999908447266,19,0.0,0.0
2026-10-06 23:18:00-04:00,90.2300033569336,90.23999786376953,90.18000030517578,90.18000030517578,90.18000030517578,49,0.0,0.0
2026-10-06 23:19:00-04:00,90.16999816894531,90.19000244140625,90.16999816894531,90.19000244140625,90.19000244140625,17,0.0,0.0
2026-10-06 23:20:00-04:00,90.16000366210938,90.18000030517578,90.11000061035156,90.11000061035156,90.11000061035156,23,0.0,0.0
2026-10-06 23:21:00-04:00,90.12000274658203,90.18000030517578,90.12000274658203,90.16999816894531,90.16999816894531,36,0.0,0.0
2026-10-06 23:22:00-04:00,90.18000030517578,90.18000030517578,90.16000366210938,90.16000366210938,90.16000366210938,7,0.0,0.0
2026-10-06 23:23:00-04:00,90.16999816894531,90.16999816894531,90.16000366210938,90.16999816894531,90.16999816894531,3,0.0,0.0
2026-10-06 23:24:00-04:00,90.16000366210938,90.16000366210938,90.13999938964844,90.13999938964844,90.13999938964844,4,0.0,0.0
2026-10-06 23:25:00-04:00,90.16000366210938,90.16000366210938,90.1500015258789,90.1500015258789,90.1500015258789,6,0.0,0.0
2026-10-06 23:26:00-04:00,90.1500015258789,90.16000366210938,90.12999725341797,90.1500015258789,90.1500015258789,10,0.0,0.0
2026-10-06 23:27:00-04:00,90.13999938964844,90.1500015258789,90.12000274658203,90.1500015258789,90.1500015258789,15,0.0,0.0
2026-10-06 23:28:00-04:00,90.12999725341797,90.16000366210938,90.12999725341797,90.1500015258789,90.1500015258789,48,0.0,0.0
2026-10-06 23:29:00-04:00,90.1500015258789,90.16000366210938,90.08999633789062,90.0999984741211,90.0999984741211,29,0.0,0.0
2026-10-06 23:30:00-04:00,90.08999633789062,90.12999725341797,90.08999633789062,90.12999725341797,90.12999725341797,17,0.0,0.0
2026-10-06 23:31:00-04:00,90.16000366210938,90.2699966430664,90.13999938964844,90.25,90.25,93,0.0,0.0
2026-10-06 23:32:00-04:00,90.26000213623047,90.26000213623047,90.2300033569336,90.23999786376953,90.23999786376953,17,0.0,0.0
2026-10-06 23:33:00-04:00,90.25,90.2699966430664,90.23999786376953,90.23999786376953,90.23999786376953,35,0.0,0.0
2026-10-06 23:34:00-04:00,90.25,90.29000091552734,90.25,90.27999877929688,90.27999877929688,41,0.0,0.0
2026-10-06 23:35:00-04:00,90.29000091552734,90.37000274658203,90.23999786376953,90.25,90.25,372,0.0,0.0
2026-10-06 23:36:00-04:00,90.25,90.26000213623047,90.2300033569336,90.26000213623047,90.26000213623047,13,0.0,0.0
2026-10-06 23:37:00-04:00,90.25,90.25,90.22000122070312,90.2300033569336,90.2300033569336,10,0.0,0.0
2026-10-06 23:38:00-04:00,90.2300033569336,90.23999786376953,90.20999908447266,90.23999786376953,90.23999786376953,15,0.0,0.0
2026-10-06 23:39:00-04:00,90.22000122070312,90.2300033569336,90.16999816894531,90.16999816894531,90.16999816894531,47,0.0,0.0
2026-10-06 23:40:00-04:00,90.16999816894531,90.18000030517578,90.13999938964844,90.18000030517578,90.18000030517578,54,0.0,0.0
2026-10-06 23:41:00-04:00,90.19000244140625,90.19000244140625,90.16999816894531,90.18000030517578,90.18000030517578,16,0.0,0.0
2026-10-06 23:42:00-04:00,90.18000030517578,90.18000030517578,90.16999816894531,90.18000030517578,90.18000030517578,14,0.0,0.0
2026-10-06 23:43:00-04:00,90.19000244140625,90.19000244140625,90.1500015258789,90.1500015258789,90.1500015258789,18,0.0,0.0
2026-10-06 23:44:00-04:00,90.19000244140625,90.23999786376953,90.16999816894531,90.19999694824219,90.19999694824219,79,0.0,0.0
2026-10-06 23:45:00-04:00,90.19999694824219,90.19999694824219,90.19000244140625,90.19999694824219,90.19999694824219,12,0.0,0.0
2026-10-06 23:46:00-04:00,90.19999694824219,90.23999786376953,90.19999694824219,90.23999786376953,90.23999786376953,22,0.0,0.0
2026-10-06 23:47:00-04:00,90.23999786376953,90.23999786376953,90.22000122070312,90.22000122070312,90.22000122070312,10,0.0,0.0
2026-10-06 23:48:00-04:00,90.19999694824219,90.20999908447266,90.19000244140625,90.19000244140625,90.19000244140625,8,0.0,0.0
2026-10-06 23:49:00-04:00,90.18000030517578,90.19999694824219,90.18000030517578,90.19999694824219,90.19999694824219,29,0.0,0.0
2026-10-06 23:50:00-04:00,90.19000244140625,90.19000244140625,90.19000244140625,90.19000244140625,90.19000244140625,17,0.0,0.0
2026-10-06 23:51:00-04:00,90.19999694824219,90.2300033569336,90.19000244140625,90.19999694824219,90.19999694824219,55,0.0,0.0
2026-10-06 23:52:00-04:00,90.2300033569336,90.2300033569336,90.13999938964844,90.16000366210938,90.16000366210938,31,0.0,0.0
2026-10-06 23:53:00-04:00,90.16000366210938,90.19000244140625,90.1500015258789,90.19000244140625,90.19000244140625,9,0.0,0.0
2026-10-06 23:54:00-04:00,90.20999908447266,90.20999908447266,90.16999816894531,90.18000030517578,90.18000030517578,9,0.0,0.0
2026-10-06 23:55:00-04:00,90.18000030517578,90.19999694824219,90.18000030517578,90.19999694824219,90.19999694824219,11,0.0,0.0
2026-10-06 23:56:00-04:00,90.19999694824219,90.20999908447266,90.19999694824219,90.20999908447266,90.20999908447266,10,0.0,0.0
2026-10-06 23:57:00-04:00,90.20999908447266,90.22000122070312,90.19999694824219,90.19999694824219,90.19999694824219,9,0.0,0.0
2026-10-06 23:58:00-04:00,90.22000122070312,90.22000122070312,90.20999908447266,90.20999908447266,90.20999908447266,3,0.0,0.0
2026-10-07 00:00:00-04:00,90.25,90.25,90.19000244140625,90.20999908447266,90.20999908447266,131,0.0,0.0
2026-10-07 00:01:00-04:00,90.2300033569336,90.25,90.2300033569336,90.2300033569336,90.2300033569336,63,0.0,0.0
2026-10-07 00:02:00-04:00,90.22000122070312,90.22000122070312,90.20999908447266,90.20999908447266,90.20999908447266,3,0.0,0.0
2026-10-07 00:03:00-04:00,90.19999694824219,90.20999908447266,90.19999694824219,90.19999694824219,90.19999694824219,8,0.0,0.0
2026-10-07 00:04:00-04:00,90.19000244140625,90.20999908447266,90.18000030517578,90.20999908447266,90.20999908447266,21,0.0,0.0
2026-10-07 00:05:00-04:00,90.19999694824219,90.19999694824219,90.19000244140625,90.19000244140625,90.19000244140625,2,0.0,0.0
2026-10-07 00:06:00-04:00,90.19999694824219,90.2699966430664,90.19000244140625,90.26000213623047,90.26000213623047,63,0.0,0.0
2026-10-07 00:07:00-04:00,90.25,90.26000213623047,90.25,90.26000213623047,90.26000213623047,6,0.0,0.0
2026-10-07 00:08:00-04:00,90.2699966430664,90.27999877929688,90.23999786376953,90.2699966430664,90.2699966430664,36,0.0,0.0
2026-10-07 00:09:00-04:00,90.2699966430664,90.27999877929688,90.26000213623047,90.26000213623047,90.26000213623047,8,0.0,0.0
2026-10-07 00:10:00-04:00,90.26000213623047,90.26000213623047,90.26000213623047,90.26000213623047,90.26000213623047,1,0.0,0.0
2026-10-07 00:11:00-04:00,90.26000213623047,90.26000213623047,90.25,90.25,90.25,2,0.0,0.0
2026-10-07 00:12:00-04:00,90.23999786376953,90.25,90.19999694824219,90.19999694824219,90.19999694824219,25,0.0,0.0
2026-10-07 00:13:00-04:00,90.18000030517578,90.19999694824219,90.16999816894531,90.16999816894531,90.16999816894531,35,0.0,0.0
2026-10-07 00:14:00-04:00,90.16000366210938,90.16999816894531,90.1500015258789,90.16999816894531,90.16999816894531,16,0.0,0.0
2026-10-07 00:15:00-04:00,90.19000244140625,90.19999694824219,90.16999816894531,90.16999816894531,90.16999816894531,4,0.0,0.0
2026-10-07 00:16:00-04:00,90.1500015258789,90.16999816894531,90.12999725341797,90.16000366210938,90.16000366210938,80,0.0,0.0
2026-10-07 00:17:00-04:00,90.16999816894531,90.18000030517578,90.16000366210938,90.18000030517578,90.18000030517578,7,0.0,0.0
2026-10-07 00:18:00-04:00,90.19000244140625,90.20999908447266,90.19000244140625,90.19999694824219,90.19999694824219,12,0.0,0.0
2026-10-07 00:19:00-04:00,90.20999908447266,90.20999908447266,90.19000244140625,90.19000244140625,90.19000244140625,2,0.0,0.0
2026-10-07 00:20:00-04:00,90.16000366210938,90.16000366210938,90.16000366210938,90.16000366210938,90.16000366210938,3,0.0,0.0
2026-10-07 00:22:00-04:00,90.16000366210938,90.16000366210938,90.13999938964844,90.13999938964844,90.13999938964844,7,0.0,0.0
2026-10-07 00:23:00-04:00,90.13999938964844,90.13999938964844,90.12000274658203,90.12999725341797,90.12999725341797,7,0.0,0.0
2026-10-07 00:24:00-04:00,90.12999725341797,90.13999938964844,90.0999984741211,90.13999938964844,90.13999938964844,49,0.0,0.0
2026-10-07 00:25:00-04:00,90.13999938964844,90.1500015258789,90.11000061035156,90.1500015258789,90.1500015258789,24,0.0,0.0
2026-10-07 00:26:00-04:00,90.13999938964844,90.13999938964844,90.13999938964844,90.13999938964844,90.13999938964844,2,0.0,0.0
2026-10-07 00:27:00-04:00,90.13999938964844,90.18000030517578,90.13999938964844,90.16999816894531,90.16999816894531,38,0.0,0.0
2026-10-07 00:29:00-04:00,90.18000030517578,90.19999694824219,90.16999816894531,90.19000244140625,90.19000244140625,20,0.0,0.0
2026-10-07 00:30:00-04:00,90.19000244140625,90.19999694824219,90.19000244140625,90.19999694824219,90.19999694824219,3,0.0,0.0
2026-10-07 00:31:00-04:00,90.16999816894531,90.2300033569336,90.16999816894531,90.20999908447266,90.20999908447266,42,0.0,0.0
2026-10-07 00:32:00-04:00,90.20999908447266,90.2300033569336,90.19999694824219,90.20999908447266,90.20999908447266,35,0.0,0.0
2026-10-07 00:33:00-04:00,90.2300033569336,90.23999786376953,90.19999694824219,90.20999908447266,90.20999908447266,16,0.0,0.0
2026-10-07 00:34:00-04:00,90.20999908447266,90.25,90.19999694824219,90.25,90.25,36,0.0,0.0
2026-10-07 00:35:00-04:00,90.25,90.26000213623047,90.22000122070312,90.22000122070312,90.22000122070312,17,0.0,0.0
2026-10-07 00:36:00-04:00,90.20999908447266,90.20999908447266,90.20999908447266,90.20999908447266,90.20999908447266,18,0.0,0.0
2026-10-07 00:37:00-04:00,90.2300033569336,90.23999786376953,90.22000122070312,90.22000122070312,90.22000122070312,4,0.0,0.0
2026-10-07 00:38:00-04:00,90.23999786376953,90.23999786376953,90.23999786376953,90.23999786376953,90.23999786376953,4,0.0,0.0
2026-10-07 00:39:00-04:00,90.23999786376953,90.23999786376953,90.22000122070312,90.22000122070312,90.22000122070312,16,0.0,0.0
2026-10-07 00:40:00-04:00,90.2300033569336,90.2300033569336,90.20999908447266,90.20999908447266,90.20999908447266,4,0.0,0.0
2026-10-07 00:41:00-04:00,90.19999694824219,90.22000122070312,90.19999694824219,90.22000122070312,90.22000122070312,10,0.0,0.0
2026-10-07 00:42:00-04:00,90.2300033569336,90.2300033569336,90.22000122070312,90.22000122070312,90.22000122070312,4,0.0,0.0
2026-10-07 00:43:00-04:00,90.2300033569336,90.2300033569336,90.2300033569336,90.2300033569336,90.2300033569336,1,0.0,0.0
2026-10-07 00:44:00-04:00,90.22000122070312,90.2699966430664,90.22000122070312,90.25,90.25,157,0.0,0.0
2026-10-07 00:45:00-04:00,90.20999908447266,90.23999786376953,90.19999694824219,90.19999694824219,90.19999694824219,30,0.0,0.0
2026-10-07 00:46:00-04:00,90.18000030517578,90.19000244140625,90.18000030517578,90.18000030517578,90.18000030517578,4,0.0,0.0
2026-10-07 00:47:00-04:00,90.19999694824219,90.2300033569336,90.19000244140625,90.2300033569336,90.2300033569336,28,0.0,0.0
2026-10-07 00:48:00-04:00,90.2300033569336,90.2300033569336,90.20999908447266,90.20999908447266,90.20999908447266,12,0.0,0.0
2026-10-07 00:49:00-04:00,90.2300033569336,90.2300033569336,90.22000122070312,90.2300033569336,90.2300033569336,3,0.0,0.0
2026-10-07 00:50:00-04:00,90.2300033569336,90.2300033569336,90.16999816894531,90.19999694824219,90.19999694824219,33,0.0,0.0
2026-10-07 00:51:00-04:00,90.18000030517578,90.19000244140625,90.16999816894531,90.16999816894531,90.16999816894531,7,0.0,0.0
2026-10-07 00:52:00-04:00,90.16999816894531,90.19999694824219,90.1500015258789,90.16999816894531,90.16999816894531,27,0.0,0.0
2026-10-07 00:53:00-04:00,90.19000244140625,90.19999694824219,90.05000305175781,90.08999633789062,90.08999633789062,82,0.0,0.0
2026-10-07 00:54:00-04:00,90.06999969482422,90.06999969482422,89.98999786376953,90.0199966430664,90.0199966430664,77,0.0,0.0
2026-10-07 00:55:00-04:00,90.02999877929688,90.05000305175781,89.95999908447266,90.01000213623047,90.01000213623047,244,0.0,0.0
2026-10-07 00:56:00-04:00,90.0199966430664,90.05000305175781,90.0,90.02999877929688,90.02999877929688,164,0.0,0.0
2026-10-07 00:57:00-04:00,90.02999877929688,90.05000305175781,90.0199966430664,90.04000091552734,90.04000091552734,30,0.0,0.0
2026-10-07 00:58:00-04:00,90.04000091552734,90.06999969482422,90.02999877929688,90.06999969482422,90.06999969482422,24,0.0,0.0
2026-10-07 00:59:00-04:00,90.08999633789062,90.12999725341797,90.02999877929688,90.02999877929688,90.02999877929688,71,0.0,0.0
2026-10-07 01:00:00-04:00,90.02999877929688,90.08000183105469,90.0199966430664,90.05999755859375,90.05999755859375,32,0.0,0.0
2026-10-07 01:01:00-04:00,90.08000183105469,90.08999633789062,90.05999755859375,90.08999633789062,90.08999633789062,25,0.0,0.0
2026-10-07 01:02:00-04:00,90.08999633789062,90.12000274658203,90.08999633789062,90.08999633789062,90.08999633789062,25,0.0,0.0
2026-10-07 01:03:00-04:00,90.0999984741211,90.0999984741211,90.08999633789062,90.08999633789062,90.08999633789062,17,0.0,0.0
2026-10-07 01:04:00-04:00,90.0999984741211,90.0999984741211,90.01000213623047,90.0199966430664,90.0199966430664,36,0.0,0.0
2026-10-07 01:05:00-04:00,90.02999877929688,90.08000183105469,90.0199966430664,90.08000183105469,90.08000183105469,11,0.0,0.0
2026-10-07 01:06:00-04:00,90.08999633789062,90.0999984741211,90.08000183105469,90.08000183105469,90.08000183105469,14,0.0,0.0
2026-10-07 01:07:00-04:00,90.08999633789062,90.12000274658203,90.08000183105469,90.12000274658203,90.12000274658203,17,0.0,0.0
2026-10-07 01:08:00-04:00,90.0999984741211,90.0999984741211,90.08999633789062,90.0999984741211,90.0999984741211,17,0.0,0.0
2026-10-07 01:09:00-04:00,90.12000274658203,90.12000274658203,90.11000061035156,90.11000061035156,90.11000061035156,18,0.0,0.0
2026-10-07 01:10:00-04:00,90.11000061035156,90.13999938964844,90.11000061035156,90.13999938964844,90.13999938964844,13,0.0,0.0
2026-10-07 01:11:00-04:00,90.12999725341797,90.1500015258789,90.0999984741211,90.0999984741211,90.0999984741211,34,0.0,0.0
2026-10-07 01:12:00-04:00,90.11000061035156,90.1500015258789,90.11000061035156,90.12999725341797,90.12999725341797,26,0.0,0.0
2026-10-07 01:13:00-04:00,90.12999725341797,90.13999938964844,90.0999984741211,90.11000061035156,90.11000061035156,23,0.0,0.0
2026-10-07 01:14:00-04:00,90.11000061035156,90.12000274658203,90.08000183105469,90.11000061035156,90.11000061035156,22,0.0,0.0
2026-10-07 01:15:00-04:00,90.0999984741211,90.11000061035156,90.0999984741211,90.11000061035156,90.11000061035156,4,0.0,0.0
2026-10-07 01:16:00-04:00,90.08999633789062,90.1500015258789,90.08000183105469,90.13999938964844,90.13999938964844,47,0.0,0.0
2026-10-07 01:17:00-04:00,90.1500015258789,90.1500015258789,90.11000061035156,90.11000061035156,90.11000061035156,9,0.0,0.0
2026-10-07 01:18:00-04:00,90.12999725341797,90.16000366210938,90.12999725341797,90.1500015258789,90.1500015258789,12,0.0,0.0
2026-10-07 01:19:00-04:00,90.1500015258789,90.1500015258789,90.13999938964844,90.13999938964844,90.13999938964844,29,0.0,0.0
2026-10-07 01:20:00-04:00,90.12999725341797,90.16000366210938,90.12999725341797,90.16000366210938,90.16000366210938,9,0.0,0.0
2026-10-07 01:21:00-04:00,90.1500015258789,90.1500015258789,90.1500015258789,90.1500015258789,90.1500015258789,2,0.0,0.0
2026-10-07 01:22:00-04:00,90.16000366210938,90.25,90.16000366210938,90.22000122070312,90.22000122070312,151,0.0,0.0
2026-10-07 01:23:00-04:00,90.20999908447266,90.2300033569336,90.16999816894531,90.16999816894531,90.16999816894531,43,0.0,0.0
2026-10-07 01:24:00-04:00,90.18000030517578,90.18000030517578,90.13999938964844,90.16999816894531,90.16999816894531,7,0.0,0.0
2026-10-07 01:25:00-04:00,90.12000274658203,90.12000274658203,90.08000183105469,90.08999633789062,90.08999633789062,20,0.0,0.0
2026-10-07 01:26:00-04:00,90.08999633789062,90.0999984741211,90.08000183105469,90.0999984741211,90.0999984741211,9,0.0,0.0
2026-10-07 01:27:00-04:00,90.0999984741211,90.16000366210938,90.0999984741211,90.12999725341797,90.12999725341797,67,0.0,0.0
2026-10-07 01:28:00-04:00,90.13999938964844,90.13999938964844,90.12999725341797,90.12999725341797,90.12999725341797,4,0.0,0.0
2026-10-07 01:29:00-04:00,90.12000274658203,90.16000366210938,90.12000274658203,90.16000366210938,90.16000366210938,6,0.0,0.0
2026-10-07 01:30:00-04:00,90.16999816894531,90.18000030517578,90.16000366210938,90.18000030517578,90.18000030517578,7,0.0,0.0
2026-10-07 01:31:00-04:00,90.16999816894531,90.16999816894531,90.16999816894531,90.16999816894531,90.16999816894531,1,0.0,0.0
2026-10-07 01:32:00-04:00,90.16999816894531,90.19000244140625,90.13999938964844,90.19000244140625,90.19000244140625,11,0.0,0.0
2026-10-07 01:33:00-04:00,90.18000030517578,90.19000244140625,90.13999938964844,90.13999938964844,90.13999938964844,34,0.0,0.0
2026-10-07 01:34:00-04:00,90.12999725341797,90.13999938964844,90.12999725341797,90.13999938964844,90.13999938964844,5,0.0,0.0
2026-10-07 01:35:00-04:00,90.12999725341797,90.13999938964844,90.06999969482422,90.06999969482422,90.06999969482422,14,0.0,0.0
2026-10-07 01:36:00-04:00,90.08000183105469,90.08999633789062,90.04000091552734,90.06999969482422,90.06999969482422,32,0.0,0.0
2026-10-07 01:37:00-04:00,90.08000183105469,90.12999725341797,90.05999755859375,90.12000274658203,90.12000274658203,23,0.0,0.0
2026-10-07 01:38:00-04:00,90.13999938964844,90.13999938964844,90.12999725341797,90.12999725341797,90.12999725341797,9,0.0,0.0
2026-10-07 01:39:00-04:00,90.16000366210938,90.16999816894531,90.0999984741211,90.0999984741211,90.0999984741211,13,0.0,0.0
2026-10-07 01:40:00-04:00,90.11000061035156,90.1500015258789,90.11000061035156,90.1500015258789,90.1500015258789,21,0.0,0.0
2026-10-07 01:41:00-04:00,90.19000244140625,90.19999694824219,90.19000244140625,90.19999694824219,90.19999694824219,11,0.0,0.0
2026-10-07 01:42:00-04:00,90.18000030517578,90.18000030517578,90.16000366210938,90.16000366210938,90.16000366210938,7,0.0,0.0
2026-10-07 01:43:00-04:00,90.13999938964844,90.13999938964844,90.0999984741211,90.11000061035156,90.11000061035156,8,0.0,0.0
2026-10-07 01:44:00-04:00,90.0999984741211,90.0999984741211,90.04000091552734,90.04000091552734,90.04000091552734,54,0.0,0.0
2026-10-07 01:45:00-04:00,90.05999755859375,90.05999755859375,89.94999694824219,89.95999908447266,89.95999908447266,72,0.0,0.0
2026-10-07 01:46:00-04:00,89.95999908447266,89.97000122070312,89.93000030517578,89.97000122070312,89.97000122070312,39,0.0,0.0
2026-10-07 01:47:00-04:00,89.97000122070312,89.97000122070312,89.93000030517578,89.94999694824219,89.94999694824219,11,0.0,0.0
2026-10-07 01:48:00-04:00,89.94000244140625,89.94000244140625,89.86000061035156,89.93000030517578,89.93000030517578,103,0.0,0.0
2026-10-07 01:49:00-04:00,89.94000244140625,89.94999694824219,89.9000015258789,89.9000015258789,89.9000015258789,9,0.0,0.0
2026-10-07 01:50:00-04:00,89.91000366210938,89.98999786376953,89.9000015258789,89.93000030517578,89.93000030517578,65,0.0,0.0
2026-10-07 01:51:00-04:00,89.91999816894531,89.91999816894531,89.87000274658203,89.91000366210938,89.91000366210938,48,0.0,0.0
2026-10-07 01:52:00-04:00,89.91000366210938,89.94999694824219,89.88999938964844,89.94000244140625,89.94000244140625,28,0.0,0.0
2026-10-07 01:53:00-04:00,89.93000030517578,89.94999694824219,89.9000015258789,89.94000244140625,89.94000244140625,46,0.0,0.0
2026-10-07 01:54:00-04:00,89.93000030517578,89.94000244140625,89.91000366210938,89.91999816894531,89.91999816894531,17,0.0,0.0
2026-10-07 01:55:00-04:00,89.93000030517578,89.94999694824219,89.87999725341797,89.88999938964844,89.88999938964844,68,0.0,0.0
2026-10-07 01:56:00-04:00,89.87999725341797,89.88999938964844,89.83000183105469,89.87000274658203,89.87000274658203,118,0.0,0.0
2026-10-07 01:57:00-04:00,89.8499984741211,89.94000244140625,89.8499984741211,89.94000244140625,89.94000244140625,44,0.0,0.0
2026-10-07 01:58:00-04:00,89.94999694824219,89.98999786376953,89.94999694824219,89.9800033569336,89.9800033569336,27,0.0,0.0
2026-10-07 01:59:00-04:00,89.9800033569336,90.12000274658203,89.95999908447266,90.0999984741211,90.0999984741211,80,0.0,0.0
2026-10-07 02:00:00-04:00,90.0999984741211,90.16000366210938,90.01000213623047,90.13999938964844,90.13999938964844,145,0.0,0.0
2026-10-07 02:01:00-04:00,90.13999938964844,90.20999908447266,90.12000274658203,90.19000244140625,90.19000244140625,153,0.0,0.0
2026-10-07 02:02:00-04:00,90.19000244140625,90.26000213623047,90.1500015258789,90.1500015258789,90.1500015258789,87,0.0,0.0
2026-10-07 02:03:00-04:00,90.16999816894531,90.25,90.16999816894531,90.2300033569336,90.2300033569336,93,0.0,0.0
2026-10-07 02:04:00-04:00,90.26000213623047,90.36000061035156,90.25,90.30999755859375,90.30999755859375,421,0.0,0.0
2026-10-07 02:05:00-04:00,90.31999969482422,90.3499984741211,90.27999877929688,90.30999755859375,90.30999755859375,131,0.0,0.0
2026-10-07 02:06:00-04:00,90.31999969482422,90.31999969482422,90.25,90.25,90.25,70,0.0,0.0
2026-10-07 02:07:00-04:00,90.25,90.25,90.19000244140625,90.2300033569336,90.2300033569336,30,0.0,0.0
2026-10-07 02:08:00-04:00,90.22000122070312,90.23999786376953,90.19999694824219,90.19999694824219,90.19999694824219,16,0.0,0.0
2026-10-07 02:09:00-04:00,90.22000122070312,90.22000122070312,90.22000122070312,90.22000122070312,90.22000122070312,1,0.0,0.0
2026-10-07 02:10:00-04:00,90.19999694824219,90.23999786376953,90.18000030517578,90.23999786376953,90.23999786376953,36,0.0,0.0
2026-10-07 02:11:00-04:00,90.22000122070312,90.25,90.20999908447266,90.22000122070312,90.22000122070312,13,0.0,0.0
2026-10-07 02:12:00-04:00,90.2300033569336,90.26000213623047,90.2300033569336,90.26000213623047,90.26000213623047,19,0.0,0.0
2026-10-07 02:13:00-04:00,90.29000091552734,90.33999633789062,90.27999877929688,90.33000183105469,90.33000183105469,70,0.0,0.0
2026-10-07 02:14:00-04:00,90.31999969482422,90.37999725341797,90.31999969482422,90.3499984741211,90.3499984741211,78,0.0,0.0
2026-10-07 02:15:00-04:00,90.3499984741211,90.4000015258789,90.33000183105469,90.33000183105469,90.33000183105469,116,0.0,0.0
2026-10-07 02:16:00-04:00,90.33000183105469,90.33000183105469,90.27999877929688,90.27999877929688,90.27999877929688,30,0.0,0.0
2026-10-07 02:17:00-04:00,90.29000091552734,90.29000091552734,90.22000122070312,90.2300033569336,90.2300033569336,22,0.0,0.0
2026-10-07 02:18:00-04:00,90.25,90.29000091552734,90.25,90.27999877929688,90.27999877929688,20,0.0,0.0
2026-10-07 02:19:00-04:00,90.27999877929688,90.29000091552734,90.26000213623047,90.26000213623047,90.26000213623047,42,0.0,0.0
2026-10-07 02:20:00-04:00,90.2699966430664,90.29000091552734,90.26000213623047,90.27999877929688,90.27999877929688,22,0.0,0.0
2026-10-07 02:21:00-04:00,90.29000091552734,90.29000091552734,90.2300033569336,90.2699966430664,90.2699966430664,133,0.0,0.0
2026-10-07 02:22:00-04:00,90.27999877929688,90.27999877929688,90.20999908447266,90.23999786376953,90.23999786376953,20,0.0,0.0
2026-10-07 02:23:00-04:00,90.2300033569336,90.2300033569336,90.22000122070312,90.2300033569336,90.2300033569336,8,0.0,0.0
2026-10-07 02:24:00-04:00,90.23999786376953,90.25,90.2300033569336,90.2300033569336,90.2300033569336,21,0.0,0.0
2026-10-07 02:25:00-04:00,90.2300033569336,90.25,90.2300033569336,90.23999786376953,90.23999786376953,14,0.0,0.0
2026-10-07 02:26:00-04:00,90.20999908447266,90.23999786376953,90.20999908447266,90.23999786376953,90.23999786376953,16,0.0,0.0
2026-10-07 02:27:00-04:00,90.22000122070312,90.22000122070312,90.22000122070312,90.22000122070312,90.22000122070312,3,0.0,0.0
2026-10-07 02:28:00-04:00,90.22000122070312,90.2300033569336,90.13999938964844,90.16000366210938,90.16000366210938,53,0.0,0.0
2026-10-07 02:29:00-04:00,90.1500015258789,90.19000244140625,90.0,90.05000305175781,90.05000305175781,333,0.0,0.0
2026-10-07 02:30:00-04:00,90.04000091552734,90.05999755859375,89.91000366210938,90.0199966430664,90.0199966430664,278,0.0,0.0
2026-10-07 02:31:00-04:00,90.0199966430664,90.08000183105469,89.98999786376953,90.08000183105469,90.08000183105469,40,0.0,0.0
2026-10-07 02:32:00-04:00,90.08999633789062,90.18000030517578,90.08999633789062,90.0999984741211,90.0999984741211,73,0.0,0.0
2026-10-07 02:33:00-04:00,90.06999969482422,90.08000183105469,90.05000305175781,90.05000305175781,90.05000305175781,30,0.0,0.0
2026-10-07 02:34:00-04:00,90.06999969482422,90.08999633789062,90.02999877929688,90.02999877929688,90.02999877929688,12,0.0,0.0
2026-10-07 02:35:00-04:00,90.05999755859375,90.11000061035156,90.04000091552734,90.0999984741211,90.0999984741211,78,0.0,0.0
2026-10-07 02:36:00-04:00,90.08999633789062,90.08999633789062,90.05999755859375,90.08000183105469,90.08000183105469,25,0.0,0.0
2026-10-07 02:37:00-04:00,90.08000183105469,90.08000183105469,90.05999755859375,90.06999969482422,90.06999969482422,18,0.0,0.0
2026-10-07 02:38:00-04:00,90.05999755859375,90.08000183105469,90.02999877929688,90.06999969482422,90.06999969482422,65,0.0,0.0
2026-10-07 02:39:00-04:00,90.08000183105469,90.13999938964844,90.08000183105469,90.08999633789062,90.08999633789062,29,0.0,0.0
2026-10-07 02:40:00-04:00,90.0999984741211,90.13999938964844,90.0999984741211,90.13999938964844,90.13999938964844,13,0.0,0.0
2026-10-07 02:41:00-04:00,90.12000274658203,90.12000274658203,90.08000183105469,90.08000183105469,90.08000183105469,25,0.0,0.0
2026-10-07 02:42:00-04:00,90.06999969482422,90.08999633789062,90.05000305175781,90.06999969482422,90.06999969482422,37,0.0,0.0
2026-10-07 02:43:00-04:00,90.06999969482422,90.08000183105469,90.06999969482422,90.06999969482422,90.06999969482422,5,0.0,0.0
2026-10-07 02:44:00-04:00,90.08999633789062,90.13999938964844,90.08999633789062,90.08999633789062,90.08999633789062,18,0.0,0.0
2026-10-07 02:45:00-04:00,90.08000183105469,90.0999984741211,90.04000091552734,90.05999755859375,90.05999755859375,56,0.0,0.0
2026-10-07 02:46:00-04:00,90.08999633789062,90.13999938964844,90.06999969482422,90.08999633789062,90.08999633789062,98,0.0,0.0
2026-10-07 02:47:00-04:00,90.06999969482422,90.08000183105469,90.04000091552734,90.06999969482422,90.06999969482422,33,0.0,0.0
2026-10-07 02:48:00-04:00,90.06999969482422,90.13999938964844,90.05000305175781,90.12999725341797,90.12999725341797,60,0.0,0.0
2026-10-07 02:49:00-04:00,90.12000274658203,90.12999725341797,90.05000305175781,90.08999633789062,90.08999633789062,30,0.0,0.0
2026-10-07 02:50:00-04:00,90.06999969482422,90.12999725341797,90.05999755859375,90.0999984741211,90.0999984741211,12,0.0,0.0
2026-10-07 02:51:00-04:00,90.11000061035156,90.11000061035156,90.11000061035156,90.11000061035156,90.11000061035156,3,0.0,0.0
2026-10-07 02:52:00-04:00,90.08999633789062,90.11000061035156,90.08999633789062,90.08999633789062,90.08999633789062,4,0.0,0.0
2026-10-07 02:53:00-04:00,90.08999633789062,90.08999633789062,90.08000183105469,90.08999633789062,90.08999633789062,6,0.0,0.0
2026-10-07 02:54:00-04:00,90.08999633789062,90.12000274658203,90.02999877929688,90.05999755859375,90.05999755859375,42,0.0,0.0
2026-10-07 02:55:00-04:00,90.05000305175781,90.08999633789062,90.05000305175781,90.06999969482422,90.06999969482422,19,0.0,0.0
2026-10-07 02:56:00-04:00,90.05999755859375,90.12999725341797,90.02999877929688,90.12999725341797,90.12999725341797,65,0.0,0.0
2026-10-07 02:57:00-04:00,90.13999938964844,90.16999816894531,90.12999725341797,90.12999725341797,90.12999725341797,52,0.0,0.0
2026-10-07 02:58:00-04:00,90.13999938964844,90.18000030517578,90.0999984741211,90.18000030517578,90.18000030517578,19,0.0,0.0
2026-10-07 02:59:00-04:00,90.18000030517578,90.20999908447266,90.18000030517578,90.18000030517578,90.18000030517578,42,0.0,0.0
2026-10-07 03:00:00-04:00,90.2300033569336,90.25,90.0999984741211,90.12999725341797,90.12999725341797,91,0.0,0.0
2026-10-07 03:01:00-04:00,90.12999725341797,90.19999694824219,90.06999969482422,90.1500015258789,90.1500015258789,191,0.0,0.0
2026-10-07 03:02:00-04:00,90.12000274658203,90.13999938964844,90.0199966430664,90.0199966430664,90.0199966430664,107,0.0,0.0
2026-10-07 03:03:00-04:00,89.98999786376953,90.05999755859375,89.98999786376953,90.04000091552734,90.04000091552734,126,0.0,0.0
2026-10-07 03:04:00-04:00,90.0199966430664,90.0199966430664,89.9800033569336,90.0,90.0,48,0.0,0.0
2026-10-07 03:05:00-04:00,89.98999786376953,90.0199966430664,89.87999725341797,89.9000015258789,89.9000015258789,143,0.0,0.0
2026-10-07 03:06:00-04:00,89.91000366210938,89.94999694824219,89.91000366210938,89.91999816894531,89.91999816894531,34,0.0,0.0
2026-10-07 03:07:00-04:00,89.91000366210938,89.93000030517578,89.86000061035156,89.93000030517578,89.93000030517578,82,0.0,0.0
2026-10-07 03:08:00-04:00,89.91000366210938,89.91999816894531,89.83999633789062,89.83999633789062,89.83999633789062,54,0.0,0.0
2026-10-07 03:09:00-04:00,89.83999633789062,89.86000061035156,89.83999633789062,89.86000061035156,89.86000061035156,35,0.0,0.0
2026-10-07 03:10:00-04:00,89.8499984741211,89.88999938964844,89.77999877929688,89.80000305175781,89.80000305175781,165,0.0,0.0
2026-10-07 03:11:00-04:00,89.80000305175781,89.86000061035156,89.7699966430664,89.8499984741211,89.8499984741211,147,0.0,0.0
2026-10-07 03:12:00-04:00,89.83000183105469,89.83999633789062,89.76000213623047,89.83999633789062,89.83999633789062,217,0.0,0.0
2026-10-07 03:13:00-04:00,89.83999633789062,89.83999633789062,89.7699966430664,89.81999969482422,89.81999969482422,77,0.0,0.0
2026-10-07 03:14:00-04:00,89.77999877929688,89.81999969482422,89.76000213623047,89.80000305175781,89.80000305175781,101,0.0,0.0
2026-10-07 03:15:00-04:00,89.81999969482422,89.94000244140625,89.73999786376953,89.91999816894531,89.91999816894531,182,0.0,0.0
2026-10-07 03:16:00-04:00,89.91999816894531,90.0199966430664,89.91999816894531,89.94999694824219,89.94999694824219,133,0.0,0.0
2026-10-07 03:17:00-04:00,89.94000244140625,89.95999908447266,89.9000015258789,89.94000244140625,89.94000244140625,39,0.0,0.0
2026-10-07 03:18:00-04:00,89.93000030517578,89.97000122070312,89.91999816894531,89.95999908447266,89.95999908447266,34,0.0,0.0
2026-10-07 03:19:00-04:00,89.95999908447266,89.98999786376953,89.87000274658203,89.87000274658203,89.87000274658203,80,0.0,0.0
2026-10-07 03:20:00-04:00,89.86000061035156,89.86000061035156,89.80000305175781,89.80999755859375,89.80999755859375,102,0.0,0.0
2026-10-07 03:21:00-04:00,89.80000305175781,89.93000030517578,89.80000305175781,89.88999938964844,89.88999938964844,75,0.0,0.0
2026-10-07 03:22:00-04:00,89.87999725341797,89.9000015258789,89.75,89.7699966430664,89.7699966430664,103,0.0,0.0
2026-10-07 03:23:00-04:00,89.77999877929688,89.8499984741211,89.7699966430664,89.83000183105469,89.83000183105469,116,0.0,0.0
2026-10-07 03:24:00-04:00,89.80999755859375,89.83000183105469,89.77999877929688,89.83000183105469,89.83000183105469,29,0.0,0.0
2026-10-07 03:25:00-04:00,89.80999755859375,89.86000061035156,89.80000305175781,89.8499984741211,89.8499984741211,53,0.0,0.0
2026-10-07 03:26:00-04:00,89.83000183105469,89.86000061035156,89.77999877929688,89.79000091552734,89.79000091552734,38,0.0,0.0
2026-10-07 03:27:00-04:00,89.77999877929688,89.81999969482422,89.77999877929688,89.77999877929688,89.77999877929688,49,0.0,0.0
2026-10-07 03:28:00-04:00,89.77999877929688,89.87999725341797,89.7699966430664,89.86000061035156,89.86000061035156,96,0.0,0.0
2026-10-07 03:29:00-04:00,89.8499984741211,89.87999725341797,89.83999633789062,89.8499984741211,89.8499984741211,39,0.0,0.0
2026-10-07 03:30:00-04:00,89.87000274658203,89.94999694824219,89.86000061035156,89.9000015258789,89.9000015258789,140,0.0,0.0
2026-10-07 03:31:00-04:00,89.9000015258789,89.91999816894531,89.8499984741211,89.88999938964844,89.88999938964844,63,0.0,0.0
2026-10-07 03:32:00-04:00,89.87999725341797,89.87999725341797,89.80999755859375,89.81999969482422,89.81999969482422,64,0.0,0.0
2026-10-07 03:33:00-04:00,89.80999755859375,89.80999755859375,89.70999908447266,89.73999786376953,89.73999786376953,188,0.0,0.0
2026-10-07 03:34:00-04:00,89.72000122070312,89.75,89.66000366210938,89.70999908447266,89.70999908447266,455,0.0,0.0
2026-10-07 03:35:00-04:00,89.72000122070312,89.75,89.70999908447266,89.7300033569336,89.7300033569336,51,0.0,0.0
2026-10-07 03:36:00-04:00,89.76000213623047,89.77999877929688,89.70999908447266,89.75,89.75,62,0.0,0.0
2026-10-07 03:37:00-04:00,89.72000122070312,89.73999786376953,89.69000244140625,89.69000244140625,89.69000244140625,42,0.0,0.0
2026-10-07 03:38:00-04:00,89.69000244140625,89.81999969482422,89.63999938964844,89.77999877929688,89.77999877929688,155,0.0,0.0
2026-10-07 03:39:00-04:00,89.77999877929688,89.87999725341797,89.77999877929688,89.81999969482422,89.81999969482422,63,0.0,0.0
2026-10-07 03:40:00-04:00,89.83000183105469,89.87999725341797,89.81999969482422,89.83999633789062,89.83999633789062,93,0.0,0.0
2026-10-07 03:41:00-04:00,89.83999633789062,89.87999725341797,89.80000305175781,89.8499984741211,89.8499984741211,160,0.0,0.0
2026-10-07 03:42:00-04:00,89.86000061035156,89.86000061035156,89.7699966430664,89.81999969482422,89.81999969482422,166,0.0,0.0
2026-10-07 03:43:00-04:00,89.81999969482422,89.87999725341797,89.7699966430664,89.8499984741211,89.8499984741211,43,0.0,0.0
2026-10-07 03:44:00-04:00,89.83000183105469,89.87000274658203,89.79000091552734,89.80000305175781,89.80000305175781,77,0.0,0.0
2026-10-07 03:45:00-04:00,89.79000091552734,89.81999969482422,89.7300033569336,89.7300033569336,89.7300033569336,77,0.0,0.0
2026-10-07 03:46:00-04:00,89.73999786376953,89.75,89.69999694824219,89.75,89.75,61,0.0,0.0
2026-10-07 03:47:00-04:00,89.76000213623047,89.76000213623047,89.70999908447266,89.76000213623047,89.76000213623047,154,0.0,0.0
2026-10-07 03:48:00-04:00,89.75,89.79000091552734,89.68000030517578,89.77999877929688,89.77999877929688,129,0.0,0.0
2026-10-07 03:49:00-04:00,89.79000091552734,89.80999755859375,89.77999877929688,89.79000091552734,89.79000091552734,27,0.0,0.0
2026-10-07 03:50:00-04:00,89.80999755859375,89.91999816894531,89.80999755859375,89.87999725341797,89.87999725341797,233,0.0,0.0
2026-10-07 03:51:00-04:00,89.87000274658203,90.23999786376953,89.87000274658203,89.87000274658203,89.87000274658203,653,0.0,0.0
2026-10-07 03:52:00-04:00,89.87999725341797,90.08999633789062,89.86000061035156,90.04000091552734,90.04000091552734,135,0.0,0.0
2026-10-07 03:53:00-04:00,90.02999877929688,90.16000366210938,90.01000213623047,90.08000183105469,90.08000183105469,174,0.0,0.0
2026-10-07 03:54:00-04:00,90.11000061035156,90.27999877929688,90.0999984741211,90.25,90.25,214,0.0,0.0
2026-10-07 03:55:00-04:00,90.23999786376953,90.23999786376953,90.06999969482422,90.0999984741211,90.0999984741211,259,0.0,0.0
2026-10-07 03:56:00-04:00,90.11000061035156,90.18000030517578,90.06999969482422,90.13999938964844,90.13999938964844,148,0.0,0.0
2026-10-07 03:57:00-04:00,90.12999725341797,90.13999938964844,89.87999725341797,89.93000030517578,89.93000030517578,232,0.0,0.0
2026-10-07 03:58:00-04:00,89.94000244140625,89.94000244140625,89.69999694824219,89.7300033569336,89.7300033569336,327,0.0,0.0
2026-10-07 03:59:00-04:00,89.69999694824219,89.7300033569336,89.5999984741211,89.6500015258789,89.6500015258789,233,0.0,0.0
2026-10-07 04:00:00-04:00,89.62999725341797,89.63999938964844,89.55999755859375,89.62000274658203,89.62000274658203,188,0.0,0.0
2026-10-07 04:01:00-04:00,89.58000183105469,89.75,89.54000091552734,89.7300033569336,89.7300033569336,192,0.0,0.0
2026-10-07 04:02:00-04:00,89.7300033569336,89.7300033569336,89.66999816894531,89.68000030517578,89.68000030517578,35,0.0,0.0
2026-10-07 04:03:00-04:00,89.68000030517578,89.68000030517578,89.5199966430664,89.54000091552734,89.54000091552734,117,0.0,0.0
2026-10-07 04:04:00-04:00,89.52999877929688,89.56999969482422,89.48999786376953,89.56999969482422,89.56999969482422,96,0.0,0.0
2026-10-07 04:05:00-04:00,89.56999969482422,89.5999984741211,89.54000091552734,89.56999969482422,89.56999969482422,94,0.0,0.0
2026-10-07 04:06:00-04:00,89.56999969482422,89.66000366210938,89.56999969482422,89.66000366210938,89.66000366210938,76,0.0,0.0
2026-10-07 04:07:00-04:00,89.6500015258789,89.66000366210938,89.52999877929688,89.54000091552734,89.54000091552734,102,0.0,0.0
2026-10-07 04:08:00-04:00,89.52999877929688,89.54000091552734,89.44000244140625,89.44000244140625,89.44000244140625,119,0.0,0.0
2026-10-07 04:09:00-04:00,89.45999908447266,89.5,89.45999908447266,89.5,89.5,66,0.0,0.0
2026-10-07 04:10:00-04:00,89.48999786376953,89.5199966430664,89.4800033569336,89.4800033569336,89.4800033569336,65,0.0,0.0
2026-10-07 04:11:00-04:00,89.4800033569336,89.54000091552734,89.47000122070312,89.5199966430664,89.5199966430664,137,0.0,0.0
2026-10-07 04:12:00-04:00,89.5199966430664,89.56999969482422,89.5,89.5,89.5,83,0.0,0.0
2026-10-07 04:13:00-04:00,89.5199966430664,89.54000091552734,89.4800033569336,89.52999877929688,89.52999877929688,101,0.0,0.0
2026-10-07 04:14:00-04:00,89.5199966430664,89.55999755859375,89.48999786376953,89.54000091552734,89.54000091552734,65,0.0,0.0
2026-10-07 04:15:00-04:00,89.54000091552734,89.69000244140625,89.54000091552734,89.62999725341797,89.62999725341797,391,0.0,0.0
2026-10-07 04:16:00-04:00,89.63999938964844,89.66000366210938,89.58000183105469,89.58999633789062,89.58999633789062,182,0.0,0.0
2026-10-07 04:17:00-04:00,89.58999633789062,89.5999984741211,89.48999786376953,89.5,89.5,71,0.0,0.0
2026-10-07 04:18:00-04:00,89.51000213623047,89.5999984741211,89.48999786376953,89.56999969482422,89.56999969482422,81,0.0,0.0
2026-10-07 04:19:00-04:00,89.58000183105469,89.6500015258789,89.48999786376953,89.48999786376953,89.48999786376953,216,0.0,0.0
2026-10-07 04:20:00-04:00,89.48999786376953,89.48999786376953,89.37999725341797,89.37999725341797,89.37999725341797,239,0.0,0.0
2026-10-07 04:21:00-04:00,89.37999725341797,89.41000366210938,89.33000183105469,89.37000274658203,89.37000274658203,162,0.0,0.0
2026-10-07 04:22:00-04:00,89.41000366210938,89.47000122070312,89.36000061035156,89.44000244140625,89.44000244140625,199,0.0,0.0
2026-10-07 04:23:00-04:00,89.44000244140625,89.44999694824219,89.37999725341797,89.44000244140625,89.44000244140625,82,0.0,0.0
2026-10-07 04:24:00-04:00,89.44000244140625,89.55999755859375,89.43000030517578,89.55999755859375,89.55999755859375,182,0.0,0.0
2026-10-07 04:25:00-04:00,89.55999755859375,89.62999725341797,89.51000213623047,89.62000274658203,89.62000274658203,146,0.0,0.0
2026-10-07 04:26:00-04:00,89.62000274658203,89.66999816894531,89.58000183105469,89.62000274658203,89.62000274658203,158,0.0,0.0
2026-10-07 04:27:00-04:00,89.62000274658203,89.63999938964844,89.54000091552734,89.58999633789062,89.58999633789062,148,0.0,0.0
2026-10-07 04:28:00-04:00,89.5999984741211,89.62000274658203,89.4800033569336,89.5,89.5,175,0.0,0.0
2026-10-07 04:29:00-04:00,89.51000213623047,89.7300033569336,89.48999786376953,89.69999694824219,89.69999694824219,687,0.0,0.0
2026-10-07 04:30:00-04:00,89.68000030517578,89.7699966430664,89.66999816894531,89.70999908447266,89.70999908447266,528,0.0,0.0
2026-10-07 04:31:00-04:00,89.68000030517578,89.70999908447266,89.5,89.5,89.5,296,0.0,0.0
2026-10-07 04:32:00-04:00,89.51000213623047,89.5199966430664,89.44000244140625,89.4800033569336,89.4800033569336,199,0.0,0.0
2026-10-07 04:33:00-04:00,89.4800033569336,89.55999755859375,89.45999908447266,89.5199966430664,89.5199966430664,142,0.0,0.0
2026-10-07 04:34:00-04:00,89.5199966430664,89.55999755859375,89.48999786376953,89.52999877929688,89.52999877929688,74,0.0,0.0
2026-10-07 04:35:00-04:00,89.51000213623047,89.61000061035156,89.5,89.51000213623047,89.51000213623047,103,0.0,0.0
2026-10-07 04:36:00-04:00,89.5199966430664,89.5999984741211,89.5199966430664,89.52999877929688,89.52999877929688,183,0.0,0.0
2026-10-07 04:37:00-04:00,89.5199966430664,89.54000091552734,89.38999938964844,89.41999816894531,89.41999816894531,338,0.0,0.0
2026-10-07 04:38:00-04:00,89.41999816894531,89.5199966430664,89.41999816894531,89.4800033569336,89.4800033569336,146,0.0,0.0
2026-10-07 04:39:00-04:00,89.47000122070312,89.48999786376953,89.47000122070312,89.4800033569336,89.4800033569336,17,0.0,0.0
2026-10-07 04:40:00-04:00,89.4800033569336,89.4800033569336,89.41999816894531,89.43000030517578,89.43000030517578,118,0.0,0.0
2026-10-07 04:41:00-04:00,89.43000030517578,89.48999786376953,89.43000030517578,89.45999908447266,89.45999908447266,76,0.0,0.0
2026-10-07 04:42:00-04:00,89.44999694824219,89.47000122070312,89.43000030517578,89.43000030517578,89.43000030517578,36,0.0,0.0
2026-10-07 04:43:00-04:00,89.43000030517578,89.45999908447266,89.37999725341797,89.43000030517578,89.43000030517578,132,0.0,0.0
2026-10-07 04:44:00-04:00,89.41000366210938,89.4800033569336,89.41000366210938,89.4800033569336,89.4800033569336,281,0.0,0.0
2026-10-07 04:45:00-04:00,89.45999908447266,89.47000122070312,89.44000244140625,89.44999694824219,89.44999694824219,44,0.0,0.0
2026-10-07 04:46:00-04:00,89.44999694824219,89.5,89.4000015258789,89.44000244140625,89.44000244140625,140,0.0,0.0
2026-10-07 04:47:00-04:00,89.43000030517578,89.5,89.41999816894531,89.48999786376953,89.48999786376953,48,0.0,0.0
2026-10-07 04:48:00-04:00,89.5,89.52999877929688,89.45999908447266,89.47000122070312,89.47000122070312,122,0.0,0.0
2026-10-07 04:49:00-04:00,89.44999694824219,89.48999786376953,89.41000366210938,89.4800033569336,89.4800033569336,98,0.0,0.0
2026-10-07 04:50:00-04:00,89.45999908447266,89.51000213623047,89.44999694824219,89.51000213623047,89.51000213623047,58,0.0,0.0
2026-10-07 04:51:00-04:00,89.51000213623047,89.58999633789062,89.5,89.58000183105469,89.58000183105469,77,0.0,0.0
2026-10-07 04:52:00-04:00,89.58000183105469,89.58000183105469,89.51000213623047,89.5199966430664,89.5199966430664,64,0.0,0.0
2026-10-07 04:53:00-04:00,89.5199966430664,89.55000305175781,89.5199966430664,89.54000091552734,89.54000091552734,38,0.0,0.0
2026-10-07 04:54:00-04:00,89.55000305175781,89.56999969482422,89.54000091552734,89.56999969482422,89.56999969482422,31,0.0,0.0
2026-10-07 04:55:00-04:00,89.54000091552734,89.56999969482422,89.4800033569336,89.5199966430664,89.5199966430664,119,0.0,0.0
2026-10-07 04:56:00-04:00,89.5199966430664,89.58999633789062,89.5,89.56999969482422,89.56999969482422,117,0.0,0.0
2026-10-07 04:57:00-04:00,89.56999969482422,89.58000183105469,89.54000091552734,89.56999969482422,89.56999969482422,78,0.0,0.0
2026-10-07 04:58:00-04:00,89.55999755859375,89.61000061035156,89.55999755859375,89.58000183105469,89.58000183105469,53,0.0,0.0
2026-10-07 04:59:00-04:00,89.56999969482422,89.58999633789062,89.55000305175781,89.58999633789062,89.58999633789062,43,0.0,0.0
2026-10-07 05:00:00-04:00,89.58000183105469,89.68000030517578,89.55999755859375,89.68000030517578,89.68000030517578,144,0.0,0.0
2026-10-07 05:01:00-04:00,89.66000366210938,89.66999816894531,89.5999984741211,89.63999938964844,89.63999938964844,100,0.0,0.0
2026-10-07 05:02:00-04:00,89.66000366210938,89.69000244140625,89.62000274658203,89.62000274658203,89.62000274658203,152,0.0,0.0
2026-10-07 05:03:00-04:00,89.62999725341797,89.73999786376953,89.61000061035156,89.73999786376953,89.73999786376953,121,0.0,0.0
2026-10-07 05:04:00-04:00,89.73999786376953,89.75,89.68000030517578,89.73999786376953,89.73999786376953,157,0.0,0.0
2026-10-07 05:05:00-04:00,89.68000030517578,89.72000122070312,89.66000366210938,89.69999694824219,89.69999694824219,68,0.0,0.0
2026-10-07 05:06:00-04:00,89.69999694824219,89.88999938964844,89.69999694824219,89.87000274658203,89.87000274658203,247,0.0,0.0
2026-10-07 05:07:00-04:00,89.87000274658203,89.95999908447266,89.86000061035156,89.94000244140625,89.94000244140625,243,0.0,0.0
2026-10-07 05:08:00-04:00,89.94999694824219,89.97000122070312,89.9000015258789,89.94000244140625,89.94000244140625,173,0.0,0.0
2026-10-07 05:09:00-04:00,89.91999816894531,89.91999816894531,89.83000183105469,89.86000061035156,89.86000061035156,241,0.0,0.0
2026-10-07 05:10:00-04:00,89.83999633789062,89.95999908447266,89.83999633789062,89.94000244140625,89.94000244140625,216,0.0,0.0
2026-10-07 05:11:00-04:00,89.91999816894531,89.94000244140625,89.80999755859375,89.8499984741211,89.8499984741211,150,0.0,0.0
2026-10-07 05:12:00-04:00,89.83999633789062,89.86000061035156,89.7699966430664,89.83000183105469,89.83000183105469,239,0.0,0.0
2026-10-07 05:13:00-04:00,89.83999633789062,89.9000015258789,89.83999633789062,89.88999938964844,89.88999938964844,156,0.0,0.0
2026-10-07 05:14:00-04:00,89.88999938964844,89.91999816894531,89.86000061035156,89.91000366210938,89.91000366210938,124,0.0,0.0
2026-10-07 05:15:00-04:00,89.9000015258789,89.95999908447266,89.88999938964844,89.94999694824219,89.94999694824219,220,0.0,0.0
2026-10-07 05:16:00-04:00,89.94999694824219,90.05000305175781,89.94000244140625,90.0199966430664,90.0199966430664,281,0.0,0.0
2026-10-07 05:17:00-04:00,90.01000213623047,90.0199966430664,89.94000244140625,90.01000213623047,90.01000213623047,156,0.0,0.0
2026-10-07 05:18:00-04:00,90.01000213623047,90.01000213623047,89.91000366210938,89.91000366210938,89.91000366210938,147,0.0,0.0
2026-10-07 05:19:00-04:00,89.91000366210938,89.91999816894531,89.80000305175781,89.83999633789062,89.83999633789062,119,0.0,0.0
2026-10-07 05:20:00-04:00,89.80999755859375,89.9000015258789,89.80999755859375,89.87999725341797,89.87999725341797,177,0.0,0.0
2026-10-07 05:21:00-04:00,89.91000366210938,89.97000122070312,89.9000015258789,89.91999816894531,89.91999816894531,129,0.0,0.0
2026-10-07 05:22:00-04:00,89.91999816894531,89.91999816894531,89.7699966430664,89.77999877929688,89.77999877929688,211,0.0,0.0
2026-10-07 05:23:00-04:00,89.7699966430664,89.80000305175781,89.68000030517578,89.69000244140625,89.69000244140625,216,0.0,0.0
2026-10-07 05:24:00-04:00,89.66999816894531,89.68000030517578,89.52999877929688,89.55999755859375,89.55999755859375,475,0.0,0.0
2026-10-07 05:25:00-04:00,89.55999755859375,89.66999816894531,89.5,89.5999984741211,89.5999984741211,827,0.0,0.0
2026-10-07 05:26:00-04:00,89.58000183105469,89.66999816894531,89.58000183105469,89.62000274658203,89.62000274658203,167,0.0,0.0
2026-10-07 05:27:00-04:00,89.61000061035156,89.69999694824219,89.58000183105469,89.66000366210938,89.66000366210938,169,0.0,0.0
2026-10-07 05:28:00-04:00,89.66000366210938,89.69999694824219,89.62000274658203,89.66000366210938,89.66000366210938,113,0.0,0.0
2026-10-07 05:29:00-04:00,89.66000366210938,89.76000213623047,89.61000061035156,89.76000213623047,89.76000213623047,136,0.0,0.0
2026-10-07 05:30:00-04:00,89.7699966430664,89.80999755859375,89.72000122070312,89.80999755859375,89.80999755859375,129,0.0,0.0
2026-10-07 05:31:00-04:00,89.81999969482422,89.81999969482422,89.7300033569336,89.7699966430664,89.7699966430664,113,0.0,0.0
2026-10-07 05:32:00-04:00,89.76000213623047,89.7699966430664,89.7300033569336,89.73999786376953,89.73999786376953,124,0.0,0.0
2026-10-07 05:33:00-04:00,89.7300033569336,89.73999786376953,89.66000366210938,89.66000366210938,89.66000366210938,66,0.0,0.0
2026-10-07 05:34:00-04:00,89.68000030517578,89.79000091552734,89.68000030517578,89.76000213623047,89.76000213623047,133,0.0,0.0
2026-10-07 05:35:00-04:00,89.76000213623047,89.83000183105469,89.76000213623047,89.79000091552734,89.79000091552734,62,0.0,0.0
2026-10-07 05:36:00-04:00,89.77999877929688,89.80000305175781,89.73999786376953,89.73999786376953,89.73999786376953,102,0.0,0.0
2026-10-07 05:37:00-04:00,89.73999786376953,89.73999786376953,89.69000244140625,89.70999908447266,89.70999908447266,87,0.0,0.0
2026-10-07 05:38:00-04:00,89.69999694824219,89.7300033569336,89.69000244140625,89.69000244140625,89.69000244140625,48,0.0,0.0
2026-10-07 05:39:00-04:00,89.66999816894531,89.77999877929688,89.66000366210938,89.76000213623047,89.76000213623047,140,0.0,0.0
2026-10-07 05:40:00-04:00,89.76000213623047,89.8499984741211,89.76000213623047,89.80000305175781,89.80000305175781,115,0.0,0.0
2026-10-07 05:41:00-04:00,89.80999755859375,89.81999969482422,89.79000091552734,89.80999755859375,89.80999755859375,76,0.0,0.0
2026-10-07 05:42:00-04:00,89.80999755859375,89.83000183105469,89.80000305175781,89.80000305175781,89.80000305175781,85,0.0,0.0
2026-10-07 05:43:00-04:00,89.80000305175781,89.83000183105469,89.76000213623047,89.76000213623047,89.76000213623047,65,0.0,0.0
2026-10-07 05:44:00-04:00,89.77999877929688,89.77999877929688,89.69999694824219,89.75,89.75,222,0.0,0.0
2026-10-07 05:45:00-04:00,89.73999786376953,89.76000213623047,89.70999908447266,89.72000122070312,89.72000122070312,111,0.0,0.0
2026-10-07 05:46:00-04:00,89.72000122070312,89.7300033569336,89.68000030517578,89.69999694824219,89.69999694824219,85,0.0,0.0
2026-10-07 05:47:00-04:00,89.69000244140625,89.80999755859375,89.68000030517578,89.79000091552734,89.79000091552734,185,0.0,0.0
2026-10-07 05:48:00-04:00,89.79000091552734,89.9000015258789,89.79000091552734,89.87000274658203,89.87000274658203,118,0.0,0.0
2026-10-07 05:49:00-04:00,89.87999725341797,89.91000366210938,89.87000274658203,89.9000015258789,89.9000015258789,85,0.0,0.0
2026-10-07 05:50:00-04:00,89.91000366210938,90.0,89.91000366210938,90.0,90.0,179,0.0,0.0
2026-10-07 05:51:00-04:00,89.98999786376953,90.01000213623047,89.9800033569336,90.0,90.0,98,0.0,0.0
2026-10-07 05:52:00-04:00,90.0,90.02999877929688,89.9800033569336,90.02999877929688,90.02999877929688,176,0.0,0.0
2026-10-07 05:53:00-04:00,90.0199966430664,90.08999633789062,90.01000213623047,90.08000183105469,90.08000183105469,192,0.0,0.0
2026-10-07 05:54:00-04:00,90.08999633789062,90.0999984741211,90.02999877929688,90.04000091552734,90.04000091552734,133,0.0,0.0
2026-10-07 05:55:00-04:00,90.05000305175781,90.11000061035156,90.05000305175781,90.0999984741211,90.0999984741211,95,0.0,0.0
2026-10-07 05:56:00-04:00,90.11000061035156,90.1500015258789,90.0999984741211,90.12000274658203,90.12000274658203,328,0.0,0.0
2026-10-07 05:57:00-04:00,90.12999725341797,90.12999725341797,90.02999877929688,90.05000305175781,90.05000305175781,109,0.0,0.0
2026-10-07 05:58:00-04:00,90.05000305175781,90.08000183105469,90.02999877929688,90.05999755859375,90.05999755859375,100,0.0,0.0
2026-10-07 05:59:00-04:00,90.05999755859375,90.05999755859375,89.97000122070312,89.97000122070312,89.97000122070312,90,0.0,0.0
2026-10-07 06:00:00-04:00,89.98999786376953,90.02999877929688,89.9800033569336,89.98999786376953,89.98999786376953,106,0.0,0.0
2026-10-07 06:01:00-04:00,89.98999786376953,90.0,89.95999908447266,90.0,90.0,71,0.0,0.0
2026-10-07 06:02:00-04:00,90.0,90.0,89.93000030517578,89.94000244140625,89.94000244140625,144,0.0,0.0
2026-10-07 06:03:00-04:00,89.95999908447266,89.95999908447266,89.86000061035156,89.87000274658203,89.87000274658203,96,0.0,0.0
2026-10-07 06:04:00-04:00,89.88999938964844,89.88999938964844,89.83000183105469,89.86000061035156,89.86000061035156,90,0.0,0.0
2026-10-07 06:05:00-04:00,89.87000274658203,89.88999938964844,89.7699966430664,89.83999633789062,89.83999633789062,102,0.0,0.0
2026-10-07 06:06:00-04:00,89.86000061035156,89.87000274658203,89.83000183105469,89.86000061035156,89.86000061035156,100,0.0,0.0
2026-10-07 06:07:00-04:00,89.86000061035156,89.91000366210938,89.80999755859375,89.9000015258789,89.9000015258789,103,0.0,0.0
2026-10-07 06:08:00-04:00,89.91999816894531,90.08999633789062,89.9000015258789,90.0199966430664,90.0199966430664,294,0.0,0.0
2026-10-07 06:09:00-04:00,90.02999877929688,90.05999755859375,89.98999786376953,90.05999755859375,90.05999755859375,54,0.0,0.0
2026-10-07 06:10:00-04:00,90.06999969482422,90.06999969482422,90.0,90.05000305175781,90.05000305175781,177,0.0,0.0
2026-10-07 06:11:00-04:00,90.0199966430664,90.04000091552734,90.01000213623047,90.02999877929688,90.02999877929688,67,0.0,0.0
2026-10-07 06:12:00-04:00,90.05000305175781,90.08000183105469,90.04000091552734,90.06999969482422,90.06999969482422,96,0.0,0.0
2026-10-07 06:13:00-04:00,90.05999755859375,90.05999755859375,89.98999786376953,90.0199966430664,90.0199966430664,66,0.0,0.0
2026-10-07 06:14:00-04:00,90.0199966430664,90.08999633789062,89.9800033569336,90.08000183105469,90.08000183105469,133,0.0,0.0
2026-10-07 06:15:00-04:00,90.06999969482422,90.06999969482422,90.0199966430664,90.02999877929688,90.02999877929688,56,0.0,0.0
2026-10-07 06:16:00-04:00,90.0199966430664,90.0199966430664,89.94999694824219,90.01000213623047,90.01000213623047,110,0.0,0.0
2026-10-07 06:17:00-04:00,90.01000213623047,90.02999877929688,89.98999786376953,90.0199966430664,90.0199966430664,97,0.0,0.0
2026-10-07 06:18:00-04:00,90.02999877929688,90.08000183105469,90.02999877929688,90.02999877929688,90.02999877929688,113,0.0,0.0
2026-10-07 06:19:00-04:00,90.04000091552734,90.04000091552734,89.95999908447266,90.0,90.0,50,0.0,0.0
2026-10-07 06:20:00-04:00,90.0,90.05999755859375,89.9800033569336,90.05000305175781,90.05000305175781,35,0.0,0.0
2026-10-07 06:21:00-04:00,90.06999969482422,90.06999969482422,90.0199966430664,90.0199966430664,90.0199966430664,47,0.0,0.0
2026-10-07 06:22:00-04:00,90.0199966430664,90.0199966430664,89.9800033569336,89.98999786376953,89.98999786376953,106,0.0,0.0
2026-10-07 06:23:00-04:00,89.9800033569336,90.01000213623047,89.9800033569336,89.98999786376953,89.98999786376953,63,0.0,0.0
2026-10-07 06:24:00-04:00,89.9800033569336,90.01000213623047,89.9800033569336,89.98999786376953,89.98999786376953,54,0.0,0.0
2026-10-07 06:25:00-04:00,89.9800033569336,89.9800033569336,89.8499984741211,89.87000274658203,89.87000274658203,183,0.0,0.0
2026-10-07 06:26:00-04:00,89.8499984741211,89.86000061035156,89.79000091552734,89.80999755859375,89.80999755859375,164,0.0,0.0
2026-10-07 06:27:00-04:00,89.83000183105469,89.87000274658203,89.80999755859375,89.87000274658203,89.87000274658203,71,0.0,0.0
2026-10-07 06:28:00-04:00,89.83999633789062,89.94000244140625,89.83999633789062,89.93000030517578,89.93000030517578,218,0.0,0.0
2026-10-07 06:29:00-04:00,89.94999694824219,90.02999877929688,89.93000030517578,90.0199966430664,90.0199966430664,145,0.0,0.0
2026-10-07 06:30:00-04:00,90.01000213623047,90.0199966430664,89.94000244140625,89.94000244140625,89.94000244140625,96,0.0,0.0
2026-10-07 06:31:00-04:00,89.93000030517578,89.98999786376953,89.91999816894531,89.94999694824219,89.94999694824219,52,0.0,0.0
2026-10-07 06:32:00-04:00,89.94000244140625,89.94999694824219,89.81999969482422,89.83000183105469,89.83000183105469,101,0.0,0.0
2026-10-07 06:33:00-04:00,89.83000183105469,89.87999725341797,89.79000091552734,89.87999725341797,89.87999725341797,109,0.0,0.0
2026-10-07 06:34:00-04:00,89.88999938964844,89.91999816894531,89.86000061035156,89.9000015258789,89.9000015258789,64,0.0,0.0
2026-10-07 06:35:00-04:00,89.91000366210938,89.94000244140625,89.86000061035156,89.86000061035156,89.86000061035156,87,0.0,0.0
2026-10-07 06:36:00-04:00,89.83999633789062,89.87000274658203,89.80999755859375,89.86000061035156,89.86000061035156,63,0.0,0.0
2026-10-07 06:37:00-04:00,89.8499984741211,89.87999725341797,89.8499984741211,89.86000061035156,89.86000061035156,18,0.0,0.0
2026-10-07 06:38:00-04:00,89.87000274658203,89.87000274658203,89.80000305175781,89.83999633789062,89.83999633789062,106,0.0,0.0
2026-10-07 06:39:00-04:00,89.83000183105469,89.83999633789062,89.79000091552734,89.83999633789062,89.83999633789062,38,0.0,0.0
2026-10-07 06:40:00-04:00,89.8499984741211,89.91000366210938,89.8499984741211,89.9000015258789,89.9000015258789,90,0.0,0.0
2026-10-07 06:41:00-04:00,89.9000015258789,89.91000366210938,89.87999725341797,89.9000015258789,89.9000015258789,38,0.0,0.0
2026-10-07 06:42:00-04:00,89.86000061035156,90.05000305175781,89.83000183105469,90.0199966430664,90.0199966430664,454,0.0,0.0
2026-10-07 06:43:00-04:00,90.01000213623047,90.0999984741211,89.94000244140625,90.08000183105469,90.08000183105469,166,0.0,0.0
2026-10-07 06:44:00-04:00,90.08999633789062,90.08999633789062,90.01000213623047,90.01000213623047,90.01000213623047,121,0.0,0.0
2026-10-07 06:45:00-04:00,90.0199966430664,90.02999877929688,89.93000030517578,89.98999786376953,89.98999786376953,67,0.0,0.0
2026-10-07 06:46:00-04:00,89.98999786376953,90.16999816894531,89.98999786376953,90.1500015258789,90.1500015258789,243,0.0,0.0
2026-10-07 06:47:00-04:00,90.11000061035156,90.13999938964844,90.05999755859375,90.05999755859375,90.05999755859375,119,0.0,0.0
2026-10-07 06:48:00-04:00,90.06999969482422,90.06999969482422,89.95999908447266,89.9800033569336,89.9800033569336,84,0.0,0.0
2026-10-07 06:49:00-04:00,89.98999786376953,90.05999755859375,89.9800033569336,90.05000305175781,90.05000305175781,79,0.0,0.0
2026-10-07 06:50:00-04:00,90.05999755859375,90.06999969482422,89.9800033569336,90.02999877929688,90.02999877929688,126,0.0,0.0
2026-10-07 06:51:00-04:00,90.0199966430664,90.04000091552734,90.0,90.0199966430664,90.0199966430664,41,0.0,0.0
2026-10-07 06:52:00-04:00,90.0199966430664,90.08000183105469,90.0199966430664,90.04000091552734,90.04000091552734,96,0.0,0.0
2026-10-07 06:53:00-04:00,90.05000305175781,90.0999984741211,90.04000091552734,90.0999984741211,90.0999984741211,77,0.0,0.0
2026-10-07 06:54:00-04:00,90.12000274658203,90.13999938964844,90.08999633789062,90.08999633789062,90.08999633789062,93,0.0,0.0
2026-10-07 06:55:00-04:00,90.08000183105469,90.0999984741211,90.05000305175781,90.05000305175781,90.05000305175781,51,0.0,0.0
2026-10-07 06:56:00-04:00,90.05999755859375,90.05999755859375,89.9800033569336,90.0,90.0,38,0.0,0.0
2026-10-07 06:57:00-04:00,89.98999786376953,90.0199966430664,89.94000244140625,90.0199966430664,90.0199966430664,107,0.0,0.0
2026-10-07 06:58:00-04:00,90.0199966430664,90.04000091552734,89.9800033569336,89.9800033569336,89.9800033569336,84,0.0,0.0
2026-10-07 06:59:00-04:00,89.95999908447266,89.9800033569336,89.94000244140625,89.95999908447266,89.95999908447266,82,0.0,0.0
2026-10-07 07:00:00-04:00,89.93000030517578,89.9800033569336,89.91000366210938,89.94000244140625,89.94000244140625,153,0.0,0.0
2026-10-07 07:01:00-04:00,89.94000244140625,89.95999908447266,89.91000366210938,89.93000030517578,89.93000030517578,52,0.0,0.0
2026-10-07 07:02:00-04:00,89.93000030517578,90.0,89.91000366210938,89.94000244140625,89.94000244140625,205,0.0,0.0
2026-10-07 07:03:00-04:00,89.94000244140625,89.94000244140625,89.8499984741211,89.87000274658203,89.87000274658203,81,0.0,0.0
2026-10-07 07:04:00-04:00,89.87999725341797,89.87999725341797,89.77999877929688,89.80000305175781,89.80000305175781,174,0.0,0.0
2026-10-07 07:05:00-04:00,89.79000091552734,89.83999633789062,89.79000091552734,89.81999969482422,89.81999969482422,52,0.0,0.0
2026-10-07 07:06:00-04:00,89.81999969482422,89.91999816894531,89.80000305175781,89.91999816894531,89.91999816894531,120,0.0,0.0
2026-10-07 07:07:00-04:00,89.93000030517578,89.9800033569336,89.9000015258789,89.97000122070312,89.97000122070312,140,0.0,0.0
2026-10-07 07:08:00-04:00,89.9800033569336,89.98999786376953,89.91000366210938,89.98999786376953,89.98999786376953,192,0.0,0.0
2026-10-07 07:09:00-04:00,89.9800033569336,89.98999786376953,89.94000244140625,89.95999908447266,89.95999908447266,506,0.0,0.0
2026-10-07 07:10:00-04:00,90.0,90.0199966430664,89.88999938964844,89.94000244140625,89.94000244140625,260,0.0,0.0
2026-10-07 07:11:00-04:00,89.91999816894531,89.94000244140625,89.91000366210938,89.94000244140625,89.94000244140625,32,0.0,0.0
2026-10-07 07:12:00-04:00,89.91999816894531,89.94999694824219,89.91000366210938,89.94000244140625,89.94000244140625,61,0.0,0.0
2026-10-07 07:13:00-04:00,89.95999908447266,89.95999908447266,89.91999816894531,89.94999694824219,89.94999694824219,38,0.0,0.0
2026-10-07 07:14:00-04:00,89.95999908447266,89.98999786376953,89.95999908447266,89.95999908447266,89.95999908447266,44,0.0,0.0
2026-10-07 07:15:00-04:00,89.97000122070312,90.02999877929688,89.97000122070312,89.98999786376953,89.98999786376953,120,0.0,0.0
2026-10-07 07:16:00-04:00,89.97000122070312,90.01000213623047,89.94999694824219,89.95999908447266,89.95999908447266,237,0.0,0.0
2026-10-07 07:17:00-04:00,89.95999908447266,89.95999908447266,89.94000244140625,89.95999908447266,89.95999908447266,28,0.0,0.0
2026-10-07 07:18:00-04:00,89.97000122070312,89.9800033569336,89.94000244140625,89.97000122070312,89.97000122070312,144,0.0,0.0
2026-10-07 07:19:00-04:00,89.97000122070312,89.97000122070312,89.94000244140625,89.95999908447266,89.95999908447266,31,0.0,0.0
2026-10-07 07:20:00-04:00,89.95999908447266,89.98999786376953,89.93000030517578,89.98999786376953,89.98999786376953,43,0.0,0.0
2026-10-07 07:21:00-04:00,89.98999786376953,90.0199966430664,89.95999908447266,89.95999908447266,89.95999908447266,54,0.0,0.0
2026-10-07 07:22:00-04:00,89.94000244140625,89.95999908447266,89.93000030517578,89.94000244140625,89.94000244140625,21,0.0,0.0
2026-10-07 07:23:00-04:00,89.95999908447266,90.06999969482422,89.94999694824219,90.06999969482422,90.06999969482422,971,0.0,0.0
2026-10-07 07:24:00-04:00,90.06999969482422,90.1500015258789,90.06999969482422,90.12000274658203,90.12000274658203,168,0.0,0.0
2026-10-07 07:25:00-04:00,90.12999725341797,90.37000274658203,90.08999633789062,90.33999633789062,90.33999633789062,633,0.0,0.0
2026-10-07 07:26:00-04:00,90.33999633789062,90.43000030517578,90.33000183105469,90.3499984741211,90.3499984741211,587,0.0,0.0
2026-10-07 07:27:00-04:00,90.3499984741211,90.36000061035156,90.27999877929688,90.3499984741211,90.3499984741211,156,0.0,0.0
2026-10-07 07:28:00-04:00,90.36000061035156,90.37000274658203,90.26000213623047,90.26000213623047,90.26000213623047,150,0.0,0.0
2026-10-07 07:29:00-04:00,90.2699966430664,90.29000091552734,90.04000091552734,90.26000213623047,90.26000213623047,944,0.0,0.0
2026-10-07 07:30:00-04:00,90.26000213623047,90.51000213623047,90.22000122070312,90.33000183105469,90.33000183105469,811,0.0,0.0
2026-10-07 07:31:00-04:00,90.33999633789062,90.41999816894531,90.12999725341797,90.2300033569336,90.2300033569336,819,0.0,0.0
2026-10-07 07:32:00-04:00,90.2300033569336,90.31999969482422,90.18000030517578,90.20999908447266,90.20999908447266,215,0.0,0.0
2026-10-07 07:33:00-04:00,90.20999908447266,90.25,90.16999816894531,90.23999786376953,90.23999786376953,120,0.0,0.0
2026-10-07 07:34:00-04:00,90.26000213623047,90.26000213623047,90.16999816894531,90.23999786376953,90.23999786376953,243,0.0,0.0
2026-10-07 07:35:00-04:00,90.2699966430664,90.33999633789062,90.19999694824219,90.23999786376953,90.23999786376953,166,0.0,0.0
2026-10-07 07:36:00-04:00,90.23999786376953,90.25,90.19999694824219,90.2300033569336,90.2300033569336,143,0.0,0.0
2026-10-07 07:37:00-04:00,90.25,90.26000213623047,90.05000305175781,90.11000061035156,90.11000061035156,610,0.0,0.0
2026-10-07 07:38:00-04:00,90.11000061035156,90.19999694824219,90.11000061035156,90.19000244140625,90.19000244140625,81,0.0,0.0
2026-10-07 07:39:00-04:00,90.18000030517578,90.19000244140625,90.13999938964844,90.16000366210938,90.16000366210938,46,0.0,0.0
2026-10-07 07:40:00-04:00,90.1500015258789,90.16999816894531,90.11000061035156,90.11000061035156,90.11000061035156,137,0.0,0.0
2026-10-07 07:41:00-04:00,90.0999984741211,90.13999938964844,90.06999969482422,90.13999938964844,90.13999938964844,122,0.0,0.0
2026-10-07 07:42:00-04:00,90.16000366210938,90.16000366210938,90.05999755859375,90.0999984741211,90.0999984741211,109,0.0,0.0
2026-10-07 07:43:00-04:00,90.0999984741211,90.11000061035156,90.05999755859375,90.08000183105469,90.08000183105469,102,0.0,0.0
2026-10-07 07:44:00-04:00,90.08999633789062,90.08999633789062,90.05000305175781,90.08000183105469,90.08000183105469,61,0.0,0.0
2026-10-07 07:45:00-04:00,90.08999633789062,90.16000366210938,90.08000183105469,90.16000366210938,90.16000366210938,78,0.0,0.0
2026-10-07 07:46:00-04:00,90.1500015258789,90.19000244140625,90.13999938964844,90.16999816894531,90.16999816894531,143,0.0,0.0
2026-10-07 07:47:00-04:00,90.16999816894531,90.20999908447266,90.1500015258789,90.18000030517578,90.18000030517578,148,0.0,0.0
2026-10-07 07:48:00-04:00,90.19000244140625,90.19000244140625,90.1500015258789,90.16000366210938,90.16000366210938,64,0.0,0.0
2026-10-07 07:49:00-04:00,90.16000366210938,90.23999786376953,90.16000366210938,90.22000122070312,90.22000122070312,128,0.0,0.0
2026-10-07 07:50:00-04:00,90.2300033569336,90.2699966430664,90.22000122070312,90.23999786376953,90.23999786376953,77,0.0,0.0
2026-10-07 07:51:00-04:00,90.23999786376953,90.23999786376953,90.19999694824219,90.20999908447266,90.20999908447266,40,0.0,0.0
2026-10-07 07:52:00-04:00,90.20999908447266,90.20999908447266,90.12999725341797,90.1500015258789,90.1500015258789,120,0.0,0.0
2026-10-07 07:53:00-04:00,90.1500015258789,90.1500015258789,90.05999755859375,90.0999984741211,90.0999984741211,130,0.0,0.0
2026-10-07 07:54:00-04:00,90.08000183105469,90.08000183105469,89.83999633789062,89.8499984741211,89.8499984741211,556,0.0,0.0
2026-10-07 07:55:00-04:00,89.87000274658203,89.91000366210938,89.81999969482422,89.83000183105469,89.83000183105469,264,0.0,0.0
2026-10-07 07:56:00-04:00,89.83999633789062,89.83999633789062,89.7300033569336,89.79000091552734,89.79000091552734,251,0.0,0.0
2026-10-07 07:57:00-04:00,89.80000305175781,89.88999938964844,89.76000213623047,89.87999725341797,89.87999725341797,206,0.0,0.0
2026-10-07 07:58:00-04:00,89.87999725341797,89.94000244140625,89.73999786376953,89.83000183105469,89.83000183105469,466,0.0,0.0
2026-10-07 07:59:00-04:00,89.8499984741211,89.88999938964844,89.63999938964844,89.81999969482422,89.81999969482422,642,0.0,0.0
2026-10-07 08:00:00-04:00,89.83000183105469,89.87999725341797,89.79000091552734,89.81999969482422,89.81999969482422,209,0.0,0.0
2026-10-07 08:01:00-04:00,89.80999755859375,89.81999969482422,89.7300033569336,89.79000091552734,89.79000091552734,146,0.0,0.0
2026-10-07 08:02:00-04:00,89.80000305175781,89.91999816894531,89.79000091552734,89.91999816894531,89.91999816894531,129,0.0,0.0
2026-10-07 08:03:00-04:00,89.91000366210938,89.91999816894531,89.81999969482422,89.87000274658203,89.87000274658203,94,0.0,0.0
2026-10-07 08:04:00-04:00,89.87000274658203,89.91000366210938,89.80000305175781,89.81999969482422,89.81999969482422,142,0.0,0.0
2026-10-07 08:05:00-04:00,89.80999755859375,89.8499984741211,89.80000305175781,89.83999633789062,89.83999633789062,89,0.0,0.0
2026-10-07 08:06:00-04:00,89.83999633789062,89.8499984741211,89.76000213623047,89.81999969482422,89.81999969482422,162,0.0,0.0
2026-10-07 08:07:00-04:00,89.80999755859375,89.88999938964844,89.80999755859375,89.86000061035156,89.86000061035156,68,0.0,0.0
2026-10-07 08:08:00-04:00,89.87000274658203,89.88999938964844,89.83999633789062,89.8499984741211,89.8499984741211,86,0.0,0.0
2026-10-07 08:09:00-04:00,89.86000061035156,89.86000061035156,89.83000183105469,89.8499984741211,89.8499984741211,89,0.0,0.0
2026-10-07 08:10:00-04:00,89.8499984741211,89.88999938964844,89.83000183105469,89.83999633789062,89.83999633789062,64,0.0,0.0
2026-10-07 08:11:00-04:00,89.83999633789062,89.83999633789062,89.77999877929688,89.79000091552734,89.79000091552734,166,0.0,0.0
2026-10-07 08:12:00-04:00,89.79000091552734,89.86000061035156,89.77999877929688,89.8499984741211,89.8499984741211,84,0.0,0.0
2026-10-07 08:13:00-04:00,89.86000061035156,89.86000061035156,89.81999969482422,89.8499984741211,89.8499984741211,61,0.0,0.0
2026-10-07 08:14:00-04:00,89.83999633789062,89.94999694824219,89.83999633789062,89.94000244140625,89.94000244140625,122,0.0,0.0
2026-10-07 08:15:00-04:00,89.94000244140625,90.01000213623047,89.94000244140625,89.94999694824219,89.94999694824219,209,0.0,0.0
2026-10-07 08:16:00-04:00,89.95999908447266,89.97000122070312,89.87000274658203,89.9000015258789,89.9000015258789,156,0.0,0.0
2026-10-07 08:17:00-04:00,89.88999938964844,89.88999938964844,89.79000091552734,89.79000091552734,89.79000091552734,209,0.0,0.0
2026-10-07 08:18:00-04:00,89.7699966430664,89.87000274658203,89.76000213623047,89.87000274658203,89.87000274658203,136,0.0,0.0
2026-10-07 08:19:00-04:00,89.86000061035156,89.93000030517578,89.83999633789062,89.9000015258789,89.9000015258789,62,0.0,0.0
2026-10-07 08:20:00-04:00,89.9000015258789,89.91999816894531,89.5999984741211,89.7699966430664,89.7699966430664,598,0.0,0.0
2026-10-07 08:21:00-04:00,89.79000091552734,89.83999633789062,89.79000091552734,89.81999969482422,89.81999969482422,131,0.0,0.0
2026-10-07 08:22:00-04:00,89.83999633789062,89.87000274658203,89.79000091552734,89.80999755859375,89.80999755859375,76,0.0,0.0
2026-10-07 08:23:00-04:00,89.81999969482422,89.86000061035156,89.80999755859375,89.83000183105469,89.83000183105469,115,0.0,0.0
2026-10-07 08:24:00-04:00,89.81999969482422,89.87999725341797,89.7699966430664,89.7699966430664,89.7699966430664,224,0.0,0.0
2026-10-07 08:25:00-04:00,89.7699966430664,89.80999755859375,89.75,89.7699966430664,89.7699966430664,208,0.0,0.0
2026-10-07 08:26:00-04:00,89.77999877929688,89.91999816894531,89.7699966430664,89.9000015258789,89.9000015258789,552,0.0,0.0
2026-10-07 08:27:00-04:00,89.9000015258789,90.02999877929688,89.9000015258789,89.9800033569336,89.9800033569336,397,0.0,0.0
2026-10-07 08:28:00-04:00,89.98999786376953,90.0999984741211,89.98999786376953,90.08000183105469,90.08000183105469,208,0.0,0.0
2026-10-07 08:29:00-04:00,90.08000183105469,90.08999633789062,89.97000122070312,90.0199966430664,90.0199966430664,209,0.0,0.0
2026-10-07 08:30:00-04:00,90.02999877929688,90.0999984741211,90.0199966430664,90.0999984741211,90.0999984741211,316,0.0,0.0
2026-10-07 08:31:00-04:00,90.08999633789062,90.27999877929688,90.08000183105469,90.27999877929688,90.27999877929688,459,0.0,0.0
2026-10-07 08:32:00-04:00,90.30000305175781,90.37999725341797,90.2699966430664,90.30000305175781,90.30000305175781,987,0.0,0.0
2026-10-07 08:33:00-04:00,90.30000305175781,90.31999969482422,90.16999816894531,90.22000122070312,90.22000122070312,439,0.0,0.0
2026-10-07 08:34:00-04:00,90.22000122070312,90.25,90.16000366210938,90.18000030517578,90.18000030517578,132,0.0,0.0
2026-10-07 08:35:00-04:00,90.16000366210938,90.22000122070312,90.1500015258789,90.22000122070312,90.22000122070312,155,0.0,0.0
2026-10-07 08:36:00-04:00,90.20999908447266,90.22000122070312,90.16000366210938,90.16999816894531,90.16999816894531,97,0.0,0.0
2026-10-07 08:37:00-04:00,90.16000366210938,90.18000030517578,90.06999969482422,90.12999725341797,90.12999725341797,259,0.0,0.0
2026-10-07 08:38:00-04:00,90.12000274658203,90.12999725341797,90.08000183105469,90.0999984741211,90.0999984741211,91,0.0,0.0
2026-10-07 08:39:00-04:00,90.08000183105469,90.18000030517578,90.04000091552734,90.1500015258789,90.1500015258789,211,0.0,0.0
2026-10-07 08:40:00-04:00,90.16999816894531,90.18000030517578,90.0999984741211,90.12999725341797,90.12999725341797,120,0.0,0.0
2026-10-07 08:41:00-04:00,90.12999725341797,90.12999725341797,90.06999969482422,90.11000061035156,90.11000061035156,73,0.0,0.0
2026-10-07 08:42:00-04:00,90.0999984741211,90.12999725341797,90.05999755859375,90.05999755859375,90.05999755859375,150,0.0,0.0
2026-10-07 08:43:00-04:00,90.05999755859375,90.16999816894531,90.05999755859375,90.11000061035156,90.11000061035156,211,0.0,0.0
2026-10-07 08:44:00-04:00,90.12000274658203,90.12999725341797,90.11000061035156,90.12000274658203,90.12000274658203,72,0.0,0.0
2026-10-07 08:45:00-04:00,90.11000061035156,90.20999908447266,90.11000061035156,90.19000244140625,90.19000244140625,78,0.0,0.0
2026-10-07 08:46:00-04:00,90.19999694824219,90.30000305175781,90.16999816894531,90.19999694824219,90.19999694824219,310,0.0,0.0
2026-10-07 08:47:00-04:00,90.20999908447266,90.22000122070312,90.04000091552734,90.05999755859375,90.05999755859375,306,0.0,0.0
2026-10-07 08:48:00-04:00,90.05000305175781,90.05000305175781,89.94999694824219,89.94999694824219,89.94999694824219,259,0.0,0.0
2026-10-07 08:49:00-04:00,89.95999908447266,89.9800033569336,89.94000244140625,89.94999694824219,89.94999694824219,167,0.0,0.0
2026-10-07 08:50:00-04:00,89.93000030517578,89.94999694824219,89.83999633789062,89.9000015258789,89.9000015258789,227,0.0,0.0
2026-10-07 08:51:00-04:00,89.9000015258789,90.0,89.9000015258789,89.95999908447266,89.95999908447266,98,0.0,0.0
2026-10-07 08:52:00-04:00,89.97000122070312,89.98999786376953,89.91000366210938,89.93000030517578,89.93000030517578,132,0.0,0.0
2026-10-07 08:53:00-04:00,89.93000030517578,89.9800033569336,89.91000366210938,89.94999694824219,89.94999694824219,129,0.0,0.0
2026-10-07 08:54:00-04:00,89.94999694824219,89.94999694824219,89.77999877929688,89.80999755859375,89.80999755859375,466,0.0,0.0
2026-10-07 08:55:00-04:00,89.80000305175781,89.91999816894531,89.79000091552734,89.91000366210938,89.91000366210938,156,0.0,0.0
2026-10-07 08:56:00-04:00,89.91999816894531,90.0199966430664,89.91000366210938,90.0,90.0,212,0.0,0.0
2026-10-07 08:57:00-04:00,89.98999786376953,90.05999755859375,89.98999786376953,90.04000091552734,90.04000091552734,107,0.0,0.0
2026-10-07 08:58:00-04:00,90.05000305175781,90.08000183105469,90.02999877929688,90.05000305175781,90.05000305175781,160,0.0,0.0
2026-10-07 08:59:00-04:00,90.05000305175781,90.12999725341797,90.02999877929688,90.0999984741211,90.0999984741211,188,0.0,0.0
2026-10-07 09:00:00-04:00,90.0999984741211,90.11000061035156,89.91000366210938,89.93000030517578,89.93000030517578,596,0.0,0.0
2026-10-07 09:01:00-04:00,89.94000244140625,89.95999908447266,89.81999969482422,89.83999633789062,89.83999633789062,476,0.0,0.0
2026-10-07 09:02:00-04:00,89.83999633789062,89.83999633789062,89.73999786376953,89.76000213623047,89.76000213623047,523,0.0,0.0
2026-10-07 09:03:00-04:00,89.75,89.91999816894531,89.73999786376953,89.91999816894531,89.91999816894531,283,0.0,0.0
2026-10-07 09:04:00-04:00,89.91999816894531,89.98999786376953,89.86000061035156,89.94000244140625,89.94000244140625,692,0.0,0.0
2026-10-07 09:05:00-04:00,89.94000244140625,89.97000122070312,89.87000274658203,89.94999694824219,89.94999694824219,293,0.0,0.0
2026-10-07 09:06:00-04:00,89.97000122070312,89.98999786376953,89.93000030517578,89.95999908447266,89.95999908447266,169,0.0,0.0
2026-10-07 09:07:00-04:00,89.97000122070312,90.12999725341797,89.95999908447266,90.11000061035156,90.11000061035156,254,0.0,0.0
2026-10-07 09:08:00-04:00,90.11000061035156,90.12000274658203,90.05999755859375,90.08999633789062,90.08999633789062,324,0.0,0.0
2026-10-07 09:09:00-04:00,90.08000183105469,90.08999633789062,90.0199966430664,90.02999877929688,90.02999877929688,309,0.0,0.0
2026-10-07 09:10:00-04:00,90.02999877929688,90.02999877929688,89.94999694824219,89.94999694824219,89.94999694824219,355,0.0,0.0
2026-10-07 09:11:00-04:00,89.93000030517578,90.0,89.91999816894531,89.97000122070312,89.97000122070312,118,0.0,0.0
2026-10-07 09:12:00-04:00,89.95999908447266,89.97000122070312,89.87999725341797,89.97000122070312,89.97000122070312,322,0.0,0.0
2026-10-07 09:13:00-04:00,89.95999908447266,90.0,89.94999694824219,89.95999908447266,89.95999908447266,146,0.0,0.0
2026-10-07 09:14:00-04:00,89.94999694824219,89.97000122070312,89.91000366210938,89.94000244140625,89.94000244140625,96,0.0,0.0
2026-10-07 09:15:00-04:00,89.94999694824219,90.0199966430664,89.93000030517578,90.01000213623047,90.01000213623047,208,0.0,0.0
2026-10-07 09:16:00-04:00,90.01000213623047,90.19999694824219,90.01000213623047,90.18000030517578,90.18000030517578,530,0.0,0.0
2026-10-07 09:17:00-04:00,90.16999816894531,90.19999694824219,90.12999725341797,90.12999725341797,90.12999725341797,321,0.0,0.0
2026-10-07 09:18:00-04:00,90.11000061035156,90.12999725341797,90.06999969482422,90.08999633789062,90.08999633789062,170,0.0,0.0
2026-10-07 09:19:00-04:00,90.08999633789062,90.13999938964844,90.05999755859375,90.0999984741211,90.0999984741211,201,0.0,0.0
2026-10-07 09:20:00-04:00,90.0999984741211,90.12000274658203,90.06999969482422,90.12000274658203,90.12000274658203,245,0.0,0.0
2026-10-07 09:21:00-04:00,90.12000274658203,90.16000366210938,90.0999984741211,90.1500015258789,90.1500015258789,183,0.0,0.0
2026-10-07 09:22:00-04:00,90.1500015258789,90.23999786376953,90.08999633789062,90.22000122070312,90.22000122070312,202,0.0,0.0
2026-10-07 09:23:00-04:00,90.22000122070312,90.25,90.18000030517578,90.2300033569336,90.2300033569336,471,0.0,0.0
2026-10-07 09:24:00-04:00,90.23999786376953,90.41000366210938,90.23999786376953,90.38999938964844,90.38999938964844,1043,0.0,0.0
2026-10-07 09:25:00-04:00,90.37000274658203,90.44000244140625,90.37000274658203,90.43000030517578,90.43000030517578,341,0.0,0.0
2026-10-07 09:26:00-04:00,90.43000030517578,90.52999877929688,90.4000015258789,90.5199966430664,90.5199966430664,622,0.0,0.0
2026-10-07 09:27:00-04:00,90.5199966430664,90.66000366210938,90.47000122070312,90.5199966430664,90.5199966430664,862,0.0,0.0
2026-10-07 09:28:00-04:00,90.51000213623047,90.58999633789062,90.51000213623047,90.51000213623047,90.51000213623047,265,0.0,0.0
2026-10-07 09:29:00-04:00,90.5199966430664,90.5199966430664,90.37000274658203,90.44999694824219,90.44999694824219,347,0.0,0.0
2026-10-07 09:30:00-04:00,90.45999908447266,90.69000244140625,90.44000244140625,90.6500015258789,90.6500015258789,662,0.0,0.0
2026-10-07 09:31:00-04:00,90.63999938964844,90.73999786376953,90.58000183105469,90.72000122070312,90.72000122070312,649,0.0,0.0
2026-10-07 09:32:00-04:00,90.72000122070312,90.73999786376953,90.68000030517578,90.68000030517578,90.68000030517578,349,0.0,0.0
2026-10-07 09:33:00-04:00,90.69000244140625,90.69999694824219,90.58999633789062,90.61000061035156,90.61000061035156,304,0.0,0.0
2026-10-07 09:34:00-04:00,90.62000274658203,90.7300033569336,90.61000061035156,90.7300033569336,90.7300033569336,306,0.0,0.0
2026-10-07 09:35:00-04:00,90.7300033569336,90.79000091552734,90.70999908447266,90.76000213623047,90.76000213623047,301,0.0,0.0
2026-10-07 09:36:00-04:00,90.75,90.76000213623047,90.69999694824219,90.7300033569336,90.7300033569336,293,0.0,0.0
2026-10-07 09:37:00-04:00,90.76000213623047,90.87000274658203,90.72000122070312,90.8499984741211,90.8499984741211,276,0.0,0.0
2026-10-07 09:38:00-04:00,90.83000183105469,90.97000122070312,90.83000183105469,90.93000030517578,90.93000030517578,522,0.0,0.0
2026-10-07 09:39:00-04:00,90.94000244140625,90.9800033569336,90.8499984741211,90.87000274658203,90.87000274658203,1003,0.0,0.0
2026-10-07 09:40:00-04:00,90.86000061035156,90.91000366210938,90.83999633789062,90.8499984741211,90.8499984741211,238,0.0,0.0
2026-10-07 09:41:00-04:00,90.87000274658203,90.93000030517578,90.80999755859375,90.93000030517578,90.93000030517578,176,0.0,0.0
2026-10-07 09:42:00-04:00,90.91999816894531,90.93000030517578,90.87000274658203,90.91999816894531,90.91999816894531,136,0.0,0.0
2026-10-07 09:43:00-04:00,90.91999816894531,90.97000122070312,90.8499984741211,90.94000244140625,90.94000244140625,321,0.0,0.0
2026-10-07 09:44:00-04:00,90.94999694824219,90.95999908447266,90.87999725341797,90.93000030517578,90.93000030517578,248,0.0,0.0
2026-10-07 09:45:00-04:00,90.91999816894531,90.91999816894531,90.77999877929688,90.80000305175781,90.80000305175781,410,0.0,0.0
2026-10-07 09:46:00-04:00,90.80000305175781,90.83000183105469,90.76000213623047,90.80999755859375,90.80999755859375,412,0.0,0.0
2026-10-07 09:47:00-04:00,90.81999969482422,90.81999969482422,90.72000122070312,90.7300033569336,90.7300033569336,422,0.0,0.0
2026-10-07 09:48:00-04:00,90.69999694824219,90.81999969482422,90.68000030517578,90.80000305175781,90.80000305175781,381,0.0,0.0
2026-10-07 09:49:00-04:00,90.80999755859375,90.80999755859375,90.68000030517578,90.69000244140625,90.69000244140625,397,0.0,0.0
2026-10-07 09:50:00-04:00,90.72000122070312,90.73999786376953,90.51000213623047,90.5199966430664,90.5199966430664,1015,0.0,0.0
2026-10-07 09:51:00-04:00,90.5199966430664,90.58999633789062,90.48999786376953,90.5199966430664,90.5199966430664,273,0.0,0.0
2026-10-07 09:52:00-04:00,90.51000213623047,90.56999969482422,90.41999816894531,90.43000030517578,90.43000030517578,544,0.0,0.0
2026-10-07 09:53:00-04:00,90.41999816894531,90.44999694824219,90.30000305175781,90.33000183105469,90.33000183105469,365,0.0,0.0
2026-10-07 09:54:00-04:00,90.33000183105469,90.33999633789062,90.23999786376953,90.27999877929688,90.27999877929688,530,0.0,0.0
2026-10-07 09:55:00-04:00,90.27999877929688,90.36000061035156,90.25,90.30999755859375,90.30999755859375,421,0.0,0.0
2026-10-07 09:56:00-04:00,90.29000091552734,90.37999725341797,90.2699966430664,90.37000274658203,90.37000274658203,499,0.0,0.0
2026-10-07 09:57:00-04:00,90.36000061035156,90.4800033569336,90.3499984741211,90.37000274658203,90.37000274658203,494,0.0,0.0
2026-10-07 09:58:00-04:00,90.37000274658203,90.37999725341797,90.30000305175781,90.31999969482422,90.31999969482422,269,0.0,0.0
2026-10-07 09:59:00-04:00,90.30999755859375,90.33000183105469,90.2699966430664,90.2699966430664,90.2699966430664,251,0.0,0.0
2026-10-07 10:00:00-04:00,90.2699966430664,90.2699966430664,89.98999786376953,90.05000305175781,90.05000305175781,786,0.0,0.0
2026-10-07 10:01:00-04:00,90.05000305175781,90.05999755859375,89.91000366210938,89.93000030517578,89.93000030517578,868,0.0,0.0
2026-10-07 10:02:00-04:00,89.93000030517578,90.0199966430664,89.86000061035156,90.0,90.0,903,0.0,0.0
2026-10-07 10:03:00-04:00,89.98999786376953,90.06999969482422,89.95999908447266,90.0,90.0,420,0.0,0.0
2026-10-07 10:04:00-04:00,90.0,90.02999877929688,89.93000030517578,89.97000122070312,89.97000122070312,313,0.0,0.0
2026-10-07 10:05:00-04:00,89.9800033569336,90.0,89.91000366210938,89.91000366210938,89.91000366210938,361,0.0,0.0
2026-10-07 10:06:00-04:00,89.9000015258789,89.9800033569336,89.88999938964844,89.94000244140625,89.94000244140625,326,0.0,0.0
2026-10-07 10:07:00-04:00,89.91000366210938,89.98999786376953,89.9000015258789,89.95999908447266,89.95999908447266,266,0.0,0.0
2026-10-07 10:08:00-04:00,89.94999694824219,89.97000122070312,89.91000366210938,89.93000030517578,89.93000030517578,185,0.0,0.0
2026-10-07 10:09:00-04:00,89.94999694824219,89.9800033569336,89.91000366210938,89.91999816894531,89.91999816894531,191,0.0,0.0
2026-10-07 10:10:00-04:00,89.91999816894531,89.95999908447266,89.91000366210938,89.94000244140625,89.94000244140625,355,0.0,0.0
2026-10-07 10:11:00-04:00,89.91999816894531,90.0,89.87999725341797,89.94000244140625,89.94000244140625,303,0.0,0.0
2026-10-07 10:12:00-04:00,89.94000244140625,89.9800033569336,89.91000366210938,89.91999816894531,89.91999816894531,153,0.0,0.0
2026-10-07 10:13:00-04:00,89.91000366210938,89.94000244140625,89.80999755859375,89.80999755859375,89.80999755859375,440,0.0,0.0
2026-10-07 10:14:00-04:00,89.83000183105469,89.91000366210938,89.83000183105469,89.87999725341797,89.87999725341797,320,0.0,0.0
2026-10-07 10:15:00-04:00,89.87999725341797,89.93000030517578,89.83999633789062,89.88999938964844,89.88999938964844,361,0.0,0.0
2026-10-07 10:16:00-04:00,89.88999938964844,89.94000244140625,89.83999633789062,89.93000030517578,89.93000030517578,440,0.0,0.0
2026-10-07 10:17:00-04:00,89.91999816894531,89.94999694824219,89.88999938964844,89.9000015258789,89.9000015258789,192,0.0,0.0
2026-10-07 10:18:00-04:00,89.87999725341797,89.88999938964844,89.76000213623047,89.80999755859375,89.80999755859375,520,0.0,0.0
2026-10-07 10:19:00-04:00,89.81999969482422,89.91999816894531,89.80999755859375,89.83999633789062,89.83999633789062,233,0.0,0.0
2026-10-07 10:20:00-04:00,89.8499984741211,90.01000213623047,89.8499984741211,89.9800033569336,89.9800033569336,386,0.0,0.0
2026-10-07 10:21:00-04:00,89.97000122070312,90.05000305175781,89.94000244140625,89.95999908447266,89.95999908447266,367,0.0,0.0
2026-10-07 10:22:00-04:00,89.95999908447266,89.9800033569336,89.88999938964844,89.88999938964844,89.88999938964844,238,0.0,0.0
2026-10-07 10:23:00-04:00,89.91999816894531,89.91999816894531,89.80999755859375,89.87999725341797,89.87999725341797,197,0.0,0.0
2026-10-07 10:24:00-04:00,89.87999725341797,89.9000015258789,89.8499984741211,89.8499984741211,89.8499984741211,109,0.0,0.0
2026-10-07 10:25:00-04:00,89.8499984741211,89.91999816894531,89.83000183105469,89.83999633789062,89.83999633789062,275,0.0,0.0
2026-10-07 10:26:00-04:00,89.83999633789062,89.94000244140625,89.80999755859375,89.87999725341797,89.87999725341797,437,0.0,0.0
2026-10-07 10:27:00-04:00,89.87999725341797,89.94000244140625,89.86000061035156,89.9000015258789,89.9000015258789,222,0.0,0.0
2026-10-07 10:28:00-04:00,89.88999938964844,89.93000030517578,89.81999969482422,89.93000030517578,89.93000030517578,365,0.0,0.0
2026-10-07 10:29:00-04:00,89.94000244140625,89.98999786376953,89.8499984741211,89.86000061035156,89.86000061035156,326,0.0,0.0
2026-10-07 10:30:00-04:00,89.8499984741211,89.91000366210938,89.75,89.81999969482422,89.81999969482422,662,0.0,0.0
2026-10-07 10:31:00-04:00,89.83000183105469,89.86000061035156,89.69000244140625,89.70999908447266,89.70999908447266,614,0.0,0.0
2026-10-07 10:32:00-04:00,89.69000244140625,89.7300033569336,89.52999877929688,89.54000091552734,89.54000091552734,626,0.0,0.0
2026-10-07 10:33:00-04:00,89.55000305175781,89.66000366210938,89.5,89.6500015258789,89.6500015258789,577,0.0,0.0
2026-10-07 10:34:00-04:00,89.63999938964844,89.76000213623047,89.61000061035156,89.72000122070312,89.72000122070312,427,0.0,0.0
2026-10-07 10:35:00-04:00,89.73999786376953,89.76000213623047,89.54000091552734,89.54000091552734,89.54000091552734,402,0.0,0.0
2026-10-07 10:36:00-04:00,89.55999755859375,89.61000061035156,89.5199966430664,89.55000305175781,89.55000305175781,462,0.0,0.0
2026-10-07 10:37:00-04:00,89.54000091552734,89.62000274658203,89.5,89.62000274658203,89.62000274658203,377,0.0,0.0
2026-10-07 10:38:00-04:00,89.61000061035156,89.66000366210938,89.5199966430664,89.5199966430664,89.5199966430664,378,0.0,0.0
2026-10-07 10:39:00-04:00,89.51000213623047,89.55000305175781,89.4800033569336,89.48999786376953,89.48999786376953,530,0.0,0.0
2026-10-07 10:40:00-04:00,89.44999694824219,89.5999984741211,89.4000015258789,89.5,89.5,751,0.0,0.0
2026-10-07 10:41:00-04:00,89.5,89.55000305175781,89.45999908447266,89.55000305175781,89.55000305175781,287,0.0,0.0
2026-10-07 10:42:00-04:00,89.55999755859375,89.69000244140625,89.5199966430664,89.66000366210938,89.66000366210938,442,0.0,0.0
2026-10-07 10:43:00-04:00,89.6500015258789,89.70999908447266,89.61000061035156,89.70999908447266,89.70999908447266,414,0.0,0.0
2026-10-07 10:44:00-04:00,89.72000122070312,89.80999755859375,89.72000122070312,89.76000213623047,89.76000213623047,409,0.0,0.0
2026-10-07 10:45:00-04:00,89.76000213623047,89.81999969482422,89.69999694824219,89.80999755859375,89.80999755859375,356,0.0,0.0
2026-10-07 10:46:00-04:00,89.81999969482422,89.88999938964844,89.72000122070312,89.83999633789062,89.83999633789062,387,0.0,0.0
2026-10-07 10:47:00-04:00,89.83000183105469,89.86000061035156,89.69999694824219,89.73999786376953,89.73999786376953,234,0.0,0.0
2026-10-07 10:48:00-04:00,89.75,89.87000274658203,89.75,89.77999877929688,89.77999877929688,455,0.0,0.0
2026-10-07 10:49:00-04:00,89.79000091552734,89.86000061035156,89.7300033569336,89.75,89.75,359,0.0,0.0
2026-10-07 10:50:00-04:00,89.75,89.79000091552734,89.70999908447266,89.7699966430664,89.7699966430664,162,0.0,0.0
2026-10-07 10:51:00-04:00,89.7699966430664,89.79000091552734,89.66000366210938,89.66000366210938,89.66000366210938,290,0.0,0.0
2026-10-07 10:52:00-04:00,89.66000366210938,89.70999908447266,89.62999725341797,89.66000366210938,89.66000366210938,205,0.0,0.0
2026-10-07 10:53:00-04:00,89.66000366210938,89.66000366210938,89.52999877929688,89.52999877929688,89.52999877929688,783,0.0,0.0
2026-10-07 10:54:00-04:00,89.55000305175781,89.58000183105469,89.51000213623047,89.54000091552734,89.54000091552734,239,0.0,0.0
2026-10-07 10:55:00-04:00,89.52999877929688,89.6500015258789,89.52999877929688,89.61000061035156,89.61000061035156,463,0.0,0.0
2026-10-07 10:56:00-04:00,89.62000274658203,89.62999725341797,89.54000091552734,89.55999755859375,89.55999755859375,267,0.0,0.0
2026-10-07 10:57:00-04:00,89.55000305175781,89.58999633789062,89.52999877929688,89.55999755859375,89.55999755859375,368,0.0,0.0
2026-10-07 10:58:00-04:00,89.55000305175781,89.55999755859375,89.5199966430664,89.5199966430664,89.5199966430664,190,0.0,0.0
2026-10-07 10:59:00-04:00,89.52999877929688,89.58000183105469,89.51000213623047,89.56999969482422,89.56999969482422,272,0.0,0.0
2026-10-07 11:00:00-04:00,89.56999969482422,89.58000183105469,89.43000030517578,89.45999908447266,89.45999908447266,337,0.0,0.0
2026-10-07 11:01:00-04:00,89.47000122070312,89.51000213623047,89.4000015258789,89.4800033569336,89.4800033569336,375,0.0,0.0
2026-10-07 11:02:00-04:00,89.4800033569336,89.55999755859375,89.41999816894531,89.55000305175781,89.55000305175781,331,0.0,0.0
2026-10-07 11:03:00-04:00,89.54000091552734,89.61000061035156,89.48999786376953,89.58999633789062,89.58999633789062,333,0.0,0.0
2026-10-07 11:04:00-04:00,89.58999633789062,89.66999816894531,89.55000305175781,89.55999755859375,89.55999755859375,545,0.0,0.0
2026-10-07 11:05:00-04:00,89.55000305175781,89.58000183105469,89.4000015258789,89.5199966430664,89.5199966430664,520,0.0,0.0
2026-10-07 11:06:00-04:00,89.5,89.58000183105469,89.5,89.55000305175781,89.55000305175781,308,0.0,0.0
2026-10-07 11:07:00-04:00,89.56999969482422,89.58000183105469,89.5,89.52999877929688,89.52999877929688,408,0.0,0.0
2026-10-07 11:08:00-04:00,89.5199966430664,89.58999633789062,89.5199966430664,89.58000183105469,89.58000183105469,404,0.0,0.0
2026-10-07 11:09:00-04:00,89.56999969482422,89.58999633789062,89.5199966430664,89.5199966430664,89.5199966430664,542,0.0,0.0
2026-10-07 11:10:00-04:00,89.55000305175781,89.61000061035156,89.48999786376953,89.5,89.5,470,0.0,0.0
2026-10-07 11:11:00-04:00,89.5,89.62000274658203,89.41999816894531,89.61000061035156,89.61000061035156,453,0.0,0.0
2026-10-07 11:12:00-04:00,89.58999633789062,89.73999786376953,89.58000183105469,89.7300033569336,89.7300033569336,369,0.0,0.0
2026-10-07 11:13:00-04:00,89.73999786376953,89.7699966430664,89.61000061035156,89.66000366210938,89.66000366210938,398,0.0,0.0
2026-10-07 11:14:00-04:00,89.63999938964844,89.79000091552734,89.62000274658203,89.73999786376953,89.73999786376953,345,0.0,0.0
2026-10-07 11:15:00-04:00,89.76000213623047,89.7699966430664,89.66999816894531,89.70999908447266,89.70999908447266,215,0.0,0.0
2026-10-07 11:16:00-04:00,89.69999694824219,89.80999755859375,89.69000244140625,89.69000244140625,89.69000244140625,288,0.0,0.0
2026-10-07 11:17:00-04:00,89.69999694824219,89.75,89.68000030517578,89.70999908447266,89.70999908447266,165,0.0,0.0
2026-10-07 11:18:00-04:00,89.72000122070312,89.86000061035156,89.72000122070312,89.8499984741211,89.8499984741211,314,0.0,0.0
2026-10-07 11:19:00-04:00,89.83999633789062,89.8499984741211,89.75,89.83000183105469,89.83000183105469,277,0.0,0.0
2026-10-07 11:20:00-04:00,89.83000183105469,89.83000183105469,89.63999938964844,89.63999938964844,89.63999938964844,357,0.0,0.0
2026-10-07 11:21:00-04:00,89.62999725341797,89.70999908447266,89.56999969482422,89.68000030517578,89.68000030517578,798,0.0,0.0
2026-10-07 11:22:00-04:00,89.68000030517578,89.69000244140625,89.61000061035156,89.62000274658203,89.62000274658203,215,0.0,0.0
2026-10-07 11:23:00-04:00,89.61000061035156,89.66999816894531,89.5999984741211,89.6500015258789,89.6500015258789,196,0.0,0.0
2026-10-07 11:24:00-04:00,89.6500015258789,89.66999816894531,89.5999984741211,89.62000274658203,89.62000274658203,211,0.0,0.0
2026-10-07 11:25:00-04:00,89.61000061035156,89.69000244140625,89.5999984741211,89.62999725341797,89.62999725341797,677,0.0,0.0
2026-10-07 11:26:00-04:00,89.5999984741211,89.68000030517578,89.51000213623047,89.5199966430664,89.5199966430664,692,0.0,0.0
2026-10-07 11:27:00-04:00,89.5199966430664,89.54000091552734,89.44000244140625,89.54000091552734,89.54000091552734,438,0.0,0.0
2026-10-07 11:28:00-04:00,89.54000091552734,89.55000305175781,89.43000030517578,89.47000122070312,89.47000122070312,605,0.0,0.0
2026-10-07 11:29:00-04:00,89.45999908447266,89.5199966430664,89.3499984741211,89.4000015258789,89.4000015258789,913,0.0,0.0
2026-10-07 11:30:00-04:00,89.38999938964844,89.43000030517578,89.27999877929688,89.3499984741211,89.3499984741211,858,0.0,0.0
2026-10-07 11:31:00-04:00,89.33000183105469,89.33999633789062,89.0999984741211,89.13999938964844,89.13999938964844,1160,0.0,0.0
2026-10-07 11:32:00-04:00,89.13999938964844,89.22000122070312,88.91999816894531,89.20999908447266,89.20999908447266,2407,0.0,0.0
2026-10-07 11:33:00-04:00,89.20999908447266,89.68000030517578,89.19999694824219,89.31999969482422,89.31999969482422,1666,0.0,0.0
2026-10-07 11:34:00-04:00,89.3499984741211,89.37000274658203,89.26000213623047,89.33000183105469,89.33000183105469,455,0.0,0.0
2026-10-07 11:35:00-04:00,89.30999755859375,89.33000183105469,89.16999816894531,89.20999908447266,89.20999908447266,796,0.0,0.0
2026-10-07 11:36:00-04:00,89.20999908447266,89.26000213623047,89.16000366210938,89.22000122070312,89.22000122070312,348,0.0,0.0
2026-10-07 11:37:00-04:00,89.19999694824219,89.20999908447266,89.13999938964844,89.16999816894531,89.16999816894531,206,0.0,0.0
2026-10-07 11:38:00-04:00,89.16999816894531,89.22000122070312,89.16999816894531,89.19999694824219,89.19999694824219,321,0.0,0.0
2026-10-07 11:39:00-04:00,89.18000030517578,89.19999694824219,89.16000366210938,89.18000030517578,89.18000030517578,348,0.0,0.0
2026-10-07 11:40:00-04:00,89.16999816894531,89.30000305175781,89.1500015258789,89.26000213623047,89.26000213623047,384,0.0,0.0
2026-10-07 11:41:00-04:00,89.25,89.31999969482422,89.20999908447266,89.2699966430664,89.2699966430664,324,0.0,0.0
2026-10-07 11:42:00-04:00,89.26000213623047,89.26000213623047,89.16999816894531,89.19999694824219,89.19999694824219,321,0.0,0.0
2026-10-07 11:43:00-04:00,89.19000244140625,89.23999786376953,89.16999816894531,89.22000122070312,89.22000122070312,260,0.0,0.0
2026-10-07 11:44:00-04:00,89.22000122070312,89.23999786376953,89.16000366210938,89.18000030517578,89.18000030517578,236,0.0,0.0
2026-10-07 11:45:00-04:00,89.16999816894531,89.19999694824219,89.11000061035156,89.12999725341797,89.12999725341797,290,0.0,0.0
2026-10-07 11:46:00-04:00,89.12000274658203,89.12000274658203,88.95999908447266,89.05999755859375,89.05999755859375,507,0.0,0.0
2026-10-07 11:47:00-04:00,89.05999755859375,89.0999984741211,89.01000213623047,89.0199966430664,89.0199966430664,320,0.0,0.0
2026-10-07 11:48:00-04:00,89.01000213623047,89.06999969482422,88.94000244140625,89.04000091552734,89.04000091552734,1104,0.0,0.0
2026-10-07 11:49:00-04:00,89.05000305175781,89.13999938964844,89.04000091552734,89.08999633789062,89.08999633789062,266,0.0,0.0
2026-10-07 11:50:00-04:00,89.08000183105469,89.0999984741211,89.0,89.02999877929688,89.02999877929688,325,0.0,0.0
2026-10-07 11:51:00-04:00,89.0199966430664,89.1500015258789,89.01000213623047,89.1500015258789,89.1500015258789,301,0.0,0.0
2026-10-07 11:52:00-04:00,89.16000366210938,89.25,89.16000366210938,89.22000122070312,89.22000122070312,389,0.0,0.0
2026-10-07 11:53:00-04:00,89.22000122070312,89.2699966430664,89.19000244140625,89.22000122070312,89.22000122070312,677,0.0,0.0
2026-10-07 11:54:00-04:00,89.2300033569336,89.27999877929688,89.16999816894531,89.18000030517578,89.18000030517578,559,0.0,0.0
2026-10-07 11:55:00-04:00,89.16999816894531,89.19000244140625,89.05000305175781,89.05999755859375,89.05999755859375,617,0.0,0.0
2026-10-07 11:56:00-04:00,89.05999755859375,89.05999755859375,89.0,89.05000305175781,89.05000305175781,462,0.0,0.0
2026-10-07 11:57:00-04:00,89.05000305175781,89.05999755859375,88.9800033569336,89.02999877929688,89.02999877929688,409,0.0,0.0
2026-10-07 11:58:00-04:00,89.02999877929688,89.05000305175781,89.0,89.0199966430664,89.0199966430664,198,0.0,0.0
2026-10-07 11:59:00-04:00,89.01000213623047,89.0199966430664,88.95999908447266,89.01000213623047,89.01000213623047,307,0.0,0.0
2026-10-07 12:00:00-04:00,89.0,89.08999633789062,88.83000183105469,88.86000061035156,88.86000061035156,758,0.0,0.0
2026-10-07 12:01:00-04:00,88.8499984741211,89.26000213623047,88.8499984741211,89.19000244140625,89.19000244140625,1606,0.0,0.0
2026-10-07 12:02:00-04:00,89.19000244140625,89.41000366210938,89.01000213623047,89.06999969482422,89.06999969482422,2055,0.0,0.0
2026-10-07 12:03:00-04:00,89.08000183105469,89.08999633789062,88.9000015258789,88.91999816894531,88.91999816894531,527,0.0,0.0
2026-10-07 12:04:00-04:00,88.93000030517578,89.0199966430664,88.9000015258789,88.9000015258789,88.9000015258789,513,0.0,0.0
2026-10-07 12:05:00-04:00,88.9000015258789,88.91999816894531,88.8499984741211,88.87999725341797,88.87999725341797,431,0.0,0.0
2026-10-07 12:06:00-04:00,88.8499984741211,88.86000061035156,88.58999633789062,88.62000274658203,88.62000274658203,1373,0.0,0.0
2026-10-07 12:07:00-04:00,88.62999725341797,88.70999908447266,88.5999984741211,88.6500015258789,88.6500015258789,631,0.0,0.0
2026-10-07 12:08:00-04:00,88.6500015258789,88.6500015258789,88.5199966430664,88.55000305175781,88.55000305175781,576,0.0,0.0
2026-10-07 12:09:00-04:00,88.55000305175781,88.61000061035156,88.5199966430664,88.55000305175781,88.55000305175781,451,0.0,0.0
2026-10-07 12:10:00-04:00,88.54000091552734,88.55000305175781,88.45999908447266,88.47000122070312,88.47000122070312,817,0.0,0.0
2026-10-07 12:11:00-04:00,88.4800033569336,88.62999725341797,88.47000122070312,88.58999633789062,88.58999633789062,326,0.0,0.0
2026-10-07 12:12:00-04:00,88.56999969482422,88.70999908447266,88.55999755859375,88.68000030517578,88.68000030517578,371,0.0,0.0
2026-10-07 12:13:00-04:00,88.69000244140625,88.72000122070312,88.62999725341797,88.69000244140625,88.69000244140625,355,0.0,0.0
2026-10-07 12:14:00-04:00,88.69000244140625,88.79000091552734,88.69000244140625,88.79000091552734,88.79000091552734,250,0.0,0.0
2026-10-07 12:15:00-04:00,88.79000091552734,88.79000091552734,88.69000244140625,88.73999786376953,88.73999786376953,232,0.0,0.0
2026-10-07 12:16:00-04:00,88.73999786376953,88.87999725341797,88.73999786376953,88.8499984741211,88.8499984741211,428,0.0,0.0
2026-10-07 12:17:00-04:00,88.8499984741211,88.95999908447266,88.83999633789062,88.94999694824219,88.94999694824219,465,0.0,0.0
2026-10-07 12:18:00-04:00,88.94000244140625,88.94999694824219,88.9000015258789,88.91999816894531,88.91999816894531,143,0.0,0.0
2026-10-07 12:19:00-04:00,88.91000366210938,88.95999908447266,88.8499984741211,88.87000274658203,88.87000274658203,709,0.0,0.0
2026-10-07 12:20:00-04:00,88.87000274658203,88.91999816894531,88.8499984741211,88.8499984741211,88.8499984741211,361,0.0,0.0
2026-10-07 12:21:00-04:00,88.8499984741211,88.86000061035156,88.76000213623047,88.79000091552734,88.79000091552734,547,0.0,0.0
2026-10-07 12:22:00-04:00,88.79000091552734,88.81999969482422,88.75,88.7699966430664,88.7699966430664,323,0.0,0.0
2026-10-07 12:23:00-04:00,88.77999877929688,88.83000183105469,88.73999786376953,88.76000213623047,88.76000213623047,162,0.0,0.0
2026-10-07 12:24:00-04:00,88.75,88.77999877929688,88.73999786376953,88.73999786376953,88.73999786376953,131,0.0,0.0
2026-10-07 12:25:00-04:00,88.73999786376953,88.80999755859375,88.7300033569336,88.80000305175781,88.80000305175781,155,0.0,0.0
2026-10-07 12:26:00-04:00,88.80000305175781,88.94999694824219,88.80000305175781,88.91999816894531,88.91999816894531,252,0.0,0.0
2026-10-07 12:27:00-04:00,88.91999816894531,88.93000030517578,88.86000061035156,88.91999816894531,88.91999816894531,179,0.0,0.0
2026-10-07 12:28:00-04:00,88.91999816894531,88.94000244140625,88.87000274658203,88.88999938964844,88.88999938964844,176,0.0,0.0
2026-10-07 12:29:00-04:00,88.88999938964844,88.94999694824219,88.88999938964844,88.94999694824219,88.94999694824219,241,0.0,0.0
2026-10-07 12:30:00-04:00,88.95999908447266,89.0199966430664,88.94000244140625,89.0199966430664,89.0199966430664,369,0.0,0.0
2026-10-07 12:31:00-04:00,89.01000213623047,89.08999633789062,88.98999786376953,89.01000213623047,89.01000213623047,394,0.0,0.0
2026-10-07 12:32:00-04:00,89.01000213623047,89.05000305175781,88.97000122070312,89.02999877929688,89.02999877929688,402,0.0,0.0
2026-10-07 12:33:00-04:00,89.04000091552734,89.06999969482422,88.95999908447266,88.95999908447266,88.95999908447266,267,0.0,0.0
2026-10-07 12:34:00-04:00,88.95999908447266,88.95999908447266,88.9000015258789,88.91999816894531,88.91999816894531,484,0.0,0.0
2026-10-07 12:35:00-04:00,88.91999816894531,88.97000122070312,88.88999938964844,88.95999908447266,88.95999908447266,275,0.0,0.0
2026-10-07 12:36:00-04:00,88.95999908447266,89.04000091552734,88.91999816894531,88.97000122070312,88.97000122070312,621,0.0,0.0
2026-10-07 12:37:00-04:00,88.95999908447266,89.05999755859375,88.91999816894531,89.05000305175781,89.05000305175781,390,0.0,0.0
2026-10-07 12:38:00-04:00,89.0199966430664,89.05999755859375,88.91000366210938,88.97000122070312,88.97000122070312,408,0.0,0.0
2026-10-07 12:39:00-04:00,88.95999908447266,89.01000213623047,88.95999908447266,88.97000122070312,88.97000122070312,494,0.0,0.0
2026-10-07 12:40:00-04:00,88.97000122070312,89.05999755859375,88.95999908447266,89.0199966430664,89.0199966430664,278,0.0,0.0
2026-10-07 12:41:00-04:00,89.02999877929688,89.04000091552734,88.94999694824219,89.0,89.0,392,0.0,0.0
2026-10-07 12:42:00-04:00,88.98999786376953,89.04000091552734,88.98999786376953,89.04000091552734,89.04000091552734,138,0.0,0.0
2026-10-07 12:43:00-04:00,89.0199966430664,89.05000305175781,88.98999786376953,88.98999786376953,88.98999786376953,272,0.0,0.0
2026-10-07 12:44:00-04:00,88.98999786376953,89.02999877929688,88.98999786376953,89.0,89.0,163,0.0,0.0
2026-10-07 12:45:00-04:00,88.98999786376953,88.98999786376953,88.94999694824219,88.9800033569336,88.9800033569336,159,0.0,0.0
2026-10-07 12:46:00-04:00,88.9800033569336,89.0,88.86000061035156,88.95999908447266,88.95999908447266,791,0.0,0.0
2026-10-07 12:47:00-04:00,88.94999694824219,88.95999908447266,88.87999725341797,88.91000366210938,88.91000366210938,472,0.0,0.0
2026-10-07 12:48:00-04:00,88.91000366210938,88.9800033569336,88.9000015258789,88.97000122070312,88.97000122070312,226,0.0,0.0
2026-10-07 12:49:00-04:00,88.97000122070312,88.97000122070312,88.88999938964844,88.88999938964844,88.88999938964844,181,0.0,0.0
2026-10-07 12:50:00-04:00,88.87999725341797,88.91999816894531,88.7699966430664,88.7699966430664,88.7699966430664,351,0.0,0.0
2026-10-07 12:51:00-04:00,88.7699966430664,88.80999755859375,88.72000122070312,88.79000091552734,88.79000091552734,322,0.0,0.0
2026-10-07 12:52:00-04:00,88.77999877929688,88.79000091552734,88.69999694824219,88.77999877929688,88.77999877929688,589,0.0,0.0
2026-10-07 12:53:00-04:00,88.79000091552734,88.83000183105469,88.77999877929688,88.81999969482422,88.81999969482422,122,0.0,0.0
2026-10-07 12:54:00-04:00,88.83999633789062,88.8499984741211,88.77999877929688,88.83000183105469,88.83000183105469,283,0.0,0.0
2026-10-07 12:55:00-04:00,88.83000183105469,88.8499984741211,88.80000305175781,88.80999755859375,88.80999755859375,126,0.0,0.0
2026-10-07 12:56:00-04:00,88.80000305175781,88.80999755859375,88.66999816894531,88.68000030517578,88.68000030517578,223,0.0,0.0
2026-10-07 12:57:00-04:00,88.69999694824219,88.73999786376953,88.66999816894531,88.72000122070312,88.72000122070312,0,0.0,0.0
