Datetime,Open,High,Low,Close,Adj Close,Volume,Dividends,Stock Splits
2026-09-30 00:02:00-04:00,4.566699981689453,4.566699981689453,4.566699981689453,4.566699981689453,4.566699981689453,0,0.0,0.0
2026-09-30 00:03:00-04:00,4.564300060272217,4.564300060272217,4.564300060272217,4.564300060272217,4.564300060272217,4,0.0,0.0
2026-09-30 00:12:00-04:00,4.562300205230713,4.562300205230713,4.562300205230713,4.562300205230713,4.562300205230713,3,0.0,0.0
2026-09-30 00:16:00-04:00,4.558899879455566,4.558899879455566,4.558899879455566,4.558899879455566,4.558899879455566,2,0.0,0.0
2026-09-30 00:21:00-04:00,4.557499885559082,4.557499885559082,4.557499885559082,4.557499885559082,4.557499885559082,39,0.0,0.0
2026-09-30 00:23:00-04:00,4.553699970245361,4.553699970245361,4.553699970245361,4.553699970245361,4.553699970245361,12,0.0,0.0
2026-09-30 00:36:00-04:00,4.553699970245361,4.553699970245361,4.553699970245361,4.553699970245361,4.553699970245361,3,0.0,0.0
2026-09-30 00:37:00-04:00,4.554900169372559,4.554900169372559,4.554900169372559,4.554900169372559,4.554900169372559,1,0.0,0.0
2026-09-30 00:38:00-04:00,4.5559000968933105,4.5559000968933105,4.5553998947143555,4.5553998947143555,4.5553998947143555,3,0.0,0.0
2026-09-30 00:51:00-04:00,4.554200172424316,4.554200172424316,4.554200172424316,4.554200172424316,4.554200172424316,2,0.0,0.0
2026-09-30 00:55:00-04:00,4.553500175476074,4.553500175476074,4.553500175476074,4.553500175476074,4.553500175476074,4,0.0,0.0
2026-09-30 00:59:00-04:00,4.554699897766113,4.5605998039245605,4.554699897766113,4.5605998039245605,4.5605998039245605,5,0.0,0.0
2026-09-30 01:05:00-04:00,4.562900066375732,4.562900066375732,4.562900066375732,4.562900066375732,4.562900066375732,2,0.0,0.0
2026-09-30 01:10:00-04:00,4.564599990844727,4.565000057220459,4.564599990844727,4.565000057220459,4.565000057220459,6,0.0,0.0
2026-09-30 01:11:00-04:00,4.566199779510498,4.566199779510498,4.565800189971924,4.565800189971924,4.565800189971924,4,0.0,0.0
2026-09-30 01:12:00-04:00,4.562099933624268,4.562099933624268,4.562099933624268,4.562099933624268,4.562099933624268,1,0.0,0.0
2026-09-30 01:13:00-04:00,4.564499855041504,4.564499855041504,4.564499855041504,4.564499855041504,4.564499855041504,2,0.0,0.0
2026-09-30 01:14:00-04:00,4.566400051116943,4.566400051116943,4.566400051116943,4.566400051116943,4.566400051116943,1,0.0,0.0
2026-09-30 01:15:00-04:00,4.565199851989746,4.571400165557861,4.565199851989746,4.571400165557861,4.571400165557861,12,0.0,0.0
2026-09-30 01:17:00-04:00,4.569799900054932,4.569900035858154,4.569799900054932,4.569900035858154,4.569900035858154,3,0.0,0.0
2026-09-30 01:18:00-04:00,4.571499824523926,4.571800231933594,4.570099830627441,4.570400238037109,4.570400238037109,9,0.0,0.0
2026-09-30 01:21:00-04:00,4.571000099182129,4.571199893951416,4.571000099182129,4.571199893951416,4.571199893951416,11,0.0,0.0
2026-09-30 01:28:00-04:00,4.567999839782715,4.567999839782715,4.567999839782715,4.567999839782715,4.567999839782715,7,0.0,0.0
2026-09-30 01:30:00-04:00,4.56820011138916,4.56820011138916,4.56820011138916,4.56820011138916,4.56820011138916,2,0.0,0.0
2026-09-30 01:31:00-04:00,4.567999839782715,4.567999839782715,4.566400051116943,4.566400051116943,4.566400051116943,2,0.0,0.0
2026-09-30 01:32:00-04:00,4.566100120544434,4.566100120544434,4.566100120544434,4.566100120544434,4.566100120544434,1,0.0,0.0
2026-09-30 01:35:00-04:00,4.566500186920166,4.566500186920166,4.563399791717529,4.563399791717529,4.563399791717529,6,0.0,0.0
2026-09-30 01:38:00-04:00,4.566100120544434,4.566100120544434,4.566100120544434,4.566100120544434,4.566100120544434,1,0.0,0.0
2026-09-30 01:39:00-04:00,4.567800045013428,4.5706000328063965,4.567800045013428,4.5706000328063965,4.5706000328063965,10,0.0,0.0
2026-09-30 01:40:00-04:00,4.56790018081665,4.56790018081665,4.56790018081665,4.56790018081665,4.56790018081665,1,0.0,0.0
2026-09-30 01:41:00-04:00,4.56689977645874,4.56689977645874,4.56689977645874,4.56689977645874,4.56689977645874,8,0.0,0.0
2026-09-30 01:43:00-04:00,4.562900066375732,4.562900066375732,4.562900066375732,4.562900066375732,4.562900066375732,1,0.0,0.0
2026-09-30 01:46:00-04:00,4.56220006942749,4.56220006942749,4.56220006942749,4.56220006942749,4.56220006942749,2,0.0,0.0
2026-09-30 01:48:00-04:00,4.562699794769287,4.562699794769287,4.562699794769287,4.562699794769287,4.562699794769287,3,0.0,0.0
2026-09-30 01:50:00-04:00,4.569399833679199,4.569399833679199,4.568600177764893,4.568699836730957,4.568699836730957,10,0.0,0.0
2026-09-30 01:55:00-04:00,4.569300174713135,4.569300174713135,4.56850004196167,4.56850004196167,4.56850004196167,4,0.0,0.0
2026-09-30 01:56:00-04:00,4.569799900054932,4.569799900054932,4.569799900054932,4.569799900054932,4.569799900054932,3,0.0,0.0
2026-09-30 01:58:00-04:00,4.565499782562256,4.567200183868408,4.552999973297119,4.552999973297119,4.552999973297119,88,0.0,0.0
2026-09-30 01:59:00-04:00,4.5559000968933105,4.559999942779541,4.5559000968933105,4.559999942779541,4.559999942779541,4,0.0,0.0
2026-09-30 02:00:00-04:00,4.561200141906738,4.561200141906738,4.553699970245361,4.553899765014648,4.553899765014648,10,0.0,0.0
2026-09-30 02:01:00-04:00,4.550899982452393,4.550899982452393,4.548099994659424,4.550899982452393,4.550899982452393,6,0.0,0.0
2026-09-30 02:02:00-04:00,4.555099964141846,4.555099964141846,4.553999900817871,4.553999900817871,4.553999900817871,2,0.0,0.0
2026-09-30 02:03:00-04:00,4.557799816131592,4.557799816131592,4.557700157165527,4.557700157165527,4.557700157165527,2,0.0,0.0
2026-09-30 02:05:00-04:00,4.560100078582764,4.560100078582764,4.556700229644775,4.556700229644775,4.556700229644775,18,0.0,0.0
2026-09-30 02:08:00-04:00,4.551000118255615,4.551000118255615,4.551000118255615,4.551000118255615,4.551000118255615,20,0.0,0.0
2026-09-30 02:12:00-04:00,4.553299903869629,4.554100036621094,4.552299976348877,4.553500175476074,4.553500175476074,5,0.0,0.0
2026-09-30 02:13:00-04:00,4.553100109100342,4.553100109100342,4.550000190734863,4.550000190734863,4.550000190734863,4,0.0,0.0
2026-09-30 02:14:00-04:00,4.552199840545654,4.553400039672852,4.552199840545654,4.552800178527832,4.552800178527832,12,0.0,0.0
2026-09-30 02:16:00-04:00,4.551000118255615,4.551000118255615,4.551000118255615,4.551000118255615,4.551000118255615,1,0.0,0.0
2026-09-30 02:17:00-04:00,4.547900199890137,4.547900199890137,4.544000148773193,4.544000148773193,4.544000148773193,2,0.0,0.0
2026-09-30 02:18:00-04:00,4.5467000007629395,4.55210018157959,4.5467000007629395,4.548399925231934,4.548399925231934,14,0.0,0.0
2026-09-30 02:19:00-04:00,4.547299861907959,4.557400226593018,4.544300079345703,4.555500030517578,4.555500030517578,78,0.0,0.0
2026-09-30 02:20:00-04:00,4.5528998374938965,4.5553998947143555,4.5528998374938965,4.5553998947143555,4.5553998947143555,2,0.0,0.0
2026-09-30 02:22:00-04:00,4.555699825286865,4.557400226593018,4.555699825286865,4.557400226593018,4.557400226593018,10,0.0,0.0
2026-09-30 02:24:00-04:00,4.561299800872803,4.561299800872803,4.561299800872803,4.561299800872803,4.561299800872803,1,0.0,0.0
2026-09-30 02:25:00-04:00,4.55709981918335,4.55709981918335,4.554100036621094,4.554100036621094,4.554100036621094,9,0.0,0.0
2026-09-30 02:26:00-04:00,4.557499885559082,4.557799816131592,4.557499885559082,4.557799816131592,4.557799816131592,9,0.0,0.0
2026-09-30 02:27:00-04:00,4.557199954986572,4.557199954986572,4.557199954986572,4.557199954986572,4.557199954986572,2,0.0,0.0
2026-09-30 02:28:00-04:00,4.566299915313721,4.570000171661377,4.566299915313721,4.570000171661377,4.570000171661377,2,0.0,0.0
2026-09-30 02:29:00-04:00,4.571899890899658,4.578000068664551,4.571899890899658,4.575500011444092,4.575500011444092,16,0.0,0.0
2026-09-30 02:30:00-04:00,4.579999923706055,4.582799911499023,4.57859992980957,4.582499980926514,4.582499980926514,25,0.0,0.0
2026-09-30 02:31:00-04:00,4.58620023727417,4.592299938201904,4.58620023727417,4.589099884033203,4.589099884033203,45,0.0,0.0
2026-09-30 02:32:00-04:00,4.5903000831604,4.590400218963623,4.587500095367432,4.588500022888184,4.588500022888184,7,0.0,0.0
2026-09-30 02:33:00-04:00,4.589300155639648,4.589300155639648,4.585999965667725,4.585999965667725,4.585999965667725,6,0.0,0.0
2026-09-30 02:34:00-04:00,4.587100028991699,4.587200164794922,4.5868000984191895,4.5868000984191895,4.5868000984191895,3,0.0,0.0
2026-09-30 02:35:00-04:00,4.584000110626221,4.584000110626221,4.584000110626221,4.584000110626221,4.584000110626221,4,0.0,0.0
2026-09-30 02:36:00-04:00,4.581600189208984,4.582300186157227,4.579999923706055,4.5802001953125,4.5802001953125,8,0.0,0.0
2026-09-30 02:37:00-04:00,4.58050012588501,4.58050012588501,4.58050012588501,4.58050012588501,4.58050012588501,1,0.0,0.0
2026-09-30 02:38:00-04:00,4.575900077819824,4.5777997970581055,4.5721001625061035,4.576399803161621,4.576399803161621,16,0.0,0.0
2026-09-30 02:39:00-04:00,4.578499794006348,4.5792999267578125,4.577199935913086,4.5792999267578125,4.5792999267578125,6,0.0,0.0
2026-09-30 02:40:00-04:00,4.578700065612793,4.578700065612793,4.5782999992370605,4.5782999992370605,4.5782999992370605,4,0.0,0.0
2026-09-30 02:41:00-04:00,4.578999996185303,4.578999996185303,4.577499866485596,4.578999996185303,4.578999996185303,3,0.0,0.0
2026-09-30 02:42:00-04:00,4.582600116729736,4.582600116729736,4.581200122833252,4.581200122833252,4.581200122833252,2,0.0,0.0
2026-09-30 02:43:00-04:00,4.583899974822998,4.584099769592285,4.583199977874756,4.583199977874756,4.583199977874756,3,0.0,0.0
2026-09-30 02:44:00-04:00,4.580399990081787,4.583499908447266,4.580399990081787,4.5817999839782715,4.5817999839782715,11,0.0,0.0
2026-09-30 02:45:00-04:00,4.58620023727417,4.5904998779296875,4.586100101470947,4.5904998779296875,4.5904998779296875,13,0.0,0.0
2026-09-30 02:46:00-04:00,4.588799953460693,4.599699974060059,4.588200092315674,4.59630012512207,4.59630012512207,34,0.0,0.0
2026-09-30 02:47:00-04:00,4.594799995422363,4.595300197601318,4.59060001373291,4.595300197601318,4.595300197601318,35,0.0,0.0
2026-09-30 02:48:00-04:00,4.596499919891357,4.59660005569458,4.592800140380859,4.594099998474121,4.594099998474121,8,0.0,0.0
2026-09-30 02:49:00-04:00,4.595300197601318,4.595300197601318,4.589700222015381,4.589700222015381,4.589700222015381,19,0.0,0.0
2026-09-30 02:50:00-04:00,4.589099884033203,4.5904998779296875,4.588200092315674,4.588200092315674,4.588200092315674,8,0.0,0.0
2026-09-30 02:51:00-04:00,4.590199947357178,4.592199802398682,4.589099884033203,4.592199802398682,4.592199802398682,6,0.0,0.0
2026-09-30 02:52:00-04:00,4.5929999351501465,4.5970001220703125,4.592899799346924,4.5970001220703125,4.5970001220703125,7,0.0,0.0
2026-09-30 02:53:00-04:00,4.598100185394287,4.599999904632568,4.594799995422363,4.5970001220703125,4.5970001220703125,39,0.0,0.0
2026-09-30 02:54:00-04:00,4.595600128173828,4.596499919891357,4.5945000648498535,4.5945000648498535,4.5945000648498535,5,0.0,0.0
2026-09-30 02:55:00-04:00,4.593200206756592,4.595600128173828,4.593200206756592,4.593500137329102,4.593500137329102,6,0.0,0.0
2026-09-30 02:56:00-04:00,4.59499979019165,4.59499979019165,4.59499979019165,4.59499979019165,4.59499979019165,5,0.0,0.0
2026-09-30 02:57:00-04:00,4.599999904632568,4.599999904632568,4.5991997718811035,4.5991997718811035,4.5991997718811035,2,0.0,0.0
2026-09-30 02:58:00-04:00,4.5971999168396,4.5971999168396,4.593500137329102,4.593999862670898,4.593999862670898,8,0.0,0.0
2026-09-30 02:59:00-04:00,4.5945000648498535,4.595300197601318,4.593500137329102,4.59499979019165,4.59499979019165,37,0.0,0.0
2026-09-30 03:00:00-04:00,4.598199844360352,4.598199844360352,4.591400146484375,4.591400146484375,4.591400146484375,8,0.0,0.0
2026-09-30 03:01:00-04:00,4.59119987487793,4.593900203704834,4.59119987487793,4.59250020980835,4.59250020980835,104,0.0,0.0
2026-09-30 03:02:00-04:00,4.571199893951416,4.573699951171875,4.571199893951416,4.573699951171875,4.573699951171875,4,0.0,0.0
2026-09-30 03:03:00-04:00,4.57390022277832,4.578400135040283,4.5731000900268555,4.578400135040283,4.578400135040283,7,0.0,0.0
2026-09-30 03:04:00-04:00,4.576700210571289,4.576700210571289,4.5746002197265625,4.5746002197265625,4.5746002197265625,13,0.0,0.0
2026-09-30 03:05:00-04:00,4.573299884796143,4.573299884796143,4.563899993896484,4.563899993896484,4.563899993896484,16,0.0,0.0
2026-09-30 03:06:00-04:00,4.568600177764893,4.570899963378906,4.568600177764893,4.569799900054932,4.569799900054932,7,0.0,0.0
2026-09-30 03:07:00-04:00,4.570499897003174,4.570499897003174,4.570499897003174,4.570499897003174,4.570499897003174,1,0.0,0.0
2026-09-30 03:08:00-04:00,4.570000171661377,4.573800086975098,4.570000171661377,4.573599815368652,4.573599815368652,12,0.0,0.0
2026-09-30 03:09:00-04:00,4.572500228881836,4.572500228881836,4.567999839782715,4.567999839782715,4.567999839782715,4,0.0,0.0
2026-09-30 03:10:00-04:00,4.566999912261963,4.566999912261963,4.566999912261963,4.566999912261963,4.566999912261963,1,0.0,0.0
2026-09-30 03:11:00-04:00,4.566500186920166,4.575200080871582,4.564199924468994,4.571700096130371,4.571700096130371,11,0.0,0.0
2026-09-30 03:12:00-04:00,4.568999767303467,4.571300029754639,4.568999767303467,4.571300029754639,4.571300029754639,3,0.0,0.0
2026-09-30 03:13:00-04:00,4.575300216674805,4.575300216674805,4.572199821472168,4.572199821472168,4.572199821472168,8,0.0,0.0
2026-09-30 03:14:00-04:00,4.572400093078613,4.572400093078613,4.572400093078613,4.572400093078613,4.572400093078613,2,0.0,0.0
2026-09-30 03:16:00-04:00,4.574999809265137,4.574999809265137,4.559999942779541,4.559999942779541,4.559999942779541,16,0.0,0.0
2026-09-30 03:17:00-04:00,4.561100006103516,4.56279993057251,4.561100006103516,4.56279993057251,4.56279993057251,3,0.0,0.0
2026-09-30 03:18:00-04:00,4.5640997886657715,4.5640997886657715,4.5640997886657715,4.5640997886657715,4.5640997886657715,1,0.0,0.0
2026-09-30 03:20:00-04:00,4.556700229644775,4.560800075531006,4.556099891662598,4.560800075531006,4.560800075531006,6,0.0,0.0
2026-09-30 03:21:00-04:00,4.564300060272217,4.564300060272217,4.559599876403809,4.559599876403809,4.559599876403809,6,0.0,0.0
2026-09-30 03:22:00-04:00,4.559800148010254,4.559800148010254,4.557000160217285,4.557600021362305,4.557600021362305,14,0.0,0.0
2026-09-30 03:23:00-04:00,4.559500217437744,4.5605998039245605,4.559500217437744,4.5605998039245605,4.5605998039245605,2,0.0,0.0
2026-09-30 03:25:00-04:00,4.558899879455566,4.558899879455566,4.558899879455566,4.558899879455566,4.558899879455566,1,0.0,0.0
2026-09-30 03:26:00-04:00,4.5594000816345215,4.5594000816345215,4.5594000816345215,4.5594000816345215,4.5594000816345215,1,0.0,0.0
2026-09-30 03:27:00-04:00,4.561699867248535,4.570000171661377,4.561699867248535,4.570000171661377,4.570000171661377,17,0.0,0.0
2026-09-30 03:28:00-04:00,4.572700023651123,4.576900005340576,4.572000026702881,4.576900005340576,4.576900005340576,7,0.0,0.0
2026-09-30 03:29:00-04:00,4.578100204467773,4.579899787902832,4.578100204467773,4.5792999267578125,4.5792999267578125,8,0.0,0.0
2026-09-30 03:30:00-04:00,4.575699806213379,4.575699806213379,4.572999954223633,4.572999954223633,4.572999954223633,3,0.0,0.0
2026-09-30 03:31:00-04:00,4.573200225830078,4.578999996185303,4.573200225830078,4.578999996185303,4.578999996185303,3,0.0,0.0
2026-09-30 03:33:00-04:00,4.565000057220459,4.565700054168701,4.565000057220459,4.565700054168701,4.565700054168701,2,0.0,0.0
2026-09-30 03:34:00-04:00,4.572400093078613,4.572400093078613,4.572299957275391,4.572299957275391,4.572299957275391,8,0.0,0.0
2026-09-30 03:36:00-04:00,4.569900035858154,4.569900035858154,4.569900035858154,4.569900035858154,4.569900035858154,1,0.0,0.0
2026-09-30 03:37:00-04:00,4.567999839782715,4.567999839782715,4.564899921417236,4.565000057220459,4.565000057220459,9,0.0,0.0
2026-09-30 03:38:00-04:00,4.5640997886657715,4.5706000328063965,4.563000202178955,4.5706000328063965,4.5706000328063965,23,0.0,0.0
2026-09-30 03:39:00-04:00,4.567599773406982,4.572800159454346,4.567599773406982,4.569799900054932,4.569799900054932,4,0.0,0.0
2026-09-30 03:40:00-04:00,4.571800231933594,4.575200080871582,4.571199893951416,4.574399948120117,4.574399948120117,53,0.0,0.0
2026-09-30 03:41:00-04:00,4.57450008392334,4.578000068664551,4.57450008392334,4.577000141143799,4.577000141143799,42,0.0,0.0
2026-09-30 03:42:00-04:00,4.578000068664551,4.581600189208984,4.578000068664551,4.5802998542785645,4.5802998542785645,5,0.0,0.0
2026-09-30 03:43:00-04:00,4.580100059509277,4.58519983291626,4.577000141143799,4.583499908447266,4.583499908447266,21,0.0,0.0
2026-09-30 03:44:00-04:00,4.579500198364258,4.579500198364258,4.579500198364258,4.579500198364258,4.579500198364258,2,0.0,0.0
2026-09-30 03:45:00-04:00,4.58519983291626,4.58519983291626,4.584400177001953,4.584499835968018,4.584499835968018,4,0.0,0.0
2026-09-30 03:46:00-04:00,4.57919979095459,4.579699993133545,4.577300071716309,4.577899932861328,4.577899932861328,12,0.0,0.0
2026-09-30 03:47:00-04:00,4.577000141143799,4.578000068664551,4.576600074768066,4.576900005340576,4.576900005340576,25,0.0,0.0
2026-09-30 03:48:00-04:00,4.57919979095459,4.5792999267578125,4.57919979095459,4.5792999267578125,4.5792999267578125,4,0.0,0.0
2026-09-30 03:49:00-04:00,4.5767998695373535,4.577400207519531,4.5767998695373535,4.577400207519531,4.577400207519531,2,0.0,0.0
2026-09-30 03:51:00-04:00,4.573400020599365,4.575200080871582,4.572000026702881,4.575200080871582,4.575200080871582,9,0.0,0.0
2026-09-30 03:52:00-04:00,4.577000141143799,4.577000141143799,4.576200008392334,4.576200008392334,4.576200008392334,3,0.0,0.0
2026-09-30 03:53:00-04:00,4.58050012588501,4.590000152587891,4.58050012588501,4.5883002281188965,4.5883002281188965,16,0.0,0.0
2026-09-30 03:54:00-04:00,4.589700222015381,4.593999862670898,4.589700222015381,4.593999862670898,4.593999862670898,14,0.0,0.0
2026-09-30 03:55:00-04:00,4.595399856567383,4.603000164031982,4.595300197601318,4.602099895477295,4.602099895477295,24,0.0,0.0
2026-09-30 03:56:00-04:00,4.601600170135498,4.605999946594238,4.601099967956543,4.601099967956543,4.601099967956543,55,0.0,0.0
2026-09-30 03:57:00-04:00,4.597899913787842,4.599699974060059,4.597899913787842,4.599699974060059,4.599699974060059,9,0.0,0.0
2026-09-30 03:58:00-04:00,4.605599880218506,4.606800079345703,4.603099822998047,4.606800079345703,4.606800079345703,14,0.0,0.0
2026-09-30 03:59:00-04:00,4.605000019073486,4.61359977722168,4.605000019073486,4.61359977722168,4.61359977722168,15,0.0,0.0
2026-09-30 04:00:00-04:00,4.614099979400635,4.614099979400635,4.609899997711182,4.609899997711182,4.609899997711182,13,0.0,0.0
2026-09-30 04:01:00-04:00,4.612100124359131,4.612100124359131,4.601500034332275,4.6041998863220215,4.6041998863220215,54,0.0,0.0
2026-09-30 04:02:00-04:00,4.6020002365112305,4.6020002365112305,4.6020002365112305,4.6020002365112305,4.6020002365112305,1,0.0,0.0
2026-09-30 04:03:00-04:00,4.60290002822876,4.60290002822876,4.597899913787842,4.599299907684326,4.599299907684326,33,0.0,0.0
2026-09-30 04:04:00-04:00,4.603700160980225,4.612199783325195,4.603499889373779,4.612199783325195,4.612199783325195,11,0.0,0.0
2026-09-30 04:05:00-04:00,4.615300178527832,4.621699810028076,4.613800048828125,4.613800048828125,4.613800048828125,86,0.0,0.0
2026-09-30 04:06:00-04:00,4.616399765014648,4.618199825286865,4.615600109100342,4.617099761962891,4.617099761962891,13,0.0,0.0
2026-09-30 04:07:00-04:00,4.61870002746582,4.618800163269043,4.612800121307373,4.612800121307373,4.612800121307373,11,0.0,0.0
2026-09-30 04:08:00-04:00,4.60890007019043,4.60890007019043,4.60890007019043,4.60890007019043,4.60890007019043,4,0.0,0.0
2026-09-30 04:09:00-04:00,4.610799789428711,4.614299774169922,4.610300064086914,4.610300064086914,4.610300064086914,12,0.0,0.0
2026-09-30 04:10:00-04:00,4.610400199890137,4.610499858856201,4.609499931335449,4.609600067138672,4.609600067138672,21,0.0,0.0
2026-09-30 04:11:00-04:00,4.613699913024902,4.6149001121521,4.609399795532227,4.609399795532227,4.609399795532227,21,0.0,0.0
2026-09-30 04:12:00-04:00,4.607999801635742,4.610599994659424,4.606400012969971,4.610599994659424,4.610599994659424,15,0.0,0.0
2026-09-30 04:13:00-04:00,4.6097002029418945,4.614500045776367,4.6072001457214355,4.614500045776367,4.614500045776367,4,0.0,0.0
2026-09-30 04:14:00-04:00,4.615799903869629,4.616499900817871,4.6143999099731445,4.614500045776367,4.614500045776367,8,0.0,0.0
2026-09-30 04:15:00-04:00,4.6132001876831055,4.6153998374938965,4.613100051879883,4.613100051879883,4.613100051879883,11,0.0,0.0
2026-09-30 04:16:00-04:00,4.613999843597412,4.61460018157959,4.6057000160217285,4.6057000160217285,4.6057000160217285,26,0.0,0.0
2026-09-30 04:17:00-04:00,4.604000091552734,4.611499786376953,4.604000091552734,4.60830020904541,4.60830020904541,13,0.0,0.0
2026-09-30 04:18:00-04:00,4.599999904632568,4.6020002365112305,4.598999977111816,4.6020002365112305,4.6020002365112305,6,0.0,0.0
2026-09-30 04:19:00-04:00,4.6006999015808105,4.610799789428711,4.6006999015808105,4.610799789428711,4.610799789428711,9,0.0,0.0
2026-09-30 04:20:00-04:00,4.610099792480469,4.614099979400635,4.610099792480469,4.6118998527526855,4.6118998527526855,5,0.0,0.0
2026-09-30 04:21:00-04:00,4.610499858856201,4.610499858856201,4.607800006866455,4.607800006866455,4.607800006866455,5,0.0,0.0
2026-09-30 04:22:00-04:00,4.610199928283691,4.613999843597412,4.608699798583984,4.61329984664917,4.61329984664917,5,0.0,0.0
2026-09-30 04:23:00-04:00,4.614200115203857,4.616499900817871,4.614200115203857,4.616499900817871,4.616499900817871,4,0.0,0.0
2026-09-30 04:24:00-04:00,4.615200042724609,4.617099761962891,4.61460018157959,4.615499973297119,4.615499973297119,45,0.0,0.0
2026-09-30 04:25:00-04:00,4.615600109100342,4.621399879455566,4.615600109100342,4.619699954986572,4.619699954986572,27,0.0,0.0
2026-09-30 04:26:00-04:00,4.6203999519348145,4.6203999519348145,4.615799903869629,4.617800235748291,4.617800235748291,10,0.0,0.0
2026-09-30 04:27:00-04:00,4.618500232696533,4.622900009155273,4.616799831390381,4.616799831390381,4.616799831390381,16,0.0,0.0
2026-09-30 04:28:00-04:00,4.62060022354126,4.621799945831299,4.619500160217285,4.619500160217285,4.619500160217285,8,0.0,0.0
2026-09-30 04:29:00-04:00,4.622900009155273,4.625,4.62060022354126,4.623700141906738,4.623700141906738,30,0.0,0.0
2026-09-30 04:30:00-04:00,4.624100208282471,4.630099773406982,4.6203999519348145,4.626699924468994,4.626699924468994,28,0.0,0.0
2026-09-30 04:31:00-04:00,4.629199981689453,4.62939977645874,4.623000144958496,4.623499870300293,4.623499870300293,12,0.0,0.0
2026-09-30 04:32:00-04:00,4.6234002113342285,4.624100208282471,4.6143999099731445,4.616000175476074,4.616000175476074,26,0.0,0.0
2026-09-30 04:33:00-04:00,4.616000175476074,4.61929988861084,4.613100051879883,4.613100051879883,4.613100051879883,25,0.0,0.0
2026-09-30 04:34:00-04:00,4.612299919128418,4.612299919128418,4.604300022125244,4.607399940490723,4.607399940490723,19,0.0,0.0
2026-09-30 04:35:00-04:00,4.611499786376953,4.617199897766113,4.611299991607666,4.617199897766113,4.617199897766113,13,0.0,0.0
2026-09-30 04:36:00-04:00,4.61899995803833,4.620699882507324,4.613900184631348,4.617199897766113,4.617199897766113,11,0.0,0.0
2026-09-30 04:37:00-04:00,4.615799903869629,4.615799903869629,4.614999771118164,4.615200042724609,4.615200042724609,6,0.0,0.0
2026-09-30 04:38:00-04:00,4.6178998947143555,4.6178998947143555,4.615300178527832,4.615300178527832,4.615300178527832,3,0.0,0.0
2026-09-30 04:39:00-04:00,4.616099834442139,4.616099834442139,4.612400054931641,4.614099979400635,4.614099979400635,7,0.0,0.0
2026-09-30 04:40:00-04:00,4.620699882507324,4.620800018310547,4.613999843597412,4.613999843597412,4.613999843597412,10,0.0,0.0
2026-09-30 04:41:00-04:00,4.618599891662598,4.618599891662598,4.616799831390381,4.616799831390381,4.616799831390381,2,0.0,0.0
2026-09-30 04:42:00-04:00,4.624100208282471,4.624499797821045,4.617800235748291,4.617800235748291,4.617800235748291,9,0.0,0.0
2026-09-30 04:43:00-04:00,4.617300033569336,4.619100093841553,4.616000175476074,4.61899995803833,4.61899995803833,6,0.0,0.0
2026-09-30 04:44:00-04:00,4.6194000244140625,4.620699882507324,4.61899995803833,4.62060022354126,4.62060022354126,16,0.0,0.0
2026-09-30 04:45:00-04:00,4.619800090789795,4.623600006103516,4.61870002746582,4.623000144958496,4.623000144958496,17,0.0,0.0
2026-09-30 04:46:00-04:00,4.618599891662598,4.618599891662598,4.618000030517578,4.6184000968933105,4.6184000968933105,5,0.0,0.0
2026-09-30 04:48:00-04:00,4.621200084686279,4.621200084686279,4.618800163269043,4.618899822235107,4.618899822235107,10,0.0,0.0
2026-09-30 04:49:00-04:00,4.6194000244140625,4.6194000244140625,4.616499900817871,4.616499900817871,4.616499900817871,3,0.0,0.0
2026-09-30 04:50:00-04:00,4.618100166320801,4.619900226593018,4.616300106048584,4.619900226593018,4.619900226593018,8,0.0,0.0
2026-09-30 04:51:00-04:00,4.618299961090088,4.620299816131592,4.618299961090088,4.620299816131592,4.620299816131592,6,0.0,0.0
2026-09-30 04:52:00-04:00,4.630000114440918,4.630000114440918,4.627600193023682,4.629799842834473,4.629799842834473,12,0.0,0.0
2026-09-30 04:54:00-04:00,4.634399890899658,4.646399974822998,4.634399890899658,4.643899917602539,4.643899917602539,51,0.0,0.0
2026-09-30 04:55:00-04:00,4.643799781799316,4.6442999839782715,4.643799781799316,4.644199848175049,4.644199848175049,3,0.0,0.0
2026-09-30 04:56:00-04:00,4.646299839019775,4.6483001708984375,4.6427001953125,4.644400119781494,4.644400119781494,18,0.0,0.0
2026-09-30 04:57:00-04:00,4.646500110626221,4.656400203704834,4.645899772644043,4.656000137329102,4.656000137329102,21,0.0,0.0
2026-09-30 04:58:00-04:00,4.656899929046631,4.657199859619141,4.65369987487793,4.657199859619141,4.657199859619141,11,0.0,0.0
2026-09-30 04:59:00-04:00,4.656400203704834,4.656899929046631,4.655099868774414,4.655600070953369,4.655600070953369,17,0.0,0.0
2026-09-30 05:00:00-04:00,4.655600070953369,4.657700061798096,4.652100086212158,4.654799938201904,4.654799938201904,32,0.0,0.0
2026-09-30 05:01:00-04:00,4.654900074005127,4.656700134277344,4.65339994430542,4.654699802398682,4.654699802398682,15,0.0,0.0
2026-09-30 05:02:00-04:00,4.653800010681152,4.656199932098389,4.651299953460693,4.65339994430542,4.65339994430542,12,0.0,0.0
2026-09-30 05:03:00-04:00,4.651700019836426,4.651700019836426,4.643599987030029,4.6458001136779785,4.6458001136779785,11,0.0,0.0
2026-09-30 05:04:00-04:00,4.651400089263916,4.653500080108643,4.649799823760986,4.653500080108643,4.653500080108643,28,0.0,0.0
2026-09-30 05:05:00-04:00,4.654600143432617,4.6554999351501465,4.652400016784668,4.652400016784668,4.652400016784668,9,0.0,0.0
2026-09-30 05:06:00-04:00,4.6579999923706055,4.659999847412109,4.657899856567383,4.657899856567383,4.657899856567383,35,0.0,0.0
2026-09-30 05:07:00-04:00,4.657299995422363,4.657400131225586,4.655200004577637,4.655700206756592,4.655700206756592,14,0.0,0.0
2026-09-30 05:08:00-04:00,4.656199932098389,4.656199932098389,4.651599884033203,4.653800010681152,4.653800010681152,12,0.0,0.0
2026-09-30 05:09:00-04:00,4.660299777984619,4.660299777984619,4.658599853515625,4.658599853515625,4.658599853515625,5,0.0,0.0
2026-09-30 05:10:00-04:00,4.658899784088135,4.659299850463867,4.655799865722656,4.657599925994873,4.657599925994873,13,0.0,0.0
2026-09-30 05:11:00-04:00,4.658599853515625,4.666600227355957,4.658599853515625,4.6656999588012695,4.6656999588012695,42,0.0,0.0
2026-09-30 05:12:00-04:00,4.666600227355957,4.668600082397461,4.6631999015808105,4.667300224304199,4.667300224304199,34,0.0,0.0
2026-09-30 05:13:00-04:00,4.665800094604492,4.665800094604492,4.661799907684326,4.662399768829346,4.662399768829346,11,0.0,0.0
2026-09-30 05:14:00-04:00,4.660900115966797,4.662300109863281,4.6579999923706055,4.660099983215332,4.660099983215332,11,0.0,0.0
2026-09-30 05:15:00-04:00,4.660099983215332,4.662199974060059,4.658199787139893,4.658199787139893,4.658199787139893,12,0.0,0.0
2026-09-30 05:16:00-04:00,4.65939998626709,4.6605000495910645,4.65939998626709,4.660399913787842,4.660399913787842,5,0.0,0.0
2026-09-30 05:17:00-04:00,4.660900115966797,4.661399841308594,4.6595001220703125,4.660900115966797,4.660900115966797,14,0.0,0.0
2026-09-30 05:18:00-04:00,4.662399768829346,4.662399768829346,4.65500020980835,4.65500020980835,4.65500020980835,11,0.0,0.0
2026-09-30 05:19:00-04:00,4.657299995422363,4.660999774932861,4.657199859619141,4.657199859619141,4.657199859619141,13,0.0,0.0
2026-09-30 05:20:00-04:00,4.659299850463867,4.659299850463867,4.656300067901611,4.656300067901611,4.656300067901611,7,0.0,0.0
2026-09-30 05:21:00-04:00,4.6579999923706055,4.661399841308594,4.6579999923706055,4.660099983215332,4.660099983215332,5,0.0,0.0
2026-09-30 05:22:00-04:00,4.661099910736084,4.666500091552734,4.661099910736084,4.666500091552734,4.666500091552734,6,0.0,0.0
2026-09-30 05:23:00-04:00,4.66480016708374,4.66540002822876,4.66480016708374,4.66540002822876,4.66540002822876,2,0.0,0.0
2026-09-30 05:24:00-04:00,4.664700031280518,4.664700031280518,4.664700031280518,4.664700031280518,4.664700031280518,1,0.0,0.0
2026-09-30 05:25:00-04:00,4.664599895477295,4.666600227355957,4.664599895477295,4.665999889373779,4.665999889373779,5,0.0,0.0
2026-09-30 05:26:00-04:00,4.666100025177002,4.676700115203857,4.666100025177002,4.676700115203857,4.676700115203857,51,0.0,0.0
2026-09-30 05:27:00-04:00,4.673399925231934,4.673399925231934,4.66349983215332,4.663599967956543,4.663599967956543,52,0.0,0.0
2026-09-30 05:28:00-04:00,4.662700176239014,4.662700176239014,4.65749979019165,4.65749979019165,4.65749979019165,12,0.0,0.0
2026-09-30 05:29:00-04:00,4.657599925994873,4.658599853515625,4.656099796295166,4.656099796295166,4.656099796295166,10,0.0,0.0
2026-09-30 05:30:00-04:00,4.657599925994873,4.657599925994873,4.654300212860107,4.656099796295166,4.656099796295166,10,0.0,0.0
2026-09-30 05:31:00-04:00,4.647799968719482,4.651299953460693,4.646699905395508,4.64900016784668,4.64900016784668,24,0.0,0.0
2026-09-30 05:32:00-04:00,4.650100231170654,4.650400161743164,4.646999835968018,4.646999835968018,4.646999835968018,17,0.0,0.0
2026-09-30 05:33:00-04:00,4.647299766540527,4.651299953460693,4.6468000411987305,4.651299953460693,4.651299953460693,5,0.0,0.0
2026-09-30 05:34:00-04:00,4.649199962615967,4.651400089263916,4.64870023727417,4.650300025939941,4.650300025939941,8,0.0,0.0
2026-09-30 05:35:00-04:00,4.649799823760986,4.649799823760986,4.648799896240234,4.648799896240234,4.648799896240234,4,0.0,0.0
2026-09-30 05:36:00-04:00,4.650700092315674,4.6508002281188965,4.646100044250488,4.648499965667725,4.648499965667725,14,0.0,0.0
2026-09-30 05:37:00-04:00,4.649600028991699,4.649600028991699,4.649600028991699,4.649600028991699,4.649600028991699,4,0.0,0.0
2026-09-30 05:38:00-04:00,4.648099899291992,4.649700164794922,4.648099899291992,4.649700164794922,4.649700164794922,4,0.0,0.0
2026-09-30 05:39:00-04:00,4.655399799346924,4.657899856567383,4.653200149536133,4.657899856567383,4.657899856567383,9,0.0,0.0
2026-09-30 05:40:00-04:00,4.658999919891357,4.663300037384033,4.658999919891357,4.662499904632568,4.662499904632568,23,0.0,0.0
2026-09-30 05:41:00-04:00,4.659900188446045,4.664299964904785,4.659900188446045,4.663599967956543,4.663599967956543,10,0.0,0.0
2026-09-30 05:42:00-04:00,4.6620001792907715,4.663300037384033,4.659599781036377,4.660999774932861,4.660999774932861,17,0.0,0.0
2026-09-30 05:43:00-04:00,4.661600112915039,4.6620001792907715,4.661600112915039,4.6620001792907715,4.6620001792907715,3,0.0,0.0
2026-09-30 05:44:00-04:00,4.66949987411499,4.66949987411499,4.667699813842773,4.667699813842773,4.667699813842773,9,0.0,0.0
2026-09-30 05:45:00-04:00,4.667200088500977,4.667200088500977,4.663300037384033,4.663300037384033,4.663300037384033,11,0.0,0.0
2026-09-30 05:46:00-04:00,4.667699813842773,4.667699813842773,4.663000106811523,4.663099765777588,4.663099765777588,11,0.0,0.0
2026-09-30 05:47:00-04:00,4.6616997718811035,4.6616997718811035,4.656000137329102,4.658100128173828,4.658100128173828,21,0.0,0.0
2026-09-30 05:48:00-04:00,4.6570000648498535,4.6596999168396,4.6570000648498535,4.657100200653076,4.657100200653076,13,0.0,0.0
2026-09-30 05:49:00-04:00,4.657800197601318,4.6596999168396,4.657800197601318,4.6596999168396,4.6596999168396,8,0.0,0.0
2026-09-30 05:50:00-04:00,4.65910005569458,4.659599781036377,4.658599853515625,4.659599781036377,4.659599781036377,3,0.0,0.0
2026-09-30 05:51:00-04:00,4.65880012512207,4.659900188446045,4.656599998474121,4.656599998474121,4.656599998474121,9,0.0,0.0
2026-09-30 05:52:00-04:00,4.659599781036377,4.659599781036377,4.655300140380859,4.655300140380859,4.655300140380859,17,0.0,0.0
2026-09-30 05:53:00-04:00,4.657800197601318,4.657800197601318,4.655900001525879,4.655900001525879,4.655900001525879,9,0.0,0.0
2026-09-30 05:54:00-04:00,4.655099868774414,4.656700134277344,4.65500020980835,4.656700134277344,4.656700134277344,4,0.0,0.0
2026-09-30 05:55:00-04:00,4.655600070953369,4.656000137329102,4.652699947357178,4.654300212860107,4.654300212860107,18,0.0,0.0
2026-09-30 05:56:00-04:00,4.655399799346924,4.655399799346924,4.652599811553955,4.652599811553955,4.652599811553955,4,0.0,0.0
2026-09-30 05:57:00-04:00,4.652200222015381,4.653500080108643,4.651899814605713,4.652500152587891,4.652500152587891,7,0.0,0.0
2026-09-30 05:58:00-04:00,4.65500020980835,4.65500020980835,4.6539998054504395,4.654300212860107,4.654300212860107,18,0.0,0.0
2026-09-30 05:59:00-04:00,4.650100231170654,4.651800155639648,4.647799968719482,4.647799968719482,4.647799968719482,36,0.0,0.0
2026-09-30 06:00:00-04:00,4.646500110626221,4.649099826812744,4.645199775695801,4.649099826812744,4.649099826812744,21,0.0,0.0
2026-09-30 06:01:00-04:00,4.649199962615967,4.649899959564209,4.644400119781494,4.644400119781494,4.644400119781494,40,0.0,0.0
2026-09-30 06:02:00-04:00,4.646900177001953,4.647799968719482,4.642899990081787,4.643799781799316,4.643799781799316,40,0.0,0.0
2026-09-30 06:03:00-04:00,4.643499851226807,4.643700122833252,4.642000198364258,4.642000198364258,4.642000198364258,23,0.0,0.0
2026-09-30 06:04:00-04:00,4.643400192260742,4.645100116729736,4.6427001953125,4.6427001953125,4.6427001953125,50,0.0,0.0
2026-09-30 06:05:00-04:00,4.6442999839782715,4.6442999839782715,4.6381001472473145,4.639200210571289,4.639200210571289,31,0.0,0.0
2026-09-30 06:06:00-04:00,4.639900207519531,4.639900207519531,4.6371002197265625,4.639200210571289,4.639200210571289,23,0.0,0.0
2026-09-30 06:07:00-04:00,4.638299942016602,4.639200210571289,4.637199878692627,4.637400150299072,4.637400150299072,29,0.0,0.0
2026-09-30 06:08:00-04:00,4.638599872589111,4.638700008392334,4.63700008392334,4.63700008392334,4.63700008392334,9,0.0,0.0
2026-09-30 06:09:00-04:00,4.637700080871582,4.6468000411987305,4.637700080871582,4.646500110626221,4.646500110626221,23,0.0,0.0
2026-09-30 06:10:00-04:00,4.648499965667725,4.648600101470947,4.644700050354004,4.644700050354004,4.644700050354004,16,0.0,0.0
2026-09-30 06:11:00-04:00,4.645100116729736,4.6468000411987305,4.644999980926514,4.644999980926514,4.644999980926514,36,0.0,0.0
2026-09-30 06:12:00-04:00,4.644800186157227,4.644999980926514,4.643400192260742,4.644000053405762,4.644000053405762,17,0.0,0.0
2026-09-30 06:13:00-04:00,4.644800186157227,4.644800186157227,4.641200065612793,4.642399787902832,4.642399787902832,12,0.0,0.0
2026-09-30 06:14:00-04:00,4.6427998542785645,4.652400016784668,4.6427998542785645,4.651000022888184,4.651000022888184,13,0.0,0.0
2026-09-30 06:15:00-04:00,4.6504998207092285,4.652500152587891,4.648499965667725,4.650100231170654,4.650100231170654,13,0.0,0.0
2026-09-30 06:16:00-04:00,4.65310001373291,4.654600143432617,4.65310001373291,4.654600143432617,4.654600143432617,7,0.0,0.0
2026-09-30 06:17:00-04:00,4.64870023727417,4.64870023727417,4.643199920654297,4.6442999839782715,4.6442999839782715,18,0.0,0.0
2026-09-30 06:18:00-04:00,4.645299911499023,4.645699977874756,4.640600204467773,4.643499851226807,4.643499851226807,28,0.0,0.0
2026-09-30 06:19:00-04:00,4.643499851226807,4.643499851226807,4.638299942016602,4.6402997970581055,4.6402997970581055,17,0.0,0.0
2026-09-30 06:20:00-04:00,4.642099857330322,4.643499851226807,4.642099857330322,4.643199920654297,4.643199920654297,11,0.0,0.0
2026-09-30 06:22:00-04:00,4.644000053405762,4.644000053405762,4.642000198364258,4.642000198364258,4.642000198364258,17,0.0,0.0
2026-09-30 06:23:00-04:00,4.640200138092041,4.640200138092041,4.640200138092041,4.640200138092041,4.640200138092041,2,0.0,0.0
2026-09-30 06:24:00-04:00,4.645899772644043,4.645899772644043,4.643499851226807,4.643499851226807,4.643499851226807,11,0.0,0.0
2026-09-30 06:25:00-04:00,4.642399787902832,4.642499923706055,4.639999866485596,4.64169979095459,4.64169979095459,10,0.0,0.0
2026-09-30 06:26:00-04:00,4.642099857330322,4.642600059509277,4.641600131988525,4.642600059509277,4.642600059509277,7,0.0,0.0
2026-09-30 06:27:00-04:00,4.642399787902832,4.643499851226807,4.635799884796143,4.641499996185303,4.641499996185303,23,0.0,0.0
2026-09-30 06:28:00-04:00,4.639999866485596,4.64109992980957,4.639999866485596,4.64109992980957,4.64109992980957,5,0.0,0.0
2026-09-30 06:29:00-04:00,4.637599945068359,4.639699935913086,4.637599945068359,4.638199806213379,4.638199806213379,9,0.0,0.0
2026-09-30 06:30:00-04:00,4.638199806213379,4.646599769592285,4.6381001472473145,4.646599769592285,4.646599769592285,14,0.0,0.0
2026-09-30 06:31:00-04:00,4.64900016784668,4.650000095367432,4.643899917602539,4.648499965667725,4.648499965667725,19,0.0,0.0
2026-09-30 06:33:00-04:00,4.651299953460693,4.651299953460693,4.651299953460693,4.651299953460693,4.651299953460693,4,0.0,0.0
2026-09-30 06:34:00-04:00,4.655900001525879,4.6570000648498535,4.654699802398682,4.6570000648498535,4.6570000648498535,7,0.0,0.0
2026-09-30 06:35:00-04:00,4.653600215911865,4.656599998474121,4.653600215911865,4.656599998474121,4.656599998474121,2,0.0,0.0
2026-09-30 06:36:00-04:00,4.656000137329102,4.6579999923706055,4.654900074005127,4.655700206756592,4.655700206756592,8,0.0,0.0
2026-09-30 06:38:00-04:00,4.6519999504089355,4.6519999504089355,4.651800155639648,4.6519999504089355,4.6519999504089355,2,0.0,0.0
2026-09-30 06:39:00-04:00,4.651500225067139,4.651500225067139,4.646100044250488,4.646100044250488,4.646100044250488,10,0.0,0.0
2026-09-30 06:40:00-04:00,4.651100158691406,4.651100158691406,4.651100158691406,4.651100158691406,4.651100158691406,2,0.0,0.0
2026-09-30 06:41:00-04:00,4.656599998474121,4.656599998474121,4.656599998474121,4.656599998474121,4.656599998474121,18,0.0,0.0
2026-09-30 06:42:00-04:00,4.65500020980835,4.659299850463867,4.65500020980835,4.6585001945495605,4.6585001945495605,20,0.0,0.0
2026-09-30 06:43:00-04:00,4.659999847412109,4.659999847412109,4.654200077056885,4.654200077056885,4.654200077056885,14,0.0,0.0
2026-09-30 06:44:00-04:00,4.652100086212158,4.653200149536133,4.652100086212158,4.652500152587891,4.652500152587891,5,0.0,0.0
2026-09-30 06:45:00-04:00,4.652599811553955,4.652900218963623,4.652599811553955,4.652900218963623,4.652900218963623,4,0.0,0.0
2026-09-30 06:46:00-04:00,4.653600215911865,4.653600215911865,4.651899814605713,4.651899814605713,4.651899814605713,13,0.0,0.0
2026-09-30 06:47:00-04:00,4.6539998054504395,4.660299777984619,4.652599811553955,4.660099983215332,4.660099983215332,7,0.0,0.0
2026-09-30 06:48:00-04:00,4.6596999168396,4.660799980163574,4.657299995422363,4.657299995422363,4.657299995422363,4,0.0,0.0
2026-09-30 06:50:00-04:00,4.6579999923706055,4.6579999923706055,4.6579999923706055,4.6579999923706055,4.6579999923706055,1,0.0,0.0
2026-09-30 06:51:00-04:00,4.662799835205078,4.662799835205078,4.661499977111816,4.661499977111816,4.661499977111816,2,0.0,0.0
2026-09-30 06:52:00-04:00,4.662399768829346,4.664000034332275,4.662399768829346,4.663300037384033,4.663300037384033,5,0.0,0.0
2026-09-30 06:53:00-04:00,4.662199974060059,4.666200160980225,4.662199974060059,4.66540002822876,4.66540002822876,19,0.0,0.0
2026-09-30 06:54:00-04:00,4.667500019073486,4.670400142669678,4.667300224304199,4.667399883270264,4.667399883270264,26,0.0,0.0
2026-09-30 06:55:00-04:00,4.6666998863220215,4.668300151824951,4.666600227355957,4.668300151824951,4.668300151824951,13,0.0,0.0
2026-09-30 06:56:00-04:00,4.666900157928467,4.667500019073486,4.666600227355957,4.667500019073486,4.667500019073486,5,0.0,0.0
2026-09-30 06:57:00-04:00,4.667399883270264,4.669600009918213,4.667399883270264,4.669600009918213,4.669600009918213,5,0.0,0.0
2026-09-30 06:58:00-04:00,4.6707000732421875,4.6707000732421875,4.668000221252441,4.668000221252441,4.668000221252441,6,0.0,0.0
2026-09-30 06:59:00-04:00,4.669899940490723,4.6707000732421875,4.669899940490723,4.6707000732421875,4.6707000732421875,7,0.0,0.0
2026-09-30 07:00:00-04:00,4.670000076293945,4.673299789428711,4.670000076293945,4.671999931335449,4.671999931335449,25,0.0,0.0
2026-09-30 07:01:00-04:00,4.67140007019043,4.673500061035156,4.670599937438965,4.671000003814697,4.671000003814697,17,0.0,0.0
2026-09-30 07:02:00-04:00,4.670400142669678,4.673699855804443,4.670400142669678,4.673699855804443,4.673699855804443,18,0.0,0.0
2026-09-30 07:03:00-04:00,4.674200057983398,4.674900054931641,4.672299861907959,4.673399925231934,4.673399925231934,13,0.0,0.0
2026-09-30 07:04:00-04:00,4.673999786376953,4.676599979400635,4.673999786376953,4.676499843597412,4.676499843597412,21,0.0,0.0
2026-09-30 07:05:00-04:00,4.678800106048584,4.683199882507324,4.6778998374938965,4.679200172424316,4.679200172424316,42,0.0,0.0
2026-09-30 07:06:00-04:00,4.679999828338623,4.681399822235107,4.679999828338623,4.681399822235107,4.681399822235107,8,0.0,0.0
2026-09-30 07:07:00-04:00,4.684899806976318,4.68779993057251,4.683300018310547,4.686699867248535,4.686699867248535,41,0.0,0.0
2026-09-30 07:08:00-04:00,4.685999870300293,4.692800045013428,4.685999870300293,4.690000057220459,4.690000057220459,76,0.0,0.0
2026-09-30 07:09:00-04:00,4.688600063323975,4.693900108337402,4.6880998611450195,4.693900108337402,4.693900108337402,64,0.0,0.0
2026-09-30 07:10:00-04:00,4.693699836730957,4.693699836730957,4.6880998611450195,4.6880998611450195,4.6880998611450195,32,0.0,0.0
2026-09-30 07:11:00-04:00,4.686999797821045,4.687900066375732,4.684599876403809,4.687600135803223,4.687600135803223,21,0.0,0.0
2026-09-30 07:12:00-04:00,4.688399791717529,4.691299915313721,4.688399791717529,4.6905999183654785,4.6905999183654785,15,0.0,0.0
2026-09-30 07:13:00-04:00,4.6915998458862305,4.693600177764893,4.690999984741211,4.693299770355225,4.693299770355225,29,0.0,0.0
2026-09-30 07:14:00-04:00,4.695000171661377,4.695000171661377,4.691800117492676,4.69290018081665,4.69290018081665,14,0.0,0.0
2026-09-30 07:15:00-04:00,4.6946001052856445,4.6956000328063965,4.691999912261963,4.693900108337402,4.693900108337402,19,0.0,0.0
2026-09-30 07:16:00-04:00,4.693600177764893,4.6940999031066895,4.692299842834473,4.692999839782715,4.692999839782715,23,0.0,0.0
2026-09-30 07:17:00-04:00,4.693999767303467,4.701200008392334,4.693399906158447,4.700200080871582,4.700200080871582,120,0.0,0.0
2026-09-30 07:18:00-04:00,4.700300216674805,4.702400207519531,4.698599815368652,4.702199935913086,4.702199935913086,52,0.0,0.0
2026-09-30 07:19:00-04:00,4.702600002288818,4.706999778747559,4.701099872589111,4.706200122833252,4.706200122833252,41,0.0,0.0
2026-09-30 07:20:00-04:00,4.705699920654297,4.710000038146973,4.705599784851074,4.708799839019775,4.708799839019775,38,0.0,0.0
2026-09-30 07:21:00-04:00,4.70989990234375,4.710400104522705,4.708399772644043,4.7093000411987305,4.7093000411987305,20,0.0,0.0
2026-09-30 07:22:00-04:00,4.709799766540527,4.710599899291992,4.703400135040283,4.703400135040283,4.703400135040283,31,0.0,0.0
2026-09-30 07:23:00-04:00,4.702700138092041,4.7042999267578125,4.701700210571289,4.703999996185303,4.703999996185303,29,0.0,0.0
2026-09-30 07:24:00-04:00,4.70419979095459,4.707200050354004,4.70419979095459,4.707099914550781,4.707099914550781,63,0.0,0.0
2026-09-30 07:25:00-04:00,4.706399917602539,4.706500053405762,4.703000068664551,4.705699920654297,4.705699920654297,34,0.0,0.0
2026-09-30 07:26:00-04:00,4.705100059509277,4.709199905395508,4.705100059509277,4.708199977874756,4.708199977874756,17,0.0,0.0
2026-09-30 07:27:00-04:00,4.707499980926514,4.707499980926514,4.704899787902832,4.706900119781494,4.706900119781494,16,0.0,0.0
2026-09-30 07:28:00-04:00,4.707200050354004,4.708600044250488,4.703499794006348,4.706200122833252,4.706200122833252,38,0.0,0.0
2026-09-30 07:29:00-04:00,4.706500053405762,4.706699848175049,4.704699993133545,4.705599784851074,4.705599784851074,14,0.0,0.0
2026-09-30 07:30:00-04:00,4.71019983291626,4.717599868774414,4.71019983291626,4.7129998207092285,4.7129998207092285,64,0.0,0.0
2026-09-30 07:31:00-04:00,4.713600158691406,4.714399814605713,4.710700035095215,4.713500022888184,4.713500022888184,73,0.0,0.0
2026-09-30 07:32:00-04:00,4.715099811553955,4.718299865722656,4.714200019836426,4.718299865722656,4.718299865722656,31,0.0,0.0
2026-09-30 07:33:00-04:00,4.716400146484375,4.716400146484375,4.715099811553955,4.715099811553955,4.715099811553955,4,0.0,0.0
2026-09-30 07:34:00-04:00,4.714700222015381,4.715199947357178,4.713200092315674,4.713200092315674,4.713200092315674,56,0.0,0.0
2026-09-30 07:35:00-04:00,4.717100143432617,4.718500137329102,4.715400218963623,4.718500137329102,4.718500137329102,38,0.0,0.0
2026-09-30 07:36:00-04:00,4.722099781036377,4.724400043487549,4.720399856567383,4.720399856567383,4.720399856567383,25,0.0,0.0
2026-09-30 07:37:00-04:00,4.7204999923706055,4.72130012512207,4.718900203704834,4.720200061798096,4.720200061798096,17,0.0,0.0
2026-09-30 07:38:00-04:00,4.718500137329102,4.721499919891357,4.718500137329102,4.720699787139893,4.720699787139893,13,0.0,0.0
2026-09-30 07:39:00-04:00,4.719799995422363,4.7270002365112305,4.718999862670898,4.726200103759766,4.726200103759766,42,0.0,0.0
2026-09-30 07:40:00-04:00,4.725100040435791,4.728700160980225,4.724299907684326,4.727200031280518,4.727200031280518,9,0.0,0.0
2026-09-30 07:41:00-04:00,4.726600170135498,4.728799819946289,4.72629976272583,4.728799819946289,4.728799819946289,20,0.0,0.0
2026-09-30 07:42:00-04:00,4.729899883270264,4.733099937438965,4.728700160980225,4.733099937438965,4.733099937438965,47,0.0,0.0
2026-09-30 07:43:00-04:00,4.735000133514404,4.739200115203857,4.73390007019043,4.735099792480469,4.735099792480469,85,0.0,0.0
2026-09-30 07:44:00-04:00,4.735499858856201,4.736100196838379,4.732600212097168,4.73390007019043,4.73390007019043,22,0.0,0.0
2026-09-30 07:45:00-04:00,4.733699798583984,4.740099906921387,4.733699798583984,4.739699840545654,4.739699840545654,102,0.0,0.0
2026-09-30 07:46:00-04:00,4.740699768066406,4.741799831390381,4.736499786376953,4.740200042724609,4.740200042724609,104,0.0,0.0
2026-09-30 07:47:00-04:00,4.73960018157959,4.73960018157959,4.734799861907959,4.736000061035156,4.736000061035156,28,0.0,0.0
2026-09-30 07:48:00-04:00,4.7368998527526855,4.738699913024902,4.735899925231934,4.738699913024902,4.738699913024902,36,0.0,0.0
2026-09-30 07:49:00-04:00,4.737500190734863,4.738699913024902,4.736999988555908,4.73859977722168,4.73859977722168,32,0.0,0.0
2026-09-30 07:50:00-04:00,4.73829984664917,4.738399982452393,4.730500221252441,4.732600212097168,4.732600212097168,56,0.0,0.0
2026-09-30 07:51:00-04:00,4.735099792480469,4.736800193786621,4.732800006866455,4.735499858856201,4.735499858856201,47,0.0,0.0
2026-09-30 07:52:00-04:00,4.736999988555908,4.737100124359131,4.73390007019043,4.735799789428711,4.735799789428711,30,0.0,0.0
2026-09-30 07:53:00-04:00,4.734300136566162,4.734399795532227,4.732500076293945,4.733799934387207,4.733799934387207,13,0.0,0.0
2026-09-30 07:54:00-04:00,4.732600212097168,4.732600212097168,4.7322998046875,4.7322998046875,4.7322998046875,16,0.0,0.0
2026-09-30 07:55:00-04:00,4.738399982452393,4.740300178527832,4.738399982452393,4.740300178527832,4.740300178527832,111,0.0,0.0
2026-09-30 07:56:00-04:00,4.741600036621094,4.742400169372559,4.740099906921387,4.740099906921387,4.740099906921387,34,0.0,0.0
2026-09-30 07:57:00-04:00,4.7403998374938965,4.742400169372559,4.73769998550415,4.740900039672852,4.740900039672852,57,0.0,0.0
2026-09-30 07:58:00-04:00,4.741399765014648,4.74560022354126,4.741399765014648,4.7434000968933105,4.7434000968933105,10,0.0,0.0
2026-09-30 07:59:00-04:00,4.7418999671936035,4.7418999671936035,4.731200218200684,4.73330020904541,4.73330020904541,53,0.0,0.0
2026-09-30 08:00:00-04:00,4.73360013961792,4.7403998374938965,4.727099895477295,4.738100051879883,4.738100051879883,102,0.0,0.0
2026-09-30 08:01:00-04:00,4.736700057983398,4.743199825286865,4.736700057983398,4.740699768066406,4.740699768066406,19,0.0,0.0
2026-09-30 08:02:00-04:00,4.7444000244140625,4.747300148010254,4.7428998947143555,4.746500015258789,4.746500015258789,93,0.0,0.0
2026-09-30 08:03:00-04:00,4.745800018310547,4.746200084686279,4.740600109100342,4.742599964141846,4.742599964141846,36,0.0,0.0
2026-09-30 08:04:00-04:00,4.742000102996826,4.742000102996826,4.7342000007629395,4.7347002029418945,4.7347002029418945,29,0.0,0.0
2026-09-30 08:05:00-04:00,4.735300064086914,4.738500118255615,4.735000133514404,4.73799991607666,4.73799991607666,21,0.0,0.0
2026-09-30 08:06:00-04:00,4.739799976348877,4.739799976348877,4.7322001457214355,4.735300064086914,4.735300064086914,35,0.0,0.0
2026-09-30 08:07:00-04:00,4.735199928283691,4.735199928283691,4.725500106811523,4.728499889373779,4.728499889373779,150,0.0,0.0
2026-09-30 08:08:00-04:00,4.726799964904785,4.730299949645996,4.726799964904785,4.730299949645996,4.730299949645996,26,0.0,0.0
2026-09-30 08:09:00-04:00,4.731100082397461,4.73199987411499,4.7291998863220215,4.73199987411499,4.73199987411499,46,0.0,0.0
2026-09-30 08:10:00-04:00,4.732999801635742,4.73390007019043,4.7266998291015625,4.7266998291015625,4.7266998291015625,133,0.0,0.0
2026-09-30 08:11:00-04:00,4.730899810791016,4.730899810791016,4.728899955749512,4.730500221252441,4.730500221252441,25,0.0,0.0
2026-09-30 08:12:00-04:00,4.731400012969971,4.737299919128418,4.728499889373779,4.737299919128418,4.737299919128418,144,0.0,0.0
2026-09-30 08:13:00-04:00,4.735400199890137,4.736400127410889,4.731599807739258,4.732600212097168,4.732600212097168,49,0.0,0.0
2026-09-30 08:14:00-04:00,4.7322998046875,4.740799903869629,4.7322998046875,4.738999843597412,4.738999843597412,21,0.0,0.0
2026-09-30 08:15:00-04:00,4.737400054931641,4.7469000816345215,4.737400054931641,4.7469000816345215,4.7469000816345215,26,0.0,0.0
2026-09-30 08:16:00-04:00,4.747200012207031,4.748799800872803,4.743800163269043,4.745200157165527,4.745200157165527,32,0.0,0.0
2026-09-30 08:17:00-04:00,4.748700141906738,4.749899864196777,4.747300148010254,4.749899864196777,4.749899864196777,11,0.0,0.0
2026-09-30 08:18:00-04:00,4.748600006103516,4.751999855041504,4.748300075531006,4.7505998611450195,4.7505998611450195,71,0.0,0.0
2026-09-30 08:19:00-04:00,4.7530999183654785,4.7530999183654785,4.7530999183654785,4.7530999183654785,4.7530999183654785,6,0.0,0.0
2026-09-30 08:20:00-04:00,4.754899978637695,4.754899978637695,4.746200084686279,4.746200084686279,4.746200084686279,32,0.0,0.0
2026-09-30 08:21:00-04:00,4.7469000816345215,4.749899864196777,4.7469000816345215,4.749899864196777,4.749899864196777,58,0.0,0.0
2026-09-30 08:22:00-04:00,4.75,4.75,4.742800235748291,4.742800235748291,4.742800235748291,34,0.0,0.0
2026-09-30 08:23:00-04:00,4.745100021362305,4.745100021362305,4.738999843597412,4.738999843597412,4.738999843597412,32,0.0,0.0
2026-09-30 08:24:00-04:00,4.738500118255615,4.742000102996826,4.733799934387207,4.742000102996826,4.742000102996826,68,0.0,0.0
2026-09-30 08:25:00-04:00,4.74429988861084,4.74429988861084,4.741000175476074,4.741099834442139,4.741099834442139,20,0.0,0.0
2026-09-30 08:26:00-04:00,4.741499900817871,4.741499900817871,4.7378997802734375,4.739299774169922,4.739299774169922,17,0.0,0.0
2026-09-30 08:27:00-04:00,4.738999843597412,4.741199970245361,4.737400054931641,4.741199970245361,4.741199970245361,20,0.0,0.0
2026-09-30 08:28:00-04:00,4.740300178527832,4.741199970245361,4.734000205993652,4.741199970245361,4.741199970245361,42,0.0,0.0
2026-09-30 08:29:00-04:00,4.740900039672852,4.743599891662598,4.738100051879883,4.742199897766113,4.742199897766113,55,0.0,0.0
2026-09-30 08:30:00-04:00,4.742499828338623,4.742499828338623,4.722499847412109,4.736100196838379,4.736100196838379,141,0.0,0.0
2026-09-30 08:31:00-04:00,4.734099864959717,4.738100051879883,4.728899955749512,4.736000061035156,4.736000061035156,51,0.0,0.0
2026-09-30 08:32:00-04:00,4.737800121307373,4.743199825286865,4.737299919128418,4.743199825286865,4.743199825286865,29,0.0,0.0
2026-09-30 08:33:00-04:00,4.742800235748291,4.745699882507324,4.740699768066406,4.742099761962891,4.742099761962891,26,0.0,0.0
2026-09-30 08:34:00-04:00,4.739200115203857,4.7403998374938965,4.737800121307373,4.737800121307373,4.737800121307373,20,0.0,0.0
2026-09-30 08:35:00-04:00,4.736000061035156,4.738999843597412,4.731900215148926,4.732699871063232,4.732699871063232,60,0.0,0.0
2026-09-30 08:36:00-04:00,4.7332000732421875,4.73769998550415,4.732900142669678,4.737599849700928,4.737599849700928,24,0.0,0.0
2026-09-30 08:37:00-04:00,4.737299919128418,4.739999771118164,4.736800193786621,4.73769998550415,4.73769998550415,17,0.0,0.0
2026-09-30 08:38:00-04:00,4.7403998374938965,4.741399765014648,4.739699840545654,4.741000175476074,4.741000175476074,14,0.0,0.0
2026-09-30 08:39:00-04:00,4.743500232696533,4.74370002746582,4.740499973297119,4.740499973297119,4.740499973297119,13,0.0,0.0
2026-09-30 08:40:00-04:00,4.740600109100342,4.741700172424316,4.738999843597412,4.738999843597412,4.738999843597412,30,0.0,0.0
2026-09-30 08:41:00-04:00,4.739500045776367,4.739500045776367,4.7322001457214355,4.732500076293945,4.732500076293945,50,0.0,0.0
2026-09-30 08:42:00-04:00,4.732999801635742,4.733699798583984,4.728799819946289,4.732999801635742,4.732999801635742,39,0.0,0.0
2026-09-30 08:43:00-04:00,4.733099937438965,4.734600067138672,4.729400157928467,4.730100154876709,4.730100154876709,51,0.0,0.0
2026-09-30 08:44:00-04:00,4.730400085449219,4.731200218200684,4.72629976272583,4.728499889373779,4.728499889373779,82,0.0,0.0
2026-09-30 08:45:00-04:00,4.729899883270264,4.730000019073486,4.727099895477295,4.72730016708374,4.72730016708374,32,0.0,0.0
2026-09-30 08:46:00-04:00,4.72790002822876,4.741000175476074,4.724599838256836,4.7332000732421875,4.7332000732421875,141,0.0,0.0
2026-09-30 08:47:00-04:00,4.735400199890137,4.745699882507324,4.735400199890137,4.7382001876831055,4.7382001876831055,88,0.0,0.0
2026-09-30 08:48:00-04:00,4.738999843597412,4.738999843597412,4.730199813842773,4.730199813842773,4.730199813842773,44,0.0,0.0
2026-09-30 08:49:00-04:00,4.728799819946289,4.728799819946289,4.726900100708008,4.726900100708008,4.726900100708008,17,0.0,0.0
2026-09-30 08:50:00-04:00,4.7220001220703125,4.723999977111816,4.720900058746338,4.723499774932861,4.723499774932861,21,0.0,0.0
2026-09-30 08:51:00-04:00,4.725500106811523,4.726799964904785,4.719200134277344,4.720300197601318,4.720300197601318,69,0.0,0.0
2026-09-30 08:52:00-04:00,4.72160005569458,4.7266998291015625,4.72160005569458,4.726500034332275,4.726500034332275,17,0.0,0.0
2026-09-30 08:53:00-04:00,4.725200176239014,4.7266998291015625,4.725200176239014,4.7266998291015625,4.7266998291015625,5,0.0,0.0
2026-09-30 08:54:00-04:00,4.728499889373779,4.730000019073486,4.725599765777588,4.725599765777588,4.725599765777588,85,0.0,0.0
2026-09-30 08:55:00-04:00,4.725100040435791,4.729499816894531,4.725100040435791,4.729499816894531,4.729499816894531,87,0.0,0.0
2026-09-30 08:56:00-04:00,4.728000164031982,4.728899955749512,4.721799850463867,4.723299980163574,4.723299980163574,70,0.0,0.0
2026-09-30 08:57:00-04:00,4.725100040435791,4.7270002365112305,4.721799850463867,4.723100185394287,4.723100185394287,26,0.0,0.0
2026-09-30 08:58:00-04:00,4.722899913787842,4.722899913787842,4.721199989318848,4.722799777984619,4.722799777984619,29,0.0,0.0
2026-09-30 08:59:00-04:00,4.723899841308594,4.731500148773193,4.723299980163574,4.730299949645996,4.730299949645996,62,0.0,0.0
2026-09-30 09:00:00-04:00,4.730999946594238,4.737599849700928,4.730999946594238,4.736800193786621,4.736800193786621,221,0.0,0.0
2026-09-30 09:01:00-04:00,4.736700057983398,4.73769998550415,4.723499774932861,4.724800109863281,4.724800109863281,104,0.0,0.0
2026-09-30 09:02:00-04:00,4.725299835205078,4.725500106811523,4.720900058746338,4.721499919891357,4.721499919891357,124,0.0,0.0
2026-09-30 09:03:00-04:00,4.719900131225586,4.722300052642822,4.715700149536133,4.720399856567383,4.720399856567383,55,0.0,0.0
2026-09-30 09:04:00-04:00,4.722400188446045,4.726399898529053,4.721199989318848,4.724800109863281,4.724800109863281,91,0.0,0.0
2026-09-30 09:05:00-04:00,4.724599838256836,4.7316999435424805,4.724299907684326,4.725299835205078,4.725299835205078,388,0.0,0.0
2026-09-30 09:06:00-04:00,4.727099895477295,4.730100154876709,4.724899768829346,4.725299835205078,4.725299835205078,64,0.0,0.0
2026-09-30 09:07:00-04:00,4.724800109863281,4.728000164031982,4.71999979019165,4.727799892425537,4.727799892425537,28,0.0,0.0
2026-09-30 09:08:00-04:00,4.727399826049805,4.737199783325195,4.727200031280518,4.737199783325195,4.737199783325195,94,0.0,0.0
2026-09-30 09:09:00-04:00,4.737100124359131,4.738699913024902,4.73390007019043,4.734000205993652,4.734000205993652,37,0.0,0.0
2026-09-30 09:10:00-04:00,4.733399868011475,4.735899925231934,4.7291998863220215,4.7291998863220215,4.7291998863220215,48,0.0,0.0
2026-09-30 09:11:00-04:00,4.729400157928467,4.735499858856201,4.729000091552734,4.735499858856201,4.735499858856201,30,0.0,0.0
2026-09-30 09:12:00-04:00,4.735799789428711,4.746300220489502,4.735799789428711,4.746099948883057,4.746099948883057,109,0.0,0.0
2026-09-30 09:13:00-04:00,4.743800163269043,4.7480998039245605,4.743800163269043,4.7480998039245605,4.7480998039245605,146,0.0,0.0
2026-09-30 09:14:00-04:00,4.749100208282471,4.750999927520752,4.748499870300293,4.749100208282471,4.749100208282471,50,0.0,0.0
2026-09-30 09:15:00-04:00,4.75,4.76200008392334,4.75,4.757999897003174,4.757999897003174,244,0.0,0.0
2026-09-30 09:16:00-04:00,4.759300231933594,4.76140022277832,4.758399963378906,4.7606000900268555,4.7606000900268555,52,0.0,0.0
2026-09-30 09:17:00-04:00,4.760200023651123,4.764699935913086,4.758399963378906,4.7617998123168945,4.7617998123168945,75,0.0,0.0
2026-09-30 09:18:00-04:00,4.762499809265137,4.769000053405762,4.762499809265137,4.769000053405762,4.769000053405762,93,0.0,0.0
2026-09-30 09:19:00-04:00,4.770299911499023,4.771900177001953,4.764999866485596,4.769999980926514,4.769999980926514,180,0.0,0.0
2026-09-30 09:20:00-04:00,4.7692999839782715,4.7779998779296875,4.7692999839782715,4.777699947357178,4.777699947357178,94,0.0,0.0
2026-09-30 09:21:00-04:00,4.777599811553955,4.777599811553955,4.771100044250488,4.774400234222412,4.774400234222412,192,0.0,0.0
2026-09-30 09:22:00-04:00,4.7718000411987305,4.773399829864502,4.763599872589111,4.76800012588501,4.76800012588501,120,0.0,0.0
2026-09-30 09:23:00-04:00,4.77269983291626,4.783999919891357,4.77269983291626,4.780300140380859,4.780300140380859,111,0.0,0.0
2026-09-30 09:24:00-04:00,4.779699802398682,4.782700061798096,4.778900146484375,4.782700061798096,4.782700061798096,244,0.0,0.0
2026-09-30 09:25:00-04:00,4.7835001945495605,4.78380012512207,4.780200004577637,4.780200004577637,4.780200004577637,43,0.0,0.0
2026-09-30 09:26:00-04:00,4.780600070953369,4.782400131225586,4.7795000076293945,4.780300140380859,4.780300140380859,68,0.0,0.0
2026-09-30 09:27:00-04:00,4.780900001525879,4.783999919891357,4.779300212860107,4.779300212860107,4.779300212860107,75,0.0,0.0
2026-09-30 09:28:00-04:00,4.780600070953369,4.787399768829346,4.777200222015381,4.782599925994873,4.782599925994873,78,0.0,0.0
2026-09-30 09:29:00-04:00,4.781000137329102,4.789299964904785,4.779799938201904,4.786600112915039,4.786600112915039,209,0.0,0.0
2026-09-30 09:30:00-04:00,4.787600040435791,4.794099807739258,4.779699802398682,4.785099983215332,4.785099983215332,319,0.0,0.0
2026-09-30 09:31:00-04:00,4.785699844360352,4.793300151824951,4.779300212860107,4.779300212860107,4.779300212860107,184,0.0,0.0
2026-09-30 09:32:00-04:00,4.78000020980835,4.784200191497803,4.7743000984191895,4.782700061798096,4.782700061798096,234,0.0,0.0
2026-09-30 09:33:00-04:00,4.781099796295166,4.7870001792907715,4.773200035095215,4.775300025939941,4.775300025939941,105,0.0,0.0
2026-09-30 09:34:00-04:00,4.776599884033203,4.780600070953369,4.776500225067139,4.777900218963623,4.777900218963623,37,0.0,0.0
2026-09-30 09:35:00-04:00,4.779300212860107,4.783999919891357,4.7779998779296875,4.783199787139893,4.783199787139893,177,0.0,0.0
2026-09-30 09:36:00-04:00,4.781799793243408,4.782400131225586,4.771200180053711,4.782400131225586,4.782400131225586,244,0.0,0.0
2026-09-30 09:37:00-04:00,4.781199932098389,4.783999919891357,4.778600215911865,4.7820000648498535,4.7820000648498535,74,0.0,0.0
2026-09-30 09:38:00-04:00,4.782700061798096,4.789999961853027,4.779799938201904,4.787300109863281,4.787300109863281,76,0.0,0.0
2026-09-30 09:39:00-04:00,4.78410005569458,4.785999774932861,4.779099941253662,4.779099941253662,4.779099941253662,133,0.0,0.0
2026-09-30 09:40:00-04:00,4.779300212860107,4.784299850463867,4.778800010681152,4.782199859619141,4.782199859619141,53,0.0,0.0
2026-09-30 09:41:00-04:00,4.7835001945495605,4.785600185394287,4.767300128936768,4.768700122833252,4.768700122833252,129,0.0,0.0
2026-09-30 09:42:00-04:00,4.768400192260742,4.778299808502197,4.767000198364258,4.7778000831604,4.7778000831604,67,0.0,0.0
2026-09-30 09:43:00-04:00,4.778900146484375,4.782899856567383,4.777500152587891,4.779699802398682,4.779699802398682,67,0.0,0.0
2026-09-30 09:44:00-04:00,4.777500152587891,4.777500152587891,4.772600173950195,4.772600173950195,4.772600173950195,77,0.0,0.0
2026-09-30 09:45:00-04:00,4.7729997634887695,4.774099826812744,4.768099784851074,4.774099826812744,4.774099826812744,121,0.0,0.0
2026-09-30 09:46:00-04:00,4.7743000984191895,4.774499893188477,4.771399974822998,4.77239990234375,4.77239990234375,45,0.0,0.0
2026-09-30 09:47:00-04:00,4.770699977874756,4.771599769592285,4.764200210571289,4.765100002288818,4.765100002288818,63,0.0,0.0
2026-09-30 09:48:00-04:00,4.764699935913086,4.769499778747559,4.759900093078613,4.767099857330322,4.767099857330322,128,0.0,0.0
2026-09-30 09:49:00-04:00,4.765200138092041,4.766300201416016,4.759099960327148,4.762199878692627,4.762199878692627,88,0.0,0.0
2026-09-30 09:50:00-04:00,4.761199951171875,4.7652997970581055,4.758600234985352,4.760200023651123,4.760200023651123,123,0.0,0.0
2026-09-30 09:51:00-04:00,4.7606000900268555,4.761600017547607,4.757500171661377,4.759300231933594,4.759300231933594,214,0.0,0.0
2026-09-30 09:52:00-04:00,4.760799884796143,4.7631001472473145,4.760700225830078,4.761600017547607,4.761600017547607,50,0.0,0.0
2026-09-30 09:53:00-04:00,4.76170015335083,4.763999938964844,4.757800102233887,4.758299827575684,4.758299827575684,57,0.0,0.0
2026-09-30 09:54:00-04:00,4.75600004196167,4.757400035858154,4.753399848937988,4.755799770355225,4.755799770355225,124,0.0,0.0
2026-09-30 09:55:00-04:00,4.755899906158447,4.755899906158447,4.744500160217285,4.751500129699707,4.751500129699707,190,0.0,0.0
2026-09-30 09:56:00-04:00,4.750800132751465,4.758800029754639,4.750699996948242,4.756999969482422,4.756999969482422,106,0.0,0.0
2026-09-30 09:57:00-04:00,4.757599830627441,4.759500026702881,4.753399848937988,4.755000114440918,4.755000114440918,43,0.0,0.0
2026-09-30 09:58:00-04:00,4.755000114440918,4.75570011138916,4.751500129699707,4.754899978637695,4.754899978637695,27,0.0,0.0
2026-09-30 09:59:00-04:00,4.755799770355225,4.758299827575684,4.7555999755859375,4.755799770355225,4.755799770355225,26,0.0,0.0
2026-09-30 10:00:00-04:00,4.755000114440918,4.757400035858154,4.752999782562256,4.752999782562256,4.752999782562256,104,0.0,0.0
2026-09-30 10:01:00-04:00,4.753900051116943,4.753900051116943,4.744999885559082,4.748799800872803,4.748799800872803,296,0.0,0.0
2026-09-30 10:02:00-04:00,4.750100135803223,4.751500129699707,4.745500087738037,4.747099876403809,4.747099876403809,162,0.0,0.0
2026-09-30 10:03:00-04:00,4.7480998039245605,4.751800060272217,4.7469000816345215,4.75029993057251,4.75029993057251,114,0.0,0.0
2026-09-30 10:04:00-04:00,4.750500202178955,4.750899791717529,4.7434000968933105,4.7434000968933105,4.7434000968933105,279,0.0,0.0
2026-09-30 10:05:00-04:00,4.744100093841553,4.745800018310547,4.739799976348877,4.745299816131592,4.745299816131592,130,0.0,0.0
2026-09-30 10:06:00-04:00,4.744100093841553,4.744100093841553,4.737100124359131,4.738500118255615,4.738500118255615,37,0.0,0.0
2026-09-30 10:07:00-04:00,4.73769998550415,4.7399001121521,4.734499931335449,4.736599922180176,4.736599922180176,172,0.0,0.0
2026-09-30 10:08:00-04:00,4.736800193786621,4.738500118255615,4.733399868011475,4.734300136566162,4.734300136566162,108,0.0,0.0
2026-09-30 10:09:00-04:00,4.735199928283691,4.740300178527832,4.735199928283691,4.739699840545654,4.739699840545654,132,0.0,0.0
2026-09-30 10:10:00-04:00,4.741000175476074,4.741000175476074,4.736599922180176,4.739799976348877,4.739799976348877,53,0.0,0.0
2026-09-30 10:11:00-04:00,4.738699913024902,4.747499942779541,4.73829984664917,4.747499942779541,4.747499942779541,70,0.0,0.0
2026-09-30 10:12:00-04:00,4.741499900817871,4.745200157165527,4.73799991607666,4.739299774169922,4.739299774169922,72,0.0,0.0
2026-09-30 10:13:00-04:00,4.739999771118164,4.743500232696533,4.735400199890137,4.743500232696533,4.743500232696533,120,0.0,0.0
2026-09-30 10:14:00-04:00,4.7444000244140625,4.754300117492676,4.741399765014648,4.753300189971924,4.753300189971924,90,0.0,0.0
2026-09-30 10:15:00-04:00,4.752699851989746,4.758200168609619,4.750100135803223,4.758200168609619,4.758200168609619,83,0.0,0.0
2026-09-30 10:16:00-04:00,4.758299827575684,4.770100116729736,4.7581000328063965,4.769000053405762,4.769000053405762,141,0.0,0.0
2026-09-30 10:17:00-04:00,4.768899917602539,4.7708001136779785,4.76669979095459,4.770599842071533,4.770599842071533,105,0.0,0.0
2026-09-30 10:18:00-04:00,4.770299911499023,4.774199962615967,4.769599914550781,4.773499965667725,4.773499965667725,54,0.0,0.0
2026-09-30 10:19:00-04:00,4.775100231170654,4.782800197601318,4.767600059509277,4.767600059509277,4.767600059509277,99,0.0,0.0
2026-09-30 10:20:00-04:00,4.767399787902832,4.76800012588501,4.755300045013428,4.761000156402588,4.761000156402588,141,0.0,0.0
2026-09-30 10:21:00-04:00,4.760200023651123,4.762599945068359,4.759399890899658,4.760300159454346,4.760300159454346,108,0.0,0.0
2026-09-30 10:22:00-04:00,4.760499954223633,4.762499809265137,4.757599830627441,4.76140022277832,4.76140022277832,118,0.0,0.0
2026-09-30 10:23:00-04:00,4.761000156402588,4.765699863433838,4.761000156402588,4.764599800109863,4.764599800109863,102,0.0,0.0
2026-09-30 10:24:00-04:00,4.764200210571289,4.764900207519531,4.760300159454346,4.762199878692627,4.762199878692627,89,0.0,0.0
2026-09-30 10:25:00-04:00,4.763400077819824,4.763999938964844,4.758399963378906,4.7617998123168945,4.7617998123168945,70,0.0,0.0
2026-09-30 10:26:00-04:00,4.761199951171875,4.7677998542785645,4.759399890899658,4.767000198364258,4.767000198364258,105,0.0,0.0
2026-09-30 10:27:00-04:00,4.767300128936768,4.7677998542785645,4.762199878692627,4.763199806213379,4.763199806213379,114,0.0,0.0
2026-09-30 10:28:00-04:00,4.7617998123168945,4.764699935913086,4.7617998123168945,4.7617998123168945,4.7617998123168945,14,0.0,0.0
2026-09-30 10:29:00-04:00,4.762800216674805,4.771399974822998,4.761499881744385,4.765500068664551,4.765500068664551,84,0.0,0.0
2026-09-30 10:30:00-04:00,4.774199962615967,4.78849983215332,4.764100074768066,4.764100074768066,4.764100074768066,391,0.0,0.0
2026-09-30 10:31:00-04:00,4.76170015335083,4.769999980926514,4.759399890899658,4.7667999267578125,4.7667999267578125,112,0.0,0.0
2026-09-30 10:32:00-04:00,4.769199848175049,4.769199848175049,4.752099990844727,4.752799987792969,4.752799987792969,229,0.0,0.0
2026-09-30 10:33:00-04:00,4.7546000480651855,4.75600004196167,4.75029993057251,4.753600120544434,4.753600120544434,76,0.0,0.0
2026-09-30 10:34:00-04:00,4.753699779510498,4.757999897003174,4.753699779510498,4.75600004196167,4.75600004196167,68,0.0,0.0
2026-09-30 10:35:00-04:00,4.755799770355225,4.76230001449585,4.755300045013428,4.759900093078613,4.759900093078613,61,0.0,0.0
2026-09-30 10:36:00-04:00,4.759399890899658,4.761300086975098,4.757800102233887,4.760499954223633,4.760499954223633,49,0.0,0.0
2026-09-30 10:37:00-04:00,4.76039981842041,4.762599945068359,4.751399993896484,4.7515997886657715,4.7515997886657715,82,0.0,0.0
2026-09-30 10:38:00-04:00,4.752399921417236,4.767300128936768,4.748600006103516,4.753300189971924,4.753300189971924,168,0.0,0.0
2026-09-30 10:39:00-04:00,4.75439977645874,4.757599830627441,4.750999927520752,4.757599830627441,4.757599830627441,55,0.0,0.0
2026-09-30 10:40:00-04:00,4.758200168609619,4.760700225830078,4.752600193023682,4.753699779510498,4.753699779510498,72,0.0,0.0
2026-09-30 10:41:00-04:00,4.753300189971924,4.755000114440918,4.748799800872803,4.752500057220459,4.752500057220459,232,0.0,0.0
2026-09-30 10:42:00-04:00,4.7530999183654785,4.75600004196167,4.750100135803223,4.751500129699707,4.751500129699707,156,0.0,0.0
2026-09-30 10:43:00-04:00,4.752099990844727,4.75600004196167,4.745200157165527,4.75570011138916,4.75570011138916,72,0.0,0.0
2026-09-30 10:44:00-04:00,4.75570011138916,4.760300159454346,4.752699851989746,4.760300159454346,4.760300159454346,31,0.0,0.0
2026-09-30 10:45:00-04:00,4.761199951171875,4.761199951171875,4.744200229644775,4.747900009155273,4.747900009155273,91,0.0,0.0
2026-09-30 10:46:00-04:00,4.7469000816345215,4.749300003051758,4.745500087738037,4.747700214385986,4.747700214385986,39,0.0,0.0
2026-09-30 10:47:00-04:00,4.747700214385986,4.748499870300293,4.74370002746582,4.74370002746582,4.74370002746582,32,0.0,0.0
2026-09-30 10:48:00-04:00,4.747200012207031,4.7596001625061035,4.747000217437744,4.7596001625061035,4.7596001625061035,65,0.0,0.0
2026-09-30 10:49:00-04:00,4.758500099182129,4.76140022277832,4.756899833679199,4.756899833679199,4.756899833679199,91,0.0,0.0
2026-09-30 10:50:00-04:00,4.758299827575684,4.768700122833252,4.75629997253418,4.761000156402588,4.761000156402588,154,0.0,0.0
2026-09-30 10:51:00-04:00,4.761499881744385,4.763899803161621,4.7571001052856445,4.760900020599365,4.760900020599365,113,0.0,0.0
2026-09-30 10:52:00-04:00,4.7596001625061035,4.765399932861328,4.7596001625061035,4.764900207519531,4.764900207519531,110,0.0,0.0
2026-09-30 10:53:00-04:00,4.765900135040283,4.779900074005127,4.765600204467773,4.7779998779296875,4.7779998779296875,209,0.0,0.0
2026-09-30 10:54:00-04:00,4.777599811553955,4.780200004577637,4.768899917602539,4.779900074005127,4.779900074005127,166,0.0,0.0
2026-09-30 10:55:00-04:00,4.7789998054504395,4.780399799346924,4.775700092315674,4.7789998054504395,4.7789998054504395,40,0.0,0.0
2026-09-30 10:56:00-04:00,4.779900074005127,4.7820000648498535,4.767300128936768,4.780700206756592,4.780700206756592,312,0.0,0.0
2026-09-30 10:57:00-04:00,4.781899929046631,4.787899971008301,4.776299953460693,4.777400016784668,4.777400016784668,89,0.0,0.0
2026-09-30 10:58:00-04:00,4.7795000076293945,4.781899929046631,4.771299839019775,4.7754998207092285,4.7754998207092285,183,0.0,0.0
2026-09-30 10:59:00-04:00,4.776100158691406,4.780600070953369,4.774600028991699,4.775100231170654,4.775100231170654,71,0.0,0.0
2026-09-30 11:00:00-04:00,4.774600028991699,4.7758002281188965,4.7692999839782715,4.774400234222412,4.774400234222412,283,0.0,0.0
2026-09-30 11:01:00-04:00,4.776199817657471,4.776400089263916,4.771100044250488,4.773799896240234,4.773799896240234,50,0.0,0.0
2026-09-30 11:02:00-04:00,4.77370023727417,4.77370023727417,4.765699863433838,4.767300128936768,4.767300128936768,123,0.0,0.0
2026-09-30 11:03:00-04:00,4.768700122833252,4.768700122833252,4.751699924468994,4.751699924468994,4.751699924468994,93,0.0,0.0
2026-09-30 11:04:00-04:00,4.752399921417236,4.755000114440918,4.738500118255615,4.74459981918335,4.74459981918335,200,0.0,0.0
2026-09-30 11:05:00-04:00,4.742700099945068,4.748000144958496,4.740099906921387,4.744800090789795,4.744800090789795,168,0.0,0.0
2026-09-30 11:06:00-04:00,4.7459001541137695,4.7484002113342285,4.744100093841553,4.744100093841553,4.744100093841553,91,0.0,0.0
2026-09-30 11:07:00-04:00,4.74399995803833,4.755300045013428,4.743000030517578,4.755300045013428,4.755300045013428,263,0.0,0.0
2026-09-30 11:08:00-04:00,4.75439977645874,4.75439977645874,4.741600036621094,4.742300033569336,4.742300033569336,111,0.0,0.0
2026-09-30 11:09:00-04:00,4.745500087738037,4.745500087738037,4.73960018157959,4.73960018157959,4.73960018157959,32,0.0,0.0
2026-09-30 11:10:00-04:00,4.740200042724609,4.740600109100342,4.726799964904785,4.729499816894531,4.729499816894531,116,0.0,0.0
2026-09-30 11:11:00-04:00,4.7291998863220215,4.730000019073486,4.724100112915039,4.730000019073486,4.730000019073486,117,0.0,0.0
2026-09-30 11:12:00-04:00,4.729300022125244,4.743299961090088,4.722300052642822,4.736700057983398,4.736700057983398,271,0.0,0.0
2026-09-30 11:13:00-04:00,4.736000061035156,4.736000061035156,4.724100112915039,4.7256999015808105,4.7256999015808105,69,0.0,0.0
2026-09-30 11:14:00-04:00,4.725299835205078,4.726399898529053,4.717100143432617,4.720799922943115,4.720799922943115,95,0.0,0.0
2026-09-30 11:15:00-04:00,4.72160005569458,4.729300022125244,4.718800067901611,4.728700160980225,4.728700160980225,108,0.0,0.0
2026-09-30 11:16:00-04:00,4.728799819946289,4.735000133514404,4.727499961853027,4.729800224304199,4.729800224304199,204,0.0,0.0
2026-09-30 11:17:00-04:00,4.7307000160217285,4.733500003814697,4.728700160980225,4.733500003814697,4.733500003814697,113,0.0,0.0
2026-09-30 11:18:00-04:00,4.734799861907959,4.735000133514404,4.728600025177002,4.729499816894531,4.729499816894531,55,0.0,0.0
2026-09-30 11:19:00-04:00,4.729899883270264,4.732100009918213,4.728400230407715,4.731599807739258,4.731599807739258,58,0.0,0.0
2026-09-30 11:20:00-04:00,4.732100009918213,4.745800018310547,4.732100009918213,4.745800018310547,4.745800018310547,66,0.0,0.0
2026-09-30 11:21:00-04:00,4.7459001541137695,4.748300075531006,4.736800193786621,4.736800193786621,4.736800193786621,101,0.0,0.0
2026-09-30 11:22:00-04:00,4.736100196838379,4.736599922180176,4.724100112915039,4.736599922180176,4.736599922180176,86,0.0,0.0
2026-09-30 11:23:00-04:00,4.736299991607666,4.736299991607666,4.7307000160217285,4.73199987411499,4.73199987411499,70,0.0,0.0
2026-09-30 11:24:00-04:00,4.730800151824951,4.734000205993652,4.728000164031982,4.73199987411499,4.73199987411499,131,0.0,0.0
2026-09-30 11:25:00-04:00,4.731800079345703,4.732999801635742,4.717700004577637,4.718299865722656,4.718299865722656,205,0.0,0.0
2026-09-30 11:26:00-04:00,4.7179999351501465,4.71999979019165,4.712600231170654,4.716000080108643,4.716000080108643,390,0.0,0.0
2026-09-30 11:27:00-04:00,4.7133002281188965,4.713799953460693,4.702300071716309,4.711599826812744,4.711599826812744,361,0.0,0.0
2026-09-30 11:28:00-04:00,4.710700035095215,4.712699890136719,4.6956000328063965,4.6981000900268555,4.6981000900268555,492,0.0,0.0
2026-09-30 11:29:00-04:00,4.697400093078613,4.703800201416016,4.694900035858154,4.698299884796143,4.698299884796143,356,0.0,0.0
2026-09-30 11:30:00-04:00,4.696899890899658,4.697700023651123,4.6809000968933105,4.686600208282471,4.686600208282471,341,0.0,0.0
2026-09-30 11:31:00-04:00,4.684700012207031,4.686800003051758,4.675899982452393,4.676000118255615,4.676000118255615,344,0.0,0.0
2026-09-30 11:32:00-04:00,4.6778998374938965,4.6778998374938965,4.671599864959717,4.676700115203857,4.676700115203857,165,0.0,0.0
2026-09-30 11:33:00-04:00,4.67710018157959,4.677499771118164,4.672900199890137,4.672900199890137,4.672900199890137,91,0.0,0.0
2026-09-30 11:34:00-04:00,4.676000118255615,4.677499771118164,4.668000221252441,4.67519998550415,4.67519998550415,213,0.0,0.0
2026-09-30 11:35:00-04:00,4.675300121307373,4.6753997802734375,4.669000148773193,4.671299934387207,4.671299934387207,292,0.0,0.0
2026-09-30 11:36:00-04:00,4.672399997711182,4.672500133514404,4.668399810791016,4.671999931335449,4.671999931335449,98,0.0,0.0
2026-09-30 11:37:00-04:00,4.671500205993652,4.679999828338623,4.670599937438965,4.677999973297119,4.677999973297119,321,0.0,0.0
2026-09-30 11:38:00-04:00,4.678699970245361,4.695400238037109,4.676400184631348,4.695400238037109,4.695400238037109,205,0.0,0.0
2026-09-30 11:39:00-04:00,4.691299915313721,4.696899890899658,4.687099933624268,4.689499855041504,4.689499855041504,64,0.0,0.0
2026-09-30 11:40:00-04:00,4.6894001960754395,4.691100120544434,4.68209981918335,4.683499813079834,4.683499813079834,88,0.0,0.0
2026-09-30 11:41:00-04:00,4.68149995803833,4.6894001960754395,4.67519998550415,4.6894001960754395,4.6894001960754395,120,0.0,0.0
2026-09-30 11:42:00-04:00,4.6905999183654785,4.703199863433838,4.688199996948242,4.6992998123168945,4.6992998123168945,74,0.0,0.0
2026-09-30 11:43:00-04:00,4.701000213623047,4.703199863433838,4.697199821472168,4.700799942016602,4.700799942016602,54,0.0,0.0
2026-09-30 11:44:00-04:00,4.701300144195557,4.711100101470947,4.695099830627441,4.703400135040283,4.703400135040283,111,0.0,0.0
2026-09-30 11:45:00-04:00,4.702099800109863,4.702600002288818,4.697999954223633,4.701200008392334,4.701200008392334,36,0.0,0.0
2026-09-30 11:46:00-04:00,4.700699806213379,4.709799766540527,4.696800231933594,4.70959997177124,4.70959997177124,99,0.0,0.0
2026-09-30 11:47:00-04:00,4.7118000984191895,4.7133002281188965,4.707099914550781,4.707099914550781,4.707099914550781,220,0.0,0.0
2026-09-30 11:48:00-04:00,4.707099914550781,4.707099914550781,4.687900066375732,4.690400123596191,4.690400123596191,100,0.0,0.0
2026-09-30 11:49:00-04:00,4.6921000480651855,4.6921000480651855,4.686299800872803,4.688499927520752,4.688499927520752,45,0.0,0.0
2026-09-30 11:50:00-04:00,4.689499855041504,4.690000057220459,4.681099891662598,4.6819000244140625,4.6819000244140625,48,0.0,0.0
2026-09-30 11:51:00-04:00,4.680300235748291,4.693699836730957,4.680300235748291,4.6930999755859375,4.6930999755859375,52,0.0,0.0
2026-09-30 11:52:00-04:00,4.696499824523926,4.701300144195557,4.695700168609619,4.698699951171875,4.698699951171875,48,0.0,0.0
2026-09-30 11:53:00-04:00,4.698800086975098,4.698800086975098,4.695400238037109,4.698599815368652,4.698599815368652,20,0.0,0.0
2026-09-30 11:54:00-04:00,4.699399948120117,4.700300216674805,4.696100234985352,4.698500156402588,4.698500156402588,30,0.0,0.0
2026-09-30 11:55:00-04:00,4.697000026702881,4.697299957275391,4.691500186920166,4.6930999755859375,4.6930999755859375,33,0.0,0.0
2026-09-30 11:56:00-04:00,4.692399978637695,4.692399978637695,4.684500217437744,4.684700012207031,4.684700012207031,31,0.0,0.0
2026-09-30 11:57:00-04:00,4.685800075531006,4.686800003051758,4.680600166320801,4.68310022354126,4.68310022354126,53,0.0,0.0
2026-09-30 11:58:00-04:00,4.6809000968933105,4.684199810028076,4.6809000968933105,4.683499813079834,4.683499813079834,23,0.0,0.0
2026-09-30 11:59:00-04:00,4.68149995803833,4.684899806976318,4.680099964141846,4.682400226593018,4.682400226593018,37,0.0,0.0
2026-09-30 12:00:00-04:00,4.685299873352051,4.6921000480651855,4.684199810028076,4.688899993896484,4.688899993896484,63,0.0,0.0
2026-09-30 12:01:00-04:00,4.689899921417236,4.694300174713135,4.689499855041504,4.694200038909912,4.694200038909912,62,0.0,0.0
2026-09-30 12:02:00-04:00,4.693399906158447,4.695899963378906,4.6915998458862305,4.695400238037109,4.695400238037109,64,0.0,0.0
2026-09-30 12:03:00-04:00,4.693399906158447,4.695700168609619,4.690499782562256,4.691999912261963,4.691999912261963,20,0.0,0.0
2026-09-30 12:04:00-04:00,4.691800117492676,4.696700096130371,4.689499855041504,4.6905999183654785,4.6905999183654785,36,0.0,0.0
2026-09-30 12:05:00-04:00,4.6930999755859375,4.695400238037109,4.6930999755859375,4.695400238037109,4.695400238037109,18,0.0,0.0
2026-09-30 12:06:00-04:00,4.694300174713135,4.695000171661377,4.691400051116943,4.691699981689453,4.691699981689453,48,0.0,0.0
2026-09-30 12:07:00-04:00,4.6915998458862305,4.695000171661377,4.688600063323975,4.689199924468994,4.689199924468994,101,0.0,0.0
2026-09-30 12:08:00-04:00,4.688300132751465,4.691199779510498,4.688000202178955,4.691100120544434,4.691100120544434,42,0.0,0.0
2026-09-30 12:09:00-04:00,4.692200183868408,4.69379997253418,4.692200183868408,4.69290018081665,4.69290018081665,28,0.0,0.0
2026-09-30 12:10:00-04:00,4.691800117492676,4.694799900054932,4.690299987792969,4.691500186920166,4.691500186920166,81,0.0,0.0
2026-09-30 12:11:00-04:00,4.692599773406982,4.696199893951416,4.690100193023682,4.692500114440918,4.692500114440918,113,0.0,0.0
2026-09-30 12:12:00-04:00,4.6921000480651855,4.693399906158447,4.690700054168701,4.693399906158447,4.693399906158447,14,0.0,0.0
2026-09-30 12:13:00-04:00,4.692399978637695,4.692399978637695,4.6890997886657715,4.689700126647949,4.689700126647949,23,0.0,0.0
2026-09-30 12:14:00-04:00,4.691100120544434,4.691100120544434,4.6869001388549805,4.688499927520752,4.688499927520752,33,0.0,0.0
2026-09-30 12:15:00-04:00,4.686299800872803,4.686299800872803,4.6844000816345215,4.685699939727783,4.685699939727783,30,0.0,0.0
2026-09-30 12:16:00-04:00,4.683700084686279,4.684500217437744,4.681700229644775,4.684299945831299,4.684299945831299,155,0.0,0.0
2026-09-30 12:17:00-04:00,4.682199954986572,4.684000015258789,4.681099891662598,4.68209981918335,4.68209981918335,49,0.0,0.0
2026-09-30 12:18:00-04:00,4.682400226593018,4.686299800872803,4.680600166320801,4.684299945831299,4.684299945831299,53,0.0,0.0
2026-09-30 12:19:00-04:00,4.685699939727783,4.685699939727783,4.679500102996826,4.683499813079834,4.683499813079834,62,0.0,0.0
2026-09-30 12:20:00-04:00,4.684700012207031,4.685999870300293,4.681600093841553,4.6844000816345215,4.6844000816345215,58,0.0,0.0
2026-09-30 12:21:00-04:00,4.684700012207031,4.686100006103516,4.681399822235107,4.682600021362305,4.682600021362305,28,0.0,0.0
2026-09-30 12:22:00-04:00,4.68209981918335,4.682799816131592,4.678999900817871,4.678999900817871,4.678999900817871,50,0.0,0.0
2026-09-30 12:23:00-04:00,4.680200099945068,4.681099891662598,4.678899765014648,4.680699825286865,4.680699825286865,51,0.0,0.0
2026-09-30 12:24:00-04:00,4.679900169372559,4.681600093841553,4.678500175476074,4.679699897766113,4.679699897766113,33,0.0,0.0
2026-09-30 12:25:00-04:00,4.680600166320801,4.6819000244140625,4.679800033569336,4.681700229644775,4.681700229644775,83,0.0,0.0
2026-09-30 12:26:00-04:00,4.686399936676025,4.6940999031066895,4.686399936676025,4.693900108337402,4.693900108337402,36,0.0,0.0
2026-09-30 12:27:00-04:00,4.693299770355225,4.693299770355225,4.691999912261963,4.692800045013428,4.692800045013428,20,0.0,0.0
2026-09-30 12:28:00-04:00,4.69290018081665,4.69290018081665,4.687699794769287,4.687699794769287,4.687699794769287,20,0.0,0.0
2026-09-30 12:29:00-04:00,4.686600208282471,4.690100193023682,4.686600208282471,4.6890997886657715,4.6890997886657715,40,0.0,0.0
2026-09-30 12:30:00-04:00,4.68720006942749,4.690199851989746,4.682799816131592,4.690199851989746,4.690199851989746,42,0.0,0.0
2026-09-30 12:31:00-04:00,4.690000057220459,4.692299842834473,4.690000057220459,4.690499782562256,4.690499782562256,27,0.0,0.0
2026-09-30 12:32:00-04:00,4.6890997886657715,4.691699981689453,4.688700199127197,4.691699981689453,4.691699981689453,30,0.0,0.0
2026-09-30 12:33:00-04:00,4.691199779510498,4.691199779510498,4.688399791717529,4.688399791717529,4.688399791717529,31,0.0,0.0
2026-09-30 12:34:00-04:00,4.688600063323975,4.690800189971924,4.688600063323975,4.690199851989746,4.690199851989746,59,0.0,0.0
2026-09-30 12:35:00-04:00,4.691199779510498,4.691999912261963,4.688499927520752,4.688899993896484,4.688899993896484,41,0.0,0.0
2026-09-30 12:36:00-04:00,4.689899921417236,4.692200183868408,4.688499927520752,4.690299987792969,4.690299987792969,26,0.0,0.0
2026-09-30 12:37:00-04:00,4.690000057220459,4.692699909210205,4.689899921417236,4.69189977645874,4.69189977645874,35,0.0,0.0
2026-09-30 12:38:00-04:00,4.691800117492676,4.692399978637695,4.688899993896484,4.690000057220459,4.690000057220459,20,0.0,0.0
2026-09-30 12:39:00-04:00,4.690100193023682,4.6915998458862305,4.689199924468994,4.689199924468994,4.689199924468994,25,0.0,0.0
2026-09-30 12:40:00-04:00,4.689300060272217,4.690700054168701,4.6869001388549805,4.689599990844727,4.689599990844727,69,0.0,0.0
2026-09-30 12:41:00-04:00,4.688600063323975,4.689899921417236,4.688000202178955,4.689899921417236,4.689899921417236,17,0.0,0.0
2026-09-30 12:42:00-04:00,4.690999984741211,4.6915998458862305,4.6880998611450195,4.688700199127197,4.688700199127197,24,0.0,0.0
2026-09-30 12:43:00-04:00,4.688899993896484,4.688899993896484,4.685299873352051,4.685299873352051,4.685299873352051,37,0.0,0.0
2026-09-30 12:44:00-04:00,4.684299945831299,4.686999797821045,4.681399822235107,4.68149995803833,4.68149995803833,72,0.0,0.0
2026-09-30 12:45:00-04:00,4.683899879455566,4.688300132751465,4.6828999519348145,4.687600135803223,4.687600135803223,138,0.0,0.0
2026-09-30 12:46:00-04:00,4.68720006942749,4.70359992980957,4.686699867248535,4.702499866485596,4.702499866485596,77,0.0,0.0
2026-09-30 12:47:00-04:00,4.700300216674805,4.700300216674805,4.695199966430664,4.695400238037109,4.695400238037109,40,0.0,0.0
2026-09-30 12:48:00-04:00,4.695499897003174,4.69789981842041,4.695499897003174,4.6956000328063965,4.6956000328063965,13,0.0,0.0
2026-09-30 12:49:00-04:00,4.695899963378906,4.704500198364258,4.695899963378906,4.701000213623047,4.701000213623047,55,0.0,0.0
2026-09-30 12:50:00-04:00,4.701099872589111,4.702099800109863,4.69950008392334,4.700300216674805,4.700300216674805,22,0.0,0.0
2026-09-30 12:51:00-04:00,4.702400207519531,4.703199863433838,4.69950008392334,4.69950008392334,4.69950008392334,26,0.0,0.0
2026-09-30 12:52:00-04:00,4.698800086975098,4.699999809265137,4.696300029754639,4.697299957275391,4.697299957275391,53,0.0,0.0
2026-09-30 12:53:00-04:00,4.6971001625061035,4.698599815368652,4.696100234985352,4.696400165557861,4.696400165557861,30,0.0,0.0
2026-09-30 12:54:00-04:00,4.696199893951416,4.702000141143799,4.694900035858154,4.6992998123168945,4.6992998123168945,113,0.0,0.0
2026-09-30 12:55:00-04:00,4.69920015335083,4.69920015335083,4.691999912261963,4.695499897003174,4.695499897003174,61,0.0,0.0
2026-09-30 12:56:00-04:00,4.694200038909912,4.698699951171875,4.692399978637695,4.698699951171875,4.698699951171875,61,0.0,0.0
2026-09-30 12:57:00-04:00,4.696499824523926,4.699900150299072,4.695700168609619,4.696400165557861,4.696400165557861,41,0.0,0.0
2026-09-30 12:58:00-04:00,4.6971001625061035,4.698299884796143,4.691999912261963,4.692500114440918,4.692500114440918,42,0.0,0.0
2026-09-30 12:59:00-04:00,4.69290018081665,4.697999954223633,4.692399978637695,4.694499969482422,4.694499969482422,46,0.0,0.0
2026-09-30 13:00:00-04:00,4.696599960327148,4.697700023651123,4.695099830627441,4.695499897003174,4.695499897003174,76,0.0,0.0
2026-09-30 13:01:00-04:00,4.698200225830078,4.6996002197265625,4.69379997253418,4.695700168609619,4.695700168609619,58,0.0,0.0
2026-09-30 13:02:00-04:00,4.6956000328063965,4.699999809265137,4.693399906158447,4.699900150299072,4.699900150299072,53,0.0,0.0
2026-09-30 13:03:00-04:00,4.699900150299072,4.700399875640869,4.697800159454346,4.698699951171875,4.698699951171875,50,0.0,0.0
2026-09-30 13:04:00-04:00,4.698200225830078,4.708099842071533,4.6981000900268555,4.705999851226807,4.705999851226807,115,0.0,0.0
2026-09-30 13:05:00-04:00,4.705100059509277,4.7052001953125,4.702300071716309,4.702499866485596,4.702499866485596,35,0.0,0.0
2026-09-30 13:06:00-04:00,4.701399803161621,4.701399803161621,4.695099830627441,4.695099830627441,4.695099830627441,35,0.0,0.0
2026-09-30 13:07:00-04:00,4.695000171661377,4.695799827575684,4.692699909210205,4.694200038909912,4.694200038909912,24,0.0,0.0
2026-09-30 13:08:00-04:00,4.694699764251709,4.694699764251709,4.690400123596191,4.690800189971924,4.690800189971924,25,0.0,0.0
2026-09-30 13:09:00-04:00,4.691199779510498,4.692500114440918,4.681300163269043,4.688700199127197,4.688700199127197,218,0.0,0.0
2026-09-30 13:10:00-04:00,4.687900066375732,4.689000129699707,4.686500072479248,4.686999797821045,4.686999797821045,21,0.0,0.0
2026-09-30 13:11:00-04:00,4.688600063323975,4.6894001960754395,4.686100006103516,4.688799858093262,4.688799858093262,64,0.0,0.0
2026-09-30 13:12:00-04:00,4.689000129699707,4.690800189971924,4.688199996948242,4.689799785614014,4.689799785614014,32,0.0,0.0
2026-09-30 13:13:00-04:00,4.690100193023682,4.692500114440918,4.687699794769287,4.692500114440918,4.692500114440918,60,0.0,0.0
2026-09-30 13:14:00-04:00,4.6905999183654785,4.6905999183654785,4.6875,4.687600135803223,4.687600135803223,26,0.0,0.0
2026-09-30 13:15:00-04:00,4.689199924468994,4.692399978637695,4.6869001388549805,4.690000057220459,4.690000057220459,55,0.0,0.0
2026-09-30 13:16:00-04:00,4.689000129699707,4.695099830627441,4.689000129699707,4.691100120544434,4.691100120544434,27,0.0,0.0
2026-09-30 13:17:00-04:00,4.689300060272217,4.692699909210205,4.688700199127197,4.691299915313721,4.691299915313721,27,0.0,0.0
2026-09-30 13:18:00-04:00,4.6930999755859375,4.695400238037109,4.692599773406982,4.693600177764893,4.693600177764893,45,0.0,0.0
2026-09-30 13:19:00-04:00,4.69320011138916,4.695899963378906,4.692800045013428,4.694699764251709,4.694699764251709,19,0.0,0.0
2026-09-30 13:20:00-04:00,4.696199893951416,4.699699878692627,4.696199893951416,4.6992998123168945,4.6992998123168945,31,0.0,0.0
2026-09-30 13:21:00-04:00,4.699999809265137,4.7032999992370605,4.6992998123168945,4.703100204467773,4.703100204467773,73,0.0,0.0
2026-09-30 13:22:00-04:00,4.702600002288818,4.702600002288818,4.700399875640869,4.700500011444092,4.700500011444092,20,0.0,0.0
2026-09-30 13:23:00-04:00,4.699999809265137,4.700799942016602,4.699999809265137,4.700500011444092,4.700500011444092,19,0.0,0.0
2026-09-30 13:24:00-04:00,4.699999809265137,4.700900077819824,4.6956000328063965,4.69890022277832,4.69890022277832,124,0.0,0.0
2026-09-30 13:25:00-04:00,4.697500228881836,4.701099872589111,4.697500228881836,4.701099872589111,4.701099872589111,15,0.0,0.0
2026-09-30 13:26:00-04:00,4.703000068664551,4.703000068664551,4.700300216674805,4.701300144195557,4.701300144195557,37,0.0,0.0
2026-09-30 13:27:00-04:00,4.701600074768066,4.702199935913086,4.6992998123168945,4.699999809265137,4.699999809265137,38,0.0,0.0
2026-09-30 13:28:00-04:00,4.699900150299072,4.706399917602539,4.699399948120117,4.704599857330322,4.704599857330322,39,0.0,0.0
2026-09-30 13:29:00-04:00,4.703199863433838,4.703199863433838,4.700900077819824,4.700900077819824,4.700900077819824,16,0.0,0.0
2026-09-30 13:30:00-04:00,4.7027997970581055,4.708700180053711,4.7027997970581055,4.708700180053711,4.708700180053711,91,0.0,0.0
2026-09-30 13:31:00-04:00,4.708000183105469,4.711999893188477,4.704800128936768,4.71150016784668,4.71150016784668,50,0.0,0.0
2026-09-30 13:32:00-04:00,4.710899829864502,4.710899829864502,4.707699775695801,4.70989990234375,4.70989990234375,23,0.0,0.0
2026-09-30 13:33:00-04:00,4.71019983291626,4.7170000076293945,4.70959997177124,4.715700149536133,4.715700149536133,54,0.0,0.0
2026-09-30 13:34:00-04:00,4.717299938201904,4.719200134277344,4.714200019836426,4.714200019836426,4.714200019836426,91,0.0,0.0
2026-09-30 13:35:00-04:00,4.712299823760986,4.714600086212158,4.710599899291992,4.712299823760986,4.712299823760986,32,0.0,0.0
2026-09-30 13:36:00-04:00,4.713099956512451,4.717199802398682,4.712200164794922,4.716899871826172,4.716899871826172,53,0.0,0.0
2026-09-30 13:37:00-04:00,4.7154998779296875,4.716899871826172,4.712699890136719,4.7133002281188965,4.7133002281188965,72,0.0,0.0
2026-09-30 13:38:00-04:00,4.713399887084961,4.71560001373291,4.712100028991699,4.7154998779296875,4.7154998779296875,89,0.0,0.0
2026-09-30 13:39:00-04:00,4.714200019836426,4.71560001373291,4.710700035095215,4.712699890136719,4.712699890136719,36,0.0,0.0
2026-09-30 13:40:00-04:00,4.714600086212158,4.715799808502197,4.7133002281188965,4.714099884033203,4.714099884033203,14,0.0,0.0
2026-09-30 13:41:00-04:00,4.713099956512451,4.715199947357178,4.712299823760986,4.712500095367432,4.712500095367432,38,0.0,0.0
2026-09-30 13:42:00-04:00,4.712200164794922,4.713500022888184,4.710999965667725,4.711100101470947,4.711100101470947,75,0.0,0.0
2026-09-30 13:43:00-04:00,4.711900234222412,4.716400146484375,4.7118000984191895,4.715700149536133,4.715700149536133,70,0.0,0.0
2026-09-30 13:44:00-04:00,4.715400218963623,4.715799808502197,4.712299823760986,4.712299823760986,4.712299823760986,42,0.0,0.0
2026-09-30 13:45:00-04:00,4.713099956512451,4.7153000831604,4.711999893188477,4.712699890136719,4.712699890136719,70,0.0,0.0
2026-09-30 13:46:00-04:00,4.7129998207092285,4.716800212860107,4.7129998207092285,4.716300010681152,4.716300010681152,42,0.0,0.0
2026-09-30 13:47:00-04:00,4.716700077056885,4.716700077056885,4.7032999992370605,4.710400104522705,4.710400104522705,93,0.0,0.0
2026-09-30 13:48:00-04:00,4.707699775695801,4.711599826812744,4.706699848175049,4.710400104522705,4.710400104522705,18,0.0,0.0
2026-09-30 13:49:00-04:00,4.709799766540527,4.712699890136719,4.709799766540527,4.712600231170654,4.712600231170654,56,0.0,0.0
2026-09-30 13:50:00-04:00,4.712200164794922,4.7154998779296875,4.711900234222412,4.715000152587891,4.715000152587891,50,0.0,0.0
2026-09-30 13:51:00-04:00,4.71589994430542,4.7170000076293945,4.7144999504089355,4.7144999504089355,4.7144999504089355,74,0.0,0.0
2026-09-30 13:52:00-04:00,4.715400218963623,4.715400218963623,4.706699848175049,4.708399772644043,4.708399772644043,87,0.0,0.0
2026-09-30 13:53:00-04:00,4.709000110626221,4.716899871826172,4.708899974822998,4.716899871826172,4.716899871826172,30,0.0,0.0
2026-09-30 13:54:00-04:00,4.717299938201904,4.720300197601318,4.716300010681152,4.719200134277344,4.719200134277344,149,0.0,0.0
2026-09-30 13:55:00-04:00,4.721099853515625,4.725100040435791,4.7179999351501465,4.723899841308594,4.723899841308594,210,0.0,0.0
2026-09-30 13:56:00-04:00,4.723899841308594,4.723899841308594,4.716100215911865,4.716100215911865,4.716100215911865,95,0.0,0.0
2026-09-30 13:57:00-04:00,4.715000152587891,4.71560001373291,4.712500095367432,4.712800025939941,4.712800025939941,66,0.0,0.0
2026-09-30 13:58:00-04:00,4.713500022888184,4.715099811553955,4.713500022888184,4.715099811553955,4.715099811553955,29,0.0,0.0
2026-09-30 13:59:00-04:00,4.715700149536133,4.716300010681152,4.714000225067139,4.714900016784668,4.714900016784668,32,0.0,0.0
2026-09-30 14:00:00-04:00,4.7153000831604,4.717100143432617,4.713500022888184,4.715000152587891,4.715000152587891,71,0.0,0.0
2026-09-30 14:01:00-04:00,4.7144999504089355,4.718299865722656,4.710400104522705,4.713699817657471,4.713699817657471,78,0.0,0.0
2026-09-30 14:02:00-04:00,4.714000225067139,4.71999979019165,4.711599826812744,4.714099884033203,4.714099884033203,35,0.0,0.0
2026-09-30 14:03:00-04:00,4.716100215911865,4.716400146484375,4.71120023727417,4.71589994430542,4.71589994430542,41,0.0,0.0
2026-09-30 14:04:00-04:00,4.715099811553955,4.727700233459473,4.715099811553955,4.727700233459473,4.727700233459473,246,0.0,0.0
2026-09-30 14:05:00-04:00,4.725500106811523,4.726399898529053,4.71999979019165,4.726200103759766,4.726200103759766,102,0.0,0.0
2026-09-30 14:06:00-04:00,4.725800037384033,4.728899955749512,4.725800037384033,4.726200103759766,4.726200103759766,33,0.0,0.0
2026-09-30 14:07:00-04:00,4.726799964904785,4.730400085449219,4.726099967956543,4.72760009765625,4.72760009765625,57,0.0,0.0
2026-09-30 14:08:00-04:00,4.728799819946289,4.728799819946289,4.716800212860107,4.728099822998047,4.728099822998047,106,0.0,0.0
2026-09-30 14:09:00-04:00,4.727499961853027,4.730000019073486,4.725500106811523,4.726099967956543,4.726099967956543,55,0.0,0.0
2026-09-30 14:10:00-04:00,4.724999904632568,4.728099822998047,4.717800140380859,4.717800140380859,4.717800140380859,63,0.0,0.0
2026-09-30 14:11:00-04:00,4.720200061798096,4.721199989318848,4.713600158691406,4.718699932098389,4.718699932098389,72,0.0,0.0
2026-09-30 14:12:00-04:00,4.71750020980835,4.718400001525879,4.716599941253662,4.716800212860107,4.716800212860107,39,0.0,0.0
2026-09-30 14:13:00-04:00,4.716400146484375,4.718800067901611,4.715099811553955,4.716400146484375,4.716400146484375,42,0.0,0.0
2026-09-30 14:14:00-04:00,4.718400001525879,4.718599796295166,4.715400218963623,4.716000080108643,4.716000080108643,29,0.0,0.0
2026-09-30 14:15:00-04:00,4.717299938201904,4.720399856567383,4.710400104522705,4.71589994430542,4.71589994430542,136,0.0,0.0
2026-09-30 14:16:00-04:00,4.716400146484375,4.718999862670898,4.71589994430542,4.717700004577637,4.717700004577637,29,0.0,0.0
2026-09-30 14:17:00-04:00,4.71750020980835,4.720799922943115,4.71750020980835,4.720699787139893,4.720699787139893,116,0.0,0.0
2026-09-30 14:18:00-04:00,4.719200134277344,4.719200134277344,4.713699817657471,4.713699817657471,4.713699817657471,45,0.0,0.0
2026-09-30 14:19:00-04:00,4.7144999504089355,4.7144999504089355,4.705900192260742,4.710100173950195,4.710100173950195,76,0.0,0.0
2026-09-30 14:20:00-04:00,4.70989990234375,4.710899829864502,4.701900005340576,4.702499866485596,4.702499866485596,69,0.0,0.0
2026-09-30 14:21:00-04:00,4.704899787902832,4.707699775695801,4.703000068664551,4.7067999839782715,4.7067999839782715,69,0.0,0.0
2026-09-30 14:22:00-04:00,4.707699775695801,4.711100101470947,4.706600189208984,4.706699848175049,4.706699848175049,80,0.0,0.0
2026-09-30 14:23:00-04:00,4.707200050354004,4.709400177001953,4.704999923706055,4.707799911499023,4.707799911499023,74,0.0,0.0
2026-09-30 14:24:00-04:00,4.707099914550781,4.709199905395508,4.702600002288818,4.7052001953125,4.7052001953125,54,0.0,0.0
2026-09-30 14:25:00-04:00,4.704699993133545,4.704800128936768,4.702199935913086,4.704400062561035,4.704400062561035,90,0.0,0.0
2026-09-30 14:26:00-04:00,4.706099987030029,4.709400177001953,4.7017998695373535,4.7027997970581055,4.7027997970581055,162,0.0,0.0
2026-09-30 14:27:00-04:00,4.702400207519531,4.703700065612793,4.6975998878479,4.698599815368652,4.698599815368652,154,0.0,0.0
2026-09-30 14:28:00-04:00,4.6981000900268555,4.698500156402588,4.680799961090088,4.684800148010254,4.684800148010254,757,0.0,0.0
2026-09-30 14:29:00-04:00,4.685800075531006,4.69189977645874,4.6844000816345215,4.69189977645874,4.69189977645874,634,0.0,0.0
2026-09-30 14:30:00-04:00,4.692299842834473,4.703400135040283,4.692299842834473,4.703000068664551,4.703000068664551,173,0.0,0.0
2026-09-30 14:31:00-04:00,4.7017998695373535,4.704800128936768,4.700500011444092,4.701700210571289,4.701700210571289,74,0.0,0.0
2026-09-30 14:32:00-04:00,4.705900192260742,4.705900192260742,4.703499794006348,4.70359992980957,4.70359992980957,48,0.0,0.0
2026-09-30 14:33:00-04:00,4.705599784851074,4.710000038146973,4.705599784851074,4.7093000411987305,4.7093000411987305,54,0.0,0.0
2026-09-30 14:34:00-04:00,4.707200050354004,4.710100173950195,4.706500053405762,4.7067999839782715,4.7067999839782715,15,0.0,0.0
2026-09-30 14:35:00-04:00,4.704599857330322,4.709000110626221,4.704500198364258,4.709000110626221,4.709000110626221,12,0.0,0.0
2026-09-30 14:36:00-04:00,4.707499980926514,4.707499980926514,4.705399990081787,4.705399990081787,4.705399990081787,42,0.0,0.0
2026-09-30 14:37:00-04:00,4.704800128936768,4.706099987030029,4.7042999267578125,4.706099987030029,4.706099987030029,30,0.0,0.0
2026-09-30 14:38:00-04:00,4.705699920654297,4.706900119781494,4.705699920654297,4.706900119781494,4.706900119781494,42,0.0,0.0
2026-09-30 14:39:00-04:00,4.7067999839782715,4.709700107574463,4.705399990081787,4.708199977874756,4.708199977874756,71,0.0,0.0
2026-09-30 14:40:00-04:00,4.70959997177124,4.711400032043457,4.70959997177124,4.711400032043457,4.711400032043457,4,0.0,0.0
2026-09-30 14:41:00-04:00,4.710999965667725,4.715099811553955,4.710999965667725,4.715099811553955,4.715099811553955,7,0.0,0.0
2026-09-30 14:42:00-04:00,4.715099811553955,4.7153000831604,4.711999893188477,4.711999893188477,4.711999893188477,19,0.0,0.0
2026-09-30 14:43:00-04:00,4.7108001708984375,4.713099956512451,4.710299968719482,4.713099956512451,4.713099956512451,29,0.0,0.0
2026-09-30 14:44:00-04:00,4.709099769592285,4.713900089263916,4.709099769592285,4.713900089263916,4.713900089263916,15,0.0,0.0
2026-09-30 14:45:00-04:00,4.7104997634887695,4.710700035095215,4.709199905395508,4.709199905395508,4.709199905395508,6,0.0,0.0
2026-09-30 14:46:00-04:00,4.708499908447266,4.709700107574463,4.706099987030029,4.706099987030029,4.706099987030029,16,0.0,0.0
2026-09-30 14:47:00-04:00,4.706699848175049,4.707200050354004,4.706099987030029,4.707200050354004,4.707200050354004,66,0.0,0.0
2026-09-30 14:48:00-04:00,4.706099987030029,4.707600116729736,4.706099987030029,4.707600116729736,4.707600116729736,3,0.0,0.0
2026-09-30 14:49:00-04:00,4.706399917602539,4.706399917602539,4.705100059509277,4.705100059509277,4.705100059509277,24,0.0,0.0
2026-09-30 14:50:00-04:00,4.705900192260742,4.705900192260742,4.704899787902832,4.704899787902832,4.704899787902832,8,0.0,0.0
2026-09-30 14:51:00-04:00,4.703800201416016,4.706600189208984,4.703499794006348,4.706600189208984,4.706600189208984,14,0.0,0.0
2026-09-30 14:52:00-04:00,4.706600189208984,4.706600189208984,4.706600189208984,4.706600189208984,4.706600189208984,1,0.0,0.0
2026-09-30 14:53:00-04:00,4.707600116729736,4.707600116729736,4.707600116729736,4.707600116729736,4.707600116729736,5,0.0,0.0
2026-09-30 14:54:00-04:00,4.707300186157227,4.708099842071533,4.706200122833252,4.706200122833252,4.706200122833252,14,0.0,0.0
2026-09-30 14:55:00-04:00,4.70419979095459,4.704999923706055,4.703100204467773,4.704899787902832,4.704899787902832,54,0.0,0.0
2026-09-30 14:56:00-04:00,4.703800201416016,4.703800201416016,4.698400020599365,4.700500011444092,4.700500011444092,56,0.0,0.0
2026-09-30 14:57:00-04:00,4.702000141143799,4.7032999992370605,4.702000141143799,4.7032999992370605,4.7032999992370605,6,0.0,0.0
2026-09-30 14:58:00-04:00,4.702300071716309,4.703400135040283,4.702300071716309,4.703400135040283,4.703400135040283,5,0.0,0.0
2026-09-30 14:59:00-04:00,4.703000068664551,4.703000068664551,4.703000068664551,4.703000068664551,4.703000068664551,3,0.0,0.0
2026-09-30 15:00:00-04:00,4.700500011444092,4.700500011444092,4.697400093078613,4.697400093078613,4.697400093078613,22,0.0,0.0
2026-09-30 15:01:00-04:00,4.6956000328063965,4.697199821472168,4.694300174713135,4.694799900054932,4.694799900054932,6,0.0,0.0
2026-09-30 15:02:00-04:00,4.694399833679199,4.695300102233887,4.694399833679199,4.695300102233887,4.695300102233887,8,0.0,0.0
2026-09-30 15:03:00-04:00,4.696000099182129,4.696000099182129,4.69350004196167,4.694499969482422,4.694499969482422,23,0.0,0.0
2026-09-30 15:04:00-04:00,4.694399833679199,4.694799900054932,4.694399833679199,4.694499969482422,4.694499969482422,7,0.0,0.0
2026-09-30 15:05:00-04:00,4.692800045013428,4.692800045013428,4.691800117492676,4.6921000480651855,4.6921000480651855,6,0.0,0.0
2026-09-30 15:06:00-04:00,4.691699981689453,4.691699981689453,4.690000057220459,4.690499782562256,4.690499782562256,19,0.0,0.0
2026-09-30 15:07:00-04:00,4.690299987792969,4.690299987792969,4.6890997886657715,4.6890997886657715,4.6890997886657715,3,0.0,0.0
2026-09-30 15:08:00-04:00,4.688600063323975,4.690000057220459,4.688600063323975,4.689199924468994,4.689199924468994,5,0.0,0.0
2026-09-30 15:09:00-04:00,4.688799858093262,4.689700126647949,4.688799858093262,4.689700126647949,4.689700126647949,8,0.0,0.0
2026-09-30 15:10:00-04:00,4.688899993896484,4.689700126647949,4.687399864196777,4.689700126647949,4.689700126647949,15,0.0,0.0
2026-09-30 15:11:00-04:00,4.692299842834473,4.693999767303467,4.691800117492676,4.691800117492676,4.691800117492676,4,0.0,0.0
2026-09-30 15:12:00-04:00,4.691299915313721,4.691299915313721,4.691299915313721,4.691299915313721,4.691299915313721,1,0.0,0.0
2026-09-30 15:13:00-04:00,4.692500114440918,4.693600177764893,4.692500114440918,4.693600177764893,4.693600177764893,4,0.0,0.0
2026-09-30 15:14:00-04:00,4.69320011138916,4.69320011138916,4.692200183868408,4.692200183868408,4.692200183868408,8,0.0,0.0
2026-09-30 15:15:00-04:00,4.690899848937988,4.692399978637695,4.690199851989746,4.6905999183654785,4.6905999183654785,136,0.0,0.0
2026-09-30 15:16:00-04:00,4.691500186920166,4.6915998458862305,4.689300060272217,4.689300060272217,4.689300060272217,103,0.0,0.0
2026-09-30 15:17:00-04:00,4.687900066375732,4.688899993896484,4.687699794769287,4.688899993896484,4.688899993896484,5,0.0,0.0
2026-09-30 15:18:00-04:00,4.6915998458862305,4.691999912261963,4.689599990844727,4.690899848937988,4.690899848937988,8,0.0,0.0
2026-09-30 15:19:00-04:00,4.691199779510498,4.691199779510498,4.689799785614014,4.690000057220459,4.690000057220459,16,0.0,0.0
2026-09-30 15:20:00-04:00,4.688799858093262,4.688799858093262,4.688000202178955,4.688000202178955,4.688000202178955,3,0.0,0.0
2026-09-30 15:21:00-04:00,4.6875,4.6875,4.6875,4.6875,4.6875,3,0.0,0.0
2026-09-30 15:22:00-04:00,4.6875,4.6875,4.6875,4.6875,4.6875,1,0.0,0.0
2026-09-30 15:23:00-04:00,4.688199996948242,4.688199996948242,4.68720006942749,4.68720006942749,4.68720006942749,5,0.0,0.0
2026-09-30 15:24:00-04:00,4.688000202178955,4.689799785614014,4.688000202178955,4.689499855041504,4.689499855041504,12,0.0,0.0
2026-09-30 15:25:00-04:00,4.690499782562256,4.694399833679199,4.690499782562256,4.694399833679199,4.694399833679199,7,0.0,0.0
2026-09-30 15:26:00-04:00,4.694900035858154,4.694900035858154,4.692599773406982,4.693600177764893,4.693600177764893,8,0.0,0.0
2026-09-30 15:27:00-04:00,4.694900035858154,4.697400093078613,4.693600177764893,4.693600177764893,4.693600177764893,12,0.0,0.0
2026-09-30 15:28:00-04:00,4.696400165557861,4.696400165557861,4.696400165557861,4.696400165557861,4.696400165557861,1,0.0,0.0
2026-09-30 15:29:00-04:00,4.696400165557861,4.696400165557861,4.693999767303467,4.693999767303467,4.693999767303467,3,0.0,0.0
2026-09-30 15:30:00-04:00,4.697199821472168,4.697199821472168,4.694900035858154,4.696899890899658,4.696899890899658,4,0.0,0.0
2026-09-30 15:31:00-04:00,4.697000026702881,4.697199821472168,4.697000026702881,4.697199821472168,4.697199821472168,5,0.0,0.0
2026-09-30 15:32:00-04:00,4.698299884796143,4.698299884796143,4.697000026702881,4.697000026702881,4.697000026702881,3,0.0,0.0
2026-09-30 15:33:00-04:00,4.696400165557861,4.696400165557861,4.696400165557861,4.696400165557861,4.696400165557861,5,0.0,0.0
2026-09-30 15:36:00-04:00,4.697400093078613,4.697400093078613,4.695199966430664,4.695199966430664,4.695199966430664,12,0.0,0.0
2026-09-30 15:37:00-04:00,4.695099830627441,4.695099830627441,4.692200183868408,4.692200183868408,4.692200183868408,13,0.0,0.0
2026-09-30 15:38:00-04:00,4.692200183868408,4.694499969482422,4.692200183868408,4.694499969482422,4.694499969482422,21,0.0,0.0
2026-09-30 15:39:00-04:00,4.690100193023682,4.690100193023682,4.684599876403809,4.687600135803223,4.687600135803223,17,0.0,0.0
2026-09-30 15:40:00-04:00,4.684299945831299,4.6880998611450195,4.681399822235107,4.6819000244140625,4.6819000244140625,41,0.0,0.0
2026-09-30 15:41:00-04:00,4.684100151062012,4.684100151062012,4.684100151062012,4.684100151062012,4.684100151062012,2,0.0,0.0
2026-09-30 15:42:00-04:00,4.685699939727783,4.686100006103516,4.685400009155273,4.686100006103516,4.686100006103516,11,0.0,0.0
2026-09-30 15:43:00-04:00,4.687300205230713,4.687300205230713,4.685100078582764,4.685100078582764,4.685100078582764,2,0.0,0.0
2026-09-30 15:44:00-04:00,4.686299800872803,4.686299800872803,4.686299800872803,4.686299800872803,4.686299800872803,1,0.0,0.0
2026-09-30 15:45:00-04:00,4.684899806976318,4.685200214385986,4.684899806976318,4.684999942779541,4.684999942779541,7,0.0,0.0
2026-09-30 15:46:00-04:00,4.687699794769287,4.687699794769287,4.687699794769287,4.687699794769287,4.687699794769287,1,0.0,0.0
2026-09-30 15:47:00-04:00,4.690700054168701,4.690700054168701,4.690700054168701,4.690700054168701,4.690700054168701,2,0.0,0.0
2026-09-30 15:48:00-04:00,4.687900066375732,4.687900066375732,4.684999942779541,4.684999942779541,4.684999942779541,6,0.0,0.0
2026-09-30 15:50:00-04:00,4.688399791717529,4.688399791717529,4.684999942779541,4.684999942779541,4.684999942779541,7,0.0,0.0
2026-09-30 15:51:00-04:00,4.686600208282471,4.686999797821045,4.684500217437744,4.686699867248535,4.686699867248535,9,0.0,0.0
2026-09-30 15:52:00-04:00,4.688300132751465,4.688300132751465,4.688300132751465,4.688300132751465,4.688300132751465,3,0.0,0.0
2026-09-30 15:53:00-04:00,4.688199996948242,4.688700199127197,4.68779993057251,4.688600063323975,4.688600063323975,6,0.0,0.0
2026-09-30 15:54:00-04:00,4.6880998611450195,4.689499855041504,4.6880998611450195,4.688199996948242,4.688199996948242,8,0.0,0.0
2026-09-30 15:55:00-04:00,4.690400123596191,4.690400123596191,4.689700126647949,4.689700126647949,4.689700126647949,2,0.0,0.0
2026-09-30 15:56:00-04:00,4.689700126647949,4.6915998458862305,4.689700126647949,4.690700054168701,4.690700054168701,10,0.0,0.0
2026-09-30 15:57:00-04:00,4.6890997886657715,4.6915998458862305,4.6890997886657715,4.6915998458862305,4.6915998458862305,6,0.0,0.0
2026-09-30 15:58:00-04:00,4.690899848937988,4.693999767303467,4.690899848937988,4.69290018081665,4.69290018081665,15,0.0,0.0
2026-09-30 15:59:00-04:00,4.692200183868408,4.692200183868408,4.6894001960754395,4.689700126647949,4.689700126647949,12,0.0,0.0
2026-09-30 16:00:00-04:00,4.691199779510498,4.691500186920166,4.689700126647949,4.691500186920166,4.691500186920166,10,0.0,0.0
2026-09-30 16:01:00-04:00,4.69189977645874,4.692699909210205,4.69189977645874,4.69189977645874,4.69189977645874,36,0.0,0.0
2026-09-30 16:02:00-04:00,4.690000057220459,4.690499782562256,4.6894001960754395,4.690499782562256,4.690499782562256,8,0.0,0.0
2026-09-30 16:03:00-04:00,4.692299842834473,4.692299842834473,4.692299842834473,4.692299842834473,4.692299842834473,2,0.0,0.0
2026-09-30 16:04:00-04:00,4.690700054168701,4.690700054168701,4.690700054168701,4.690700054168701,4.690700054168701,9,0.0,0.0
2026-09-30 16:05:00-04:00,4.692500114440918,4.694200038909912,4.6921000480651855,4.694200038909912,4.694200038909912,18,0.0,0.0
2026-09-30 16:06:00-04:00,4.692699909210205,4.692699909210205,4.689599990844727,4.689599990844727,4.689599990844727,21,0.0,0.0
2026-09-30 16:07:00-04:00,4.693900108337402,4.693900108337402,4.693900108337402,4.693900108337402,4.693900108337402,7,0.0,0.0
2026-09-30 16:08:00-04:00,4.69379997253418,4.69379997253418,4.6915998458862305,4.6915998458862305,4.6915998458862305,6,0.0,0.0
2026-09-30 16:09:00-04:00,4.691299915313721,4.691299915313721,4.690299987792969,4.690400123596191,4.690400123596191,3,0.0,0.0
2026-09-30 16:10:00-04:00,4.690800189971924,4.6915998458862305,4.690000057220459,4.690000057220459,4.690000057220459,8,0.0,0.0
2026-09-30 16:11:00-04:00,4.689499855041504,4.689499855041504,4.688300132751465,4.688300132751465,4.688300132751465,4,0.0,0.0
2026-09-30 16:12:00-04:00,4.688199996948242,4.6894001960754395,4.688199996948242,4.689000129699707,4.689000129699707,33,0.0,0.0
2026-09-30 16:14:00-04:00,4.690899848937988,4.690899848937988,4.690800189971924,4.690899848937988,4.690899848937988,6,0.0,0.0
2026-09-30 16:15:00-04:00,4.690800189971924,4.690800189971924,4.690199851989746,4.690199851989746,4.690199851989746,3,0.0,0.0
2026-09-30 16:16:00-04:00,4.6905999183654785,4.6915998458862305,4.6905999183654785,4.6915998458862305,4.6915998458862305,9,0.0,0.0
2026-09-30 16:17:00-04:00,4.6915998458862305,4.692399978637695,4.690700054168701,4.690700054168701,4.690700054168701,5,0.0,0.0
2026-09-30 16:18:00-04:00,4.691400051116943,4.691999912261963,4.690899848937988,4.691999912261963,4.691999912261963,12,0.0,0.0
2026-09-30 16:19:00-04:00,4.6915998458862305,4.691800117492676,4.690299987792969,4.691100120544434,4.691100120544434,23,0.0,0.0
2026-09-30 16:20:00-04:00,4.690999984741211,4.690999984741211,4.690800189971924,4.690800189971924,4.690800189971924,6,0.0,0.0
2026-09-30 16:22:00-04:00,4.689599990844727,4.690000057220459,4.689300060272217,4.690000057220459,4.690000057220459,10,0.0,0.0
2026-09-30 16:23:00-04:00,4.688199996948242,4.689199924468994,4.688199996948242,4.689199924468994,4.689199924468994,8,0.0,0.0
2026-09-30 16:24:00-04:00,4.689599990844727,4.690400123596191,4.689599990844727,4.690400123596191,4.690400123596191,5,0.0,0.0
2026-09-30 16:25:00-04:00,4.6921000480651855,4.6921000480651855,4.690999984741211,4.690999984741211,4.690999984741211,6,0.0,0.0
2026-09-30 16:26:00-04:00,4.691100120544434,4.6915998458862305,4.691100120544434,4.691400051116943,4.691400051116943,19,0.0,0.0
2026-09-30 16:27:00-04:00,4.691500186920166,4.691999912261963,4.691400051116943,4.691999912261963,4.691999912261963,41,0.0,0.0
2026-09-30 16:28:00-04:00,4.692599773406982,4.692599773406982,4.689700126647949,4.689700126647949,4.689700126647949,6,0.0,0.0
2026-09-30 16:29:00-04:00,4.689899921417236,4.689899921417236,4.689700126647949,4.689899921417236,4.689899921417236,5,0.0,0.0
2026-09-30 16:30:00-04:00,4.690100193023682,4.690100193023682,4.690100193023682,4.690100193023682,4.690100193023682,6,0.0,0.0
2026-09-30 16:31:00-04:00,4.690800189971924,4.690800189971924,4.689799785614014,4.689799785614014,4.689799785614014,5,0.0,0.0
2026-09-30 16:32:00-04:00,4.688300132751465,4.688300132751465,4.686800003051758,4.68720006942749,4.68720006942749,7,0.0,0.0
2026-09-30 16:33:00-04:00,4.688199996948242,4.689700126647949,4.688199996948242,4.688700199127197,4.688700199127197,6,0.0,0.0
2026-09-30 16:34:00-04:00,4.68720006942749,4.687699794769287,4.685200214385986,4.687699794769287,4.687699794769287,36,0.0,0.0
2026-09-30 16:35:00-04:00,4.685999870300293,4.685999870300293,4.6803998947143555,4.681000232696533,4.681000232696533,31,0.0,0.0
2026-09-30 16:36:00-04:00,4.680300235748291,4.68149995803833,4.678800106048584,4.68149995803833,4.68149995803833,16,0.0,0.0
2026-09-30 16:38:00-04:00,4.683000087738037,4.683000087738037,4.675000190734863,4.675600051879883,4.675600051879883,176,0.0,0.0
2026-09-30 16:39:00-04:00,4.676599979400635,4.676599979400635,4.676599979400635,4.676599979400635,4.676599979400635,3,0.0,0.0
2026-09-30 16:40:00-04:00,4.67710018157959,4.677800178527832,4.676000118255615,4.677800178527832,4.677800178527832,40,0.0,0.0
2026-09-30 16:41:00-04:00,4.6778998374938965,4.6793999671936035,4.6778998374938965,4.6793999671936035,4.6793999671936035,2,0.0,0.0
2026-09-30 16:43:00-04:00,4.682400226593018,4.682499885559082,4.682300090789795,4.682499885559082,4.682499885559082,10,0.0,0.0
2026-09-30 16:44:00-04:00,4.6803998947143555,4.68120002746582,4.6803998947143555,4.68120002746582,4.68120002746582,12,0.0,0.0
2026-09-30 16:45:00-04:00,4.681600093841553,4.681600093841553,4.68120002746582,4.68120002746582,4.68120002746582,3,0.0,0.0
2026-09-30 16:46:00-04:00,4.681600093841553,4.681600093841553,4.681600093841553,4.681600093841553,4.681600093841553,4,0.0,0.0
2026-09-30 16:47:00-04:00,4.680799961090088,4.680799961090088,4.679999828338623,4.680699825286865,4.680699825286865,7,0.0,0.0
2026-09-30 16:48:00-04:00,4.680799961090088,4.680799961090088,4.680799961090088,4.680799961090088,4.680799961090088,1,0.0,0.0
2026-09-30 16:49:00-04:00,4.681099891662598,4.681099891662598,4.678100109100342,4.678100109100342,4.678100109100342,4,0.0,0.0
2026-09-30 16:50:00-04:00,4.679100036621094,4.679100036621094,4.678699970245361,4.679100036621094,4.679100036621094,1,0.0,0.0
2026-09-30 16:53:00-04:00,4.68209981918335,4.68209981918335,4.68209981918335,4.68209981918335,4.68209981918335,2,0.0,0.0
2026-09-30 16:54:00-04:00,4.681600093841553,4.681600093841553,4.680500030517578,4.680500030517578,4.680500030517578,3,0.0,0.0
2026-09-30 16:55:00-04:00,4.6793999671936035,4.679800033569336,4.678299903869629,4.679800033569336,4.679800033569336,4,0.0,0.0
2026-09-30 16:56:00-04:00,4.679200172424316,4.679299831390381,4.679200172424316,4.679299831390381,4.679299831390381,2,0.0,0.0
2026-09-30 16:57:00-04:00,4.680099964141846,4.680099964141846,4.680099964141846,4.680099964141846,4.680099964141846,2,0.0,0.0
2026-09-30 16:58:00-04:00,4.680699825286865,4.680699825286865,4.680200099945068,4.680200099945068,4.680200099945068,14,0.0,0.0
2026-09-30 16:59:00-04:00,4.680600166320801,4.680699825286865,4.677999973297119,4.677999973297119,4.677999973297119,5,0.0,0.0
2026-09-30 18:00:00-04:00,4.694499969482422,4.694499969482422,4.68720006942749,4.690100193023682,4.690100193023682,0,0.0,0.0
2026-09-30 18:01:00-04:00,4.687300205230713,4.687300205230713,4.687300205230713,4.687300205230713,4.687300205230713,1,0.0,0.0
2026-09-30 18:03:00-04:00,4.683499813079834,4.688199996948242,4.683499813079834,4.688199996948242,4.688199996948242,27,0.0,0.0
2026-09-30 18:04:00-04:00,4.680500030517578,4.680500030517578,4.6803998947143555,4.680500030517578,4.680500030517578,3,0.0,0.0
2026-09-30 18:05:00-04:00,4.679999828338623,4.679999828338623,4.673999786376953,4.673999786376953,4.673999786376953,7,0.0,0.0
2026-09-30 18:06:00-04:00,4.683300018310547,4.683300018310547,4.683300018310547,4.683300018310547,4.683300018310547,2,0.0,0.0
2026-09-30 18:07:00-04:00,4.678500175476074,4.678500175476074,4.674600124359131,4.674600124359131,4.674600124359131,2,0.0,0.0
2026-09-30 18:08:00-04:00,4.673299789428711,4.673299789428711,4.6732001304626465,4.6732001304626465,4.6732001304626465,4,0.0,0.0
2026-09-30 18:10:00-04:00,4.669400215148926,4.669400215148926,4.66540002822876,4.66540002822876,4.66540002822876,3,0.0,0.0
2026-09-30 18:11:00-04:00,4.665200233459473,4.665200233459473,4.662700176239014,4.662700176239014,4.662700176239014,3,0.0,0.0
2026-09-30 18:12:00-04:00,4.662499904632568,4.663000106811523,4.662499904632568,4.662499904632568,4.662499904632568,4,0.0,0.0
2026-09-30 18:14:00-04:00,4.662700176239014,4.667200088500977,4.662700176239014,4.667200088500977,4.667200088500977,7,0.0,0.0
2026-09-30 18:16:00-04:00,4.663000106811523,4.663000106811523,4.663000106811523,4.663000106811523,4.663000106811523,2,0.0,0.0
2026-09-30 18:21:00-04:00,4.662399768829346,4.663599967956543,4.662399768829346,4.663599967956543,4.663599967956543,3,0.0,0.0
2026-09-30 18:27:00-04:00,4.661099910736084,4.661099910736084,4.661099910736084,4.661099910736084,4.661099910736084,2,0.0,0.0
2026-09-30 18:29:00-04:00,4.663300037384033,4.663300037384033,4.661600112915039,4.661799907684326,4.661799907684326,4,0.0,0.0
2026-09-30 18:34:00-04:00,4.66379976272583,4.664299964904785,4.66379976272583,4.664299964904785,4.664299964904785,5,0.0,0.0
2026-09-30 18:35:00-04:00,4.663000106811523,4.663000106811523,4.663000106811523,4.663000106811523,4.663000106811523,2,0.0,0.0
2026-09-30 18:37:00-04:00,4.660999774932861,4.660999774932861,4.657100200653076,4.660999774932861,4.660999774932861,7,0.0,0.0
2026-09-30 18:38:00-04:00,4.6596999168396,4.660900115966797,4.6596999168396,4.660900115966797,4.660900115966797,10,0.0,0.0
2026-09-30 19:04:00-04:00,4.664000034332275,4.664599895477295,4.663899898529053,4.664000034332275,4.664000034332275,30,0.0,0.0
2026-09-30 19:12:00-04:00,4.663899898529053,4.663899898529053,4.663899898529053,4.663899898529053,4.663899898529053,4,0.0,0.0
2026-09-30 19:13:00-04:00,4.6656999588012695,4.667300224304199,4.663599967956543,4.663599967956543,4.663599967956543,6,0.0,0.0
2026-09-30 19:39:00-04:00,4.663400173187256,4.663400173187256,4.662399768829346,4.662399768829346,4.662399768829346,2,0.0,0.0
2026-09-30 19:41:00-04:00,4.661099910736084,4.661099910736084,4.661099910736084,4.661099910736084,4.661099910736084,1,0.0,0.0
2026-09-30 19:42:00-04:00,4.659299850463867,4.659299850463867,4.659299850463867,4.659299850463867,4.659299850463867,1,0.0,0.0
2026-09-30 19:43:00-04:00,4.660999774932861,4.660999774932861,4.660900115966797,4.660900115966797,4.660900115966797,3,0.0,0.0
2026-09-30 19:47:00-04:00,4.660299777984619,4.661499977111816,4.660299777984619,4.661499977111816,4.661499977111816,8,0.0,0.0
2026-09-30 19:50:00-04:00,4.667300224304199,4.667300224304199,4.667300224304199,4.667300224304199,4.667300224304199,5,0.0,0.0
2026-09-30 20:00:00-04:00,4.665299892425537,4.6697998046875,4.661499977111816,4.669099807739258,4.669099807739258,31,0.0,0.0
2026-09-30 20:01:00-04:00,4.665800094604492,4.67080020904541,4.664100170135498,4.67080020904541,4.67080020904541,11,0.0,0.0
2026-09-30 20:02:00-04:00,4.671999931335449,4.671999931335449,4.670300006866455,4.670300006866455,4.670300006866455,11,0.0,0.0
2026-09-30 20:03:00-04:00,4.6717000007629395,4.672699928283691,4.67140007019043,4.672699928283691,4.672699928283691,8,0.0,0.0
2026-09-30 20:04:00-04:00,4.672900199890137,4.672900199890137,4.671999931335449,4.671999931335449,4.671999931335449,4,0.0,0.0
2026-09-30 20:05:00-04:00,4.674300193786621,4.674600124359131,4.674300193786621,4.674600124359131,4.674600124359131,3,0.0,0.0
2026-09-30 20:07:00-04:00,4.67549991607666,4.675600051879883,4.673999786376953,4.673999786376953,4.673999786376953,6,0.0,0.0
2026-09-30 20:09:00-04:00,4.676400184631348,4.678999900817871,4.672100067138672,4.672100067138672,4.672100067138672,28,0.0,0.0
2026-09-30 20:10:00-04:00,4.674200057983398,4.681300163269043,4.674200057983398,4.681300163269043,4.681300163269043,9,0.0,0.0
2026-09-30 20:11:00-04:00,4.6834001541137695,4.693699836730957,4.6834001541137695,4.6880998611450195,4.6880998611450195,26,0.0,0.0
2026-09-30 20:12:00-04:00,4.682199954986572,4.682199954986572,4.6793999671936035,4.6793999671936035,4.6793999671936035,2,0.0,0.0
2026-09-30 20:13:00-04:00,4.681600093841553,4.681600093841553,4.681600093841553,4.681600093841553,4.681600093841553,1,0.0,0.0
2026-09-30 20:15:00-04:00,4.6855998039245605,4.691199779510498,4.6855998039245605,4.691199779510498,4.691199779510498,7,0.0,0.0
2026-09-30 20:16:00-04:00,4.689199924468994,4.691100120544434,4.688000202178955,4.691100120544434,4.691100120544434,4,0.0,0.0
2026-09-30 20:19:00-04:00,4.691199779510498,4.691299915313721,4.691199779510498,4.691199779510498,4.691199779510498,2,0.0,0.0
2026-09-30 20:21:00-04:00,4.688799858093262,4.690999984741211,4.685500144958496,4.690999984741211,4.690999984741211,44,0.0,0.0
2026-09-30 20:22:00-04:00,4.689799785614014,4.690199851989746,4.688899993896484,4.690199851989746,4.690199851989746,4,0.0,0.0
2026-09-30 20:23:00-04:00,4.691500186920166,4.693999767303467,4.690100193023682,4.690100193023682,4.690100193023682,3,0.0,0.0
2026-09-30 20:24:00-04:00,4.69290018081665,4.69290018081665,4.6894001960754395,4.6905999183654785,4.6905999183654785,6,0.0,0.0
2026-09-30 20:25:00-04:00,4.691199779510498,4.691199779510498,4.691199779510498,4.691199779510498,4.691199779510498,1,0.0,0.0
2026-09-30 20:26:00-04:00,4.696400165557861,4.697400093078613,4.695199966430664,4.697400093078613,4.697400093078613,9,0.0,0.0
2026-09-30 20:27:00-04:00,4.697000026702881,4.6971001625061035,4.695199966430664,4.695199966430664,4.695199966430664,4,0.0,0.0
2026-09-30 20:28:00-04:00,4.69320011138916,4.694200038909912,4.692800045013428,4.693999767303467,4.693999767303467,7,0.0,0.0
2026-09-30 20:29:00-04:00,4.691999912261963,4.692399978637695,4.69189977645874,4.692399978637695,4.692399978637695,10,0.0,0.0
2026-09-30 20:30:00-04:00,4.702400207519531,4.704400062561035,4.701600074768066,4.701600074768066,4.701600074768066,25,0.0,0.0
2026-09-30 20:31:00-04:00,4.698699951171875,4.69920015335083,4.6946001052856445,4.6946001052856445,4.6946001052856445,13,0.0,0.0
2026-09-30 20:32:00-04:00,4.696899890899658,4.696899890899658,4.694200038909912,4.694200038909912,4.694200038909912,8,0.0,0.0
2026-09-30 20:33:00-04:00,4.6946001052856445,4.6946001052856445,4.6946001052856445,4.6946001052856445,4.6946001052856445,6,0.0,0.0
2026-09-30 20:39:00-04:00,4.699399948120117,4.699399948120117,4.697199821472168,4.697199821472168,4.697199821472168,2,0.0,0.0
2026-09-30 20:40:00-04:00,4.695899963378906,4.695899963378906,4.695899963378906,4.695899963378906,4.695899963378906,2,0.0,0.0
2026-09-30 20:41:00-04:00,4.695000171661377,4.695000171661377,4.692699909210205,4.692699909210205,4.692699909210205,4,0.0,0.0
2026-09-30 20:42:00-04:00,4.690999984741211,4.690999984741211,4.690999984741211,4.690999984741211,4.690999984741211,2,0.0,0.0
2026-09-30 20:44:00-04:00,4.686500072479248,4.686500072479248,4.682199954986572,4.682199954986572,4.682199954986572,2,0.0,0.0
2026-09-30 20:45:00-04:00,4.680500030517578,4.682799816131592,4.680500030517578,4.682799816131592,4.682799816131592,10,0.0,0.0
2026-09-30 20:46:00-04:00,4.683899879455566,4.684199810028076,4.683899879455566,4.684100151062012,4.684100151062012,3,0.0,0.0
2026-09-30 20:50:00-04:00,4.685400009155273,4.688700199127197,4.685400009155273,4.688700199127197,4.688700199127197,4,0.0,0.0
2026-09-30 20:51:00-04:00,4.688199996948242,4.688199996948242,4.688199996948242,4.688199996948242,4.688199996948242,1,0.0,0.0
2026-09-30 20:52:00-04:00,4.689199924468994,4.689199924468994,4.689199924468994,4.689199924468994,4.689199924468994,1,0.0,0.0
2026-09-30 20:53:00-04:00,4.689799785614014,4.689799785614014,4.689799785614014,4.689799785614014,4.689799785614014,1,0.0,0.0
2026-09-30 20:54:00-04:00,4.6930999755859375,4.6930999755859375,4.6930999755859375,4.6930999755859375,4.6930999755859375,1,0.0,0.0
2026-09-30 20:56:00-04:00,4.6915998458862305,4.6915998458862305,4.690100193023682,4.690100193023682,4.690100193023682,3,0.0,0.0
2026-09-30 20:58:00-04:00,4.686999797821045,4.686999797821045,4.686999797821045,4.686999797821045,4.686999797821045,1,0.0,0.0
2026-09-30 20:59:00-04:00,4.684599876403809,4.684599876403809,4.6834001541137695,4.684500217437744,4.684500217437744,5,0.0,0.0
2026-09-30 21:00:00-04:00,4.682700157165527,4.682700157165527,4.676300048828125,4.677499771118164,4.677499771118164,10,0.0,0.0
2026-09-30 21:01:00-04:00,4.677800178527832,4.677800178527832,4.665800094604492,4.667600154876709,4.667600154876709,46,0.0,0.0
2026-09-30 21:02:00-04:00,4.66379976272583,4.6645002365112305,4.662399768829346,4.6645002365112305,4.6645002365112305,7,0.0,0.0
2026-09-30 21:06:00-04:00,4.659800052642822,4.659800052642822,4.650000095367432,4.651299953460693,4.651299953460693,22,0.0,0.0
2026-09-30 21:07:00-04:00,4.654099941253662,4.654099941253662,4.654099941253662,4.654099941253662,4.654099941253662,1,0.0,0.0
2026-09-30 21:08:00-04:00,4.652699947357178,4.655399799346924,4.651899814605713,4.655300140380859,4.655300140380859,8,0.0,0.0
2026-09-30 21:09:00-04:00,4.656400203704834,4.656400203704834,4.655399799346924,4.655399799346924,4.655399799346924,6,0.0,0.0
2026-09-30 21:10:00-04:00,4.653500080108643,4.655700206756592,4.651599884033203,4.655700206756592,4.655700206756592,8,0.0,0.0
2026-09-30 21:11:00-04:00,4.654799938201904,4.656000137329102,4.654099941253662,4.654099941253662,4.654099941253662,10,0.0,0.0
2026-09-30 21:12:00-04:00,4.655600070953369,4.656000137329102,4.654900074005127,4.654900074005127,4.654900074005127,6,0.0,0.0
2026-09-30 21:13:00-04:00,4.653500080108643,4.654099941253662,4.653500080108643,4.654099941253662,4.654099941253662,3,0.0,0.0
2026-09-30 21:14:00-04:00,4.654799938201904,4.656499862670898,4.654799938201904,4.656199932098389,4.656199932098389,16,0.0,0.0
2026-09-30 21:15:00-04:00,4.65500020980835,4.655099868774414,4.65500020980835,4.655099868774414,4.655099868774414,2,0.0,0.0
2026-09-30 21:17:00-04:00,4.658100128173828,4.658599853515625,4.657299995422363,4.658400058746338,4.658400058746338,10,0.0,0.0
2026-09-30 21:20:00-04:00,4.659800052642822,4.659800052642822,4.659800052642822,4.659800052642822,4.659800052642822,3,0.0,0.0
2026-09-30 21:21:00-04:00,4.660600185394287,4.660600185394287,4.660099983215332,4.660099983215332,4.660099983215332,4,0.0,0.0
2026-09-30 21:22:00-04:00,4.659999847412109,4.660200119018555,4.659999847412109,4.660200119018555,4.660200119018555,2,0.0,0.0
2026-09-30 21:23:00-04:00,4.658999919891357,4.65910005569458,4.658699989318848,4.65910005569458,4.65910005569458,5,0.0,0.0
2026-09-30 21:24:00-04:00,4.659999847412109,4.659999847412109,4.659999847412109,4.659999847412109,4.659999847412109,2,0.0,0.0
2026-09-30 21:28:00-04:00,4.656899929046631,4.657700061798096,4.655700206756592,4.655700206756592,4.655700206756592,4,0.0,0.0
2026-09-30 21:29:00-04:00,4.656099796295166,4.659299850463867,4.656099796295166,4.659299850463867,4.659299850463867,6,0.0,0.0
2026-09-30 21:31:00-04:00,4.662700176239014,4.662700176239014,4.661499977111816,4.661499977111816,4.661499977111816,4,0.0,0.0
2026-09-30 21:32:00-04:00,4.66349983215332,4.66349983215332,4.66349983215332,4.66349983215332,4.66349983215332,1,0.0,0.0
2026-09-30 21:34:00-04:00,4.660699844360352,4.660699844360352,4.658899784088135,4.658899784088135,4.658899784088135,2,0.0,0.0
2026-09-30 21:37:00-04:00,4.6595001220703125,4.660999774932861,4.6595001220703125,4.660999774932861,4.660999774932861,5,0.0,0.0
2026-09-30 21:38:00-04:00,4.662300109863281,4.662300109863281,4.662300109863281,4.662300109863281,4.662300109863281,1,0.0,0.0
2026-09-30 21:39:00-04:00,4.659999847412109,4.660099983215332,4.656899929046631,4.656899929046631,4.656899929046631,4,0.0,0.0
2026-09-30 21:40:00-04:00,4.659299850463867,4.659299850463867,4.659299850463867,4.659299850463867,4.659299850463867,2,0.0,0.0
2026-09-30 21:41:00-04:00,4.6605000495910645,4.660600185394287,4.660099983215332,4.660600185394287,4.660600185394287,4,0.0,0.0
2026-09-30 21:42:00-04:00,4.655900001525879,4.655900001525879,4.65500020980835,4.65500020980835,4.65500020980835,8,0.0,0.0
2026-09-30 21:43:00-04:00,4.65500020980835,4.65500020980835,4.65500020980835,4.65500020980835,4.65500020980835,1,0.0,0.0
2026-09-30 21:45:00-04:00,4.658999919891357,4.659200191497803,4.658999919891357,4.65910005569458,4.65910005569458,4,0.0,0.0
2026-09-30 21:46:00-04:00,4.6620001792907715,4.666299819946289,4.6620001792907715,4.666299819946289,4.666299819946289,4,0.0,0.0
2026-09-30 21:47:00-04:00,4.665800094604492,4.665800094604492,4.662499904632568,4.662499904632568,4.662499904632568,25,0.0,0.0
2026-09-30 21:49:00-04:00,4.66540002822876,4.66540002822876,4.66540002822876,4.66540002822876,4.66540002822876,64,0.0,0.0
2026-09-30 21:50:00-04:00,4.661300182342529,4.661300182342529,4.660999774932861,4.661300182342529,4.661300182342529,3,0.0,0.0
2026-09-30 21:51:00-04:00,4.660600185394287,4.660600185394287,4.660600185394287,4.660600185394287,4.660600185394287,8,0.0,0.0
2026-09-30 21:52:00-04:00,4.659200191497803,4.659200191497803,4.655600070953369,4.658100128173828,4.658100128173828,45,0.0,0.0
2026-09-30 21:55:00-04:00,4.658699989318848,4.658699989318848,4.6585001945495605,4.6585001945495605,4.6585001945495605,4,0.0,0.0
2026-09-30 21:58:00-04:00,4.663300037384033,4.663300037384033,4.663300037384033,4.663300037384033,4.663300037384033,1,0.0,0.0
2026-09-30 22:03:00-04:00,4.65939998626709,4.65939998626709,4.65939998626709,4.65939998626709,4.65939998626709,1,0.0,0.0
2026-09-30 22:04:00-04:00,4.6595001220703125,4.6595001220703125,4.651800155639648,4.6528000831604,4.6528000831604,14,0.0,0.0
2026-09-30 22:05:00-04:00,4.6539998054504395,4.6539998054504395,4.6539998054504395,4.6539998054504395,4.6539998054504395,1,0.0,0.0
2026-09-30 22:06:00-04:00,4.657299995422363,4.657299995422363,4.657299995422363,4.657299995422363,4.657299995422363,1,0.0,0.0
2026-09-30 22:07:00-04:00,4.655099868774414,4.655099868774414,4.655099868774414,4.655099868774414,4.655099868774414,1,0.0,0.0
2026-09-30 22:08:00-04:00,4.653800010681152,4.6539998054504395,4.653800010681152,4.6539998054504395,4.6539998054504395,2,0.0,0.0
2026-09-30 22:09:00-04:00,4.65500020980835,4.65500020980835,4.654900074005127,4.654900074005127,4.654900074005127,2,0.0,0.0
2026-09-30 22:10:00-04:00,4.65369987487793,4.654200077056885,4.65369987487793,4.654200077056885,4.654200077056885,2,0.0,0.0
2026-09-30 22:11:00-04:00,4.655600070953369,4.655600070953369,4.655600070953369,4.655600070953369,4.655600070953369,1,0.0,0.0
2026-09-30 22:12:00-04:00,4.656499862670898,4.656499862670898,4.656499862670898,4.656499862670898,4.656499862670898,1,0.0,0.0
2026-09-30 22:15:00-04:00,4.65500020980835,4.65500020980835,4.65500020980835,4.65500020980835,4.65500020980835,1,0.0,0.0
2026-09-30 22:17:00-04:00,4.654600143432617,4.654600143432617,4.654600143432617,4.654600143432617,4.654600143432617,3,0.0,0.0
2026-09-30 22:19:00-04:00,4.650100231170654,4.650100231170654,4.649799823760986,4.649799823760986,4.649799823760986,5,0.0,0.0
2026-09-30 22:20:00-04:00,4.650100231170654,4.650100231170654,4.645400047302246,4.645400047302246,4.645400047302246,7,0.0,0.0
2026-09-30 22:21:00-04:00,4.647799968719482,4.647799968719482,4.643099784851074,4.645199775695801,4.645199775695801,10,0.0,0.0
2026-09-30 22:25:00-04:00,4.6433000564575195,4.644100189208984,4.64169979095459,4.64169979095459,4.64169979095459,5,0.0,0.0
2026-09-30 22:29:00-04:00,4.637700080871582,4.637700080871582,4.630499839782715,4.631499767303467,4.631499767303467,17,0.0,0.0
2026-09-30 22:30:00-04:00,4.631800174713135,4.634799957275391,4.631499767303467,4.633399963378906,4.633399963378906,14,0.0,0.0
2026-09-30 22:31:00-04:00,4.6350998878479,4.6350998878479,4.6350998878479,4.6350998878479,4.6350998878479,1,0.0,0.0
2026-09-30 22:32:00-04:00,4.635499954223633,4.635499954223633,4.635499954223633,4.635499954223633,4.635499954223633,1,0.0,0.0
2026-09-30 22:33:00-04:00,4.634900093078613,4.634900093078613,4.634900093078613,4.634900093078613,4.634900093078613,2,0.0,0.0
2026-09-30 22:34:00-04:00,4.635499954223633,4.635499954223633,4.635499954223633,4.635499954223633,4.635499954223633,3,0.0,0.0
2026-09-30 22:36:00-04:00,4.638800144195557,4.638800144195557,4.638800144195557,4.638800144195557,4.638800144195557,1,0.0,0.0
2026-09-30 22:37:00-04:00,4.634799957275391,4.634900093078613,4.62939977645874,4.62939977645874,4.62939977645874,79,0.0,0.0
2026-09-30 22:38:00-04:00,4.633600234985352,4.639599800109863,4.633600234985352,4.639599800109863,4.639599800109863,5,0.0,0.0
2026-09-30 22:39:00-04:00,4.636099815368652,4.636099815368652,4.636099815368652,4.636099815368652,4.636099815368652,3,0.0,0.0
2026-09-30 22:42:00-04:00,4.638700008392334,4.638700008392334,4.637199878692627,4.637199878692627,4.637199878692627,2,0.0,0.0
2026-09-30 22:44:00-04:00,4.63700008392334,4.63700008392334,4.63700008392334,4.63700008392334,4.63700008392334,1,0.0,0.0
2026-09-30 22:45:00-04:00,4.639999866485596,4.639999866485596,4.639999866485596,4.639999866485596,4.639999866485596,1,0.0,0.0
2026-09-30 22:46:00-04:00,4.639900207519531,4.639900207519531,4.6367998123168945,4.6367998123168945,4.6367998123168945,8,0.0,0.0
2026-09-30 22:48:00-04:00,4.638400077819824,4.638400077819824,4.638400077819824,4.638400077819824,4.638400077819824,4,0.0,0.0
2026-09-30 22:51:00-04:00,4.629899978637695,4.629899978637695,4.629899978637695,4.629899978637695,4.629899978637695,3,0.0,0.0
2026-09-30 22:53:00-04:00,4.627299785614014,4.629000186920166,4.627299785614014,4.629000186920166,4.629000186920166,8,0.0,0.0
2026-09-30 22:54:00-04:00,4.631700038909912,4.631700038909912,4.6315999031066895,4.6315999031066895,4.6315999031066895,3,0.0,0.0
2026-09-30 22:56:00-04:00,4.635200023651123,4.635200023651123,4.635200023651123,4.635200023651123,4.635200023651123,2,0.0,0.0
2026-09-30 22:58:00-04:00,4.632999897003174,4.632999897003174,4.632999897003174,4.632999897003174,4.632999897003174,1,0.0,0.0
2026-09-30 22:59:00-04:00,4.632500171661377,4.633900165557861,4.6315999031066895,4.6315999031066895,4.6315999031066895,3,0.0,0.0
2026-09-30 23:00:00-04:00,4.633999824523926,4.6346001625061035,4.633999824523926,4.6346001625061035,4.6346001625061035,3,0.0,0.0
2026-09-30 23:01:00-04:00,4.633600234985352,4.633600234985352,4.633600234985352,4.633600234985352,4.633600234985352,1,0.0,0.0
2026-09-30 23:03:00-04:00,4.636899948120117,4.636899948120117,4.6367998123168945,4.6367998123168945,4.6367998123168945,5,0.0,0.0
2026-09-30 23:11:00-04:00,4.644000053405762,4.646200180053711,4.644000053405762,4.646200180053711,4.646200180053711,19,0.0,0.0
2026-09-30 23:12:00-04:00,4.64139986038208,4.642099857330322,4.6407999992370605,4.642099857330322,4.642099857330322,5,0.0,0.0
2026-09-30 23:13:00-04:00,4.645199775695801,4.645199775695801,4.645199775695801,4.645199775695801,4.645199775695801,1,0.0,0.0
2026-09-30 23:14:00-04:00,4.640399932861328,4.642399787902832,4.640399932861328,4.641900062561035,4.641900062561035,9,0.0,0.0
2026-09-30 23:15:00-04:00,4.641300201416016,4.64169979095459,4.641300201416016,4.64169979095459,4.64169979095459,5,0.0,0.0
2026-09-30 23:16:00-04:00,4.642600059509277,4.642600059509277,4.641300201416016,4.641300201416016,4.641300201416016,2,0.0,0.0
2026-09-30 23:17:00-04:00,4.641600131988525,4.641600131988525,4.641600131988525,4.641600131988525,4.641600131988525,1,0.0,0.0
2026-09-30 23:18:00-04:00,4.640900135040283,4.640900135040283,4.639100074768066,4.639100074768066,4.639100074768066,4,0.0,0.0
2026-09-30 23:19:00-04:00,4.64139986038208,4.642499923706055,4.639500141143799,4.640100002288818,4.640100002288818,11,0.0,0.0
2026-09-30 23:20:00-04:00,4.639599800109863,4.64109992980957,4.639599800109863,4.64109992980957,4.64109992980957,5,0.0,0.0
2026-09-30 23:27:00-04:00,4.639200210571289,4.639200210571289,4.639200210571289,4.639200210571289,4.639200210571289,1,0.0,0.0
2026-09-30 23:28:00-04:00,4.63640022277832,4.63640022277832,4.63640022277832,4.63640022277832,4.63640022277832,2,0.0,0.0
2026-09-30 23:32:00-04:00,4.63730001449585,4.6381001472473145,4.636600017547607,4.637599945068359,4.637599945068359,6,0.0,0.0
2026-09-30 23:34:00-04:00,4.635499954223633,4.635499954223633,4.635499954223633,4.635499954223633,4.635499954223633,2,0.0,0.0
2026-09-30 23:37:00-04:00,4.633999824523926,4.634799957275391,4.633999824523926,4.634799957275391,4.634799957275391,3,0.0,0.0
2026-09-30 23:40:00-04:00,4.634300231933594,4.634300231933594,4.634300231933594,4.634300231933594,4.634300231933594,2,0.0,0.0
2026-09-30 23:41:00-04:00,4.636600017547607,4.636600017547607,4.636600017547607,4.636600017547607,4.636600017547607,3,0.0,0.0
2026-09-30 23:43:00-04:00,4.635300159454346,4.635300159454346,4.635300159454346,4.635300159454346,4.635300159454346,2,0.0,0.0
2026-09-30 23:46:00-04:00,4.632800102233887,4.632800102233887,4.632500171661377,4.632500171661377,4.632500171661377,2,0.0,0.0
2026-09-30 23:47:00-04:00,4.632400035858154,4.632500171661377,4.632400035858154,4.632500171661377,4.632500171661377,2,0.0,0.0
2026-09-30 23:49:00-04:00,4.6290998458862305,4.6290998458862305,4.6290998458862305,4.6290998458862305,4.6290998458862305,2,0.0,0.0
2026-09-30 23:51:00-04:00,4.627999782562256,4.627999782562256,4.627999782562256,4.627999782562256,4.627999782562256,1,0.0,0.0
2026-09-30 23:52:00-04:00,4.62939977645874,4.62939977645874,4.62939977645874,4.62939977645874,4.62939977645874,2,0.0,0.0
2026-09-30 23:53:00-04:00,4.6265997886657715,4.628900051116943,4.6265997886657715,4.628900051116943,4.628900051116943,3,0.0,0.0
2026-09-30 23:54:00-04:00,4.626200199127197,4.626399993896484,4.625899791717529,4.625899791717529,4.625899791717529,4,0.0,0.0
2026-09-30 23:55:00-04:00,4.630000114440918,4.630000114440918,4.625999927520752,4.625999927520752,4.625999927520752,2,0.0,0.0
2026-09-30 23:56:00-04:00,4.626699924468994,4.626800060272217,4.621699810028076,4.621799945831299,4.621799945831299,17,0.0,0.0
2026-09-30 23:57:00-04:00,4.619800090789795,4.622200012207031,4.619800090789795,4.6219000816345215,4.6219000816345215,9,0.0,0.0
2026-09-30 23:58:00-04:00,4.619500160217285,4.619500160217285,4.616600036621094,4.616600036621094,4.616600036621094,7,0.0,0.0
2026-10-01 00:00:00-04:00,4.6168999671936035,4.6168999671936035,4.6168999671936035,4.6168999671936035,4.6168999671936035,3,0.0,0.0
2026-10-01 00:01:00-04:00,4.620100021362305,4.620100021362305,4.620100021362305,4.620100021362305,4.620100021362305,1,0.0,0.0
2026-10-01 00:04:00-04:00,4.617800235748291,4.6194000244140625,4.616600036621094,4.616799831390381,4.616799831390381,8,0.0,0.0
2026-10-01 00:05:00-04:00,4.617099761962891,4.619200229644775,4.617099761962891,4.619200229644775,4.619200229644775,4,0.0,0.0
2026-10-01 00:06:00-04:00,4.619800090789795,4.620699882507324,4.619699954986572,4.620200157165527,4.620200157165527,5,0.0,0.0
2026-10-01 00:07:00-04:00,4.620200157165527,4.620200157165527,4.620200157165527,4.620200157165527,4.620200157165527,2,0.0,0.0
2026-10-01 00:09:00-04:00,4.620699882507324,4.620800018310547,4.620500087738037,4.620500087738037,4.620500087738037,5,0.0,0.0
2026-10-01 00:10:00-04:00,4.623000144958496,4.623000144958496,4.623000144958496,4.623000144958496,4.623000144958496,2,0.0,0.0
2026-10-01 00:12:00-04:00,4.625899791717529,4.625899791717529,4.625899791717529,4.625899791717529,4.625899791717529,3,0.0,0.0
2026-10-01 00:13:00-04:00,4.615799903869629,4.615799903869629,4.615799903869629,4.615799903869629,4.615799903869629,2,0.0,0.0
2026-10-01 00:15:00-04:00,4.617400169372559,4.617400169372559,4.617400169372559,4.617400169372559,4.617400169372559,1,0.0,0.0
2026-10-01 00:16:00-04:00,4.6168999671936035,4.6168999671936035,4.6168999671936035,4.6168999671936035,4.6168999671936035,3,0.0,0.0
2026-10-01 00:18:00-04:00,4.615300178527832,4.616300106048584,4.615300178527832,4.616300106048584,4.616300106048584,6,0.0,0.0
2026-10-01 00:20:00-04:00,4.614099979400635,4.614200115203857,4.60860013961792,4.612500190734863,4.612500190734863,19,0.0,0.0
2026-10-01 00:21:00-04:00,4.6132001876831055,4.613699913024902,4.611999988555908,4.613699913024902,4.613699913024902,4,0.0,0.0
2026-10-01 00:23:00-04:00,4.613100051879883,4.613100051879883,4.613100051879883,4.613100051879883,4.613100051879883,1,0.0,0.0
2026-10-01 00:25:00-04:00,4.614200115203857,4.614200115203857,4.614200115203857,4.614200115203857,4.614200115203857,1,0.0,0.0
2026-10-01 00:29:00-04:00,4.618899822235107,4.618899822235107,4.618899822235107,4.618899822235107,4.618899822235107,1,0.0,0.0
2026-10-01 00:31:00-04:00,4.6132001876831055,4.6132001876831055,4.6132001876831055,4.6132001876831055,4.6132001876831055,3,0.0,0.0
2026-10-01 00:32:00-04:00,4.615099906921387,4.615099906921387,4.615099906921387,4.615099906921387,4.615099906921387,1,0.0,0.0
2026-10-01 00:34:00-04:00,4.618800163269043,4.618899822235107,4.618800163269043,4.618899822235107,4.618899822235107,4,0.0,0.0
2026-10-01 00:40:00-04:00,4.615900039672852,4.615900039672852,4.612800121307373,4.612800121307373,4.612800121307373,2,0.0,0.0
2026-10-01 00:42:00-04:00,4.6168999671936035,4.618800163269043,4.6168999671936035,4.6168999671936035,4.6168999671936035,4,0.0,0.0
2026-10-01 00:43:00-04:00,4.616700172424316,4.616700172424316,4.616700172424316,4.616700172424316,4.616700172424316,4,0.0,0.0
2026-10-01 00:51:00-04:00,4.6178998947143555,4.6178998947143555,4.6178998947143555,4.6178998947143555,4.6178998947143555,2,0.0,0.0
2026-10-01 00:52:00-04:00,4.616499900817871,4.616499900817871,4.616499900817871,4.616499900817871,4.616499900817871,1,0.0,0.0
2026-10-01 00:56:00-04:00,4.615200042724609,4.615200042724609,4.613999843597412,4.614999771118164,4.614999771118164,4,0.0,0.0
2026-10-01 00:57:00-04:00,4.615600109100342,4.616499900817871,4.615600109100342,4.616199970245361,4.616199970245361,5,0.0,0.0
2026-10-01 01:00:00-04:00,4.614999771118164,4.615699768066406,4.61460018157959,4.615699768066406,4.615699768066406,7,0.0,0.0
2026-10-01 01:01:00-04:00,4.6168999671936035,4.6168999671936035,4.6168999671936035,4.6168999671936035,4.6168999671936035,1,0.0,0.0
2026-10-01 01:04:00-04:00,4.616199970245361,4.616199970245361,4.616199970245361,4.616199970245361,4.616199970245361,1,0.0,0.0
2026-10-01 01:05:00-04:00,4.617800235748291,4.618599891662598,4.617800235748291,4.6184000968933105,4.6184000968933105,2,0.0,0.0
2026-10-01 01:06:00-04:00,4.613500118255615,4.613500118255615,4.610000133514404,4.610199928283691,4.610199928283691,12,0.0,0.0
2026-10-01 01:07:00-04:00,4.60860013961792,4.60860013961792,4.60860013961792,4.60860013961792,4.60860013961792,1,0.0,0.0
2026-10-01 01:08:00-04:00,4.606800079345703,4.60860013961792,4.605000019073486,4.60860013961792,4.60860013961792,5,0.0,0.0
2026-10-01 01:09:00-04:00,4.608399868011475,4.608399868011475,4.608399868011475,4.608399868011475,4.608399868011475,3,0.0,0.0
2026-10-01 01:10:00-04:00,4.605000019073486,4.607100009918213,4.604000091552734,4.605000019073486,4.605000019073486,11,0.0,0.0
2026-10-01 01:11:00-04:00,4.605100154876709,4.6066999435424805,4.605100154876709,4.6066999435424805,4.6066999435424805,2,0.0,0.0
2026-10-01 01:12:00-04:00,4.6057000160217285,4.6057000160217285,4.604300022125244,4.604300022125244,4.604300022125244,5,0.0,0.0
2026-10-01 01:13:00-04:00,4.606200218200684,4.606200218200684,4.606200218200684,4.606200218200684,4.606200218200684,3,0.0,0.0
2026-10-01 01:14:00-04:00,4.606599807739258,4.606599807739258,4.606599807739258,4.606599807739258,4.606599807739258,1,0.0,0.0
2026-10-01 01:15:00-04:00,4.609600067138672,4.609600067138672,4.609600067138672,4.609600067138672,4.609600067138672,1,0.0,0.0
2026-10-01 01:17:00-04:00,4.605999946594238,4.605999946594238,4.605999946594238,4.605999946594238,4.605999946594238,1,0.0,0.0
2026-10-01 01:19:00-04:00,4.609099864959717,4.609099864959717,4.609099864959717,4.609099864959717,4.609099864959717,7,0.0,0.0
2026-10-01 01:20:00-04:00,4.6082000732421875,4.6082000732421875,4.6082000732421875,4.6082000732421875,4.6082000732421875,2,0.0,0.0
2026-10-01 01:22:00-04:00,4.60290002822876,4.60290002822876,4.60290002822876,4.60290002822876,4.60290002822876,1,0.0,0.0
2026-10-01 01:23:00-04:00,4.6031999588012695,4.605000019073486,4.6020002365112305,4.605000019073486,4.605000019073486,20,0.0,0.0
2026-10-01 01:24:00-04:00,4.606800079345703,4.6082000732421875,4.606100082397461,4.6082000732421875,4.6082000732421875,17,0.0,0.0
2026-10-01 01:25:00-04:00,4.60830020904541,4.60830020904541,4.60830020904541,4.60830020904541,4.60830020904541,1,0.0,0.0
2026-10-01 01:26:00-04:00,4.610300064086914,4.610300064086914,4.607800006866455,4.6082000732421875,4.6082000732421875,11,0.0,0.0
2026-10-01 01:28:00-04:00,4.6118998527526855,4.6118998527526855,4.6118998527526855,4.6118998527526855,4.6118998527526855,9,0.0,0.0
2026-10-01 01:30:00-04:00,4.61299991607666,4.6149001121521,4.61299991607666,4.6149001121521,4.6149001121521,5,0.0,0.0
2026-10-01 01:31:00-04:00,4.612199783325195,4.612199783325195,4.612199783325195,4.612199783325195,4.612199783325195,1,0.0,0.0
2026-10-01 01:32:00-04:00,4.612500190734863,4.612500190734863,4.612500190734863,4.612500190734863,4.612500190734863,1,0.0,0.0
2026-10-01 01:33:00-04:00,4.613800048828125,4.614200115203857,4.612500190734863,4.612500190734863,4.612500190734863,8,0.0,0.0
2026-10-01 01:35:00-04:00,4.612400054931641,4.612400054931641,4.609499931335449,4.609499931335449,4.609499931335449,5,0.0,0.0
2026-10-01 01:36:00-04:00,4.6082000732421875,4.6082000732421875,4.6082000732421875,4.6082000732421875,4.6082000732421875,1,0.0,0.0
2026-10-01 01:37:00-04:00,4.6128997802734375,4.614799976348877,4.6128997802734375,4.614799976348877,4.614799976348877,2,0.0,0.0
2026-10-01 01:38:00-04:00,4.618199825286865,4.623799800872803,4.618199825286865,4.623799800872803,4.623799800872803,32,0.0,0.0
2026-10-01 01:39:00-04:00,4.629799842834473,4.638000011444092,4.629799842834473,4.638000011444092,4.638000011444092,17,0.0,0.0
2026-10-01 01:40:00-04:00,4.6381001472473145,4.638400077819824,4.6356000900268555,4.63730001449585,4.63730001449585,12,0.0,0.0
2026-10-01 01:41:00-04:00,4.638899803161621,4.638899803161621,4.633500099182129,4.634699821472168,4.634699821472168,7,0.0,0.0
2026-10-01 01:42:00-04:00,4.638700008392334,4.638700008392334,4.637800216674805,4.637800216674805,4.637800216674805,7,0.0,0.0
2026-10-01 01:43:00-04:00,4.636199951171875,4.638000011444092,4.636199951171875,4.638000011444092,4.638000011444092,3,0.0,0.0
2026-10-01 01:44:00-04:00,4.638700008392334,4.638700008392334,4.638299942016602,4.638299942016602,4.638299942016602,3,0.0,0.0
2026-10-01 01:45:00-04:00,4.635300159454346,4.639999866485596,4.635300159454346,4.639999866485596,4.639999866485596,6,0.0,0.0
2026-10-01 01:46:00-04:00,4.639599800109863,4.644199848175049,4.639599800109863,4.64139986038208,4.64139986038208,6,0.0,0.0
2026-10-01 01:47:00-04:00,4.6427998542785645,4.645100116729736,4.6427998542785645,4.645100116729736,4.645100116729736,3,0.0,0.0
2026-10-01 01:48:00-04:00,4.643599987030029,4.644599914550781,4.643599987030029,4.644599914550781,4.644599914550781,2,0.0,0.0
2026-10-01 01:49:00-04:00,4.647600173950195,4.650100231170654,4.646399974822998,4.646399974822998,4.646399974822998,14,0.0,0.0
2026-10-01 01:50:00-04:00,4.644899845123291,4.646100044250488,4.643700122833252,4.644899845123291,4.644899845123291,13,0.0,0.0
2026-10-01 01:51:00-04:00,4.643199920654297,4.643700122833252,4.6407999992370605,4.643700122833252,4.643700122833252,11,0.0,0.0
2026-10-01 01:52:00-04:00,4.641200065612793,4.645100116729736,4.6402997970581055,4.645100116729736,4.645100116729736,24,0.0,0.0
2026-10-01 01:54:00-04:00,4.640600204467773,4.640600204467773,4.640600204467773,4.640600204467773,4.640600204467773,1,0.0,0.0
2026-10-01 01:55:00-04:00,4.640900135040283,4.646500110626221,4.6407999992370605,4.646500110626221,4.646500110626221,11,0.0,0.0
2026-10-01 01:56:00-04:00,4.646500110626221,4.646500110626221,4.646500110626221,4.646500110626221,4.646500110626221,2,0.0,0.0
2026-10-01 01:57:00-04:00,4.6468000411987305,4.6468000411987305,4.6468000411987305,4.6468000411987305,4.6468000411987305,2,0.0,0.0
2026-10-01 01:58:00-04:00,4.651000022888184,4.657599925994873,4.650100231170654,4.654600143432617,4.654600143432617,45,0.0,0.0
2026-10-01 01:59:00-04:00,4.65339994430542,4.65339994430542,4.648099899291992,4.648099899291992,4.648099899291992,19,0.0,0.0
2026-10-01 02:00:00-04:00,4.645999908447266,4.645999908447266,4.638199806213379,4.640699863433838,4.640699863433838,29,0.0,0.0
2026-10-01 02:01:00-04:00,4.642000198364258,4.642000198364258,4.633800029754639,4.635300159454346,4.635300159454346,14,0.0,0.0
2026-10-01 02:02:00-04:00,4.63700008392334,4.638400077819824,4.63700008392334,4.638400077819824,4.638400077819824,6,0.0,0.0
2026-10-01 02:03:00-04:00,4.63700008392334,4.63730001449585,4.631199836730957,4.633900165557861,4.633900165557861,58,0.0,0.0
2026-10-01 02:04:00-04:00,4.635000228881836,4.635300159454346,4.629899978637695,4.631499767303467,4.631499767303467,32,0.0,0.0
2026-10-01 02:05:00-04:00,4.626800060272217,4.626800060272217,4.626800060272217,4.626800060272217,4.626800060272217,1,0.0,0.0
2026-10-01 02:06:00-04:00,4.626500129699707,4.628699779510498,4.626500129699707,4.628699779510498,4.628699779510498,23,0.0,0.0
2026-10-01 02:07:00-04:00,4.632299900054932,4.639100074768066,4.632199764251709,4.639100074768066,4.639100074768066,38,0.0,0.0
2026-10-01 02:08:00-04:00,4.6367998123168945,4.6367998123168945,4.63670015335083,4.6367998123168945,4.6367998123168945,7,0.0,0.0
2026-10-01 02:09:00-04:00,4.639400005340576,4.639900207519531,4.639100074768066,4.639900207519531,4.639900207519531,5,0.0,0.0
2026-10-01 02:10:00-04:00,4.638800144195557,4.64139986038208,4.638700008392334,4.64139986038208,4.64139986038208,15,0.0,0.0
2026-10-01 02:11:00-04:00,4.64109992980957,4.64109992980957,4.628600120544434,4.628600120544434,4.628600120544434,13,0.0,0.0
2026-10-01 02:12:00-04:00,4.627999782562256,4.63100004196167,4.627999782562256,4.63100004196167,4.63100004196167,10,0.0,0.0
2026-10-01 02:13:00-04:00,4.6315999031066895,4.632400035858154,4.627799987792969,4.628799915313721,4.628799915313721,11,0.0,0.0
2026-10-01 02:14:00-04:00,4.628900051116943,4.635000228881836,4.627600193023682,4.635000228881836,4.635000228881836,16,0.0,0.0
2026-10-01 02:15:00-04:00,4.633699893951416,4.635000228881836,4.632400035858154,4.632500171661377,4.632500171661377,12,0.0,0.0
2026-10-01 02:16:00-04:00,4.629899978637695,4.630899906158447,4.629899978637695,4.630899906158447,4.630899906158447,2,0.0,0.0
2026-10-01 02:17:00-04:00,4.629000186920166,4.629000186920166,4.621200084686279,4.621300220489502,4.621300220489502,12,0.0,0.0
2026-10-01 02:18:00-04:00,4.6280999183654785,4.6280999183654785,4.627099990844727,4.627099990844727,4.627099990844727,3,0.0,0.0
2026-10-01 02:19:00-04:00,4.628600120544434,4.628600120544434,4.628600120544434,4.628600120544434,4.628600120544434,1,0.0,0.0
2026-10-01 02:20:00-04:00,4.626800060272217,4.628300189971924,4.626800060272217,4.627299785614014,4.627299785614014,7,0.0,0.0
2026-10-01 02:21:00-04:00,4.629799842834473,4.629799842834473,4.621500015258789,4.627699851989746,4.627699851989746,7,0.0,0.0
2026-10-01 02:22:00-04:00,4.627600193023682,4.627600193023682,4.627600193023682,4.627600193023682,4.627600193023682,5,0.0,0.0
2026-10-01 02:24:00-04:00,4.62470006942749,4.625199794769287,4.62470006942749,4.625199794769287,4.625199794769287,2,0.0,0.0
2026-10-01 02:25:00-04:00,4.626800060272217,4.626800060272217,4.624899864196777,4.6255998611450195,4.6255998611450195,6,0.0,0.0
2026-10-01 02:26:00-04:00,4.626200199127197,4.6296000480651855,4.626200199127197,4.6296000480651855,4.6296000480651855,6,0.0,0.0
2026-10-01 02:27:00-04:00,4.628699779510498,4.628699779510498,4.628699779510498,4.628699779510498,4.628699779510498,2,0.0,0.0
2026-10-01 02:28:00-04:00,4.626299858093262,4.627999782562256,4.626299858093262,4.626299858093262,4.626299858093262,2,0.0,0.0
2026-10-01 02:29:00-04:00,4.6269001960754395,4.630499839782715,4.6255998611450195,4.629000186920166,4.629000186920166,7,0.0,0.0
2026-10-01 02:30:00-04:00,4.626299858093262,4.628900051116943,4.626299858093262,4.628900051116943,4.628900051116943,3,0.0,0.0
2026-10-01 02:31:00-04:00,4.625999927520752,4.626399993896484,4.625999927520752,4.626399993896484,4.626399993896484,2,0.0,0.0
2026-10-01 02:32:00-04:00,4.621300220489502,4.623600006103516,4.621300220489502,4.6230998039245605,4.6230998039245605,3,0.0,0.0
2026-10-01 02:33:00-04:00,4.6290998458862305,4.633800029754639,4.628900051116943,4.632199764251709,4.632199764251709,31,0.0,0.0
2026-10-01 02:34:00-04:00,4.6331000328063965,4.6331000328063965,4.6331000328063965,4.6331000328063965,4.6331000328063965,2,0.0,0.0
2026-10-01 02:35:00-04:00,4.6367998123168945,4.651800155639648,4.6367998123168945,4.650100231170654,4.650100231170654,13,0.0,0.0
2026-10-01 02:36:00-04:00,4.655799865722656,4.655799865722656,4.655600070953369,4.655600070953369,4.655600070953369,8,0.0,0.0
2026-10-01 02:37:00-04:00,4.657199859619141,4.666100025177002,4.655600070953369,4.666100025177002,4.666100025177002,16,0.0,0.0
2026-10-01 02:38:00-04:00,4.665999889373779,4.665999889373779,4.661099910736084,4.661200046539307,4.661200046539307,5,0.0,0.0
2026-10-01 02:39:00-04:00,4.668000221252441,4.67110013961792,4.666100025177002,4.67110013961792,4.67110013961792,12,0.0,0.0
2026-10-01 02:40:00-04:00,4.67710018157959,4.68310022354126,4.67710018157959,4.677800178527832,4.677800178527832,19,0.0,0.0
2026-10-01 02:41:00-04:00,4.678899765014648,4.680799961090088,4.677700042724609,4.679999828338623,4.679999828338623,14,0.0,0.0
2026-10-01 02:42:00-04:00,4.6753997802734375,4.680799961090088,4.6753997802734375,4.680699825286865,4.680699825286865,6,0.0,0.0
2026-10-01 02:43:00-04:00,4.681300163269043,4.682799816131592,4.6778998374938965,4.681099891662598,4.681099891662598,13,0.0,0.0
2026-10-01 02:44:00-04:00,4.6809000968933105,4.6809000968933105,4.6809000968933105,4.6809000968933105,4.6809000968933105,1,0.0,0.0
2026-10-01 02:45:00-04:00,4.6834001541137695,4.6834001541137695,4.682499885559082,4.682499885559082,4.682499885559082,3,0.0,0.0
2026-10-01 02:46:00-04:00,4.683700084686279,4.683700084686279,4.683599948883057,4.683599948883057,4.683599948883057,3,0.0,0.0
2026-10-01 02:47:00-04:00,4.685999870300293,4.692999839782715,4.684199810028076,4.692999839782715,4.692999839782715,18,0.0,0.0
2026-10-01 02:48:00-04:00,4.693299770355225,4.698400020599365,4.693299770355225,4.69789981842041,4.69789981842041,19,0.0,0.0
2026-10-01 02:49:00-04:00,4.697299957275391,4.702499866485596,4.697299957275391,4.700900077819824,4.700900077819824,4,0.0,0.0
2026-10-01 02:50:00-04:00,4.702000141143799,4.702000141143799,4.702000141143799,4.702000141143799,4.702000141143799,2,0.0,0.0
2026-10-01 02:51:00-04:00,4.69980001449585,4.706999778747559,4.697999954223633,4.705699920654297,4.705699920654297,30,0.0,0.0
2026-10-01 02:52:00-04:00,4.704899787902832,4.705599784851074,4.698299884796143,4.69890022277832,4.69890022277832,31,0.0,0.0
2026-10-01 02:53:00-04:00,4.706900119781494,4.706900119781494,4.701000213623047,4.701499938964844,4.701499938964844,49,0.0,0.0
2026-10-01 02:54:00-04:00,4.704100131988525,4.704100131988525,4.7006001472473145,4.7006001472473145,4.7006001472473145,38,0.0,0.0
2026-10-01 02:55:00-04:00,4.702600002288818,4.702600002288818,4.700500011444092,4.700500011444092,4.700500011444092,23,0.0,0.0
2026-10-01 02:56:00-04:00,4.700900077819824,4.701700210571289,4.696400165557861,4.7006001472473145,4.7006001472473145,38,0.0,0.0
2026-10-01 02:57:00-04:00,4.700900077819824,4.700900077819824,4.700900077819824,4.700900077819824,4.700900077819824,2,0.0,0.0
2026-10-01 02:59:00-04:00,4.703199863433838,4.708199977874756,4.703199863433838,4.708199977874756,4.708199977874756,32,0.0,0.0
2026-10-01 03:00:00-04:00,4.706900119781494,4.706900119781494,4.699999809265137,4.703700065612793,4.703700065612793,38,0.0,0.0
2026-10-01 03:01:00-04:00,4.7052001953125,4.7052998542785645,4.702000141143799,4.70419979095459,4.70419979095459,20,0.0,0.0
2026-10-01 03:02:00-04:00,4.705699920654297,4.708700180053711,4.7052001953125,4.7052001953125,4.7052001953125,6,0.0,0.0
2026-10-01 03:03:00-04:00,4.705100059509277,4.706699848175049,4.702600002288818,4.706399917602539,4.706399917602539,13,0.0,0.0
2026-10-01 03:04:00-04:00,4.704699993133545,4.708099842071533,4.700900077819824,4.706399917602539,4.706399917602539,16,0.0,0.0
2026-10-01 03:05:00-04:00,4.706999778747559,4.710700035095215,4.706999778747559,4.710000038146973,4.710000038146973,10,0.0,0.0
2026-10-01 03:06:00-04:00,4.710400104522705,4.721199989318848,4.705900192260742,4.721199989318848,4.721199989318848,40,0.0,0.0
2026-10-01 03:07:00-04:00,4.721099853515625,4.721099853515625,4.713200092315674,4.7164998054504395,4.7164998054504395,20,0.0,0.0
2026-10-01 03:08:00-04:00,4.718400001525879,4.718400001525879,4.715799808502197,4.715799808502197,4.715799808502197,6,0.0,0.0
2026-10-01 03:09:00-04:00,4.715799808502197,4.718800067901611,4.7133002281188965,4.7133002281188965,4.7133002281188965,24,0.0,0.0
2026-10-01 03:10:00-04:00,4.720300197601318,4.720300197601318,4.720300197601318,4.720300197601318,4.720300197601318,1,0.0,0.0
2026-10-01 03:11:00-04:00,4.718900203704834,4.718999862670898,4.716400146484375,4.716400146484375,4.716400146484375,10,0.0,0.0
2026-10-01 03:12:00-04:00,4.718299865722656,4.725900173187256,4.718299865722656,4.722400188446045,4.722400188446045,5,0.0,0.0
2026-10-01 03:13:00-04:00,4.723299980163574,4.728700160980225,4.722599983215332,4.722599983215332,4.722599983215332,11,0.0,0.0
2026-10-01 03:14:00-04:00,4.7270002365112305,4.743100166320801,4.7270002365112305,4.741099834442139,4.741099834442139,32,0.0,0.0
2026-10-01 03:15:00-04:00,4.7418999671936035,4.7418999671936035,4.736499786376953,4.736499786376953,4.736499786376953,13,0.0,0.0
2026-10-01 03:16:00-04:00,4.738800048828125,4.738999843597412,4.736000061035156,4.738900184631348,4.738900184631348,19,0.0,0.0
2026-10-01 03:17:00-04:00,4.740499973297119,4.746600151062012,4.740099906921387,4.746600151062012,4.746600151062012,36,0.0,0.0
2026-10-01 03:18:00-04:00,4.746600151062012,4.75,4.745200157165527,4.7480998039245605,4.7480998039245605,23,0.0,0.0
2026-10-01 03:19:00-04:00,4.752399921417236,4.760499954223633,4.7505998611450195,4.752399921417236,4.752399921417236,115,0.0,0.0
2026-10-01 03:20:00-04:00,4.7540998458862305,4.7540998458862305,4.750999927520752,4.751100063323975,4.751100063323975,28,0.0,0.0
2026-10-01 03:21:00-04:00,4.752699851989746,4.767099857330322,4.752600193023682,4.767099857330322,4.767099857330322,30,0.0,0.0
2026-10-01 03:22:00-04:00,4.765399932861328,4.765999794006348,4.762800216674805,4.762800216674805,4.762800216674805,12,0.0,0.0
2026-10-01 03:23:00-04:00,4.76609992980957,4.766200065612793,4.76609992980957,4.766200065612793,4.766200065612793,2,0.0,0.0
2026-10-01 03:24:00-04:00,4.767199993133545,4.767199993133545,4.763500213623047,4.763500213623047,4.763500213623047,5,0.0,0.0
2026-10-01 03:25:00-04:00,4.763000011444092,4.7692999839782715,4.763000011444092,4.7692999839782715,4.7692999839782715,4,0.0,0.0
2026-10-01 03:26:00-04:00,4.7718000411987305,4.7789998054504395,4.771200180053711,4.7789998054504395,4.7789998054504395,10,0.0,0.0
2026-10-01 03:27:00-04:00,4.7795000076293945,4.779600143432617,4.773900032043457,4.777900218963623,4.777900218963623,13,0.0,0.0
2026-10-01 03:28:00-04:00,4.7769999504089355,4.779399871826172,4.774700164794922,4.774700164794922,4.774700164794922,16,0.0,0.0
2026-10-01 03:29:00-04:00,4.7758002281188965,4.781499862670898,4.773499965667725,4.781499862670898,4.781499862670898,60,0.0,0.0
2026-10-01 03:30:00-04:00,4.783100128173828,4.783100128173828,4.775100231170654,4.7769999504089355,4.7769999504089355,17,0.0,0.0
2026-10-01 03:31:00-04:00,4.774099826812744,4.7758002281188965,4.7642998695373535,4.7642998695373535,4.7642998695373535,62,0.0,0.0
2026-10-01 03:32:00-04:00,4.764400005340576,4.764400005340576,4.756499767303467,4.756499767303467,4.756499767303467,15,0.0,0.0
2026-10-01 03:33:00-04:00,4.75570011138916,4.75570011138916,4.747799873352051,4.748499870300293,4.748499870300293,37,0.0,0.0
2026-10-01 03:34:00-04:00,4.752900123596191,4.752900123596191,4.741000175476074,4.742099761962891,4.742099761962891,24,0.0,0.0
2026-10-01 03:35:00-04:00,4.741000175476074,4.742300033569336,4.736299991607666,4.740600109100342,4.740600109100342,20,0.0,0.0
2026-10-01 03:36:00-04:00,4.740600109100342,4.748199939727783,4.740200042724609,4.748199939727783,4.748199939727783,17,0.0,0.0
2026-10-01 03:37:00-04:00,4.746699810028076,4.746699810028076,4.739999771118164,4.740099906921387,4.740099906921387,17,0.0,0.0
2026-10-01 03:38:00-04:00,4.735199928283691,4.735799789428711,4.733099937438965,4.734099864959717,4.734099864959717,15,0.0,0.0
2026-10-01 03:39:00-04:00,4.731599807739258,4.7357001304626465,4.731599807739258,4.7357001304626465,4.7357001304626465,5,0.0,0.0
2026-10-01 03:40:00-04:00,4.733799934387207,4.73769998550415,4.733099937438965,4.734899997711182,4.734899997711182,12,0.0,0.0
2026-10-01 03:42:00-04:00,4.730000019073486,4.730000019073486,4.730000019073486,4.730000019073486,4.730000019073486,8,0.0,0.0
2026-10-01 03:43:00-04:00,4.730100154876709,4.734099864959717,4.729400157928467,4.732800006866455,4.732800006866455,13,0.0,0.0
2026-10-01 03:44:00-04:00,4.736199855804443,4.736199855804443,4.705999851226807,4.71619987487793,4.71619987487793,245,0.0,0.0
2026-10-01 03:45:00-04:00,4.719699859619141,4.7281999588012695,4.719699859619141,4.723599910736084,4.723599910736084,42,0.0,0.0
2026-10-01 03:46:00-04:00,4.725800037384033,4.725800037384033,4.710899829864502,4.712600231170654,4.712600231170654,36,0.0,0.0
2026-10-01 03:47:00-04:00,4.717199802398682,4.717700004577637,4.710700035095215,4.712600231170654,4.712600231170654,21,0.0,0.0
2026-10-01 03:48:00-04:00,4.706299781799316,4.72160005569458,4.706299781799316,4.714399814605713,4.714399814605713,64,0.0,0.0
2026-10-01 03:49:00-04:00,4.7153000831604,4.71560001373291,4.701600074768066,4.703100204467773,4.703100204467773,18,0.0,0.0
2026-10-01 03:50:00-04:00,4.701700210571289,4.701700210571289,4.695300102233887,4.695300102233887,4.695300102233887,8,0.0,0.0
2026-10-01 03:51:00-04:00,4.6956000328063965,4.696499824523926,4.691199779510498,4.692599773406982,4.692599773406982,78,0.0,0.0
2026-10-01 03:52:00-04:00,4.693399906158447,4.698599815368652,4.691500186920166,4.694699764251709,4.694699764251709,42,0.0,0.0
2026-10-01 03:53:00-04:00,4.695000171661377,4.695000171661377,4.688000202178955,4.688000202178955,4.688000202178955,19,0.0,0.0
2026-10-01 03:54:00-04:00,4.691299915313721,4.69920015335083,4.691299915313721,4.69920015335083,4.69920015335083,8,0.0,0.0
2026-10-01 03:55:00-04:00,4.698500156402588,4.69980001449585,4.6956000328063965,4.697400093078613,4.697400093078613,17,0.0,0.0
2026-10-01 03:56:00-04:00,4.695000171661377,4.697999954223633,4.694300174713135,4.696300029754639,4.696300029754639,12,0.0,0.0
2026-10-01 03:57:00-04:00,4.703999996185303,4.718500137329102,4.703999996185303,4.718500137329102,4.718500137329102,52,0.0,0.0
2026-10-01 03:58:00-04:00,4.716300010681152,4.739699840545654,4.716300010681152,4.738100051879883,4.738100051879883,118,0.0,0.0
2026-10-01 03:59:00-04:00,4.735599994659424,4.74429988861084,4.733799934387207,4.733799934387207,4.733799934387207,21,0.0,0.0
2026-10-01 04:00:00-04:00,4.732500076293945,4.732600212097168,4.70419979095459,4.709400177001953,4.709400177001953,120,0.0,0.0
2026-10-01 04:01:00-04:00,4.707300186157227,4.709199905395508,4.7067999839782715,4.709000110626221,4.709000110626221,7,0.0,0.0
2026-10-01 04:02:00-04:00,4.708000183105469,4.7083001136779785,4.70359992980957,4.705399990081787,4.705399990081787,27,0.0,0.0
2026-10-01 04:03:00-04:00,4.702899932861328,4.708399772644043,4.702899932861328,4.704999923706055,4.704999923706055,21,0.0,0.0
2026-10-01 04:04:00-04:00,4.707699775695801,4.711299896240234,4.707699775695801,4.708600044250488,4.708600044250488,4,0.0,0.0
2026-10-01 04:05:00-04:00,4.710299968719482,4.710299968719482,4.706900119781494,4.710000038146973,4.710000038146973,9,0.0,0.0
2026-10-01 04:06:00-04:00,4.709099769592285,4.710599899291992,4.707399845123291,4.710599899291992,4.710599899291992,9,0.0,0.0
2026-10-01 04:07:00-04:00,4.715099811553955,4.71619987487793,4.71150016784668,4.712200164794922,4.712200164794922,9,0.0,0.0
2026-10-01 04:08:00-04:00,4.708099842071533,4.714799880981445,4.708099842071533,4.712100028991699,4.712100028991699,11,0.0,0.0
2026-10-01 04:09:00-04:00,4.713399887084961,4.713399887084961,4.70989990234375,4.712399959564209,4.712399959564209,6,0.0,0.0
2026-10-01 04:10:00-04:00,4.712200164794922,4.712500095367432,4.702400207519531,4.702499866485596,4.702499866485596,29,0.0,0.0
2026-10-01 04:11:00-04:00,4.701600074768066,4.710599899291992,4.699399948120117,4.710599899291992,4.710599899291992,11,0.0,0.0
2026-10-01 04:12:00-04:00,4.708499908447266,4.711900234222412,4.708099842071533,4.711900234222412,4.711900234222412,10,0.0,0.0
2026-10-01 04:13:00-04:00,4.7104997634887695,4.7104997634887695,4.708799839019775,4.7093000411987305,4.7093000411987305,6,0.0,0.0
2026-10-01 04:14:00-04:00,4.708099842071533,4.7108001708984375,4.706600189208984,4.7108001708984375,4.7108001708984375,26,0.0,0.0
2026-10-01 04:15:00-04:00,4.711400032043457,4.711400032043457,4.697000026702881,4.699100017547607,4.699100017547607,46,0.0,0.0
2026-10-01 04:16:00-04:00,4.700099945068359,4.700099945068359,4.6946001052856445,4.6956000328063965,4.6956000328063965,42,0.0,0.0
2026-10-01 04:17:00-04:00,4.6915998458862305,4.693399906158447,4.689899921417236,4.691299915313721,4.691299915313721,12,0.0,0.0
2026-10-01 04:18:00-04:00,4.688700199127197,4.688700199127197,4.684999942779541,4.684999942779541,4.684999942779541,15,0.0,0.0
2026-10-01 04:19:00-04:00,4.686699867248535,4.686699867248535,4.684800148010254,4.684999942779541,4.684999942779541,15,0.0,0.0
2026-10-01 04:20:00-04:00,4.6859002113342285,4.696100234985352,4.684700012207031,4.688399791717529,4.688399791717529,116,0.0,0.0
2026-10-01 04:21:00-04:00,4.692599773406982,4.694699764251709,4.68779993057251,4.690199851989746,4.690199851989746,11,0.0,0.0
2026-10-01 04:22:00-04:00,4.6875,4.68779993057251,4.668300151824951,4.673600196838379,4.673600196838379,72,0.0,0.0
2026-10-01 04:23:00-04:00,4.6732001304626465,4.678899765014648,4.668900012969971,4.673299789428711,4.673299789428711,37,0.0,0.0
2026-10-01 04:24:00-04:00,4.675899982452393,4.676599979400635,4.673099994659424,4.676599979400635,4.676599979400635,14,0.0,0.0
2026-10-01 04:25:00-04:00,4.674200057983398,4.678100109100342,4.674200057983398,4.67609977722168,4.67609977722168,9,0.0,0.0
2026-10-01 04:26:00-04:00,4.677599906921387,4.677599906921387,4.669000148773193,4.669899940490723,4.669899940490723,28,0.0,0.0
2026-10-01 04:27:00-04:00,4.669899940490723,4.670199871063232,4.6596999168396,4.660799980163574,4.660799980163574,43,0.0,0.0
2026-10-01 04:28:00-04:00,4.663899898529053,4.670000076293945,4.663400173187256,4.670000076293945,4.670000076293945,23,0.0,0.0
2026-10-01 04:29:00-04:00,4.66949987411499,4.68179988861084,4.66949987411499,4.678699970245361,4.678699970245361,49,0.0,0.0
2026-10-01 04:30:00-04:00,4.6890997886657715,4.692699909210205,4.6859002113342285,4.689199924468994,4.689199924468994,30,0.0,0.0
2026-10-01 04:31:00-04:00,4.689599990844727,4.692500114440918,4.68779993057251,4.692500114440918,4.692500114440918,5,0.0,0.0
2026-10-01 04:32:00-04:00,4.695400238037109,4.70359992980957,4.695400238037109,4.698699951171875,4.698699951171875,22,0.0,0.0
2026-10-01 04:33:00-04:00,4.697199821472168,4.699399948120117,4.683899879455566,4.683899879455566,4.683899879455566,15,0.0,0.0
2026-10-01 04:34:00-04:00,4.685699939727783,4.689599990844727,4.6753997802734375,4.6753997802734375,4.6753997802734375,11,0.0,0.0
2026-10-01 04:35:00-04:00,4.675300121307373,4.677499771118164,4.673099994659424,4.674900054931641,4.674900054931641,20,0.0,0.0
2026-10-01 04:36:00-04:00,4.672999858856201,4.6768999099731445,4.667300224304199,4.668499946594238,4.668499946594238,22,0.0,0.0
2026-10-01 04:37:00-04:00,4.666900157928467,4.671599864959717,4.660099983215332,4.671599864959717,4.671599864959717,34,0.0,0.0
2026-10-01 04:38:00-04:00,4.673600196838379,4.676000118255615,4.673600196838379,4.676000118255615,4.676000118255615,7,0.0,0.0
2026-10-01 04:39:00-04:00,4.668399810791016,4.668399810791016,4.665800094604492,4.665800094604492,4.665800094604492,3,0.0,0.0
2026-10-01 04:40:00-04:00,4.664999961853027,4.664999961853027,4.659900188446045,4.6620001792907715,4.6620001792907715,20,0.0,0.0
2026-10-01 04:41:00-04:00,4.664000034332275,4.6656999588012695,4.662700176239014,4.664299964904785,4.664299964904785,7,0.0,0.0
2026-10-01 04:42:00-04:00,4.662499904632568,4.664000034332275,4.6620001792907715,4.664000034332275,4.664000034332275,7,0.0,0.0
2026-10-01 04:43:00-04:00,4.668300151824951,4.668300151824951,4.660600185394287,4.661600112915039,4.661600112915039,7,0.0,0.0
2026-10-01 04:44:00-04:00,4.662199974060059,4.664400100708008,4.661600112915039,4.664400100708008,4.664400100708008,13,0.0,0.0
2026-10-01 04:45:00-04:00,4.6656999588012695,4.673299789428711,4.665599822998047,4.673299789428711,4.673299789428711,11,0.0,0.0
2026-10-01 04:46:00-04:00,4.671599864959717,4.675300121307373,4.671599864959717,4.673799991607666,4.673799991607666,7,0.0,0.0
2026-10-01 04:47:00-04:00,4.672399997711182,4.672399997711182,4.662399768829346,4.662399768829346,4.662399768829346,17,0.0,0.0
2026-10-01 04:48:00-04:00,4.660900115966797,4.665599822998047,4.660900115966797,4.665599822998047,4.665599822998047,5,0.0,0.0
2026-10-01 04:49:00-04:00,4.663599967956543,4.664599895477295,4.662499904632568,4.662499904632568,4.662499904632568,7,0.0,0.0
2026-10-01 04:50:00-04:00,4.663400173187256,4.668700218200684,4.663400173187256,4.668700218200684,4.668700218200684,9,0.0,0.0
2026-10-01 04:51:00-04:00,4.668600082397461,4.669899940490723,4.668600082397461,4.669899940490723,4.669899940490723,3,0.0,0.0
2026-10-01 04:52:00-04:00,4.67080020904541,4.671299934387207,4.6682000160217285,4.669099807739258,4.669099807739258,14,0.0,0.0
2026-10-01 04:53:00-04:00,4.671599864959717,4.67519998550415,4.671500205993652,4.674099922180176,4.674099922180176,8,0.0,0.0
2026-10-01 04:54:00-04:00,4.673399925231934,4.674499988555908,4.671000003814697,4.674499988555908,4.674499988555908,14,0.0,0.0
2026-10-01 04:55:00-04:00,4.672399997711182,4.672900199890137,4.669300079345703,4.669300079345703,4.669300079345703,8,0.0,0.0
2026-10-01 04:56:00-04:00,4.670899868011475,4.672500133514404,4.668900012969971,4.671000003814697,4.671000003814697,35,0.0,0.0
2026-10-01 04:57:00-04:00,4.6707000732421875,4.6707000732421875,4.663300037384033,4.666399955749512,4.666399955749512,43,0.0,0.0
2026-10-01 04:58:00-04:00,4.674499988555908,4.67519998550415,4.673600196838379,4.673600196838379,4.673600196838379,4,0.0,0.0
2026-10-01 04:59:00-04:00,4.671800136566162,4.671899795532227,4.669600009918213,4.669600009918213,4.669600009918213,7,0.0,0.0
2026-10-01 05:00:00-04:00,4.66949987411499,4.671800136566162,4.669099807739258,4.671199798583984,4.671199798583984,10,0.0,0.0
2026-10-01 05:01:00-04:00,4.6732001304626465,4.674099922180176,4.6732001304626465,4.673699855804443,4.673699855804443,7,0.0,0.0
2026-10-01 05:02:00-04:00,4.670100212097168,4.673699855804443,4.6697001457214355,4.672599792480469,4.672599792480469,15,0.0,0.0
2026-10-01 05:03:00-04:00,4.673699855804443,4.674499988555908,4.6682000160217285,4.6682000160217285,4.6682000160217285,10,0.0,0.0
2026-10-01 05:04:00-04:00,4.669000148773193,4.669000148773193,4.669000148773193,4.669000148773193,4.669000148773193,1,0.0,0.0
2026-10-01 05:05:00-04:00,4.673299789428711,4.673299789428711,4.671999931335449,4.671999931335449,4.671999931335449,3,0.0,0.0
2026-10-01 05:06:00-04:00,4.674200057983398,4.67579984664917,4.674200057983398,4.6743998527526855,4.6743998527526855,13,0.0,0.0
2026-10-01 05:07:00-04:00,4.677000045776367,4.677000045776367,4.676199913024902,4.676300048828125,4.676300048828125,2,0.0,0.0
2026-10-01 05:08:00-04:00,4.675300121307373,4.677299976348877,4.672800064086914,4.675000190734863,4.675000190734863,15,0.0,0.0
2026-10-01 05:09:00-04:00,4.6757001876831055,4.6757001876831055,4.6717000007629395,4.672299861907959,4.672299861907959,7,0.0,0.0
2026-10-01 05:10:00-04:00,4.672399997711182,4.672399997711182,4.667799949645996,4.668900012969971,4.668900012969971,16,0.0,0.0
2026-10-01 05:11:00-04:00,4.668399810791016,4.668399810791016,4.662499904632568,4.667099952697754,4.667099952697754,15,0.0,0.0
2026-10-01 05:12:00-04:00,4.666500091552734,4.666800022125244,4.663400173187256,4.665800094604492,4.665800094604492,11,0.0,0.0
2026-10-01 05:13:00-04:00,4.664700031280518,4.666100025177002,4.662499904632568,4.664999961853027,4.664999961853027,14,0.0,0.0
2026-10-01 05:14:00-04:00,4.663300037384033,4.663300037384033,4.6620001792907715,4.6620001792907715,4.6620001792907715,19,0.0,0.0
2026-10-01 05:15:00-04:00,4.666299819946289,4.666299819946289,4.664899826049805,4.664899826049805,4.664899826049805,5,0.0,0.0
2026-10-01 05:16:00-04:00,4.664400100708008,4.665800094604492,4.663300037384033,4.663300037384033,4.663300037384033,3,0.0,0.0
2026-10-01 05:17:00-04:00,4.664599895477295,4.664599895477295,4.661600112915039,4.661600112915039,4.661600112915039,5,0.0,0.0
2026-10-01 05:18:00-04:00,4.663000106811523,4.667200088500977,4.663000106811523,4.667200088500977,4.667200088500977,7,0.0,0.0
2026-10-01 05:19:00-04:00,4.670300006866455,4.670300006866455,4.670300006866455,4.670300006866455,4.670300006866455,1,0.0,0.0
2026-10-01 05:20:00-04:00,4.670400142669678,4.671199798583984,4.670199871063232,4.67110013961792,4.67110013961792,6,0.0,0.0
2026-10-01 05:21:00-04:00,4.669099807739258,4.669099807739258,4.638999938964844,4.649600028991699,4.649600028991699,228,0.0,0.0
2026-10-01 05:22:00-04:00,4.657400131225586,4.660200119018555,4.651199817657471,4.651500225067139,4.651500225067139,31,0.0,0.0
2026-10-01 05:23:00-04:00,4.651500225067139,4.653900146484375,4.649600028991699,4.653900146484375,4.653900146484375,13,0.0,0.0
2026-10-01 05:24:00-04:00,4.652400016784668,4.652400016784668,4.644199848175049,4.650000095367432,4.650000095367432,14,0.0,0.0
2026-10-01 05:25:00-04:00,4.649899959564209,4.6528000831604,4.649600028991699,4.651500225067139,4.651500225067139,50,0.0,0.0
2026-10-01 05:26:00-04:00,4.6529998779296875,4.6529998779296875,4.64870023727417,4.649600028991699,4.649600028991699,71,0.0,0.0
2026-10-01 05:27:00-04:00,4.646399974822998,4.648200035095215,4.645899772644043,4.647500038146973,4.647500038146973,23,0.0,0.0
2026-10-01 05:28:00-04:00,4.647900104522705,4.6529998779296875,4.647900104522705,4.652299880981445,4.652299880981445,4,0.0,0.0
2026-10-01 05:29:00-04:00,4.650700092315674,4.651000022888184,4.642099857330322,4.642600059509277,4.642600059509277,14,0.0,0.0
2026-10-01 05:30:00-04:00,4.643899917602539,4.645199775695801,4.640200138092041,4.641900062561035,4.641900062561035,13,0.0,0.0
2026-10-01 05:31:00-04:00,4.641600131988525,4.641600131988525,4.6356000900268555,4.6402997970581055,4.6402997970581055,31,0.0,0.0
2026-10-01 05:32:00-04:00,4.637199878692627,4.639599800109863,4.637199878692627,4.639599800109863,4.639599800109863,3,0.0,0.0
2026-10-01 05:33:00-04:00,4.639699935913086,4.639699935913086,4.636300086975098,4.637800216674805,4.637800216674805,36,0.0,0.0
2026-10-01 05:34:00-04:00,4.6392998695373535,4.641300201416016,4.6371002197265625,4.638500213623047,4.638500213623047,86,0.0,0.0
2026-10-01 05:35:00-04:00,4.63670015335083,4.63700008392334,4.634300231933594,4.6367998123168945,4.6367998123168945,46,0.0,0.0
2026-10-01 05:36:00-04:00,4.637499809265137,4.645500183105469,4.637499809265137,4.644199848175049,4.644199848175049,43,0.0,0.0
2026-10-01 05:37:00-04:00,4.645400047302246,4.645400047302246,4.640100002288818,4.640100002288818,4.640100002288818,23,0.0,0.0
2026-10-01 05:38:00-04:00,4.640699863433838,4.644800186157227,4.640600204467773,4.644800186157227,4.644800186157227,6,0.0,0.0
2026-10-01 05:39:00-04:00,4.645400047302246,4.652699947357178,4.645400047302246,4.652699947357178,4.652699947357178,15,0.0,0.0
2026-10-01 05:40:00-04:00,4.652900218963623,4.656000137329102,4.6528000831604,4.655300140380859,4.655300140380859,15,0.0,0.0
2026-10-01 05:41:00-04:00,4.648799896240234,4.656700134277344,4.648799896240234,4.656599998474121,4.656599998474121,5,0.0,0.0
2026-10-01 05:42:00-04:00,4.655799865722656,4.665200233459473,4.655799865722656,4.661499977111816,4.661499977111816,89,0.0,0.0
2026-10-01 05:43:00-04:00,4.662399768829346,4.664400100708008,4.661399841308594,4.661399841308594,4.661399841308594,15,0.0,0.0
2026-10-01 05:44:00-04:00,4.661300182342529,4.662899971008301,4.6596999168396,4.6596999168396,4.6596999168396,19,0.0,0.0
2026-10-01 05:45:00-04:00,4.66349983215332,4.665200233459473,4.661799907684326,4.661799907684326,4.661799907684326,25,0.0,0.0
2026-10-01 05:46:00-04:00,4.6545000076293945,4.656000137329102,4.647299766540527,4.64870023727417,4.64870023727417,50,0.0,0.0
2026-10-01 05:47:00-04:00,4.644700050354004,4.644700050354004,4.642399787902832,4.642899990081787,4.642899990081787,8,0.0,0.0
2026-10-01 05:48:00-04:00,4.641200065612793,4.641200065612793,4.630799770355225,4.640399932861328,4.640399932861328,63,0.0,0.0
2026-10-01 05:49:00-04:00,4.639800071716309,4.640699863433838,4.639800071716309,4.640399932861328,4.640399932861328,4,0.0,0.0
2026-10-01 05:50:00-04:00,4.640600204467773,4.6442999839782715,4.639500141143799,4.642899990081787,4.642899990081787,19,0.0,0.0
2026-10-01 05:51:00-04:00,4.642099857330322,4.643599987030029,4.642099857330322,4.643599987030029,4.643599987030029,5,0.0,0.0
2026-10-01 05:52:00-04:00,4.638400077819824,4.6427001953125,4.638400077819824,4.64139986038208,4.64139986038208,37,0.0,0.0
2026-10-01 05:53:00-04:00,4.640699863433838,4.643199920654297,4.6367998123168945,4.6367998123168945,4.6367998123168945,99,0.0,0.0
2026-10-01 05:54:00-04:00,4.632900238037109,4.632999897003174,4.627099990844727,4.627600193023682,4.627600193023682,173,0.0,0.0
2026-10-01 05:55:00-04:00,4.63100004196167,4.634699821472168,4.63100004196167,4.634699821472168,4.634699821472168,29,0.0,0.0
2026-10-01 05:56:00-04:00,4.633699893951416,4.633699893951416,4.628399848937988,4.6305999755859375,4.6305999755859375,11,0.0,0.0
2026-10-01 05:57:00-04:00,4.628900051116943,4.63129997253418,4.6269001960754395,4.6269001960754395,4.6269001960754395,12,0.0,0.0
2026-10-01 05:58:00-04:00,4.625999927520752,4.627200126647949,4.625,4.626500129699707,4.626500129699707,27,0.0,0.0
2026-10-01 05:59:00-04:00,4.625999927520752,4.627699851989746,4.624800205230713,4.626999855041504,4.626999855041504,53,0.0,0.0
2026-10-01 06:00:00-04:00,4.625,4.6296000480651855,4.625,4.626699924468994,4.626699924468994,10,0.0,0.0
2026-10-01 06:01:00-04:00,4.626399993896484,4.626399993896484,4.623300075531006,4.623300075531006,4.623300075531006,4,0.0,0.0
2026-10-01 06:02:00-04:00,4.625400066375732,4.635300159454346,4.625400066375732,4.633399963378906,4.633399963378906,31,0.0,0.0
2026-10-01 06:03:00-04:00,4.635200023651123,4.636000156402588,4.633699893951416,4.633699893951416,4.633699893951416,9,0.0,0.0
2026-10-01 06:04:00-04:00,4.631899833679199,4.632299900054932,4.629799842834473,4.632299900054932,4.632299900054932,16,0.0,0.0
2026-10-01 06:05:00-04:00,4.632299900054932,4.632299900054932,4.632199764251709,4.632199764251709,4.632199764251709,43,0.0,0.0
2026-10-01 06:07:00-04:00,4.632400035858154,4.632400035858154,4.632400035858154,4.632400035858154,4.632400035858154,100,0.0,0.0
2026-10-01 06:08:00-04:00,4.631899833679199,4.644199848175049,4.631899833679199,4.64139986038208,4.64139986038208,64,0.0,0.0
2026-10-01 06:09:00-04:00,4.638800144195557,4.638800144195557,4.63670015335083,4.6367998123168945,4.6367998123168945,12,0.0,0.0
2026-10-01 06:11:00-04:00,4.639500141143799,4.641600131988525,4.638700008392334,4.638700008392334,4.638700008392334,35,0.0,0.0
2026-10-01 06:12:00-04:00,4.63670015335083,4.637199878692627,4.63670015335083,4.637199878692627,4.637199878692627,15,0.0,0.0
2026-10-01 06:14:00-04:00,4.635900020599365,4.6381001472473145,4.633299827575684,4.635300159454346,4.635300159454346,16,0.0,0.0
2026-10-01 06:15:00-04:00,4.6346001625061035,4.634900093078613,4.629000186920166,4.630300045013428,4.630300045013428,16,0.0,0.0
2026-10-01 06:16:00-04:00,4.631100177764893,4.6350998878479,4.631100177764893,4.634300231933594,4.634300231933594,6,0.0,0.0
2026-10-01 06:17:00-04:00,4.635499954223633,4.635499954223633,4.626399993896484,4.632699966430664,4.632699966430664,8,0.0,0.0
2026-10-01 06:18:00-04:00,4.633600234985352,4.634500026702881,4.6132001876831055,4.615699768066406,4.615699768066406,295,0.0,0.0
2026-10-01 06:19:00-04:00,4.615699768066406,4.620100021362305,4.6153998374938965,4.615499973297119,4.615499973297119,35,0.0,0.0
2026-10-01 06:20:00-04:00,4.614099979400635,4.614099979400635,4.607800006866455,4.611000061035156,4.611000061035156,28,0.0,0.0
2026-10-01 06:21:00-04:00,4.61329984664917,4.6149001121521,4.610099792480469,4.6149001121521,4.6149001121521,21,0.0,0.0
2026-10-01 06:22:00-04:00,4.6132001876831055,4.614699840545654,4.6132001876831055,4.614699840545654,4.614699840545654,4,0.0,0.0
2026-10-01 06:23:00-04:00,4.610499858856201,4.613999843597412,4.610499858856201,4.611999988555908,4.611999988555908,6,0.0,0.0
2026-10-01 06:24:00-04:00,4.614799976348877,4.624499797821045,4.614799976348877,4.624000072479248,4.624000072479248,30,0.0,0.0
2026-10-01 06:25:00-04:00,4.624199867248535,4.625500202178955,4.622399806976318,4.625500202178955,4.625500202178955,9,0.0,0.0
2026-10-01 06:26:00-04:00,4.627299785614014,4.627299785614014,4.621799945831299,4.623199939727783,4.623199939727783,9,0.0,0.0
2026-10-01 06:27:00-04:00,4.622499942779541,4.622499942779541,4.620100021362305,4.621799945831299,4.621799945831299,16,0.0,0.0
2026-10-01 06:28:00-04:00,4.622900009155273,4.626500129699707,4.622900009155273,4.6234002113342285,4.6234002113342285,15,0.0,0.0
2026-10-01 06:30:00-04:00,4.624100208282471,4.633399963378906,4.622600078582764,4.6321001052856445,4.6321001052856445,48,0.0,0.0
2026-10-01 06:31:00-04:00,4.632699966430664,4.632699966430664,4.623000144958496,4.624499797821045,4.624499797821045,18,0.0,0.0
2026-10-01 06:32:00-04:00,4.624100208282471,4.626399993896484,4.618899822235107,4.622000217437744,4.622000217437744,12,0.0,0.0
2026-10-01 06:33:00-04:00,4.6209001541137695,4.623799800872803,4.6209001541137695,4.623799800872803,4.623799800872803,17,0.0,0.0
2026-10-01 06:34:00-04:00,4.622000217437744,4.623499870300293,4.6209001541137695,4.621799945831299,4.621799945831299,62,0.0,0.0
2026-10-01 06:35:00-04:00,4.623000144958496,4.623300075531006,4.61899995803833,4.620999813079834,4.620999813079834,75,0.0,0.0
2026-10-01 06:36:00-04:00,4.621200084686279,4.622099876403809,4.61899995803833,4.620800018310547,4.620800018310547,144,0.0,0.0
2026-10-01 06:37:00-04:00,4.6209001541137695,4.624300003051758,4.620500087738037,4.623000144958496,4.623000144958496,39,0.0,0.0
2026-10-01 06:38:00-04:00,4.6265997886657715,4.627799987792969,4.626399993896484,4.627799987792969,4.627799987792969,6,0.0,0.0
2026-10-01 06:39:00-04:00,4.627699851989746,4.628200054168701,4.624899864196777,4.624899864196777,4.624899864196777,6,0.0,0.0
2026-10-01 06:40:00-04:00,4.627399921417236,4.627399921417236,4.626699924468994,4.626699924468994,4.626699924468994,4,0.0,0.0
2026-10-01 06:41:00-04:00,4.623700141906738,4.628900051116943,4.623700141906738,4.6265997886657715,4.6265997886657715,9,0.0,0.0
2026-10-01 06:42:00-04:00,4.625999927520752,4.6265997886657715,4.595200061798096,4.597499847412109,4.597499847412109,255,0.0,0.0
2026-10-01 06:43:00-04:00,4.595900058746338,4.596799850463867,4.5879998207092285,4.594200134277344,4.594200134277344,108,0.0,0.0
2026-10-01 06:44:00-04:00,4.5960001945495605,4.600100040435791,4.5960001945495605,4.5960001945495605,4.5960001945495605,22,0.0,0.0
2026-10-01 06:45:00-04:00,4.594099998474121,4.594099998474121,4.576200008392334,4.579599857330322,4.579599857330322,56,0.0,0.0
2026-10-01 06:46:00-04:00,4.583700180053711,4.58650016784668,4.581900119781494,4.58650016784668,4.58650016784668,11,0.0,0.0
2026-10-01 06:47:00-04:00,4.587500095367432,4.596099853515625,4.587500095367432,4.593299865722656,4.593299865722656,21,0.0,0.0
2026-10-01 06:48:00-04:00,4.590199947357178,4.597499847412109,4.590199947357178,4.59499979019165,4.59499979019165,29,0.0,0.0
2026-10-01 06:49:00-04:00,4.595200061798096,4.5960001945495605,4.595200061798096,4.5960001945495605,4.5960001945495605,4,0.0,0.0
2026-10-01 06:50:00-04:00,4.59119987487793,4.591800212860107,4.59119987487793,4.591800212860107,4.591800212860107,4,0.0,0.0
2026-10-01 06:51:00-04:00,4.587200164794922,4.587200164794922,4.583000183105469,4.584099769592285,4.584099769592285,16,0.0,0.0
2026-10-01 06:52:00-04:00,4.582699775695801,4.584700107574463,4.578400135040283,4.579100131988525,4.579100131988525,21,0.0,0.0
2026-10-01 06:53:00-04:00,4.579100131988525,4.581200122833252,4.576600074768066,4.5802001953125,4.5802001953125,42,0.0,0.0
2026-10-01 06:54:00-04:00,4.579100131988525,4.579100131988525,4.57390022277832,4.5777997970581055,4.5777997970581055,24,0.0,0.0
2026-10-01 06:55:00-04:00,4.576000213623047,4.579999923706055,4.576000213623047,4.579999923706055,4.579999923706055,18,0.0,0.0
2026-10-01 06:56:00-04:00,4.581500053405762,4.587399959564209,4.57859992980957,4.587399959564209,4.587399959564209,48,0.0,0.0
2026-10-01 06:57:00-04:00,4.588600158691406,4.588600158691406,4.587800025939941,4.587800025939941,4.587800025939941,8,0.0,0.0
2026-10-01 06:58:00-04:00,4.587500095367432,4.587800025939941,4.587500095367432,4.587800025939941,4.587800025939941,2,0.0,0.0
2026-10-01 06:59:00-04:00,4.582300186157227,4.582300186157227,4.58050012588501,4.580999851226807,4.580999851226807,5,0.0,0.0
2026-10-01 07:00:00-04:00,4.5817999839782715,4.5879998207092285,4.580999851226807,4.5879998207092285,4.5879998207092285,43,0.0,0.0
2026-10-01 07:01:00-04:00,4.584400177001953,4.5903000831604,4.584199905395508,4.588900089263916,4.588900089263916,14,0.0,0.0
2026-10-01 07:02:00-04:00,4.589000225067139,4.600900173187256,4.587699890136719,4.600299835205078,4.600299835205078,27,0.0,0.0
2026-10-01 07:03:00-04:00,4.601099967956543,4.6020002365112305,4.597400188446045,4.598299980163574,4.598299980163574,19,0.0,0.0
2026-10-01 07:04:00-04:00,4.598800182342529,4.600399971008301,4.5970001220703125,4.597400188446045,4.597400188446045,14,0.0,0.0
2026-10-01 07:05:00-04:00,4.598899841308594,4.609600067138672,4.598899841308594,4.6041998863220215,4.6041998863220215,29,0.0,0.0
2026-10-01 07:06:00-04:00,4.603899955749512,4.6118998527526855,4.60290002822876,4.609600067138672,4.609600067138672,15,0.0,0.0
2026-10-01 07:07:00-04:00,4.611400127410889,4.626100063323975,4.611100196838379,4.624899864196777,4.624899864196777,86,0.0,0.0
2026-10-01 07:08:00-04:00,4.625800132751465,4.62939977645874,4.621300220489502,4.623799800872803,4.623799800872803,19,0.0,0.0
2026-10-01 07:09:00-04:00,4.622799873352051,4.625999927520752,4.619100093841553,4.625,4.625,28,0.0,0.0
2026-10-01 07:10:00-04:00,4.627299785614014,4.634799957275391,4.626100063323975,4.634799957275391,4.634799957275391,17,0.0,0.0
2026-10-01 07:11:00-04:00,4.628699779510498,4.628699779510498,4.625999927520752,4.627200126647949,4.627200126647949,34,0.0,0.0
2026-10-01 07:12:00-04:00,4.630799770355225,4.63129997253418,4.629000186920166,4.629000186920166,4.629000186920166,4,0.0,0.0
2026-10-01 07:13:00-04:00,4.627200126647949,4.6315999031066895,4.627200126647949,4.627500057220459,4.627500057220459,45,0.0,0.0
2026-10-01 07:14:00-04:00,4.627500057220459,4.631499767303467,4.625699996948242,4.631499767303467,4.631499767303467,13,0.0,0.0
2026-10-01 07:15:00-04:00,4.634799957275391,4.645400047302246,4.634799957275391,4.6417999267578125,4.6417999267578125,43,0.0,0.0
2026-10-01 07:16:00-04:00,4.644000053405762,4.646500110626221,4.644000053405762,4.646500110626221,4.646500110626221,13,0.0,0.0
2026-10-01 07:17:00-04:00,4.6458001136779785,4.6458001136779785,4.644100189208984,4.644100189208984,4.644100189208984,7,0.0,0.0
2026-10-01 07:18:00-04:00,4.643899917602539,4.643899917602539,4.640600204467773,4.640600204467773,4.640600204467773,6,0.0,0.0
2026-10-01 07:19:00-04:00,4.643099784851074,4.643499851226807,4.642499923706055,4.642499923706055,4.642499923706055,10,0.0,0.0
2026-10-01 07:20:00-04:00,4.641499996185303,4.642000198364258,4.639599800109863,4.639900207519531,4.639900207519531,38,0.0,0.0
2026-10-01 07:21:00-04:00,4.642300128936768,4.645699977874756,4.642300128936768,4.645699977874756,4.645699977874756,24,0.0,0.0
2026-10-01 07:22:00-04:00,4.645100116729736,4.647200107574463,4.644100189208984,4.644499778747559,4.644499778747559,32,0.0,0.0
2026-10-01 07:23:00-04:00,4.641300201416016,4.641300201416016,4.637499809265137,4.638599872589111,4.638599872589111,34,0.0,0.0
2026-10-01 07:24:00-04:00,4.639999866485596,4.643400192260742,4.639900207519531,4.641200065612793,4.641200065612793,11,0.0,0.0
2026-10-01 07:25:00-04:00,4.639100074768066,4.643199920654297,4.637899875640869,4.643199920654297,4.643199920654297,11,0.0,0.0
2026-10-01 07:26:00-04:00,4.643099784851074,4.643099784851074,4.635499954223633,4.635499954223633,4.635499954223633,23,0.0,0.0
2026-10-01 07:27:00-04:00,4.635300159454346,4.636099815368652,4.633600234985352,4.634900093078613,4.634900093078613,12,0.0,0.0
2026-10-01 07:28:00-04:00,4.6346001625061035,4.6381001472473145,4.634399890899658,4.636199951171875,4.636199951171875,18,0.0,0.0
2026-10-01 07:29:00-04:00,4.6350998878479,4.6350998878479,4.633600234985352,4.633600234985352,4.633600234985352,5,0.0,0.0
2026-10-01 07:30:00-04:00,4.6331000328063965,4.635200023651123,4.627900123596191,4.630000114440918,4.630000114440918,84,0.0,0.0
2026-10-01 07:31:00-04:00,4.630099773406982,4.6315999031066895,4.628600120544434,4.6315999031066895,4.6315999031066895,27,0.0,0.0
2026-10-01 07:32:00-04:00,4.633399963378906,4.637700080871582,4.633399963378906,4.6356000900268555,4.6356000900268555,19,0.0,0.0
2026-10-01 07:33:00-04:00,4.636899948120117,4.636899948120117,4.633999824523926,4.6346001625061035,4.6346001625061035,18,0.0,0.0
2026-10-01 07:34:00-04:00,4.633900165557861,4.638400077819824,4.633900165557861,4.638400077819824,4.638400077819824,16,0.0,0.0
2026-10-01 07:35:00-04:00,4.637400150299072,4.637400150299072,4.636600017547607,4.636600017547607,4.636600017547607,3,0.0,0.0
2026-10-01 07:36:00-04:00,4.634799957275391,4.634799957275391,4.632699966430664,4.634200096130371,4.634200096130371,8,0.0,0.0
2026-10-01 07:37:00-04:00,4.630899906158447,4.63100004196167,4.628200054168701,4.63070011138916,4.63070011138916,14,0.0,0.0
2026-10-01 07:38:00-04:00,4.625899791717529,4.631899833679199,4.625899791717529,4.631400108337402,4.631400108337402,30,0.0,0.0
2026-10-01 07:39:00-04:00,4.631400108337402,4.634699821472168,4.631100177764893,4.632500171661377,4.632500171661377,22,0.0,0.0
2026-10-01 07:40:00-04:00,4.631199836730957,4.6321001052856445,4.629000186920166,4.6321001052856445,4.6321001052856445,28,0.0,0.0
2026-10-01 07:41:00-04:00,4.630899906158447,4.630899906158447,4.628799915313721,4.629300117492676,4.629300117492676,5,0.0,0.0
2026-10-01 07:42:00-04:00,4.631199836730957,4.631499767303467,4.629300117492676,4.6305999755859375,4.6305999755859375,6,0.0,0.0
2026-10-01 07:43:00-04:00,4.629899978637695,4.629899978637695,4.625800132751465,4.627299785614014,4.627299785614014,15,0.0,0.0
2026-10-01 07:44:00-04:00,4.626800060272217,4.626800060272217,4.626699924468994,4.626699924468994,4.626699924468994,2,0.0,0.0
2026-10-01 07:45:00-04:00,4.624100208282471,4.625100135803223,4.620699882507324,4.622000217437744,4.622000217437744,38,0.0,0.0
2026-10-01 07:46:00-04:00,4.624199867248535,4.6244001388549805,4.6066999435424805,4.606900215148926,4.606900215148926,32,0.0,0.0
2026-10-01 07:47:00-04:00,4.607699871063232,4.610300064086914,4.605999946594238,4.607999801635742,4.607999801635742,37,0.0,0.0
2026-10-01 07:48:00-04:00,4.6072998046875,4.609600067138672,4.601399898529053,4.603899955749512,4.603899955749512,36,0.0,0.0
2026-10-01 07:49:00-04:00,4.601799964904785,4.6057000160217285,4.601799964904785,4.605000019073486,4.605000019073486,52,0.0,0.0
2026-10-01 07:50:00-04:00,4.6072001457214355,4.610000133514404,4.602200031280518,4.6041998863220215,4.6041998863220215,33,0.0,0.0
2026-10-01 07:51:00-04:00,4.602200031280518,4.608699798583984,4.601600170135498,4.607900142669678,4.607900142669678,40,0.0,0.0
2026-10-01 07:52:00-04:00,4.607500076293945,4.614500045776367,4.607500076293945,4.614500045776367,4.614500045776367,13,0.0,0.0
2026-10-01 07:53:00-04:00,4.614500045776367,4.614500045776367,4.601200103759766,4.603400230407715,4.603400230407715,54,0.0,0.0
2026-10-01 07:54:00-04:00,4.603499889373779,4.608399868011475,4.599999904632568,4.604499816894531,4.604499816894531,47,0.0,0.0
2026-10-01 07:55:00-04:00,4.603799819946289,4.603899955749512,4.599999904632568,4.60230016708374,4.60230016708374,104,0.0,0.0
2026-10-01 07:56:00-04:00,4.601099967956543,4.602499961853027,4.598199844360352,4.599100112915039,4.599100112915039,20,0.0,0.0
2026-10-01 07:57:00-04:00,4.598299980163574,4.600299835205078,4.596700191497803,4.5995001792907715,4.5995001792907715,25,0.0,0.0
2026-10-01 07:58:00-04:00,4.600299835205078,4.60290002822876,4.599899768829346,4.601500034332275,4.601500034332275,17,0.0,0.0
2026-10-01 07:59:00-04:00,4.602499961853027,4.602499961853027,4.60099983215332,4.60099983215332,4.60099983215332,12,0.0,0.0
2026-10-01 08:00:00-04:00,4.601500034332275,4.603499889373779,4.5929999351501465,4.593699932098389,4.593699932098389,117,0.0,0.0
2026-10-01 08:01:00-04:00,4.591599941253662,4.593800067901611,4.588699817657471,4.591000080108643,4.591000080108643,163,0.0,0.0
2026-10-01 08:02:00-04:00,4.588699817657471,4.594600200653076,4.588099956512451,4.59060001373291,4.59060001373291,74,0.0,0.0
2026-10-01 08:03:00-04:00,4.589000225067139,4.594099998474121,4.586100101470947,4.594099998474121,4.594099998474121,35,0.0,0.0
2026-10-01 08:04:00-04:00,4.592400074005127,4.598199844360352,4.592400074005127,4.593699932098389,4.593699932098389,27,0.0,0.0
2026-10-01 08:05:00-04:00,4.59660005569458,4.59689998626709,4.584000110626221,4.585299968719482,4.585299968719482,127,0.0,0.0
2026-10-01 08:06:00-04:00,4.584400177001953,4.591000080108643,4.582900047302246,4.586699962615967,4.586699962615967,109,0.0,0.0
2026-10-01 08:07:00-04:00,4.588500022888184,4.589900016784668,4.585599899291992,4.586999893188477,4.586999893188477,31,0.0,0.0
2026-10-01 08:08:00-04:00,4.5858001708984375,4.587600231170654,4.584000110626221,4.585100173950195,4.585100173950195,39,0.0,0.0
2026-10-01 08:09:00-04:00,4.585899829864502,4.585899829864502,4.582900047302246,4.583499908447266,4.583499908447266,18,0.0,0.0
2026-10-01 08:10:00-04:00,4.581999778747559,4.584099769592285,4.579999923706055,4.580699920654297,4.580699920654297,52,0.0,0.0
2026-10-01 08:11:00-04:00,4.581099987030029,4.581999778747559,4.5792999267578125,4.581600189208984,4.581600189208984,23,0.0,0.0
2026-10-01 08:12:00-04:00,4.580900192260742,4.582399845123291,4.580900192260742,4.581699848175049,4.581699848175049,8,0.0,0.0
2026-10-01 08:13:00-04:00,4.5817999839782715,4.581900119781494,4.577499866485596,4.581500053405762,4.581500053405762,20,0.0,0.0
2026-10-01 08:14:00-04:00,4.579699993133545,4.5843000411987305,4.57859992980957,4.580699920654297,4.580699920654297,26,0.0,0.0
2026-10-01 08:15:00-04:00,4.582900047302246,4.5858001708984375,4.574999809265137,4.576000213623047,4.576000213623047,63,0.0,0.0
2026-10-01 08:16:00-04:00,4.575900077819824,4.582200050354004,4.575900077819824,4.581900119781494,4.581900119781494,35,0.0,0.0
2026-10-01 08:17:00-04:00,4.580399990081787,4.590000152587891,4.579100131988525,4.579100131988525,4.579100131988525,72,0.0,0.0
2026-10-01 08:18:00-04:00,4.57889986038208,4.582799911499023,4.570000171661377,4.5756001472473145,4.5756001472473145,102,0.0,0.0
2026-10-01 08:19:00-04:00,4.571499824523926,4.574100017547607,4.56790018081665,4.568600177764893,4.568600177764893,99,0.0,0.0
2026-10-01 08:20:00-04:00,4.568999767303467,4.5721001625061035,4.5671000480651855,4.570300102233887,4.570300102233887,65,0.0,0.0
2026-10-01 08:21:00-04:00,4.5706000328063965,4.575399875640869,4.56879997253418,4.575399875640869,4.575399875640869,35,0.0,0.0
2026-10-01 08:22:00-04:00,4.577000141143799,4.577099800109863,4.572999954223633,4.57480001449585,4.57480001449585,27,0.0,0.0
2026-10-01 08:23:00-04:00,4.575799942016602,4.592199802398682,4.575799942016602,4.589000225067139,4.589000225067139,136,0.0,0.0
2026-10-01 08:24:00-04:00,4.585999965667725,4.5903000831604,4.578199863433838,4.579800128936768,4.579800128936768,198,0.0,0.0
2026-10-01 08:25:00-04:00,4.581399917602539,4.582499980926514,4.5706000328063965,4.572800159454346,4.572800159454346,139,0.0,0.0
2026-10-01 08:26:00-04:00,4.571599960327148,4.604400157928467,4.571599960327148,4.588200092315674,4.588200092315674,479,0.0,0.0
2026-10-01 08:27:00-04:00,4.5883002281188965,4.590000152587891,4.581999778747559,4.585599899291992,4.585599899291992,38,0.0,0.0
2026-10-01 08:28:00-04:00,4.586299896240234,4.586299896240234,4.582300186157227,4.583000183105469,4.583000183105469,29,0.0,0.0
2026-10-01 08:29:00-04:00,4.583199977874756,4.586400032043457,4.561999797821045,4.564300060272217,4.564300060272217,161,0.0,0.0
2026-10-01 08:30:00-04:00,4.5644001960754395,4.569499969482422,4.553599834442139,4.557199954986572,4.557199954986572,105,0.0,0.0
2026-10-01 08:31:00-04:00,4.557300090789795,4.565400123596191,4.557300090789795,4.561100006103516,4.561100006103516,38,0.0,0.0
2026-10-01 08:32:00-04:00,4.560699939727783,4.571300029754639,4.559800148010254,4.571300029754639,4.571300029754639,43,0.0,0.0
2026-10-01 08:33:00-04:00,4.575500011444092,4.576200008392334,4.574100017547607,4.575099945068359,4.575099945068359,27,0.0,0.0
2026-10-01 08:34:00-04:00,4.574699878692627,4.575099945068359,4.572000026702881,4.572000026702881,4.572000026702881,18,0.0,0.0
2026-10-01 08:35:00-04:00,4.571199893951416,4.573200225830078,4.568299770355225,4.571300029754639,4.571300029754639,28,0.0,0.0
2026-10-01 08:36:00-04:00,4.5725998878479,4.5725998878479,4.56689977645874,4.5690999031066895,4.5690999031066895,28,0.0,0.0
2026-10-01 08:37:00-04:00,4.574699878692627,4.57480001449585,4.570700168609619,4.570700168609619,4.570700168609619,10,0.0,0.0
2026-10-01 08:38:00-04:00,4.568999767303467,4.575399875640869,4.565499782562256,4.575399875640869,4.575399875640869,37,0.0,0.0
2026-10-01 08:39:00-04:00,4.574999809265137,4.576499938964844,4.573500156402588,4.573999881744385,4.573999881744385,38,0.0,0.0
2026-10-01 08:40:00-04:00,4.571199893951416,4.582900047302246,4.56879997253418,4.582900047302246,4.582900047302246,131,0.0,0.0
2026-10-01 08:41:00-04:00,4.58050012588501,4.5914998054504395,4.57889986038208,4.589799880981445,4.589799880981445,177,0.0,0.0
2026-10-01 08:42:00-04:00,4.590199947357178,4.596199989318848,4.589799880981445,4.589799880981445,4.589799880981445,136,0.0,0.0
2026-10-01 08:43:00-04:00,4.588500022888184,4.589600086212158,4.582200050354004,4.583600044250488,4.583600044250488,24,0.0,0.0
2026-10-01 08:44:00-04:00,4.584700107574463,4.589000225067139,4.584499835968018,4.586100101470947,4.586100101470947,32,0.0,0.0
2026-10-01 08:45:00-04:00,4.5883002281188965,4.588399887084961,4.586299896240234,4.586299896240234,4.586299896240234,16,0.0,0.0
2026-10-01 08:46:00-04:00,4.588099956512451,4.588099956512451,4.584700107574463,4.586699962615967,4.586699962615967,19,0.0,0.0
2026-10-01 08:47:00-04:00,4.587100028991699,4.588500022888184,4.58650016784668,4.587500095367432,4.587500095367432,11,0.0,0.0
2026-10-01 08:48:00-04:00,4.588699817657471,4.599899768829346,4.587299823760986,4.597099781036377,4.597099781036377,46,0.0,0.0
2026-10-01 08:49:00-04:00,4.597499847412109,4.600399971008301,4.597499847412109,4.600399971008301,4.600399971008301,58,0.0,0.0
2026-10-01 08:50:00-04:00,4.601500034332275,4.602200031280518,4.595600128173828,4.595600128173828,4.595600128173828,29,0.0,0.0
2026-10-01 08:51:00-04:00,4.5960001945495605,4.598199844360352,4.5904998779296875,4.5914998054504395,4.5914998054504395,42,0.0,0.0
2026-10-01 08:52:00-04:00,4.593500137329102,4.595699787139893,4.590099811553955,4.591400146484375,4.591400146484375,41,0.0,0.0
2026-10-01 08:53:00-04:00,4.5920000076293945,4.596199989318848,4.5920000076293945,4.593900203704834,4.593900203704834,72,0.0,0.0
2026-10-01 08:54:00-04:00,4.592100143432617,4.601399898529053,4.592100143432617,4.599999904632568,4.599999904632568,178,0.0,0.0
2026-10-01 08:55:00-04:00,4.59630012512207,4.603000164031982,4.5954999923706055,4.602200031280518,4.602200031280518,80,0.0,0.0
2026-10-01 08:56:00-04:00,4.602399826049805,4.602399826049805,4.5920000076293945,4.593699932098389,4.593699932098389,41,0.0,0.0
2026-10-01 08:57:00-04:00,4.592100143432617,4.599100112915039,4.589099884033203,4.589099884033203,4.589099884033203,34,0.0,0.0
2026-10-01 08:58:00-04:00,4.587299823760986,4.589200019836426,4.575900077819824,4.576399803161621,4.576399803161621,267,0.0,0.0
2026-10-01 08:59:00-04:00,4.576300144195557,4.593100070953369,4.575300216674805,4.592400074005127,4.592400074005127,101,0.0,0.0
2026-10-01 09:00:00-04:00,4.590199947357178,4.591899871826172,4.563899993896484,4.569300174713135,4.569300174713135,296,0.0,0.0
2026-10-01 09:01:00-04:00,4.568299770355225,4.56850004196167,4.559999942779541,4.559999942779541,4.559999942779541,102,0.0,0.0
2026-10-01 09:02:00-04:00,4.559800148010254,4.5605998039245605,4.5553998947143555,4.556000232696533,4.556000232696533,139,0.0,0.0
2026-10-01 09:03:00-04:00,4.555600166320801,4.569399833679199,4.555600166320801,4.567800045013428,4.567800045013428,121,0.0,0.0
2026-10-01 09:04:00-04:00,4.565499782562256,4.57889986038208,4.565499782562256,4.575799942016602,4.575799942016602,128,0.0,0.0
2026-10-01 09:05:00-04:00,4.578100204467773,4.58519983291626,4.575200080871582,4.581500053405762,4.581500053405762,144,0.0,0.0
2026-10-01 09:06:00-04:00,4.580999851226807,4.590199947357178,4.580999851226807,4.5854997634887695,4.5854997634887695,130,0.0,0.0
2026-10-01 09:07:00-04:00,4.585100173950195,4.59119987487793,4.582499980926514,4.588600158691406,4.588600158691406,181,0.0,0.0
2026-10-01 09:08:00-04:00,4.589200019836426,4.594399929046631,4.587800025939941,4.590199947357178,4.590199947357178,65,0.0,0.0
2026-10-01 09:09:00-04:00,4.591300010681152,4.603499889373779,4.591300010681152,4.6020002365112305,4.6020002365112305,35,0.0,0.0
2026-10-01 09:10:00-04:00,4.60230016708374,4.603700160980225,4.596199989318848,4.598599910736084,4.598599910736084,59,0.0,0.0
2026-10-01 09:11:00-04:00,4.597599983215332,4.598899841308594,4.586900234222412,4.5920000076293945,4.5920000076293945,145,0.0,0.0
2026-10-01 09:12:00-04:00,4.590000152587891,4.595799922943115,4.586699962615967,4.593800067901611,4.593800067901611,86,0.0,0.0
2026-10-01 09:13:00-04:00,4.593999862670898,4.598299980163574,4.591700077056885,4.59660005569458,4.59660005569458,131,0.0,0.0
2026-10-01 09:14:00-04:00,4.595099925994873,4.597799777984619,4.592100143432617,4.593400001525879,4.593400001525879,35,0.0,0.0
2026-10-01 09:15:00-04:00,4.5914998054504395,4.595900058746338,4.587800025939941,4.595900058746338,4.595900058746338,69,0.0,0.0
2026-10-01 09:16:00-04:00,4.597099781036377,4.598400115966797,4.591599941253662,4.595900058746338,4.595900058746338,104,0.0,0.0
2026-10-01 09:17:00-04:00,4.594099998474121,4.598199844360352,4.592899799346924,4.5929999351501465,4.5929999351501465,48,0.0,0.0
2026-10-01 09:18:00-04:00,4.593999862670898,4.593999862670898,4.586400032043457,4.589000225067139,4.589000225067139,101,0.0,0.0
2026-10-01 09:19:00-04:00,4.587699890136719,4.5904998779296875,4.583499908447266,4.58489990234375,4.58489990234375,42,0.0,0.0
2026-10-01 09:20:00-04:00,4.5854997634887695,4.5894999504089355,4.578400135040283,4.578400135040283,4.578400135040283,38,0.0,0.0
2026-10-01 09:21:00-04:00,4.577700138092041,4.579699993133545,4.5721001625061035,4.575799942016602,4.575799942016602,151,0.0,0.0
2026-10-01 09:22:00-04:00,4.5746002197265625,4.575300216674805,4.569699764251709,4.570300102233887,4.570300102233887,24,0.0,0.0
2026-10-01 09:23:00-04:00,4.566999912261963,4.569900035858154,4.564000129699707,4.569699764251709,4.569699764251709,55,0.0,0.0
2026-10-01 09:24:00-04:00,4.570300102233887,4.570899963378906,4.566100120544434,4.566800117492676,4.566800117492676,36,0.0,0.0
2026-10-01 09:25:00-04:00,4.568299770355225,4.576600074768066,4.565499782562256,4.576600074768066,4.576600074768066,244,0.0,0.0
2026-10-01 09:26:00-04:00,4.574999809265137,4.577499866485596,4.571300029754639,4.573200225830078,4.573200225830078,53,0.0,0.0
2026-10-01 09:27:00-04:00,4.572299957275391,4.574999809265137,4.571800231933594,4.574399948120117,4.574399948120117,20,0.0,0.0
2026-10-01 09:28:00-04:00,4.57450008392334,4.575300216674805,4.573599815368652,4.575300216674805,4.575300216674805,15,0.0,0.0
2026-10-01 09:29:00-04:00,4.5746002197265625,4.578199863433838,4.571400165557861,4.57420015335083,4.57420015335083,71,0.0,0.0
2026-10-01 09:30:00-04:00,4.573999881744385,4.576000213623047,4.566500186920166,4.5725998878479,4.5725998878479,154,0.0,0.0
2026-10-01 09:31:00-04:00,4.572299957275391,4.572299957275391,4.565400123596191,4.56689977645874,4.56689977645874,169,0.0,0.0
2026-10-01 09:32:00-04:00,4.568699836730957,4.576200008392334,4.56790018081665,4.575200080871582,4.575200080871582,104,0.0,0.0
2026-10-01 09:33:00-04:00,4.575099945068359,4.577199935913086,4.571100234985352,4.571199893951416,4.571199893951416,72,0.0,0.0
2026-10-01 09:34:00-04:00,4.577899932861328,4.5960001945495605,4.577899932861328,4.593999862670898,4.593999862670898,102,0.0,0.0
2026-10-01 09:35:00-04:00,4.5945000648498535,4.595099925994873,4.5868000984191895,4.592299938201904,4.592299938201904,46,0.0,0.0
2026-10-01 09:36:00-04:00,4.590799808502197,4.590799808502197,4.582099914550781,4.588699817657471,4.588699817657471,62,0.0,0.0
2026-10-01 09:37:00-04:00,4.595300197601318,4.59660005569458,4.590099811553955,4.592700004577637,4.592700004577637,74,0.0,0.0
2026-10-01 09:38:00-04:00,4.593699932098389,4.597599983215332,4.591700077056885,4.592400074005127,4.592400074005127,134,0.0,0.0
2026-10-01 09:39:00-04:00,4.591100215911865,4.598999977111816,4.589099884033203,4.596700191497803,4.596700191497803,113,0.0,0.0
2026-10-01 09:40:00-04:00,4.595300197601318,4.6072001457214355,4.595099925994873,4.603899955749512,4.603899955749512,70,0.0,0.0
2026-10-01 09:41:00-04:00,4.603300094604492,4.603400230407715,4.598700046539307,4.600500106811523,4.600500106811523,40,0.0,0.0
2026-10-01 09:42:00-04:00,4.598899841308594,4.609899997711182,4.597799777984619,4.6082000732421875,4.6082000732421875,24,0.0,0.0
2026-10-01 09:43:00-04:00,4.60830020904541,4.610300064086914,4.605400085449219,4.6092000007629395,4.6092000007629395,23,0.0,0.0
2026-10-01 09:44:00-04:00,4.611199855804443,4.611199855804443,4.605599880218506,4.607399940490723,4.607399940490723,68,0.0,0.0
2026-10-01 09:45:00-04:00,4.60860013961792,4.60860013961792,4.604400157928467,4.606500148773193,4.606500148773193,42,0.0,0.0
2026-10-01 09:46:00-04:00,4.607900142669678,4.611400127410889,4.605599880218506,4.607900142669678,4.607900142669678,79,0.0,0.0
2026-10-01 09:47:00-04:00,4.607699871063232,4.609099864959717,4.60099983215332,4.60099983215332,4.60099983215332,53,0.0,0.0
2026-10-01 09:48:00-04:00,4.60099983215332,4.60099983215332,4.596700191497803,4.598700046539307,4.598700046539307,25,0.0,0.0
2026-10-01 09:49:00-04:00,4.598499774932861,4.598899841308594,4.595200061798096,4.596399784088135,4.596399784088135,59,0.0,0.0
2026-10-01 09:50:00-04:00,4.6006999015808105,4.6057000160217285,4.6006999015808105,4.6057000160217285,4.6057000160217285,77,0.0,0.0
2026-10-01 09:51:00-04:00,4.604700088500977,4.612299919128418,4.6031999588012695,4.612299919128418,4.612299919128418,142,0.0,0.0
2026-10-01 09:52:00-04:00,4.61329984664917,4.614799976348877,4.610899925231934,4.613399982452393,4.613399982452393,44,0.0,0.0
2026-10-01 09:53:00-04:00,4.611999988555908,4.618500232696533,4.611999988555908,4.613999843597412,4.613999843597412,52,0.0,0.0
2026-10-01 09:54:00-04:00,4.611999988555908,4.613999843597412,4.606200218200684,4.6128997802734375,4.6128997802734375,65,0.0,0.0
2026-10-01 09:55:00-04:00,4.612199783325195,4.613999843597412,4.60860013961792,4.613999843597412,4.613999843597412,75,0.0,0.0
2026-10-01 09:56:00-04:00,4.617199897766113,4.61870002746582,4.615099906921387,4.61870002746582,4.61870002746582,73,0.0,0.0
2026-10-01 09:57:00-04:00,4.618000030517578,4.622600078582764,4.616199970245361,4.62060022354126,4.62060022354126,58,0.0,0.0
2026-10-01 09:58:00-04:00,4.619999885559082,4.625899791717529,4.617000102996826,4.625,4.625,145,0.0,0.0
2026-10-01 09:59:00-04:00,4.625100135803223,4.632400035858154,4.625100135803223,4.631199836730957,4.631199836730957,153,0.0,0.0
2026-10-01 10:00:00-04:00,4.630899906158447,4.638800144195557,4.629300117492676,4.637599945068359,4.637599945068359,217,0.0,0.0
2026-10-01 10:01:00-04:00,4.638199806213379,4.642000198364258,4.6346001625061035,4.636000156402588,4.636000156402588,93,0.0,0.0
2026-10-01 10:02:00-04:00,4.635700225830078,4.639599800109863,4.627200126647949,4.6290998458862305,4.6290998458862305,349,0.0,0.0
2026-10-01 10:03:00-04:00,4.6280999183654785,4.629700183868408,4.6255998611450195,4.629700183868408,4.629700183868408,83,0.0,0.0
2026-10-01 10:04:00-04:00,4.628699779510498,4.632900238037109,4.622700214385986,4.625500202178955,4.625500202178955,341,0.0,0.0
2026-10-01 10:05:00-04:00,4.6296000480651855,4.6356000900268555,4.627200126647949,4.634799957275391,4.634799957275391,91,0.0,0.0
2026-10-01 10:06:00-04:00,4.635000228881836,4.640100002288818,4.6305999755859375,4.63129997253418,4.63129997253418,105,0.0,0.0
2026-10-01 10:07:00-04:00,4.628900051116943,4.6315999031066895,4.627900123596191,4.6296000480651855,4.6296000480651855,48,0.0,0.0
2026-10-01 10:08:00-04:00,4.63100004196167,4.6346001625061035,4.607699871063232,4.622499942779541,4.622499942779541,198,0.0,0.0
2026-10-01 10:09:00-04:00,4.624000072479248,4.627799987792969,4.620999813079834,4.623799800872803,4.623799800872803,71,0.0,0.0
2026-10-01 10:10:00-04:00,4.623799800872803,4.632500171661377,4.61870002746582,4.632500171661377,4.632500171661377,77,0.0,0.0
2026-10-01 10:11:00-04:00,4.631400108337402,4.654399871826172,4.631400108337402,4.654399871826172,4.654399871826172,96,0.0,0.0
2026-10-01 10:12:00-04:00,4.653200149536133,4.655099868774414,4.647900104522705,4.649899959564209,4.649899959564209,68,0.0,0.0
2026-10-01 10:13:00-04:00,4.651199817657471,4.6529998779296875,4.648499965667725,4.651899814605713,4.651899814605713,98,0.0,0.0
2026-10-01 10:14:00-04:00,4.652299880981445,4.653500080108643,4.644000053405762,4.644999980926514,4.644999980926514,45,0.0,0.0
2026-10-01 10:15:00-04:00,4.646399974822998,4.650700092315674,4.645699977874756,4.650700092315674,4.650700092315674,63,0.0,0.0
2026-10-01 10:16:00-04:00,4.649899959564209,4.649899959564209,4.644999980926514,4.646699905395508,4.646699905395508,37,0.0,0.0
2026-10-01 10:17:00-04:00,4.644499778747559,4.644499778747559,4.626699924468994,4.6269001960754395,4.6269001960754395,81,0.0,0.0
2026-10-01 10:18:00-04:00,4.628200054168701,4.640900135040283,4.628200054168701,4.638000011444092,4.638000011444092,60,0.0,0.0
2026-10-01 10:19:00-04:00,4.639900207519531,4.643700122833252,4.63539981842041,4.636300086975098,4.636300086975098,26,0.0,0.0
2026-10-01 10:20:00-04:00,4.636099815368652,4.648399829864502,4.635499954223633,4.648399829864502,4.648399829864502,250,0.0,0.0
2026-10-01 10:21:00-04:00,4.647600173950195,4.6508002281188965,4.646100044250488,4.648499965667725,4.648499965667725,46,0.0,0.0
2026-10-01 10:22:00-04:00,4.647299766540527,4.6483001708984375,4.640999794006348,4.6483001708984375,4.6483001708984375,54,0.0,0.0
2026-10-01 10:23:00-04:00,4.648399829864502,4.653299808502197,4.648399829864502,4.650000095367432,4.650000095367432,204,0.0,0.0
2026-10-01 10:24:00-04:00,4.650000095367432,4.6504998207092285,4.64109992980957,4.641499996185303,4.641499996185303,80,0.0,0.0
2026-10-01 10:25:00-04:00,4.638899803161621,4.638999938964844,4.635499954223633,4.638400077819824,4.638400077819824,48,0.0,0.0
2026-10-01 10:26:00-04:00,4.6381001472473145,4.640200138092041,4.625699996948242,4.625699996948242,4.625699996948242,128,0.0,0.0
2026-10-01 10:27:00-04:00,4.627999782562256,4.62939977645874,4.625400066375732,4.627099990844727,4.627099990844727,75,0.0,0.0
2026-10-01 10:28:00-04:00,4.626100063323975,4.632199764251709,4.624100208282471,4.625500202178955,4.625500202178955,168,0.0,0.0
2026-10-01 10:29:00-04:00,4.624499797821045,4.626699924468994,4.622900009155273,4.622900009155273,4.622900009155273,55,0.0,0.0
2026-10-01 10:30:00-04:00,4.623300075531006,4.625,4.604000091552734,4.609300136566162,4.609300136566162,234,0.0,0.0
2026-10-01 10:31:00-04:00,4.606500148773193,4.610000133514404,4.606200218200684,4.6066999435424805,4.6066999435424805,75,0.0,0.0
2026-10-01 10:32:00-04:00,4.609000205993652,4.617599964141846,4.60830020904541,4.609099864959717,4.609099864959717,76,0.0,0.0
2026-10-01 10:33:00-04:00,4.60830020904541,4.609799861907959,4.6066999435424805,4.609799861907959,4.609799861907959,88,0.0,0.0
2026-10-01 10:34:00-04:00,4.610599994659424,4.613399982452393,4.605299949645996,4.607100009918213,4.607100009918213,104,0.0,0.0
2026-10-01 10:35:00-04:00,4.606200218200684,4.606400012969971,4.6031999588012695,4.606200218200684,4.606200218200684,54,0.0,0.0
2026-10-01 10:36:00-04:00,4.605000019073486,4.605800151824951,4.603400230407715,4.6041998863220215,4.6041998863220215,48,0.0,0.0
2026-10-01 10:37:00-04:00,4.6066999435424805,4.610599994659424,4.605899810791016,4.607900142669678,4.607900142669678,27,0.0,0.0
2026-10-01 10:38:00-04:00,4.608099937438965,4.616300106048584,4.607800006866455,4.611400127410889,4.611400127410889,125,0.0,0.0
2026-10-01 10:39:00-04:00,4.6107001304626465,4.613500118255615,4.6072001457214355,4.6118998527526855,4.6118998527526855,47,0.0,0.0
2026-10-01 10:40:00-04:00,4.6128997802734375,4.617800235748291,4.609600067138672,4.616600036621094,4.616600036621094,50,0.0,0.0
2026-10-01 10:41:00-04:00,4.616799831390381,4.618800163269043,4.613100051879883,4.6168999671936035,4.6168999671936035,40,0.0,0.0
2026-10-01 10:42:00-04:00,4.615699768066406,4.620800018310547,4.606900215148926,4.61870002746582,4.61870002746582,190,0.0,0.0
2026-10-01 10:43:00-04:00,4.618100166320801,4.61870002746582,4.614099979400635,4.615699768066406,4.615699768066406,17,0.0,0.0
2026-10-01 10:44:00-04:00,4.618000030517578,4.621200084686279,4.618000030517578,4.619699954986572,4.619699954986572,18,0.0,0.0
2026-10-01 10:45:00-04:00,4.62060022354126,4.622499942779541,4.618500232696533,4.618800163269043,4.618800163269043,40,0.0,0.0
2026-10-01 10:46:00-04:00,4.618000030517578,4.620500087738037,4.617499828338623,4.619100093841553,4.619100093841553,42,0.0,0.0
2026-10-01 10:47:00-04:00,4.618199825286865,4.623300075531006,4.618199825286865,4.622300148010254,4.622300148010254,54,0.0,0.0
2026-10-01 10:48:00-04:00,4.6194000244140625,4.622300148010254,4.617400169372559,4.618299961090088,4.618299961090088,53,0.0,0.0
2026-10-01 10:49:00-04:00,4.617000102996826,4.6184000968933105,4.611599922180176,4.6184000968933105,4.6184000968933105,134,0.0,0.0
2026-10-01 10:50:00-04:00,4.618100166320801,4.619999885559082,4.614999771118164,4.6178998947143555,4.6178998947143555,71,0.0,0.0
2026-10-01 10:51:00-04:00,4.616300106048584,4.6184000968933105,4.615499973297119,4.617499828338623,4.617499828338623,19,0.0,0.0
2026-10-01 10:52:00-04:00,4.614999771118164,4.620100021362305,4.61460018157959,4.61870002746582,4.61870002746582,109,0.0,0.0
2026-10-01 10:53:00-04:00,4.62470006942749,4.62470006942749,4.619500160217285,4.621699810028076,4.621699810028076,37,0.0,0.0
2026-10-01 10:54:00-04:00,4.62529993057251,4.626299858093262,4.624100208282471,4.626100063323975,4.626100063323975,14,0.0,0.0
2026-10-01 10:55:00-04:00,4.630099773406982,4.63129997253418,4.628399848937988,4.630499839782715,4.630499839782715,21,0.0,0.0
2026-10-01 10:56:00-04:00,4.630899906158447,4.630899906158447,4.625800132751465,4.625899791717529,4.625899791717529,22,0.0,0.0
2026-10-01 10:57:00-04:00,4.626100063323975,4.626399993896484,4.619500160217285,4.621200084686279,4.621200084686279,128,0.0,0.0
2026-10-01 10:58:00-04:00,4.620200157165527,4.642899990081787,4.5858001708984375,4.632199764251709,4.632199764251709,751,0.0,0.0
2026-10-01 10:59:00-04:00,4.631400108337402,4.646299839019775,4.628900051116943,4.628900051116943,4.628900051116943,127,0.0,0.0
2026-10-01 11:00:00-04:00,4.628799915313721,4.6367998123168945,4.619800090789795,4.631800174713135,4.631800174713135,89,0.0,0.0
2026-10-01 11:01:00-04:00,4.631199836730957,4.634099960327148,4.625199794769287,4.626999855041504,4.626999855041504,34,0.0,0.0
2026-10-01 11:02:00-04:00,4.623799800872803,4.623799800872803,4.61899995803833,4.621399879455566,4.621399879455566,25,0.0,0.0
2026-10-01 11:03:00-04:00,4.619999885559082,4.625,4.617599964141846,4.622900009155273,4.622900009155273,91,0.0,0.0
2026-10-01 11:04:00-04:00,4.623899936676025,4.631100177764893,4.621600151062012,4.630300045013428,4.630300045013428,29,0.0,0.0
2026-10-01 11:05:00-04:00,4.629199981689453,4.636000156402588,4.628300189971924,4.633699893951416,4.633699893951416,37,0.0,0.0
2026-10-01 11:06:00-04:00,4.633399963378906,4.634399890899658,4.622200012207031,4.623700141906738,4.623700141906738,40,0.0,0.0
2026-10-01 11:07:00-04:00,4.6230998039245605,4.633600234985352,4.618800163269043,4.629899978637695,4.629899978637695,67,0.0,0.0
2026-10-01 11:08:00-04:00,4.627799987792969,4.628200054168701,4.625199794769287,4.628200054168701,4.628200054168701,56,0.0,0.0
2026-10-01 11:09:00-04:00,4.6265997886657715,4.6280999183654785,4.624800205230713,4.6280999183654785,4.6280999183654785,32,0.0,0.0
2026-10-01 11:10:00-04:00,4.629199981689453,4.643799781799316,4.629199981689453,4.641300201416016,4.641300201416016,235,0.0,0.0
2026-10-01 11:11:00-04:00,4.640100002288818,4.64169979095459,4.6315999031066895,4.631999969482422,4.631999969482422,34,0.0,0.0
2026-10-01 11:12:00-04:00,4.632900238037109,4.638000011444092,4.628499984741211,4.629199981689453,4.629199981689453,82,0.0,0.0
2026-10-01 11:13:00-04:00,4.628799915313721,4.637599945068359,4.628799915313721,4.636199951171875,4.636199951171875,51,0.0,0.0
2026-10-01 11:14:00-04:00,4.633399963378906,4.633399963378906,4.622300148010254,4.622300148010254,4.622300148010254,44,0.0,0.0
2026-10-01 11:15:00-04:00,4.6244001388549805,4.626299858093262,4.617800235748291,4.621300220489502,4.621300220489502,72,0.0,0.0
2026-10-01 11:16:00-04:00,4.6219000816345215,4.6255998611450195,4.615099906921387,4.616799831390381,4.616799831390381,74,0.0,0.0
2026-10-01 11:17:00-04:00,4.6143999099731445,4.622200012207031,4.6143999099731445,4.62060022354126,4.62060022354126,35,0.0,0.0
2026-10-01 11:18:00-04:00,4.61870002746582,4.622099876403809,4.61870002746582,4.621300220489502,4.621300220489502,13,0.0,0.0
2026-10-01 11:19:00-04:00,4.622799873352051,4.626500129699707,4.62060022354126,4.625800132751465,4.625800132751465,52,0.0,0.0
2026-10-01 11:20:00-04:00,4.628900051116943,4.631199836730957,4.624800205230713,4.630300045013428,4.630300045013428,42,0.0,0.0
2026-10-01 11:21:00-04:00,4.629499912261963,4.631199836730957,4.6280999183654785,4.631199836730957,4.631199836730957,25,0.0,0.0
2026-10-01 11:22:00-04:00,4.632900238037109,4.633399963378906,4.630499839782715,4.631400108337402,4.631400108337402,22,0.0,0.0
2026-10-01 11:23:00-04:00,4.63070011138916,4.632599830627441,4.6290998458862305,4.630499839782715,4.630499839782715,72,0.0,0.0
2026-10-01 11:24:00-04:00,4.63100004196167,4.632400035858154,4.627799987792969,4.631499767303467,4.631499767303467,49,0.0,0.0
2026-10-01 11:25:00-04:00,4.632900238037109,4.632900238037109,4.626399993896484,4.626699924468994,4.626699924468994,18,0.0,0.0
2026-10-01 11:26:00-04:00,4.627799987792969,4.631999969482422,4.627099990844727,4.627900123596191,4.627900123596191,38,0.0,0.0
2026-10-01 11:27:00-04:00,4.63100004196167,4.636300086975098,4.6296000480651855,4.636300086975098,4.636300086975098,88,0.0,0.0
2026-10-01 11:28:00-04:00,4.6381001472473145,4.6381001472473145,4.632500171661377,4.632500171661377,4.632500171661377,25,0.0,0.0
2026-10-01 11:29:00-04:00,4.633500099182129,4.639100074768066,4.6296000480651855,4.638000011444092,4.638000011444092,92,0.0,0.0
2026-10-01 11:30:00-04:00,4.638000011444092,4.64870023727417,4.635900020599365,4.642899990081787,4.642899990081787,114,0.0,0.0
2026-10-01 11:31:00-04:00,4.64300012588501,4.649799823760986,4.6392998695373535,4.644999980926514,4.644999980926514,59,0.0,0.0
2026-10-01 11:32:00-04:00,4.646999835968018,4.651199817657471,4.643400192260742,4.6458001136779785,4.6458001136779785,80,0.0,0.0
2026-10-01 11:33:00-04:00,4.646200180053711,4.646200180053711,4.641900062561035,4.644100189208984,4.644100189208984,13,0.0,0.0
2026-10-01 11:34:00-04:00,4.643499851226807,4.652900218963623,4.643199920654297,4.644700050354004,4.644700050354004,87,0.0,0.0
2026-10-01 11:35:00-04:00,4.645199775695801,4.652699947357178,4.645199775695801,4.652500152587891,4.652500152587891,31,0.0,0.0
2026-10-01 11:36:00-04:00,4.650000095367432,4.655900001525879,4.649199962615967,4.651400089263916,4.651400089263916,30,0.0,0.0
2026-10-01 11:37:00-04:00,4.652100086212158,4.653299808502197,4.649600028991699,4.649600028991699,4.649600028991699,69,0.0,0.0
2026-10-01 11:38:00-04:00,4.647500038146973,4.648900032043457,4.643899917602539,4.64769983291626,4.64769983291626,78,0.0,0.0
2026-10-01 11:39:00-04:00,4.652299880981445,4.653600215911865,4.650199890136719,4.651199817657471,4.651199817657471,16,0.0,0.0
2026-10-01 11:40:00-04:00,4.653900146484375,4.657199859619141,4.651000022888184,4.656499862670898,4.656499862670898,22,0.0,0.0
2026-10-01 11:41:00-04:00,4.655799865722656,4.656899929046631,4.6539998054504395,4.656899929046631,4.656899929046631,32,0.0,0.0
2026-10-01 11:42:00-04:00,4.655399799346924,4.65910005569458,4.655399799346924,4.657899856567383,4.657899856567383,28,0.0,0.0
2026-10-01 11:43:00-04:00,4.657899856567383,4.6596999168396,4.657899856567383,4.658199787139893,4.658199787139893,25,0.0,0.0
2026-10-01 11:44:00-04:00,4.6605000495910645,4.664000034332275,4.6605000495910645,4.662700176239014,4.662700176239014,23,0.0,0.0
2026-10-01 11:45:00-04:00,4.664999961853027,4.670400142669678,4.664999961853027,4.667799949645996,4.667799949645996,115,0.0,0.0
2026-10-01 11:46:00-04:00,4.667099952697754,4.668499946594238,4.666999816894531,4.667300224304199,4.667300224304199,7,0.0,0.0
2026-10-01 11:47:00-04:00,4.668099880218506,4.672500133514404,4.666900157928467,4.669400215148926,4.669400215148926,70,0.0,0.0
2026-10-01 11:48:00-04:00,4.670199871063232,4.6732001304626465,4.6691999435424805,4.6732001304626465,4.6732001304626465,53,0.0,0.0
2026-10-01 11:49:00-04:00,4.673799991607666,4.677199840545654,4.672399997711182,4.676599979400635,4.676599979400635,55,0.0,0.0
2026-10-01 11:50:00-04:00,4.6768999099731445,4.681600093841553,4.6768999099731445,4.679800033569336,4.679800033569336,102,0.0,0.0
2026-10-01 11:51:00-04:00,4.679500102996826,4.682199954986572,4.672999858856201,4.680600166320801,4.680600166320801,146,0.0,0.0
2026-10-01 11:52:00-04:00,4.680200099945068,4.681099891662598,4.67579984664917,4.67710018157959,4.67710018157959,65,0.0,0.0
2026-10-01 11:53:00-04:00,4.67579984664917,4.678400039672852,4.67579984664917,4.67579984664917,4.67579984664917,36,0.0,0.0
2026-10-01 11:54:00-04:00,4.673099994659424,4.675899982452393,4.672100067138672,4.67549991607666,4.67549991607666,70,0.0,0.0
2026-10-01 11:55:00-04:00,4.6753997802734375,4.679800033569336,4.673500061035156,4.678800106048584,4.678800106048584,80,0.0,0.0
2026-10-01 11:56:00-04:00,4.679599761962891,4.679599761962891,4.654900074005127,4.675099849700928,4.675099849700928,290,0.0,0.0
2026-10-01 11:57:00-04:00,4.679999828338623,4.682400226593018,4.659800052642822,4.659900188446045,4.659900188446045,128,0.0,0.0
2026-10-01 11:58:00-04:00,4.65939998626709,4.6631999015808105,4.657199859619141,4.6605000495910645,4.6605000495910645,84,0.0,0.0
2026-10-01 11:59:00-04:00,4.657299995422363,4.658400058746338,4.643599987030029,4.645299911499023,4.645299911499023,101,0.0,0.0
2026-10-01 12:00:00-04:00,4.644400119781494,4.644999980926514,4.638800144195557,4.640500068664551,4.640500068664551,160,0.0,0.0
2026-10-01 12:01:00-04:00,4.6407999992370605,4.643400192260742,4.639200210571289,4.639900207519531,4.639900207519531,101,0.0,0.0
2026-10-01 12:02:00-04:00,4.639999866485596,4.641900062561035,4.636899948120117,4.638999938964844,4.638999938964844,66,0.0,0.0
2026-10-01 12:03:00-04:00,4.640500068664551,4.644100189208984,4.639800071716309,4.642399787902832,4.642399787902832,67,0.0,0.0
2026-10-01 12:04:00-04:00,4.641200065612793,4.644499778747559,4.639500141143799,4.640399932861328,4.640399932861328,101,0.0,0.0
2026-10-01 12:05:00-04:00,4.6392998695373535,4.6392998695373535,4.634099960327148,4.634099960327148,4.634099960327148,28,0.0,0.0
2026-10-01 12:06:00-04:00,4.630300045013428,4.634300231933594,4.627699851989746,4.632800102233887,4.632800102233887,85,0.0,0.0
2026-10-01 12:07:00-04:00,4.6305999755859375,4.630799770355225,4.628499984741211,4.630199909210205,4.630199909210205,26,0.0,0.0
2026-10-01 12:08:00-04:00,4.628399848937988,4.629499912261963,4.627699851989746,4.627900123596191,4.627900123596191,28,0.0,0.0
2026-10-01 12:09:00-04:00,4.627600193023682,4.627600193023682,4.619900226593018,4.619900226593018,4.619900226593018,25,0.0,0.0
2026-10-01 12:10:00-04:00,4.6194000244140625,4.6194000244140625,4.610599994659424,4.612299919128418,4.612299919128418,72,0.0,0.0
2026-10-01 12:11:00-04:00,4.611800193786621,4.61359977722168,4.604899883270264,4.6057000160217285,4.6057000160217285,41,0.0,0.0
2026-10-01 12:12:00-04:00,4.606500148773193,4.609099864959717,4.603099822998047,4.605500221252441,4.605500221252441,81,0.0,0.0
2026-10-01 12:13:00-04:00,4.605400085449219,4.605800151824951,4.597400188446045,4.597499847412109,4.597499847412109,156,0.0,0.0
2026-10-01 12:14:00-04:00,4.59689998626709,4.598999977111816,4.594600200653076,4.595900058746338,4.595900058746338,150,0.0,0.0
2026-10-01 12:15:00-04:00,4.595799922943115,4.600299835205078,4.592199802398682,4.599999904632568,4.599999904632568,243,0.0,0.0
2026-10-01 12:16:00-04:00,4.596799850463867,4.597899913787842,4.592700004577637,4.594399929046631,4.594399929046631,29,0.0,0.0
2026-10-01 12:17:00-04:00,4.594799995422363,4.599599838256836,4.594799995422363,4.596700191497803,4.596700191497803,18,0.0,0.0
2026-10-01 12:18:00-04:00,4.595200061798096,4.595200061798096,4.589200019836426,4.591300010681152,4.591300010681152,58,0.0,0.0
2026-10-01 12:19:00-04:00,4.593200206756592,4.598599910736084,4.593200206756592,4.598599910736084,4.598599910736084,75,0.0,0.0
2026-10-01 12:20:00-04:00,4.599899768829346,4.599899768829346,4.598199844360352,4.598400115966797,4.598400115966797,39,0.0,0.0
2026-10-01 12:21:00-04:00,4.600399971008301,4.600500106811523,4.5954999923706055,4.5954999923706055,4.5954999923706055,21,0.0,0.0
2026-10-01 12:22:00-04:00,4.594600200653076,4.595099925994873,4.590799808502197,4.5929999351501465,4.5929999351501465,27,0.0,0.0
2026-10-01 12:23:00-04:00,4.594600200653076,4.594799995422363,4.589600086212158,4.589600086212158,4.589600086212158,24,0.0,0.0
2026-10-01 12:24:00-04:00,4.59060001373291,4.590700149536133,4.58519983291626,4.58519983291626,4.58519983291626,39,0.0,0.0
2026-10-01 12:25:00-04:00,4.586299896240234,4.588699817657471,4.583499908447266,4.587900161743164,4.587900161743164,35,0.0,0.0
2026-10-01 12:26:00-04:00,4.588399887084961,4.588399887084961,4.583799839019775,4.584400177001953,4.584400177001953,30,0.0,0.0
2026-10-01 12:27:00-04:00,4.585299968719482,4.587699890136719,4.584099769592285,4.586400032043457,4.586400032043457,18,0.0,0.0
2026-10-01 12:28:00-04:00,4.58650016784668,4.588699817657471,4.5858001708984375,4.587100028991699,4.587100028991699,46,0.0,0.0
2026-10-01 12:29:00-04:00,4.588699817657471,4.589700222015381,4.586400032043457,4.588200092315674,4.588200092315674,17,0.0,0.0
2026-10-01 12:30:00-04:00,4.5858001708984375,4.586599826812744,4.583799839019775,4.584400177001953,4.584400177001953,87,0.0,0.0
2026-10-01 12:31:00-04:00,4.584400177001953,4.587299823760986,4.581900119781494,4.586699962615967,4.586699962615967,59,0.0,0.0
2026-10-01 12:32:00-04:00,4.585700035095215,4.585700035095215,4.5808000564575195,4.581999778747559,4.581999778747559,92,0.0,0.0
2026-10-01 12:33:00-04:00,4.581999778747559,4.582600116729736,4.578700065612793,4.578700065612793,4.578700065612793,29,0.0,0.0
2026-10-01 12:34:00-04:00,4.579500198364258,4.581900119781494,4.579500198364258,4.5808000564575195,4.5808000564575195,31,0.0,0.0
2026-10-01 12:35:00-04:00,4.581099987030029,4.581600189208984,4.57889986038208,4.580599784851074,4.580599784851074,21,0.0,0.0
2026-10-01 12:36:00-04:00,4.581200122833252,4.58459997177124,4.57889986038208,4.58459997177124,4.58459997177124,80,0.0,0.0
2026-10-01 12:37:00-04:00,4.585000038146973,4.587800025939941,4.580999851226807,4.581099987030029,4.581099987030029,129,0.0,0.0
2026-10-01 12:38:00-04:00,4.582799911499023,4.583899974822998,4.582799911499023,4.583899974822998,4.583899974822998,8,0.0,0.0
2026-10-01 12:39:00-04:00,4.582399845123291,4.583899974822998,4.580999851226807,4.583899974822998,4.583899974822998,28,0.0,0.0
2026-10-01 12:40:00-04:00,4.581999778747559,4.584000110626221,4.580999851226807,4.582699775695801,4.582699775695801,55,0.0,0.0
2026-10-01 12:41:00-04:00,4.583499908447266,4.5960001945495605,4.583499908447266,4.592100143432617,4.592100143432617,178,0.0,0.0
2026-10-01 12:42:00-04:00,4.589000225067139,4.589900016784668,4.5883002281188965,4.589900016784668,4.589900016784668,17,0.0,0.0
2026-10-01 12:43:00-04:00,4.588699817657471,4.588699817657471,4.587600231170654,4.588099956512451,4.588099956512451,28,0.0,0.0
2026-10-01 12:44:00-04:00,4.587699890136719,4.588500022888184,4.587699890136719,4.588500022888184,4.588500022888184,8,0.0,0.0
2026-10-01 12:45:00-04:00,4.590799808502197,4.59250020980835,4.589900016784668,4.590400218963623,4.590400218963623,16,0.0,0.0
2026-10-01 12:46:00-04:00,4.5903000831604,4.5920000076293945,4.587800025939941,4.5920000076293945,4.5920000076293945,35,0.0,0.0
2026-10-01 12:47:00-04:00,4.591100215911865,4.597400188446045,4.591000080108643,4.597400188446045,4.597400188446045,36,0.0,0.0
2026-10-01 12:48:00-04:00,4.594600200653076,4.594600200653076,4.588900089263916,4.591599941253662,4.591599941253662,54,0.0,0.0
2026-10-01 12:49:00-04:00,4.5904998779296875,4.597300052642822,4.589600086212158,4.597300052642822,4.597300052642822,62,0.0,0.0
2026-10-01 12:50:00-04:00,4.593800067901611,4.603400230407715,4.591599941253662,4.598100185394287,4.598100185394287,91,0.0,0.0
2026-10-01 12:51:00-04:00,4.598400115966797,4.599699974060059,4.596499919891357,4.597799777984619,4.597799777984619,51,0.0,0.0
2026-10-01 12:52:00-04:00,4.597099781036377,4.603300094604492,4.597099781036377,4.597300052642822,4.597300052642822,37,0.0,0.0
2026-10-01 12:53:00-04:00,4.597499847412109,4.600500106811523,4.5960001945495605,4.5960001945495605,4.5960001945495605,96,0.0,0.0
2026-10-01 12:54:00-04:00,4.594900131225586,4.594900131225586,4.58650016784668,4.587699890136719,4.587699890136719,32,0.0,0.0
2026-10-01 12:55:00-04:00,4.585899829864502,4.58620023727417,4.583099842071533,4.583399772644043,4.583399772644043,53,0.0,0.0
2026-10-01 12:56:00-04:00,4.5833001136779785,4.589000225067139,4.5833001136779785,4.589000225067139,4.589000225067139,24,0.0,0.0
2026-10-01 12:57:00-04:00,4.5903000831604,4.593299865722656,4.587600231170654,4.587699890136719,4.587699890136719,28,0.0,0.0
2026-10-01 12:58:00-04:00,4.587699890136719,4.587900161743164,4.585999965667725,4.58620023727417,4.58620023727417,18,0.0,0.0
2026-10-01 12:59:00-04:00,4.585000038146973,4.587299823760986,4.5843000411987305,4.5868000984191895,4.5868000984191895,52,0.0,0.0
2026-10-01 13:00:00-04:00,4.587299823760986,4.588799953460693,4.583000183105469,4.584199905395508,4.584199905395508,44,0.0,0.0
2026-10-01 13:01:00-04:00,4.584000110626221,4.5854997634887695,4.582499980926514,4.582499980926514,4.582499980926514,93,0.0,0.0
2026-10-01 13:02:00-04:00,4.583499908447266,4.58519983291626,4.580999851226807,4.581099987030029,4.581099987030029,59,0.0,0.0
2026-10-01 13:03:00-04:00,4.581299781799316,4.583600044250488,4.580399990081787,4.583399772644043,4.583399772644043,21,0.0,0.0
2026-10-01 13:04:00-04:00,4.582499980926514,4.584400177001953,4.582499980926514,4.583199977874756,4.583199977874756,16,0.0,0.0
2026-10-01 13:05:00-04:00,4.584199905395508,4.584199905395508,4.581600189208984,4.5817999839782715,4.5817999839782715,28,0.0,0.0
2026-10-01 13:06:00-04:00,4.581699848175049,4.583799839019775,4.581200122833252,4.583499908447266,4.583499908447266,25,0.0,0.0
2026-10-01 13:07:00-04:00,4.58459997177124,4.58459997177124,4.581699848175049,4.582300186157227,4.582300186157227,22,0.0,0.0
2026-10-01 13:08:00-04:00,4.582699775695801,4.584099769592285,4.582399845123291,4.582399845123291,4.582399845123291,19,0.0,0.0
2026-10-01 13:09:00-04:00,4.582799911499023,4.584499835968018,4.581500053405762,4.583399772644043,4.583399772644043,43,0.0,0.0
2026-10-01 13:10:00-04:00,4.5833001136779785,4.585700035095215,4.582699775695801,4.584499835968018,4.584499835968018,83,0.0,0.0
2026-10-01 13:11:00-04:00,4.584400177001953,4.588900089263916,4.584400177001953,4.587600231170654,4.587600231170654,39,0.0,0.0
2026-10-01 13:12:00-04:00,4.590000152587891,4.592899799346924,4.590000152587891,4.592899799346924,4.592899799346924,21,0.0,0.0
2026-10-01 13:13:00-04:00,4.593100070953369,4.593100070953369,4.588900089263916,4.5894999504089355,4.5894999504089355,9,0.0,0.0
2026-10-01 13:14:00-04:00,4.589200019836426,4.590099811553955,4.58519983291626,4.587500095367432,4.587500095367432,187,0.0,0.0
2026-10-01 13:15:00-04:00,4.5883002281188965,4.590099811553955,4.588099956512451,4.589099884033203,4.589099884033203,40,0.0,0.0
2026-10-01 13:16:00-04:00,4.588600158691406,4.591400146484375,4.587399959564209,4.587900161743164,4.587900161743164,47,0.0,0.0
2026-10-01 13:17:00-04:00,4.588600158691406,4.5914998054504395,4.588200092315674,4.589799880981445,4.589799880981445,14,0.0,0.0
2026-10-01 13:18:00-04:00,4.5920000076293945,4.593299865722656,4.5920000076293945,4.5920000076293945,4.5920000076293945,9,0.0,0.0
2026-10-01 13:19:00-04:00,4.59250020980835,4.59250020980835,4.587500095367432,4.589600086212158,4.589600086212158,69,0.0,0.0
2026-10-01 13:20:00-04:00,4.590700149536133,4.593200206756592,4.5894999504089355,4.59119987487793,4.59119987487793,25,0.0,0.0
2026-10-01 13:21:00-04:00,4.590799808502197,4.590799808502197,4.584099769592285,4.585899829864502,4.585899829864502,45,0.0,0.0
2026-10-01 13:22:00-04:00,4.585899829864502,4.585999965667725,4.580699920654297,4.580999851226807,4.580999851226807,17,0.0,0.0
2026-10-01 13:23:00-04:00,4.581699848175049,4.581699848175049,4.577400207519531,4.5802998542785645,4.5802998542785645,35,0.0,0.0
2026-10-01 13:24:00-04:00,4.581600189208984,4.583000183105469,4.580599784851074,4.580999851226807,4.580999851226807,46,0.0,0.0
2026-10-01 13:25:00-04:00,4.579999923706055,4.5802001953125,4.575799942016602,4.575799942016602,4.575799942016602,21,0.0,0.0
2026-10-01 13:26:00-04:00,4.57450008392334,4.576200008392334,4.572999954223633,4.576200008392334,4.576200008392334,23,0.0,0.0
2026-10-01 13:27:00-04:00,4.574999809265137,4.577700138092041,4.574999809265137,4.577499866485596,4.577499866485596,27,0.0,0.0
2026-10-01 13:28:00-04:00,4.576000213623047,4.579500198364258,4.576000213623047,4.5777997970581055,4.5777997970581055,25,0.0,0.0
2026-10-01 13:29:00-04:00,4.57859992980957,4.581099987030029,4.577499866485596,4.581099987030029,4.581099987030029,20,0.0,0.0
2026-10-01 13:30:00-04:00,4.57889986038208,4.580599784851074,4.573699951171875,4.578700065612793,4.578700065612793,84,0.0,0.0
2026-10-01 13:31:00-04:00,4.5777997970581055,4.579400062561035,4.576099872589111,4.576099872589111,4.576099872589111,34,0.0,0.0
2026-10-01 13:32:00-04:00,4.576700210571289,4.5970001220703125,4.576700210571289,4.593200206756592,4.593200206756592,243,0.0,0.0
2026-10-01 13:33:00-04:00,4.593599796295166,4.593599796295166,4.59089994430542,4.591800212860107,4.591800212860107,41,0.0,0.0
2026-10-01 13:34:00-04:00,4.588799953460693,4.590799808502197,4.585299968719482,4.588500022888184,4.588500022888184,93,0.0,0.0
2026-10-01 13:35:00-04:00,4.589600086212158,4.589600086212158,4.585899829864502,4.586900234222412,4.586900234222412,39,0.0,0.0
2026-10-01 13:36:00-04:00,4.58519983291626,4.587200164794922,4.583399772644043,4.587200164794922,4.587200164794922,73,0.0,0.0
2026-10-01 13:37:00-04:00,4.584400177001953,4.589200019836426,4.584400177001953,4.589200019836426,4.589200019836426,10,0.0,0.0
2026-10-01 13:38:00-04:00,4.589799880981445,4.59089994430542,4.586999893188477,4.5903000831604,4.5903000831604,82,0.0,0.0
2026-10-01 13:39:00-04:00,4.591300010681152,4.592400074005127,4.590000152587891,4.5914998054504395,4.5914998054504395,62,0.0,0.0
2026-10-01 13:40:00-04:00,4.590700149536133,4.595399856567383,4.589700222015381,4.59250020980835,4.59250020980835,105,0.0,0.0
2026-10-01 13:41:00-04:00,4.589700222015381,4.598199844360352,4.589700222015381,4.597099781036377,4.597099781036377,83,0.0,0.0
2026-10-01 13:42:00-04:00,4.5971999168396,4.602499961853027,4.597099781036377,4.602499961853027,4.602499961853027,132,0.0,0.0
2026-10-01 13:43:00-04:00,4.60129976272583,4.603499889373779,4.599899768829346,4.599899768829346,4.599899768829346,30,0.0,0.0
2026-10-01 13:44:00-04:00,4.599699974060059,4.599800109863281,4.59660005569458,4.599800109863281,4.599800109863281,28,0.0,0.0
2026-10-01 13:45:00-04:00,4.599400043487549,4.599400043487549,4.59499979019165,4.596099853515625,4.596099853515625,32,0.0,0.0
2026-10-01 13:46:00-04:00,4.596399784088135,4.598499774932861,4.5920000076293945,4.592700004577637,4.592700004577637,20,0.0,0.0
2026-10-01 13:47:00-04:00,4.5920000076293945,4.593699932098389,4.590799808502197,4.592199802398682,4.592199802398682,82,0.0,0.0
2026-10-01 13:48:00-04:00,4.592100143432617,4.601500034332275,4.592100143432617,4.601500034332275,4.601500034332275,78,0.0,0.0
2026-10-01 13:49:00-04:00,4.602200031280518,4.602499961853027,4.598800182342529,4.602099895477295,4.602099895477295,115,0.0,0.0
2026-10-01 13:50:00-04:00,4.600900173187256,4.6092000007629395,4.600599765777588,4.60830020904541,4.60830020904541,36,0.0,0.0
2026-10-01 13:51:00-04:00,4.6072998046875,4.611100196838379,4.604800224304199,4.609000205993652,4.609000205993652,78,0.0,0.0
2026-10-01 13:52:00-04:00,4.607500076293945,4.610599994659424,4.607100009918213,4.609499931335449,4.609499931335449,114,0.0,0.0
2026-10-01 13:53:00-04:00,4.609499931335449,4.6132001876831055,4.609099864959717,4.612199783325195,4.612199783325195,95,0.0,0.0
2026-10-01 13:54:00-04:00,4.6128997802734375,4.632500171661377,4.61269998550415,4.632500171661377,4.632500171661377,245,0.0,0.0
2026-10-01 13:55:00-04:00,4.632400035858154,4.651100158691406,4.630099773406982,4.640999794006348,4.640999794006348,451,0.0,0.0
2026-10-01 13:56:00-04:00,4.643799781799316,4.655900001525879,4.639900207519531,4.648099899291992,4.648099899291992,308,0.0,0.0
2026-10-01 13:57:00-04:00,4.646399974822998,4.657299995422363,4.646399974822998,4.647299766540527,4.647299766540527,198,0.0,0.0
2026-10-01 13:58:00-04:00,4.646200180053711,4.657100200653076,4.646200180053711,4.655600070953369,4.655600070953369,176,0.0,0.0
2026-10-01 13:59:00-04:00,4.658899784088135,4.676599979400635,4.656599998474121,4.672100067138672,4.672100067138672,125,0.0,0.0
2026-10-01 14:00:00-04:00,4.673500061035156,4.677599906921387,4.6656999588012695,4.666299819946289,4.666299819946289,155,0.0,0.0
2026-10-01 14:01:00-04:00,4.665900230407715,4.6722002029418945,4.664999961853027,4.669600009918213,4.669600009918213,50,0.0,0.0
2026-10-01 14:02:00-04:00,4.6697998046875,4.670400142669678,4.6616997718811035,4.665299892425537,4.665299892425537,34,0.0,0.0
2026-10-01 14:03:00-04:00,4.665800094604492,4.665800094604492,4.655900001525879,4.660399913787842,4.660399913787842,70,0.0,0.0
2026-10-01 14:04:00-04:00,4.661399841308594,4.662899971008301,4.659200191497803,4.659200191497803,4.659200191497803,70,0.0,0.0
2026-10-01 14:05:00-04:00,4.655900001525879,4.661499977111816,4.651100158691406,4.6585001945495605,4.6585001945495605,45,0.0,0.0
2026-10-01 14:06:00-04:00,4.657299995422363,4.659999847412109,4.65500020980835,4.6585001945495605,4.6585001945495605,73,0.0,0.0
2026-10-01 14:07:00-04:00,4.659999847412109,4.668300151824951,4.659599781036377,4.660999774932861,4.660999774932861,156,0.0,0.0
2026-10-01 14:08:00-04:00,4.658999919891357,4.661200046539307,4.656300067901611,4.660299777984619,4.660299777984619,46,0.0,0.0
2026-10-01 14:09:00-04:00,4.658400058746338,4.661200046539307,4.657400131225586,4.6596999168396,4.6596999168396,31,0.0,0.0
2026-10-01 14:10:00-04:00,4.662499904632568,4.662499904632568,4.658699989318848,4.660399913787842,4.660399913787842,82,0.0,0.0
2026-10-01 14:11:00-04:00,4.659800052642822,4.6616997718811035,4.654900074005127,4.654900074005127,4.654900074005127,79,0.0,0.0
2026-10-01 14:12:00-04:00,4.656499862670898,4.657800197601318,4.6529998779296875,4.654900074005127,4.654900074005127,97,0.0,0.0
2026-10-01 14:13:00-04:00,4.653900146484375,4.653900146484375,4.635300159454346,4.643599987030029,4.643599987030029,188,0.0,0.0
2026-10-01 14:14:00-04:00,4.643199920654297,4.649400234222412,4.64169979095459,4.64169979095459,4.64169979095459,39,0.0,0.0
2026-10-01 14:15:00-04:00,4.643400192260742,4.64900016784668,4.643400192260742,4.64900016784668,4.64900016784668,29,0.0,0.0
2026-10-01 14:16:00-04:00,4.648799896240234,4.649700164794922,4.643700122833252,4.643799781799316,4.643799781799316,39,0.0,0.0
2026-10-01 14:17:00-04:00,4.643899917602539,4.644899845123291,4.630000114440918,4.630000114440918,4.630000114440918,119,0.0,0.0
2026-10-01 14:18:00-04:00,4.631499767303467,4.634500026702881,4.62939977645874,4.631899833679199,4.631899833679199,119,0.0,0.0
2026-10-01 14:19:00-04:00,4.633200168609619,4.6442999839782715,4.633200168609619,4.640100002288818,4.640100002288818,81,0.0,0.0
2026-10-01 14:20:00-04:00,4.640600204467773,4.642300128936768,4.639500141143799,4.640699863433838,4.640699863433838,63,0.0,0.0
2026-10-01 14:21:00-04:00,4.640699863433838,4.640699863433838,4.630000114440918,4.6331000328063965,4.6331000328063965,78,0.0,0.0
2026-10-01 14:22:00-04:00,4.632299900054932,4.634300231933594,4.627799987792969,4.632599830627441,4.632599830627441,164,0.0,0.0
2026-10-01 14:23:00-04:00,4.632800102233887,4.632800102233887,4.611800193786621,4.61329984664917,4.61329984664917,270,0.0,0.0
2026-10-01 14:24:00-04:00,4.614299774169922,4.619999885559082,4.610000133514404,4.616399765014648,4.616399765014648,70,0.0,0.0
2026-10-01 14:25:00-04:00,4.615799903869629,4.622200012207031,4.61359977722168,4.616499900817871,4.616499900817871,258,0.0,0.0
2026-10-01 14:26:00-04:00,4.616499900817871,4.632699966430664,4.615699768066406,4.630799770355225,4.630799770355225,132,0.0,0.0
2026-10-01 14:27:00-04:00,4.631499767303467,4.640500068664551,4.630000114440918,4.636300086975098,4.636300086975098,171,0.0,0.0
2026-10-01 14:28:00-04:00,4.6371002197265625,4.647799968719482,4.63700008392334,4.645899772644043,4.645899772644043,530,0.0,0.0
2026-10-01 14:29:00-04:00,4.644999980926514,4.646299839019775,4.638700008392334,4.641900062561035,4.641900062561035,634,0.0,0.0
2026-10-01 14:30:00-04:00,4.642000198364258,4.645199775695801,4.639999866485596,4.642399787902832,4.642399787902832,107,0.0,0.0
2026-10-01 14:31:00-04:00,4.64300012588501,4.649499893188477,4.642000198364258,4.646500110626221,4.646500110626221,64,0.0,0.0
2026-10-01 14:32:00-04:00,4.644999980926514,4.651000022888184,4.640900135040283,4.651000022888184,4.651000022888184,107,0.0,0.0
2026-10-01 14:33:00-04:00,4.649799823760986,4.656499862670898,4.649600028991699,4.654399871826172,4.654399871826172,40,0.0,0.0
2026-10-01 14:34:00-04:00,4.652500152587891,4.652500152587891,4.636499881744385,4.63730001449585,4.63730001449585,59,0.0,0.0
2026-10-01 14:35:00-04:00,4.642600059509277,4.646999835968018,4.634200096130371,4.63730001449585,4.63730001449585,170,0.0,0.0
2026-10-01 14:36:00-04:00,4.636199951171875,4.642899990081787,4.636099815368652,4.636099815368652,4.636099815368652,49,0.0,0.0
2026-10-01 14:37:00-04:00,4.636600017547607,4.636600017547607,4.634900093078613,4.6356000900268555,4.6356000900268555,10,0.0,0.0
2026-10-01 14:38:00-04:00,4.638500213623047,4.639400005340576,4.6371002197265625,4.638599872589111,4.638599872589111,29,0.0,0.0
2026-10-01 14:39:00-04:00,4.641200065612793,4.648499965667725,4.641200065612793,4.647299766540527,4.647299766540527,31,0.0,0.0
2026-10-01 14:40:00-04:00,4.6442999839782715,4.646900177001953,4.6442999839782715,4.646900177001953,4.646900177001953,22,0.0,0.0
2026-10-01 14:41:00-04:00,4.64769983291626,4.64769983291626,4.643899917602539,4.643899917602539,4.643899917602539,13,0.0,0.0
2026-10-01 14:43:00-04:00,4.643599987030029,4.644999980926514,4.643400192260742,4.644999980926514,4.644999980926514,14,0.0,0.0
2026-10-01 14:44:00-04:00,4.643700122833252,4.644000053405762,4.6407999992370605,4.6407999992370605,4.6407999992370605,10,0.0,0.0
2026-10-01 14:45:00-04:00,4.641200065612793,4.641600131988525,4.6402997970581055,4.640399932861328,4.640399932861328,14,0.0,0.0
2026-10-01 14:46:00-04:00,4.638999938964844,4.639500141143799,4.638500213623047,4.638500213623047,4.638500213623047,28,0.0,0.0
2026-10-01 14:47:00-04:00,4.638800144195557,4.638800144195557,4.633800029754639,4.633800029754639,4.633800029754639,60,0.0,0.0
2026-10-01 14:48:00-04:00,4.633900165557861,4.634200096130371,4.6331000328063965,4.634200096130371,4.634200096130371,48,0.0,0.0
2026-10-01 14:49:00-04:00,4.6321001052856445,4.6321001052856445,4.630799770355225,4.631700038909912,4.631700038909912,18,0.0,0.0
2026-10-01 14:51:00-04:00,4.634099960327148,4.634699821472168,4.633900165557861,4.634699821472168,4.634699821472168,93,0.0,0.0
2026-10-01 14:52:00-04:00,4.633600234985352,4.633600234985352,4.633600234985352,4.633600234985352,4.633600234985352,24,0.0,0.0
2026-10-01 14:54:00-04:00,4.634200096130371,4.637899875640869,4.633600234985352,4.637899875640869,4.637899875640869,94,0.0,0.0
2026-10-01 14:55:00-04:00,4.638199806213379,4.638800144195557,4.637899875640869,4.637899875640869,4.637899875640869,7,0.0,0.0
2026-10-01 14:56:00-04:00,4.63730001449585,4.63730001449585,4.63730001449585,4.63730001449585,4.63730001449585,29,0.0,0.0
2026-10-01 14:57:00-04:00,4.6392998695373535,4.6392998695373535,4.6392998695373535,4.6392998695373535,4.6392998695373535,3,0.0,0.0
2026-10-01 14:59:00-04:00,4.638999938964844,4.638999938964844,4.634500026702881,4.635000228881836,4.635000228881836,46,0.0,0.0
2026-10-01 15:00:00-04:00,4.634200096130371,4.635000228881836,4.634200096130371,4.634900093078613,4.634900093078613,4,0.0,0.0
2026-10-01 15:01:00-04:00,4.633600234985352,4.633600234985352,4.633600234985352,4.633600234985352,4.633600234985352,3,0.0,0.0
2026-10-01 15:02:00-04:00,4.633200168609619,4.635799884796143,4.6331000328063965,4.635799884796143,4.635799884796143,29,0.0,0.0
2026-10-01 15:03:00-04:00,4.634200096130371,4.634200096130371,4.634200096130371,4.634200096130371,4.634200096130371,56,0.0,0.0
2026-10-01 15:04:00-04:00,4.631899833679199,4.631899833679199,4.631899833679199,4.631899833679199,4.631899833679199,3,0.0,0.0
2026-10-01 15:06:00-04:00,4.628200054168701,4.629000186920166,4.626999855041504,4.628200054168701,4.628200054168701,71,0.0,0.0
2026-10-01 15:07:00-04:00,4.629499912261963,4.629499912261963,4.629499912261963,4.629499912261963,4.629499912261963,7,0.0,0.0
2026-10-01 15:08:00-04:00,4.628200054168701,4.628200054168701,4.626399993896484,4.626699924468994,4.626699924468994,83,0.0,0.0
2026-10-01 15:09:00-04:00,4.625699996948242,4.6265997886657715,4.625699996948242,4.6265997886657715,4.6265997886657715,26,0.0,0.0
2026-10-01 15:10:00-04:00,4.626399993896484,4.626399993896484,4.625800132751465,4.625800132751465,4.625800132751465,35,0.0,0.0
2026-10-01 15:11:00-04:00,4.628399848937988,4.629000186920166,4.6280999183654785,4.629000186920166,4.629000186920166,52,0.0,0.0
2026-10-01 15:13:00-04:00,4.630000114440918,4.630000114440918,4.629300117492676,4.629300117492676,4.629300117492676,22,0.0,0.0
2026-10-01 15:14:00-04:00,4.6290998458862305,4.6290998458862305,4.6290998458862305,4.6290998458862305,4.6290998458862305,3,0.0,0.0
2026-10-01 15:15:00-04:00,4.626699924468994,4.626699924468994,4.626699924468994,4.626699924468994,4.626699924468994,5,0.0,0.0
2026-10-01 15:16:00-04:00,4.629899978637695,4.632199764251709,4.629199981689453,4.630899906158447,4.630899906158447,15,0.0,0.0
2026-10-01 15:17:00-04:00,4.634200096130371,4.634200096130371,4.634200096130371,4.634200096130371,4.634200096130371,6,0.0,0.0
2026-10-01 15:18:00-04:00,4.639999866485596,4.639999866485596,4.638599872589111,4.638599872589111,4.638599872589111,3,0.0,0.0
2026-10-01 15:19:00-04:00,4.6371002197265625,4.6371002197265625,4.6371002197265625,4.6371002197265625,4.6371002197265625,1,0.0,0.0
2026-10-01 15:20:00-04:00,4.63700008392334,4.63700008392334,4.6356000900268555,4.636499881744385,4.636499881744385,17,0.0,0.0
2026-10-01 15:21:00-04:00,4.635799884796143,4.639100074768066,4.635700225830078,4.63670015335083,4.63670015335083,35,0.0,0.0
2026-10-01 15:22:00-04:00,4.633500099182129,4.633500099182129,4.633500099182129,4.633500099182129,4.633500099182129,1,0.0,0.0
2026-10-01 15:23:00-04:00,4.633900165557861,4.634900093078613,4.632800102233887,4.634900093078613,4.634900093078613,14,0.0,0.0
2026-10-01 15:24:00-04:00,4.635700225830078,4.637700080871582,4.6356000900268555,4.637700080871582,4.637700080871582,11,0.0,0.0
2026-10-01 15:25:00-04:00,4.638500213623047,4.638599872589111,4.637700080871582,4.637700080871582,4.637700080871582,6,0.0,0.0
2026-10-01 15:26:00-04:00,4.636499881744385,4.63670015335083,4.636499881744385,4.63670015335083,4.63670015335083,20,0.0,0.0
2026-10-01 15:27:00-04:00,4.639599800109863,4.639599800109863,4.639100074768066,4.639100074768066,4.639100074768066,4,0.0,0.0
2026-10-01 15:28:00-04:00,4.6367998123168945,4.6367998123168945,4.636099815368652,4.636099815368652,4.636099815368652,14,0.0,0.0
2026-10-01 15:29:00-04:00,4.637700080871582,4.637800216674805,4.6367998123168945,4.63700008392334,4.63700008392334,20,0.0,0.0
2026-10-01 15:30:00-04:00,4.63730001449585,4.639599800109863,4.63670015335083,4.639599800109863,4.639599800109863,11,0.0,0.0
2026-10-01 15:31:00-04:00,4.639400005340576,4.641300201416016,4.638800144195557,4.640900135040283,4.640900135040283,22,0.0,0.0
2026-10-01 15:32:00-04:00,4.642300128936768,4.642499923706055,4.639900207519531,4.64169979095459,4.64169979095459,12,0.0,0.0
2026-10-01 15:33:00-04:00,4.640999794006348,4.643499851226807,4.640999794006348,4.643499851226807,4.643499851226807,6,0.0,0.0
2026-10-01 15:34:00-04:00,4.64169979095459,4.64169979095459,4.638000011444092,4.638599872589111,4.638599872589111,38,0.0,0.0
2026-10-01 15:35:00-04:00,4.637800216674805,4.639200210571289,4.637599945068359,4.639200210571289,4.639200210571289,20,0.0,0.0
2026-10-01 15:37:00-04:00,4.638800144195557,4.638800144195557,4.638800144195557,4.638800144195557,4.638800144195557,1,0.0,0.0
2026-10-01 15:38:00-04:00,4.640999794006348,4.642399787902832,4.640500068664551,4.640500068664551,4.640500068664551,7,0.0,0.0
2026-10-01 15:40:00-04:00,4.639999866485596,4.639999866485596,4.639999866485596,4.639999866485596,4.639999866485596,4,0.0,0.0
2026-10-01 15:41:00-04:00,4.636899948120117,4.636899948120117,4.636899948120117,4.636899948120117,4.636899948120117,12,0.0,0.0
2026-10-01 15:42:00-04:00,4.634699821472168,4.63640022277832,4.6315999031066895,4.6315999031066895,4.6315999031066895,75,0.0,0.0
2026-10-01 15:43:00-04:00,4.63129997253418,4.632999897003174,4.631199836730957,4.632999897003174,4.632999897003174,7,0.0,0.0
2026-10-01 15:44:00-04:00,4.631700038909912,4.632599830627441,4.629000186920166,4.630499839782715,4.630499839782715,17,0.0,0.0
2026-10-01 15:45:00-04:00,4.632599830627441,4.632599830627441,4.632599830627441,4.632599830627441,4.632599830627441,7,0.0,0.0
2026-10-01 15:46:00-04:00,4.632900238037109,4.632900238037109,4.632900238037109,4.632900238037109,4.632900238037109,1,0.0,0.0
2026-10-01 15:47:00-04:00,4.631700038909912,4.632400035858154,4.63129997253418,4.632400035858154,4.632400035858154,31,0.0,0.0
2026-10-01 15:48:00-04:00,4.630300045013428,4.630300045013428,4.629899978637695,4.630099773406982,4.630099773406982,25,0.0,0.0
2026-10-01 15:49:00-04:00,4.6305999755859375,4.6305999755859375,4.6305999755859375,4.6305999755859375,4.6305999755859375,1,0.0,0.0
2026-10-01 15:50:00-04:00,4.632500171661377,4.632500171661377,4.630899906158447,4.630899906158447,4.630899906158447,7,0.0,0.0
2026-10-01 15:51:00-04:00,4.631400108337402,4.633500099182129,4.631400108337402,4.632999897003174,4.632999897003174,16,0.0,0.0
2026-10-01 15:52:00-04:00,4.635300159454346,4.635300159454346,4.634799957275391,4.634799957275391,4.634799957275391,6,0.0,0.0
2026-10-01 15:54:00-04:00,4.6371002197265625,4.639699935913086,4.6371002197265625,4.639699935913086,4.639699935913086,24,0.0,0.0
2026-10-01 15:55:00-04:00,4.638999938964844,4.639599800109863,4.637199878692627,4.639599800109863,4.639599800109863,10,0.0,0.0
2026-10-01 15:56:00-04:00,4.6407999992370605,4.6407999992370605,4.6407999992370605,4.6407999992370605,4.6407999992370605,3,0.0,0.0
2026-10-01 15:57:00-04:00,4.638500213623047,4.638500213623047,4.638500213623047,4.638500213623047,4.638500213623047,10,0.0,0.0
2026-10-01 15:59:00-04:00,4.6402997970581055,4.640699863433838,4.6402997970581055,4.640600204467773,4.640600204467773,8,0.0,0.0
2026-10-01 16:00:00-04:00,4.640699863433838,4.6407999992370605,4.637499809265137,4.637599945068359,4.637599945068359,33,0.0,0.0
2026-10-01 16:01:00-04:00,4.635300159454346,4.635300159454346,4.632699966430664,4.634799957275391,4.634799957275391,15,0.0,0.0
2026-10-01 16:02:00-04:00,4.634699821472168,4.63539981842041,4.634699821472168,4.63539981842041,4.63539981842041,22,0.0,0.0
2026-10-01 16:03:00-04:00,4.6350998878479,4.6350998878479,4.6350998878479,4.6350998878479,4.6350998878479,1,0.0,0.0
2026-10-01 16:04:00-04:00,4.633200168609619,4.633200168609619,4.633200168609619,4.633200168609619,4.633200168609619,2,0.0,0.0
2026-10-01 16:05:00-04:00,4.634399890899658,4.634399890899658,4.634399890899658,4.634399890899658,4.634399890899658,21,0.0,0.0
2026-10-01 16:08:00-04:00,4.63700008392334,4.63700008392334,4.63700008392334,4.63700008392334,4.63700008392334,3,0.0,0.0
2026-10-01 16:09:00-04:00,4.638400077819824,4.639200210571289,4.638400077819824,4.638800144195557,4.638800144195557,14,0.0,0.0
2026-10-01 16:11:00-04:00,4.638899803161621,4.639400005340576,4.638899803161621,4.639400005340576,4.639400005340576,6,0.0,0.0
2026-10-01 16:12:00-04:00,4.639699935913086,4.640999794006348,4.639699935913086,4.640999794006348,4.640999794006348,48,0.0,0.0
2026-10-01 16:14:00-04:00,4.640500068664551,4.640500068664551,4.639999866485596,4.6402997970581055,4.6402997970581055,22,0.0,0.0
2026-10-01 16:15:00-04:00,4.639999866485596,4.639999866485596,4.639999866485596,4.639999866485596,4.639999866485596,1,0.0,0.0
2026-10-01 16:16:00-04:00,4.636499881744385,4.636499881744385,4.636499881744385,4.636499881744385,4.636499881744385,2,0.0,0.0
2026-10-01 16:17:00-04:00,4.635000228881836,4.635000228881836,4.635000228881836,4.635000228881836,4.635000228881836,1,0.0,0.0
2026-10-01 16:19:00-04:00,4.634300231933594,4.635300159454346,4.634300231933594,4.635300159454346,4.635300159454346,62,0.0,0.0
2026-10-01 16:20:00-04:00,4.6346001625061035,4.634699821472168,4.6346001625061035,4.634699821472168,4.634699821472168,2,0.0,0.0
2026-10-01 16:21:00-04:00,4.633699893951416,4.633699893951416,4.633699893951416,4.633699893951416,4.633699893951416,1,0.0,0.0
2026-10-01 16:23:00-04:00,4.633900165557861,4.633900165557861,4.633900165557861,4.633900165557861,4.633900165557861,2,0.0,0.0
2026-10-01 16:24:00-04:00,4.636600017547607,4.636600017547607,4.636099815368652,4.636099815368652,4.636099815368652,3,0.0,0.0
2026-10-01 16:25:00-04:00,4.634200096130371,4.634200096130371,4.634099960327148,4.634099960327148,4.634099960327148,5,0.0,0.0
2026-10-01 16:26:00-04:00,4.638400077819824,4.638400077819824,4.638400077819824,4.638400077819824,4.638400077819824,2,0.0,0.0
2026-10-01 16:27:00-04:00,4.633699893951416,4.633699893951416,4.632900238037109,4.632900238037109,4.632900238037109,33,0.0,0.0
2026-10-01 16:31:00-04:00,4.632199764251709,4.632199764251709,4.631999969482422,4.631999969482422,4.631999969482422,4,0.0,0.0
2026-10-01 16:32:00-04:00,4.632299900054932,4.63640022277832,4.632299900054932,4.63640022277832,4.63640022277832,7,0.0,0.0
2026-10-01 16:33:00-04:00,4.635799884796143,4.635799884796143,4.633699893951416,4.633699893951416,4.633699893951416,3,0.0,0.0
2026-10-01 16:34:00-04:00,4.633600234985352,4.633600234985352,4.631400108337402,4.631400108337402,4.631400108337402,18,0.0,0.0
2026-10-01 16:37:00-04:00,4.629300117492676,4.629300117492676,4.629300117492676,4.629300117492676,4.629300117492676,2,0.0,0.0
2026-10-01 16:38:00-04:00,4.6296000480651855,4.6296000480651855,4.6296000480651855,4.6296000480651855,4.6296000480651855,29,0.0,0.0
2026-10-01 16:40:00-04:00,4.628300189971924,4.628300189971924,4.628300189971924,4.628300189971924,4.628300189971924,8,0.0,0.0
2026-10-01 16:41:00-04:00,4.6290998458862305,4.6290998458862305,4.628799915313721,4.628799915313721,4.628799915313721,4,0.0,0.0
2026-10-01 16:42:00-04:00,4.631899833679199,4.631899833679199,4.631899833679199,4.631899833679199,4.631899833679199,1,0.0,0.0
2026-10-01 16:43:00-04:00,4.6321001052856445,4.632199764251709,4.6321001052856445,4.632199764251709,4.632199764251709,4,0.0,0.0
2026-10-01 16:45:00-04:00,4.634799957275391,4.635700225830078,4.633500099182129,4.635300159454346,4.635300159454346,30,0.0,0.0
2026-10-01 16:46:00-04:00,4.637800216674805,4.638199806213379,4.637800216674805,4.638199806213379,4.638199806213379,24,0.0,0.0
2026-10-01 16:47:00-04:00,4.63539981842041,4.63670015335083,4.635000228881836,4.6356000900268555,4.6356000900268555,14,0.0,0.0
2026-10-01 16:48:00-04:00,4.635000228881836,4.635300159454346,4.634699821472168,4.635000228881836,4.635000228881836,25,0.0,0.0
2026-10-01 16:49:00-04:00,4.634399890899658,4.634399890899658,4.6331000328063965,4.633200168609619,4.633200168609619,9,0.0,0.0
2026-10-01 16:50:00-04:00,4.630899906158447,4.6315999031066895,4.629000186920166,4.629000186920166,4.629000186920166,8,0.0,0.0
2026-10-01 16:52:00-04:00,4.625800132751465,4.628900051116943,4.625199794769287,4.628900051116943,4.628900051116943,11,0.0,0.0
2026-10-01 16:53:00-04:00,4.629000186920166,4.629000186920166,4.629000186920166,4.629000186920166,4.629000186920166,3,0.0,0.0
2026-10-01 16:54:00-04:00,4.629499912261963,4.629499912261963,4.628699779510498,4.628699779510498,4.628699779510498,7,0.0,0.0
2026-10-01 16:55:00-04:00,4.629799842834473,4.629799842834473,4.629799842834473,4.629799842834473,4.629799842834473,13,0.0,0.0
2026-10-01 16:56:00-04:00,4.631100177764893,4.633999824523926,4.631100177764893,4.633600234985352,4.633600234985352,14,0.0,0.0
2026-10-01 16:57:00-04:00,4.633299827575684,4.633299827575684,4.63070011138916,4.63070011138916,4.63070011138916,8,0.0,0.0
2026-10-01 16:58:00-04:00,4.631800174713135,4.632199764251709,4.631800174713135,4.631800174713135,4.631800174713135,11,0.0,0.0
2026-10-01 16:59:00-04:00,4.632800102233887,4.643400192260742,4.632800102233887,4.643099784851074,4.643099784851074,161,0.0,0.0
2026-10-01 18:00:00-04:00,4.644999980926514,4.677999973297119,4.644999980926514,4.677800178527832,4.677800178527832,0,0.0,0.0
2026-10-01 18:01:00-04:00,4.671000003814697,4.671000003814697,4.659599781036377,4.659599781036377,4.659599781036377,11,0.0,0.0
2026-10-01 18:02:00-04:00,4.660900115966797,4.660900115966797,4.660900115966797,4.660900115966797,4.660900115966797,1,0.0,0.0
2026-10-01 18:03:00-04:00,4.660900115966797,4.660900115966797,4.660900115966797,4.660900115966797,4.660900115966797,1,0.0,0.0
2026-10-01 18:05:00-04:00,4.662899971008301,4.663099765777588,4.662899971008301,4.663099765777588,4.663099765777588,4,0.0,0.0
2026-10-01 18:06:00-04:00,4.6616997718811035,4.662199974060059,4.661499977111816,4.662199974060059,4.662199974060059,7,0.0,0.0
2026-10-01 18:07:00-04:00,4.663899898529053,4.663899898529053,4.663599967956543,4.663599967956543,4.663599967956543,2,0.0,0.0
2026-10-01 18:08:00-04:00,4.66349983215332,4.66349983215332,4.66349983215332,4.66349983215332,4.66349983215332,1,0.0,0.0
2026-10-01 18:09:00-04:00,4.66510009765625,4.66510009765625,4.66510009765625,4.66510009765625,4.66510009765625,2,0.0,0.0
2026-10-01 18:14:00-04:00,4.659599781036377,4.6596999168396,4.659599781036377,4.659599781036377,4.659599781036377,3,0.0,0.0
2026-10-01 18:17:00-04:00,4.661900043487549,4.661900043487549,4.661900043487549,4.661900043487549,4.661900043487549,4,0.0,0.0
2026-10-01 18:21:00-04:00,4.6595001220703125,4.6595001220703125,4.6595001220703125,4.6595001220703125,4.6595001220703125,2,0.0,0.0
2026-10-01 18:22:00-04:00,4.659299850463867,4.659900188446045,4.659299850463867,4.659900188446045,4.659900188446045,9,0.0,0.0
2026-10-01 18:23:00-04:00,4.658299922943115,4.658299922943115,4.658299922943115,4.658299922943115,4.658299922943115,1,0.0,0.0
2026-10-01 18:24:00-04:00,4.656199932098389,4.656199932098389,4.656199932098389,4.656199932098389,4.656199932098389,1,0.0,0.0
2026-10-01 18:26:00-04:00,4.657800197601318,4.657800197601318,4.657599925994873,4.657599925994873,4.657599925994873,3,0.0,0.0
2026-10-01 18:29:00-04:00,4.652900218963623,4.652900218963623,4.652900218963623,4.652900218963623,4.652900218963623,2,0.0,0.0
2026-10-01 18:38:00-04:00,4.6528000831604,4.654399871826172,4.6528000831604,4.654399871826172,4.654399871826172,4,0.0,0.0
2026-10-01 18:39:00-04:00,4.6519999504089355,4.6519999504089355,4.6519999504089355,4.6519999504089355,4.6519999504089355,2,0.0,0.0
2026-10-01 18:45:00-04:00,4.651100158691406,4.651100158691406,4.651100158691406,4.651100158691406,4.651100158691406,0,0.0,0.0
2026-10-01 18:54:00-04:00,4.64870023727417,4.648799896240234,4.64870023727417,4.648799896240234,4.648799896240234,72,0.0,0.0
2026-10-01 18:57:00-04:00,4.650000095367432,4.650000095367432,4.650000095367432,4.650000095367432,4.650000095367432,4,0.0,0.0
2026-10-01 19:01:00-04:00,4.648900032043457,4.648900032043457,4.644599914550781,4.644599914550781,4.644599914550781,46,0.0,0.0
2026-10-01 19:16:00-04:00,4.644499778747559,4.644899845123291,4.644499778747559,4.644899845123291,4.644899845123291,4,0.0,0.0
2026-10-01 19:17:00-04:00,4.643499851226807,4.643499851226807,4.643499851226807,4.643499851226807,4.643499851226807,1,0.0,0.0
2026-10-01 19:18:00-04:00,4.644899845123291,4.644899845123291,4.644899845123291,4.644899845123291,4.644899845123291,3,0.0,0.0
2026-10-01 19:20:00-04:00,4.645599842071533,4.645599842071533,4.645599842071533,4.645599842071533,4.645599842071533,1,0.0,0.0
2026-10-01 19:21:00-04:00,4.645500183105469,4.645500183105469,4.645500183105469,4.645500183105469,4.645500183105469,1,0.0,0.0
2026-10-01 19:30:00-04:00,4.645599842071533,4.645599842071533,4.645299911499023,4.645299911499023,4.645299911499023,5,0.0,0.0
2026-10-01 19:32:00-04:00,4.643899917602539,4.643899917602539,4.643899917602539,4.643899917602539,4.643899917602539,2,0.0,0.0
2026-10-01 19:33:00-04:00,4.646599769592285,4.646599769592285,4.646599769592285,4.646599769592285,4.646599769592285,1,0.0,0.0
2026-10-01 19:34:00-04:00,4.644000053405762,4.644000053405762,4.644000053405762,4.644000053405762,4.644000053405762,1,0.0,0.0
2026-10-01 19:35:00-04:00,4.645699977874756,4.645699977874756,4.645400047302246,4.645400047302246,4.645400047302246,2,0.0,0.0
2026-10-01 19:36:00-04:00,4.6442999839782715,4.645299911499023,4.643599987030029,4.643700122833252,4.643700122833252,5,0.0,0.0
2026-10-01 19:37:00-04:00,4.644999980926514,4.644999980926514,4.643499851226807,4.643499851226807,4.643499851226807,2,0.0,0.0
2026-10-01 19:38:00-04:00,4.643899917602539,4.644100189208984,4.643899917602539,4.643899917602539,4.643899917602539,4,0.0,0.0
2026-10-01 19:39:00-04:00,4.645699977874756,4.645699977874756,4.645699977874756,4.645699977874756,4.645699977874756,3,0.0,0.0
2026-10-01 19:40:00-04:00,4.644899845123291,4.644999980926514,4.644700050354004,4.644899845123291,4.644899845123291,6,0.0,0.0
2026-10-01 19:41:00-04:00,4.646699905395508,4.646699905395508,4.646699905395508,4.646699905395508,4.646699905395508,1,0.0,0.0
2026-10-01 19:42:00-04:00,4.643499851226807,4.643499851226807,4.643400192260742,4.643400192260742,4.643400192260742,3,0.0,0.0
2026-10-01 19:44:00-04:00,4.646399974822998,4.646399974822998,4.642899990081787,4.642899990081787,4.642899990081787,7,0.0,0.0
2026-10-01 19:45:00-04:00,4.643799781799316,4.644800186157227,4.642000198364258,4.644499778747559,4.644499778747559,4,0.0,0.0
2026-10-01 19:46:00-04:00,4.640699863433838,4.64300012588501,4.640500068664551,4.64300012588501,4.64300012588501,6,0.0,0.0
2026-10-01 19:47:00-04:00,4.640100002288818,4.640100002288818,4.639999866485596,4.639999866485596,4.639999866485596,2,0.0,0.0
2026-10-01 19:49:00-04:00,4.642099857330322,4.642099857330322,4.637700080871582,4.637800216674805,4.637800216674805,4,0.0,0.0
2026-10-01 19:50:00-04:00,4.637599945068359,4.638500213623047,4.637599945068359,4.638500213623047,4.638500213623047,3,0.0,0.0
2026-10-01 19:55:00-04:00,4.639999866485596,4.640699863433838,4.639999866485596,4.640699863433838,4.640699863433838,4,0.0,0.0
2026-10-01 19:57:00-04:00,4.639200210571289,4.639200210571289,4.639200210571289,4.639200210571289,4.639200210571289,2,0.0,0.0
2026-10-01 20:00:00-04:00,4.638999938964844,4.638999938964844,4.633999824523926,4.6371002197265625,4.6371002197265625,30,0.0,0.0
2026-10-01 20:01:00-04:00,4.637400150299072,4.637899875640869,4.635700225830078,4.637899875640869,4.637899875640869,7,0.0,0.0
2026-10-01 20:02:00-04:00,4.637599945068359,4.638899803161621,4.637599945068359,4.638899803161621,4.638899803161621,5,0.0,0.0
2026-10-01 20:04:00-04:00,4.634500026702881,4.635700225830078,4.634500026702881,4.635700225830078,4.635700225830078,2,0.0,0.0
2026-10-01 20:05:00-04:00,4.635300159454346,4.636000156402588,4.635000228881836,4.636000156402588,4.636000156402588,6,0.0,0.0
2026-10-01 20:06:00-04:00,4.6356000900268555,4.6356000900268555,4.6356000900268555,4.6356000900268555,4.6356000900268555,1,0.0,0.0
2026-10-01 20:07:00-04:00,4.633800029754639,4.634399890899658,4.633800029754639,4.634399890899658,4.634399890899658,2,0.0,0.0
2026-10-01 20:09:00-04:00,4.633999824523926,4.633999824523926,4.633999824523926,4.633999824523926,4.633999824523926,5,0.0,0.0
2026-10-01 20:10:00-04:00,4.633200168609619,4.633200168609619,4.633200168609619,4.633200168609619,4.633200168609619,8,0.0,0.0
2026-10-01 20:14:00-04:00,4.6255998611450195,4.626200199127197,4.625100135803223,4.626200199127197,4.626200199127197,15,0.0,0.0
2026-10-01 20:15:00-04:00,4.627600193023682,4.63100004196167,4.627600193023682,4.630499839782715,4.630499839782715,98,0.0,0.0
2026-10-01 20:17:00-04:00,4.634699821472168,4.634699821472168,4.6321001052856445,4.6321001052856445,4.6321001052856445,9,0.0,0.0
2026-10-01 20:18:00-04:00,4.631100177764893,4.631100177764893,4.627399921417236,4.627900123596191,4.627900123596191,49,0.0,0.0
2026-10-01 20:19:00-04:00,4.627200126647949,4.628399848937988,4.627200126647949,4.628399848937988,4.628399848937988,6,0.0,0.0
2026-10-01 20:20:00-04:00,4.63070011138916,4.63070011138916,4.63070011138916,4.63070011138916,4.63070011138916,5,0.0,0.0
2026-10-01 20:21:00-04:00,4.629300117492676,4.629499912261963,4.6280999183654785,4.6280999183654785,4.6280999183654785,78,0.0,0.0
2026-10-01 20:22:00-04:00,4.625800132751465,4.625800132751465,4.6234002113342285,4.6234002113342285,4.6234002113342285,11,0.0,0.0
2026-10-01 20:25:00-04:00,4.621699810028076,4.624899864196777,4.621699810028076,4.624899864196777,4.624899864196777,16,0.0,0.0
2026-10-01 20:27:00-04:00,4.624599933624268,4.625699996948242,4.624599933624268,4.62529993057251,4.62529993057251,5,0.0,0.0
2026-10-01 20:29:00-04:00,4.620800018310547,4.621099948883057,4.620800018310547,4.621099948883057,4.621099948883057,4,0.0,0.0
2026-10-01 20:30:00-04:00,4.623600006103516,4.623600006103516,4.623600006103516,4.623600006103516,4.623600006103516,2,0.0,0.0
2026-10-01 20:33:00-04:00,4.6269001960754395,4.6269001960754395,4.6269001960754395,4.6269001960754395,4.6269001960754395,18,0.0,0.0
2026-10-01 20:36:00-04:00,4.630000114440918,4.630000114440918,4.630000114440918,4.630000114440918,4.630000114440918,1,0.0,0.0
2026-10-01 20:37:00-04:00,4.630000114440918,4.630000114440918,4.630000114440918,4.630000114440918,4.630000114440918,20,0.0,0.0
2026-10-01 20:39:00-04:00,4.629700183868408,4.629700183868408,4.629700183868408,4.629700183868408,4.629700183868408,3,0.0,0.0
2026-10-01 20:40:00-04:00,4.629700183868408,4.629700183868408,4.629700183868408,4.629700183868408,4.629700183868408,1,0.0,0.0
2026-10-01 20:45:00-04:00,4.634799957275391,4.634799957275391,4.634799957275391,4.634799957275391,4.634799957275391,2,0.0,0.0
2026-10-01 20:46:00-04:00,4.637199878692627,4.639500141143799,4.637199878692627,4.639500141143799,4.639500141143799,3,0.0,0.0
2026-10-01 20:47:00-04:00,4.636000156402588,4.636000156402588,4.636000156402588,4.636000156402588,4.636000156402588,1,0.0,0.0
2026-10-01 20:48:00-04:00,4.63539981842041,4.63539981842041,4.63539981842041,4.63539981842041,4.63539981842041,3,0.0,0.0
2026-10-01 20:49:00-04:00,4.633999824523926,4.634399890899658,4.633999824523926,4.634399890899658,4.634399890899658,3,0.0,0.0
2026-10-01 20:50:00-04:00,4.634699821472168,4.634699821472168,4.633900165557861,4.6346001625061035,4.6346001625061035,11,0.0,0.0
2026-10-01 20:51:00-04:00,4.642099857330322,4.642099857330322,4.642099857330322,4.642099857330322,4.642099857330322,2,0.0,0.0
2026-10-01 20:52:00-04:00,4.640699863433838,4.640699863433838,4.639900207519531,4.639900207519531,4.639900207519531,2,0.0,0.0
2026-10-01 20:59:00-04:00,4.639500141143799,4.639500141143799,4.639500141143799,4.639500141143799,4.639500141143799,2,0.0,0.0
2026-10-01 21:00:00-04:00,4.638000011444092,4.638000011444092,4.634300231933594,4.634300231933594,4.634300231933594,8,0.0,0.0
2026-10-01 21:01:00-04:00,4.632199764251709,4.632199764251709,4.631400108337402,4.631400108337402,4.631400108337402,6,0.0,0.0
2026-10-01 21:02:00-04:00,4.628399848937988,4.628399848937988,4.626699924468994,4.626699924468994,4.626699924468994,3,0.0,0.0
2026-10-01 21:03:00-04:00,4.625899791717529,4.626500129699707,4.625899791717529,4.626500129699707,4.626500129699707,2,0.0,0.0
2026-10-01 21:04:00-04:00,4.628399848937988,4.628399848937988,4.628399848937988,4.628399848937988,4.628399848937988,5,0.0,0.0
2026-10-01 21:08:00-04:00,4.6269001960754395,4.6269001960754395,4.6269001960754395,4.6269001960754395,4.6269001960754395,72,0.0,0.0
2026-10-01 21:10:00-04:00,4.631499767303467,4.631499767303467,4.624300003051758,4.6244001388549805,4.6244001388549805,35,0.0,0.0
2026-10-01 21:11:00-04:00,4.623499870300293,4.631700038909912,4.623499870300293,4.63129997253418,4.63129997253418,88,0.0,0.0
2026-10-01 21:13:00-04:00,4.632699966430664,4.634300231933594,4.6296000480651855,4.6296000480651855,4.6296000480651855,43,0.0,0.0
2026-10-01 21:15:00-04:00,4.626399993896484,4.626399993896484,4.626399993896484,4.626399993896484,4.626399993896484,9,0.0,0.0
2026-10-01 21:19:00-04:00,4.631700038909912,4.631700038909912,4.631700038909912,4.631700038909912,4.631700038909912,2,0.0,0.0
2026-10-01 21:22:00-04:00,4.6315999031066895,4.634099960327148,4.6315999031066895,4.634099960327148,4.634099960327148,7,0.0,0.0
2026-10-01 21:23:00-04:00,4.633999824523926,4.6367998123168945,4.633999824523926,4.634699821472168,4.634699821472168,3,0.0,0.0
2026-10-01 21:25:00-04:00,4.634399890899658,4.634699821472168,4.634399890899658,4.634699821472168,4.634699821472168,12,0.0,0.0
2026-10-01 21:26:00-04:00,4.632699966430664,4.632699966430664,4.626500129699707,4.626500129699707,4.626500129699707,74,0.0,0.0
2026-10-01 21:30:00-04:00,4.623799800872803,4.623799800872803,4.622600078582764,4.622600078582764,4.622600078582764,4,0.0,0.0
2026-10-01 21:32:00-04:00,4.6203999519348145,4.621600151062012,4.6203999519348145,4.621600151062012,4.621600151062012,2,0.0,0.0
2026-10-01 21:33:00-04:00,4.620800018310547,4.621600151062012,4.62060022354126,4.621600151062012,4.621600151062012,6,0.0,0.0
2026-10-01 21:34:00-04:00,4.61929988861084,4.61929988861084,4.61929988861084,4.61929988861084,4.61929988861084,2,0.0,0.0
2026-10-01 21:35:00-04:00,4.620100021362305,4.62060022354126,4.620100021362305,4.62060022354126,4.62060022354126,3,0.0,0.0
2026-10-01 21:37:00-04:00,4.618800163269043,4.618800163269043,4.618800163269043,4.618800163269043,4.618800163269043,1,0.0,0.0
2026-10-01 21:39:00-04:00,4.622399806976318,4.622399806976318,4.622399806976318,4.622399806976318,4.622399806976318,3,0.0,0.0
2026-10-01 21:40:00-04:00,4.622200012207031,4.622200012207031,4.622200012207031,4.622200012207031,4.622200012207031,27,0.0,0.0
2026-10-01 21:41:00-04:00,4.620699882507324,4.6209001541137695,4.618599891662598,4.618599891662598,4.618599891662598,20,0.0,0.0
2026-10-01 21:42:00-04:00,4.61929988861084,4.61929988861084,4.61929988861084,4.61929988861084,4.61929988861084,2,0.0,0.0
2026-10-01 21:43:00-04:00,4.619800090789795,4.619800090789795,4.619800090789795,4.619800090789795,4.619800090789795,1,0.0,0.0
2026-10-01 21:44:00-04:00,4.619800090789795,4.619800090789795,4.619800090789795,4.619800090789795,4.619800090789795,4,0.0,0.0
2026-10-01 21:45:00-04:00,4.621500015258789,4.621500015258789,4.621500015258789,4.621500015258789,4.621500015258789,1,0.0,0.0
2026-10-01 21:47:00-04:00,4.618299961090088,4.618299961090088,4.618199825286865,4.618199825286865,4.618199825286865,2,0.0,0.0
2026-10-01 21:48:00-04:00,4.6184000968933105,4.6184000968933105,4.618199825286865,4.618199825286865,4.618199825286865,2,0.0,0.0
2026-10-01 21:49:00-04:00,4.61870002746582,4.61870002746582,4.61870002746582,4.61870002746582,4.61870002746582,1,0.0,0.0
2026-10-01 21:50:00-04:00,4.617400169372559,4.6184000968933105,4.617400169372559,4.617800235748291,4.617800235748291,4,0.0,0.0
2026-10-01 21:51:00-04:00,4.619800090789795,4.619800090789795,4.619800090789795,4.619800090789795,4.619800090789795,2,0.0,0.0
2026-10-01 21:52:00-04:00,4.620299816131592,4.620299816131592,4.619699954986572,4.619800090789795,4.619800090789795,5,0.0,0.0
2026-10-01 21:53:00-04:00,4.619100093841553,4.620299816131592,4.619100093841553,4.620100021362305,4.620100021362305,7,0.0,0.0
2026-10-01 21:54:00-04:00,4.620299816131592,4.621200084686279,4.620299816131592,4.621200084686279,4.621200084686279,4,0.0,0.0
2026-10-01 21:55:00-04:00,4.621300220489502,4.621399879455566,4.6184000968933105,4.6184000968933105,4.6184000968933105,10,0.0,0.0
2026-10-01 21:57:00-04:00,4.618000030517578,4.620500087738037,4.618000030517578,4.620500087738037,4.620500087738037,6,0.0,0.0
2026-10-01 22:01:00-04:00,4.616700172424316,4.616700172424316,4.616700172424316,4.616700172424316,4.616700172424316,2,0.0,0.0
2026-10-01 22:02:00-04:00,4.618000030517578,4.618000030517578,4.618000030517578,4.618000030517578,4.618000030517578,2,0.0,0.0
2026-10-01 22:04:00-04:00,4.611999988555908,4.611999988555908,4.610899925231934,4.610899925231934,4.610899925231934,3,0.0,0.0
2026-10-01 22:05:00-04:00,4.607900142669678,4.607900142669678,4.606200218200684,4.6072001457214355,4.6072001457214355,9,0.0,0.0
2026-10-01 22:06:00-04:00,4.606200218200684,4.606400012969971,4.606200218200684,4.606400012969971,4.606400012969971,4,0.0,0.0
2026-10-01 22:07:00-04:00,4.606400012969971,4.606400012969971,4.606200218200684,4.606200218200684,4.606200218200684,5,0.0,0.0
2026-10-01 22:08:00-04:00,4.605000019073486,4.606900215148926,4.605000019073486,4.606900215148926,4.606900215148926,5,0.0,0.0
2026-10-01 22:09:00-04:00,4.605000019073486,4.609300136566162,4.605000019073486,4.609300136566162,4.609300136566162,5,0.0,0.0
2026-10-01 22:11:00-04:00,4.605000019073486,4.610599994659424,4.605000019073486,4.610599994659424,4.610599994659424,118,0.0,0.0
2026-10-01 22:12:00-04:00,4.614299774169922,4.614299774169922,4.613999843597412,4.613999843597412,4.613999843597412,3,0.0,0.0
2026-10-01 22:13:00-04:00,4.614799976348877,4.614799976348877,4.614799976348877,4.614799976348877,4.614799976348877,1,0.0,0.0
2026-10-01 22:14:00-04:00,4.614999771118164,4.614999771118164,4.614999771118164,4.614999771118164,4.614999771118164,1,0.0,0.0
2026-10-01 22:15:00-04:00,4.6178998947143555,4.618100166320801,4.6178998947143555,4.618100166320801,4.618100166320801,3,0.0,0.0
2026-10-01 22:22:00-04:00,4.623000144958496,4.623000144958496,4.623000144958496,4.623000144958496,4.623000144958496,1,0.0,0.0
2026-10-01 22:23:00-04:00,4.6219000816345215,4.6219000816345215,4.620699882507324,4.620699882507324,4.620699882507324,4,0.0,0.0
2026-10-01 22:25:00-04:00,4.62060022354126,4.62060022354126,4.620500087738037,4.620500087738037,4.620500087738037,2,0.0,0.0
2026-10-01 22:27:00-04:00,4.619999885559082,4.619999885559082,4.619999885559082,4.619999885559082,4.619999885559082,1,0.0,0.0
2026-10-01 22:31:00-04:00,4.617700099945068,4.617700099945068,4.617700099945068,4.617700099945068,4.617700099945068,2,0.0,0.0
2026-10-01 22:32:00-04:00,4.617499828338623,4.617499828338623,4.617499828338623,4.617499828338623,4.617499828338623,1,0.0,0.0
2026-10-01 22:34:00-04:00,4.61929988861084,4.61929988861084,4.61929988861084,4.61929988861084,4.61929988861084,1,0.0,0.0
2026-10-01 22:37:00-04:00,4.622399806976318,4.622399806976318,4.622399806976318,4.622399806976318,4.622399806976318,1,0.0,0.0
2026-10-01 22:41:00-04:00,4.623899936676025,4.623899936676025,4.622499942779541,4.622799873352051,4.622799873352051,6,0.0,0.0
2026-10-01 22:42:00-04:00,4.6203999519348145,4.621600151062012,4.6203999519348145,4.621300220489502,4.621300220489502,4,0.0,0.0
2026-10-01 22:46:00-04:00,4.621200084686279,4.621200084686279,4.621200084686279,4.621200084686279,4.621200084686279,6,0.0,0.0
2026-10-01 22:48:00-04:00,4.614999771118164,4.6168999671936035,4.612299919128418,4.612299919128418,4.612299919128418,136,0.0,0.0
2026-10-01 22:49:00-04:00,4.617300033569336,4.617300033569336,4.61299991607666,4.61299991607666,4.61299991607666,10,0.0,0.0
2026-10-01 22:50:00-04:00,4.615300178527832,4.615300178527832,4.615300178527832,4.615300178527832,4.615300178527832,3,0.0,0.0
2026-10-01 22:53:00-04:00,4.61299991607666,4.61299991607666,4.61299991607666,4.61299991607666,4.61299991607666,2,0.0,0.0
2026-10-01 22:54:00-04:00,4.612199783325195,4.612199783325195,4.612199783325195,4.612199783325195,4.612199783325195,1,0.0,0.0
2026-10-01 22:57:00-04:00,4.608099937438965,4.608099937438965,4.608099937438965,4.608099937438965,4.608099937438965,3,0.0,0.0
2026-10-01 23:03:00-04:00,4.6072998046875,4.6072998046875,4.6072998046875,4.6072998046875,4.6072998046875,2,0.0,0.0
2026-10-01 23:09:00-04:00,4.6072998046875,4.6072998046875,4.6072001457214355,4.6072001457214355,4.6072001457214355,2,0.0,0.0
2026-10-01 23:10:00-04:00,4.608099937438965,4.608099937438965,4.608099937438965,4.608099937438965,4.608099937438965,1,0.0,0.0
2026-10-01 23:12:00-04:00,4.609300136566162,4.609300136566162,4.609300136566162,4.609300136566162,4.609300136566162,4,0.0,0.0
2026-10-01 23:16:00-04:00,4.605400085449219,4.606400012969971,4.605400085449219,4.606400012969971,4.606400012969971,6,0.0,0.0
2026-10-01 23:18:00-04:00,4.605000019073486,4.607999801635742,4.605000019073486,4.607999801635742,4.607999801635742,3,0.0,0.0
2026-10-01 23:19:00-04:00,4.6092000007629395,4.609499931335449,4.607500076293945,4.607900142669678,4.607900142669678,14,0.0,0.0
2026-10-01 23:20:00-04:00,4.608099937438965,4.608099937438965,4.608099937438965,4.608099937438965,4.608099937438965,1,0.0,0.0
2026-10-01 23:24:00-04:00,4.606800079345703,4.606800079345703,4.606800079345703,4.606800079345703,4.606800079345703,1,0.0,0.0
2026-10-01 23:26:00-04:00,4.609000205993652,4.610300064086914,4.609000205993652,4.610300064086914,4.610300064086914,3,0.0,0.0
2026-10-01 23:27:00-04:00,4.6132001876831055,4.6132001876831055,4.6128997802734375,4.6128997802734375,4.6128997802734375,3,0.0,0.0
2026-10-01 23:28:00-04:00,4.611499786376953,4.611499786376953,4.610000133514404,4.610000133514404,4.610000133514404,3,0.0,0.0
2026-10-01 23:29:00-04:00,4.609099864959717,4.610099792480469,4.60890007019043,4.610099792480469,4.610099792480469,6,0.0,0.0
2026-10-01 23:30:00-04:00,4.6072998046875,4.609799861907959,4.6072998046875,4.609799861907959,4.609799861907959,4,0.0,0.0
2026-10-01 23:31:00-04:00,4.60830020904541,4.60830020904541,4.60830020904541,4.60830020904541,4.60830020904541,1,0.0,0.0
2026-10-01 23:32:00-04:00,4.607800006866455,4.607800006866455,4.607800006866455,4.607800006866455,4.607800006866455,1,0.0,0.0
2026-10-01 23:34:00-04:00,4.606500148773193,4.606500148773193,4.606500148773193,4.606500148773193,4.606500148773193,3,0.0,0.0
2026-10-01 23:40:00-04:00,4.609899997711182,4.609899997711182,4.609899997711182,4.609899997711182,4.609899997711182,1,0.0,0.0
2026-10-01 23:41:00-04:00,4.609399795532227,4.609399795532227,4.609399795532227,4.609399795532227,4.609399795532227,1,0.0,0.0
2026-10-01 23:43:00-04:00,4.611299991607666,4.611299991607666,4.611299991607666,4.611299991607666,4.611299991607666,1,0.0,0.0
2026-10-01 23:44:00-04:00,4.609300136566162,4.610300064086914,4.609300136566162,4.610300064086914,4.610300064086914,3,0.0,0.0
2026-10-01 23:46:00-04:00,4.609799861907959,4.609799861907959,4.608799934387207,4.608799934387207,4.608799934387207,2,0.0,0.0
2026-10-01 23:54:00-04:00,4.6092000007629395,4.6092000007629395,4.6092000007629395,4.6092000007629395,4.6092000007629395,1,0.0,0.0
2026-10-01 23:57:00-04:00,4.6072001457214355,4.60890007019043,4.605400085449219,4.60890007019043,4.60890007019043,5,0.0,0.0
2026-10-01 23:58:00-04:00,4.607399940490723,4.607399940490723,4.607399940490723,4.607399940490723,4.607399940490723,1,0.0,0.0
2026-10-02 00:00:00-04:00,4.606400012969971,4.609399795532227,4.605100154876709,4.609399795532227,4.609399795532227,22,0.0,0.0
2026-10-02 00:02:00-04:00,4.6107001304626465,4.6107001304626465,4.6107001304626465,4.6107001304626465,4.6107001304626465,1,0.0,0.0
2026-10-02 00:03:00-04:00,4.6107001304626465,4.6107001304626465,4.6107001304626465,4.6107001304626465,4.6107001304626465,1,0.0,0.0
2026-10-02 00:04:00-04:00,4.61359977722168,4.613699913024902,4.610899925231934,4.610899925231934,4.610899925231934,3,0.0,0.0
2026-10-02 00:06:00-04:00,4.6118998527526855,4.6118998527526855,4.6118998527526855,4.6118998527526855,4.6118998527526855,1,0.0,0.0
2026-10-02 00:07:00-04:00,4.6118998527526855,4.6118998527526855,4.6118998527526855,4.6118998527526855,4.6118998527526855,3,0.0,0.0
2026-10-02 00:13:00-04:00,4.6072998046875,4.6072998046875,4.6072998046875,4.6072998046875,4.6072998046875,2,0.0,0.0
2026-10-02 00:14:00-04:00,4.6072001457214355,4.6072001457214355,4.6072001457214355,4.6072001457214355,4.6072001457214355,3,0.0,0.0
2026-10-02 00:15:00-04:00,4.605999946594238,4.605999946594238,4.605999946594238,4.605999946594238,4.605999946594238,1,0.0,0.0
2026-10-02 00:16:00-04:00,4.607399940490723,4.607399940490723,4.607399940490723,4.607399940490723,4.607399940490723,2,0.0,0.0
2026-10-02 00:18:00-04:00,4.607900142669678,4.607900142669678,4.607900142669678,4.607900142669678,4.607900142669678,3,0.0,0.0
2026-10-02 00:27:00-04:00,4.612199783325195,4.612199783325195,4.610000133514404,4.610000133514404,4.610000133514404,46,0.0,0.0
2026-10-02 00:28:00-04:00,4.610099792480469,4.610099792480469,4.606299877166748,4.608500003814697,4.608500003814697,15,0.0,0.0
2026-10-02 00:30:00-04:00,4.610599994659424,4.610599994659424,4.610599994659424,4.610599994659424,4.610599994659424,1,0.0,0.0
2026-10-02 00:32:00-04:00,4.610000133514404,4.610000133514404,4.610000133514404,4.610000133514404,4.610000133514404,2,0.0,0.0
2026-10-02 00:34:00-04:00,4.617099761962891,4.617099761962891,4.617099761962891,4.617099761962891,4.617099761962891,1,0.0,0.0
2026-10-02 00:36:00-04:00,4.612299919128418,4.612299919128418,4.612299919128418,4.612299919128418,4.612299919128418,1,0.0,0.0
2026-10-02 00:37:00-04:00,4.613999843597412,4.613999843597412,4.613999843597412,4.613999843597412,4.613999843597412,1,0.0,0.0
2026-10-02 00:38:00-04:00,4.614999771118164,4.614999771118164,4.614999771118164,4.614999771118164,4.614999771118164,1,0.0,0.0
2026-10-02 00:39:00-04:00,4.615699768066406,4.615699768066406,4.615699768066406,4.615699768066406,4.615699768066406,3,0.0,0.0
2026-10-02 00:48:00-04:00,4.621399879455566,4.623300075531006,4.621399879455566,4.623300075531006,4.623300075531006,6,0.0,0.0
2026-10-02 00:49:00-04:00,4.621699810028076,4.621699810028076,4.621699810028076,4.621699810028076,4.621699810028076,1,0.0,0.0
2026-10-02 00:51:00-04:00,4.619900226593018,4.619900226593018,4.61959981918335,4.61959981918335,4.61959981918335,2,0.0,0.0
2026-10-02 00:52:00-04:00,4.618199825286865,4.618199825286865,4.618199825286865,4.618199825286865,4.618199825286865,2,0.0,0.0
2026-10-02 00:58:00-04:00,4.616499900817871,4.616499900817871,4.615200042724609,4.615200042724609,4.615200042724609,2,0.0,0.0
2026-10-02 01:01:00-04:00,4.6128997802734375,4.6128997802734375,4.611400127410889,4.611400127410889,4.611400127410889,2,0.0,0.0
2026-10-02 01:03:00-04:00,4.610000133514404,4.610000133514404,4.610000133514404,4.610000133514404,4.610000133514404,2,0.0,0.0
2026-10-02 01:07:00-04:00,4.605400085449219,4.605400085449219,4.605400085449219,4.605400085449219,4.605400085449219,3,0.0,0.0
2026-10-02 01:08:00-04:00,4.602499961853027,4.602499961853027,4.597899913787842,4.599299907684326,4.599299907684326,7,0.0,0.0
2026-10-02 01:10:00-04:00,4.599899768829346,4.599899768829346,4.599899768829346,4.599899768829346,4.599899768829346,1,0.0,0.0
2026-10-02 01:11:00-04:00,4.599699974060059,4.599699974060059,4.594099998474121,4.594099998474121,4.594099998474121,25,0.0,0.0
2026-10-02 01:13:00-04:00,4.595799922943115,4.595799922943115,4.595799922943115,4.595799922943115,4.595799922943115,2,0.0,0.0
2026-10-02 01:16:00-04:00,4.598899841308594,4.598899841308594,4.598400115966797,4.598400115966797,4.598400115966797,2,0.0,0.0
2026-10-02 01:17:00-04:00,4.597599983215332,4.597599983215332,4.597499847412109,4.597599983215332,4.597599983215332,2,0.0,0.0
2026-10-02 01:18:00-04:00,4.596799850463867,4.596799850463867,4.596799850463867,4.596799850463867,4.596799850463867,2,0.0,0.0
2026-10-02 01:19:00-04:00,4.60099983215332,4.60099983215332,4.60099983215332,4.60099983215332,4.60099983215332,2,0.0,0.0
2026-10-02 01:20:00-04:00,4.602700233459473,4.602700233459473,4.602700233459473,4.602700233459473,4.602700233459473,4,0.0,0.0
2026-10-02 01:21:00-04:00,4.604300022125244,4.604300022125244,4.604300022125244,4.604300022125244,4.604300022125244,5,0.0,0.0
2026-10-02 01:24:00-04:00,4.6016998291015625,4.6016998291015625,4.601399898529053,4.601399898529053,4.601399898529053,3,0.0,0.0
2026-10-02 01:25:00-04:00,4.601900100708008,4.601900100708008,4.601900100708008,4.601900100708008,4.601900100708008,2,0.0,0.0
2026-10-02 01:28:00-04:00,4.602700233459473,4.602700233459473,4.602700233459473,4.602700233459473,4.602700233459473,1,0.0,0.0
2026-10-02 01:29:00-04:00,4.602799892425537,4.602799892425537,4.602799892425537,4.602799892425537,4.602799892425537,1,0.0,0.0
2026-10-02 01:35:00-04:00,4.604899883270264,4.605000019073486,4.604899883270264,4.605000019073486,4.605000019073486,5,0.0,0.0
2026-10-02 01:36:00-04:00,4.610899925231934,4.610899925231934,4.610899925231934,4.610899925231934,4.610899925231934,2,0.0,0.0
2026-10-02 01:37:00-04:00,4.610000133514404,4.610000133514404,4.608099937438965,4.608099937438965,4.608099937438965,5,0.0,0.0
2026-10-02 01:38:00-04:00,4.606800079345703,4.606800079345703,4.606200218200684,4.606200218200684,4.606200218200684,4,0.0,0.0
2026-10-02 01:40:00-04:00,4.6066999435424805,4.6066999435424805,4.604700088500977,4.605800151824951,4.605800151824951,5,0.0,0.0
2026-10-02 01:43:00-04:00,4.609399795532227,4.609399795532227,4.609399795532227,4.609399795532227,4.609399795532227,1,0.0,0.0
2026-10-02 01:45:00-04:00,4.611199855804443,4.615200042724609,4.611199855804443,4.615200042724609,4.615200042724609,7,0.0,0.0
2026-10-02 01:46:00-04:00,4.6149001121521,4.6168999671936035,4.613699913024902,4.616600036621094,4.616600036621094,22,0.0,0.0
2026-10-02 01:47:00-04:00,4.617099761962891,4.61870002746582,4.617099761962891,4.61870002746582,4.61870002746582,2,0.0,0.0
2026-10-02 01:48:00-04:00,4.617700099945068,4.617700099945068,4.617400169372559,4.617400169372559,4.617400169372559,2,0.0,0.0
2026-10-02 01:50:00-04:00,4.61929988861084,4.61929988861084,4.61929988861084,4.61929988861084,4.61929988861084,1,0.0,0.0
2026-10-02 01:51:00-04:00,4.618199825286865,4.619200229644775,4.618100166320801,4.618100166320801,4.618100166320801,1,0.0,0.0
2026-10-02 01:53:00-04:00,4.616399765014648,4.616399765014648,4.616399765014648,4.616399765014648,4.616399765014648,3,0.0,0.0
2026-10-02 01:54:00-04:00,4.618199825286865,4.618199825286865,4.618199825286865,4.618199825286865,4.618199825286865,1,0.0,0.0
2026-10-02 01:55:00-04:00,4.617700099945068,4.617700099945068,4.617700099945068,4.617700099945068,4.617700099945068,5,0.0,0.0
2026-10-02 01:56:00-04:00,4.615600109100342,4.615600109100342,4.615600109100342,4.615600109100342,4.615600109100342,1,0.0,0.0
2026-10-02 01:57:00-04:00,4.611000061035156,4.611000061035156,4.611000061035156,4.611000061035156,4.611000061035156,1,0.0,0.0
2026-10-02 01:59:00-04:00,4.6097002029418945,4.610599994659424,4.607100009918213,4.610599994659424,4.610599994659424,3,0.0,0.0
2026-10-02 02:00:00-04:00,4.612500190734863,4.612500190734863,4.612500190734863,4.612500190734863,4.612500190734863,1,0.0,0.0
2026-10-02 02:02:00-04:00,4.614200115203857,4.616099834442139,4.614200115203857,4.616099834442139,4.616099834442139,4,0.0,0.0
2026-10-02 02:06:00-04:00,4.6082000732421875,4.6082000732421875,4.6082000732421875,4.6082000732421875,4.6082000732421875,1,0.0,0.0
2026-10-02 02:09:00-04:00,4.601200103759766,4.602200031280518,4.601200103759766,4.602200031280518,4.602200031280518,3,0.0,0.0
2026-10-02 02:10:00-04:00,4.603700160980225,4.603700160980225,4.60129976272583,4.60129976272583,4.60129976272583,3,0.0,0.0
2026-10-02 02:11:00-04:00,4.6020002365112305,4.6020002365112305,4.600299835205078,4.600299835205078,4.600299835205078,9,0.0,0.0
2026-10-02 02:12:00-04:00,4.589600086212158,4.589600086212158,4.589600086212158,4.589600086212158,4.589600086212158,5,0.0,0.0
2026-10-02 02:13:00-04:00,4.58519983291626,4.58519983291626,4.585000038146973,4.585000038146973,4.585000038146973,17,0.0,0.0
2026-10-02 02:14:00-04:00,4.59119987487793,4.59119987487793,4.59119987487793,4.59119987487793,4.59119987487793,1,0.0,0.0
2026-10-02 02:15:00-04:00,4.590799808502197,4.591100215911865,4.590799808502197,4.591100215911865,4.591100215911865,4,0.0,0.0
2026-10-02 02:16:00-04:00,4.596499919891357,4.59660005569458,4.596499919891357,4.59660005569458,4.59660005569458,3,0.0,0.0
2026-10-02 02:18:00-04:00,4.599699974060059,4.604100227355957,4.599699974060059,4.603899955749512,4.603899955749512,6,0.0,0.0
2026-10-02 02:19:00-04:00,4.604499816894531,4.607100009918213,4.604499816894531,4.607100009918213,4.607100009918213,3,0.0,0.0
2026-10-02 02:20:00-04:00,4.6072998046875,4.608099937438965,4.605800151824951,4.606900215148926,4.606900215148926,16,0.0,0.0
2026-10-02 02:22:00-04:00,4.596700191497803,4.596700191497803,4.596700191497803,4.596700191497803,4.596700191497803,1,0.0,0.0
2026-10-02 02:23:00-04:00,4.596399784088135,4.597099781036377,4.594699859619141,4.594699859619141,4.594699859619141,3,0.0,0.0
2026-10-02 02:24:00-04:00,4.594699859619141,4.594699859619141,4.594699859619141,4.594699859619141,4.594699859619141,2,0.0,0.0
2026-10-02 02:25:00-04:00,4.5914998054504395,4.5945000648498535,4.5914998054504395,4.5945000648498535,4.5945000648498535,3,0.0,0.0
2026-10-02 02:26:00-04:00,4.59630012512207,4.59630012512207,4.593900203704834,4.593900203704834,4.593900203704834,5,0.0,0.0
2026-10-02 02:27:00-04:00,4.59499979019165,4.59499979019165,4.594200134277344,4.594299793243408,4.594299793243408,4,0.0,0.0
2026-10-02 02:28:00-04:00,4.594600200653076,4.594600200653076,4.594600200653076,4.594600200653076,4.594600200653076,3,0.0,0.0
2026-10-02 02:29:00-04:00,4.596700191497803,4.598499774932861,4.596700191497803,4.598499774932861,4.598499774932861,3,0.0,0.0
2026-10-02 02:30:00-04:00,4.598400115966797,4.598999977111816,4.598400115966797,4.598999977111816,4.598999977111816,6,0.0,0.0
2026-10-02 02:31:00-04:00,4.597099781036377,4.597099781036377,4.597099781036377,4.597099781036377,4.597099781036377,1,0.0,0.0
2026-10-02 02:33:00-04:00,4.598599910736084,4.598599910736084,4.598599910736084,4.598599910736084,4.598599910736084,1,0.0,0.0
2026-10-02 02:34:00-04:00,4.601200103759766,4.603499889373779,4.600800037384033,4.601900100708008,4.601900100708008,8,0.0,0.0
2026-10-02 02:35:00-04:00,4.599699974060059,4.599699974060059,4.599699974060059,4.599699974060059,4.599699974060059,1,0.0,0.0
2026-10-02 02:36:00-04:00,4.598599910736084,4.598599910736084,4.598599910736084,4.598599910736084,4.598599910736084,1,0.0,0.0
2026-10-02 02:37:00-04:00,4.594200134277344,4.594200134277344,4.593999862670898,4.593999862670898,4.593999862670898,2,0.0,0.0
2026-10-02 02:39:00-04:00,4.59630012512207,4.59630012512207,4.59630012512207,4.59630012512207,4.59630012512207,1,0.0,0.0
2026-10-02 02:40:00-04:00,4.598899841308594,4.598899841308594,4.597099781036377,4.597099781036377,4.597099781036377,5,0.0,0.0
2026-10-02 02:41:00-04:00,4.59660005569458,4.6006999015808105,4.59660005569458,4.5991997718811035,4.5991997718811035,11,0.0,0.0
2026-10-02 02:42:00-04:00,4.593999862670898,4.595099925994873,4.591300010681152,4.591300010681152,4.591300010681152,7,0.0,0.0
2026-10-02 02:46:00-04:00,4.59089994430542,4.59119987487793,4.59089994430542,4.59119987487793,4.59119987487793,3,0.0,0.0
2026-10-02 02:47:00-04:00,4.587100028991699,4.587100028991699,4.587100028991699,4.587100028991699,4.587100028991699,2,0.0,0.0
2026-10-02 02:48:00-04:00,4.590000152587891,4.590000152587891,4.590000152587891,4.590000152587891,4.590000152587891,3,0.0,0.0
2026-10-02 02:49:00-04:00,4.589600086212158,4.589600086212158,4.589600086212158,4.589600086212158,4.589600086212158,1,0.0,0.0
2026-10-02 02:50:00-04:00,4.590799808502197,4.590799808502197,4.590799808502197,4.590799808502197,4.590799808502197,1,0.0,0.0
2026-10-02 02:51:00-04:00,4.589900016784668,4.592599868774414,4.589900016784668,4.592599868774414,4.592599868774414,2,0.0,0.0
2026-10-02 02:52:00-04:00,4.592700004577637,4.592700004577637,4.591800212860107,4.591800212860107,4.591800212860107,2,0.0,0.0
2026-10-02 02:56:00-04:00,4.591400146484375,4.591400146484375,4.59119987487793,4.59119987487793,4.59119987487793,5,0.0,0.0
2026-10-02 03:00:00-04:00,4.586100101470947,4.588699817657471,4.586100101470947,4.58620023727417,4.58620023727417,9,0.0,0.0
2026-10-02 03:01:00-04:00,4.585599899291992,4.590400218963623,4.585599899291992,4.589600086212158,4.589600086212158,11,0.0,0.0
2026-10-02 03:02:00-04:00,4.591800212860107,4.591800212860107,4.591800212860107,4.591800212860107,4.591800212860107,2,0.0,0.0
2026-10-02 03:03:00-04:00,4.591899871826172,4.591899871826172,4.589000225067139,4.589000225067139,4.589000225067139,3,0.0,0.0
2026-10-02 03:04:00-04:00,4.592400074005127,4.594099998474121,4.590099811553955,4.593999862670898,4.593999862670898,13,0.0,0.0
2026-10-02 03:05:00-04:00,4.591599941253662,4.594799995422363,4.591599941253662,4.594799995422363,4.594799995422363,3,0.0,0.0
2026-10-02 03:06:00-04:00,4.59689998626709,4.59689998626709,4.591599941253662,4.591599941253662,4.591599941253662,6,0.0,0.0
2026-10-02 03:07:00-04:00,4.595200061798096,4.595200061798096,4.595200061798096,4.595200061798096,4.595200061798096,1,0.0,0.0
2026-10-02 03:08:00-04:00,4.596399784088135,4.596399784088135,4.596399784088135,4.596399784088135,4.596399784088135,2,0.0,0.0
2026-10-02 03:09:00-04:00,4.598499774932861,4.598499774932861,4.596799850463867,4.596799850463867,4.596799850463867,4,0.0,0.0
2026-10-02 03:10:00-04:00,4.594799995422363,4.594799995422363,4.591400146484375,4.5920000076293945,4.5920000076293945,6,0.0,0.0
2026-10-02 03:12:00-04:00,4.586900234222412,4.587900161743164,4.5767998695373535,4.5782999992370605,4.5782999992370605,12,0.0,0.0
2026-10-02 03:13:00-04:00,4.577000141143799,4.578100204467773,4.577000141143799,4.578100204467773,4.578100204467773,3,0.0,0.0
2026-10-02 03:14:00-04:00,4.580699920654297,4.584400177001953,4.578700065612793,4.584400177001953,4.584400177001953,19,0.0,0.0
2026-10-02 03:15:00-04:00,4.583600044250488,4.587699890136719,4.583600044250488,4.585599899291992,4.585599899291992,5,0.0,0.0
2026-10-02 03:16:00-04:00,4.5854997634887695,4.589900016784668,4.582799911499023,4.589900016784668,4.589900016784668,7,0.0,0.0
2026-10-02 03:17:00-04:00,4.59089994430542,4.59089994430542,4.58459997177124,4.58459997177124,4.58459997177124,22,0.0,0.0
2026-10-02 03:18:00-04:00,4.587900161743164,4.587900161743164,4.586699962615967,4.587900161743164,4.587900161743164,4,0.0,0.0
2026-10-02 03:19:00-04:00,4.587900161743164,4.588699817657471,4.587900161743164,4.588699817657471,4.588699817657471,28,0.0,0.0
2026-10-02 03:21:00-04:00,4.587200164794922,4.588099956512451,4.587200164794922,4.588099956512451,4.588099956512451,3,0.0,0.0
2026-10-02 03:22:00-04:00,4.587800025939941,4.587800025939941,4.58459997177124,4.5868000984191895,4.5868000984191895,10,0.0,0.0
2026-10-02 03:23:00-04:00,4.594099998474121,4.59499979019165,4.594099998474121,4.59499979019165,4.59499979019165,4,0.0,0.0
2026-10-02 03:24:00-04:00,4.597099781036377,4.597099781036377,4.595900058746338,4.595900058746338,4.595900058746338,3,0.0,0.0
2026-10-02 03:25:00-04:00,4.5960001945495605,4.59689998626709,4.592100143432617,4.592100143432617,4.592100143432617,44,0.0,0.0
2026-10-02 03:26:00-04:00,4.591100215911865,4.59119987487793,4.5904998779296875,4.59089994430542,4.59089994430542,13,0.0,0.0
2026-10-02 03:27:00-04:00,4.594099998474121,4.594099998474121,4.592899799346924,4.592899799346924,4.592899799346924,6,0.0,0.0
2026-10-02 03:28:00-04:00,4.594900131225586,4.59499979019165,4.594900131225586,4.594900131225586,4.594900131225586,4,0.0,0.0
2026-10-02 03:29:00-04:00,4.595900058746338,4.595900058746338,4.595900058746338,4.595900058746338,4.595900058746338,9,0.0,0.0
2026-10-02 03:30:00-04:00,4.598199844360352,4.598199844360352,4.594399929046631,4.594399929046631,4.594399929046631,7,0.0,0.0
2026-10-02 03:32:00-04:00,4.598700046539307,4.598700046539307,4.598700046539307,4.598700046539307,4.598700046539307,2,0.0,0.0
2026-10-02 03:33:00-04:00,4.599699974060059,4.599699974060059,4.599699974060059,4.599699974060059,4.599699974060059,1,0.0,0.0
2026-10-02 03:34:00-04:00,4.5995001792907715,4.5995001792907715,4.5995001792907715,4.5995001792907715,4.5995001792907715,2,0.0,0.0
2026-10-02 03:35:00-04:00,4.597899913787842,4.600599765777588,4.597899913787842,4.600599765777588,4.600599765777588,8,0.0,0.0
2026-10-02 03:36:00-04:00,4.595300197601318,4.595300197601318,4.595300197601318,4.595300197601318,4.595300197601318,1,0.0,0.0
2026-10-02 03:37:00-04:00,4.596499919891357,4.599899768829346,4.594799995422363,4.599899768829346,4.599899768829346,9,0.0,0.0
2026-10-02 03:38:00-04:00,4.597400188446045,4.598299980163574,4.591000080108643,4.591000080108643,4.591000080108643,6,0.0,0.0
2026-10-02 03:39:00-04:00,4.592599868774414,4.592700004577637,4.592599868774414,4.592700004577637,4.592700004577637,4,0.0,0.0
2026-10-02 03:40:00-04:00,4.591400146484375,4.591400146484375,4.588799953460693,4.589200019836426,4.589200019836426,8,0.0,0.0
2026-10-02 03:41:00-04:00,4.587500095367432,4.587500095367432,4.58650016784668,4.58650016784668,4.58650016784668,3,0.0,0.0
2026-10-02 03:42:00-04:00,4.585400104522705,4.585400104522705,4.585400104522705,4.585400104522705,4.585400104522705,3,0.0,0.0
2026-10-02 03:43:00-04:00,4.585700035095215,4.585700035095215,4.585700035095215,4.585700035095215,4.585700035095215,1,0.0,0.0
2026-10-02 03:44:00-04:00,4.585999965667725,4.585999965667725,4.585999965667725,4.585999965667725,4.585999965667725,1,0.0,0.0
2026-10-02 03:45:00-04:00,4.586999893188477,4.586999893188477,4.586999893188477,4.586999893188477,4.586999893188477,2,0.0,0.0
2026-10-02 03:46:00-04:00,4.589799880981445,4.589799880981445,4.589799880981445,4.589799880981445,4.589799880981445,2,0.0,0.0
2026-10-02 03:47:00-04:00,4.595900058746338,4.595900058746338,4.595900058746338,4.595900058746338,4.595900058746338,1,0.0,0.0
2026-10-02 03:48:00-04:00,4.589300155639648,4.589300155639648,4.588600158691406,4.588600158691406,4.588600158691406,2,0.0,0.0
2026-10-02 03:49:00-04:00,4.586400032043457,4.586400032043457,4.584099769592285,4.584099769592285,4.584099769592285,7,0.0,0.0
2026-10-02 03:50:00-04:00,4.580599784851074,4.580599784851074,4.580599784851074,4.580599784851074,4.580599784851074,2,0.0,0.0
2026-10-02 03:51:00-04:00,4.579400062561035,4.579400062561035,4.577899932861328,4.578000068664551,4.578000068664551,6,0.0,0.0
2026-10-02 03:52:00-04:00,4.579800128936768,4.5858001708984375,4.579800128936768,4.58519983291626,4.58519983291626,26,0.0,0.0
2026-10-02 03:54:00-04:00,4.585299968719482,4.585299968719482,4.583700180053711,4.583700180053711,4.583700180053711,2,0.0,0.0
2026-10-02 03:55:00-04:00,4.585700035095215,4.591400146484375,4.585700035095215,4.591400146484375,4.591400146484375,12,0.0,0.0
2026-10-02 03:56:00-04:00,4.590099811553955,4.590099811553955,4.587399959564209,4.588099956512451,4.588099956512451,4,0.0,0.0
2026-10-02 03:57:00-04:00,4.587500095367432,4.587500095367432,4.548799991607666,4.5543999671936035,4.5543999671936035,265,0.0,0.0
2026-10-02 03:58:00-04:00,4.557400226593018,4.568399906158447,4.5447001457214355,4.567200183868408,4.567200183868408,108,0.0,0.0
2026-10-02 03:59:00-04:00,4.572800159454346,4.572800159454346,4.550000190734863,4.550000190734863,4.550000190734863,22,0.0,0.0
2026-10-02 04:00:00-04:00,4.547500133514404,4.55709981918335,4.544000148773193,4.550600051879883,4.550600051879883,292,0.0,0.0
2026-10-02 04:01:00-04:00,4.551000118255615,4.554299831390381,4.5472002029418945,4.5503997802734375,4.5503997802734375,56,0.0,0.0
2026-10-02 04:02:00-04:00,4.546500205993652,4.550899982452393,4.537099838256836,4.537899971008301,4.537899971008301,112,0.0,0.0
2026-10-02 04:03:00-04:00,4.536200046539307,4.536200046539307,4.526100158691406,4.526100158691406,4.526100158691406,109,0.0,0.0
2026-10-02 04:04:00-04:00,4.524199962615967,4.5355000495910645,4.523799896240234,4.532599925994873,4.532599925994873,84,0.0,0.0
2026-10-02 04:05:00-04:00,4.533100128173828,4.533599853515625,4.522500038146973,4.522500038146973,4.522500038146973,22,0.0,0.0
2026-10-02 04:06:00-04:00,4.52269983291626,4.52269983291626,4.5117998123168945,4.513000011444092,4.513000011444092,116,0.0,0.0
2026-10-02 04:07:00-04:00,4.513000011444092,4.513000011444092,4.5040998458862305,4.504899978637695,4.504899978637695,106,0.0,0.0
2026-10-02 04:08:00-04:00,4.503900051116943,4.506499767303467,4.498700141906738,4.505099773406982,4.505099773406982,100,0.0,0.0
2026-10-02 04:09:00-04:00,4.5015997886657715,4.504499912261963,4.496500015258789,4.498300075531006,4.498300075531006,58,0.0,0.0
2026-10-02 04:10:00-04:00,4.4984002113342285,4.502900123596191,4.497700214385986,4.497900009155273,4.497900009155273,73,0.0,0.0
2026-10-02 04:11:00-04:00,4.492599964141846,4.506199836730957,4.492599964141846,4.502299785614014,4.502299785614014,23,0.0,0.0
2026-10-02 04:12:00-04:00,4.499499797821045,4.499499797821045,4.490799903869629,4.495999813079834,4.495999813079834,20,0.0,0.0
2026-10-02 04:13:00-04:00,4.493299961090088,4.495800018310547,4.48330020904541,4.48829984664917,4.48829984664917,26,0.0,0.0
2026-10-02 04:14:00-04:00,4.492099761962891,4.502399921417236,4.492099761962891,4.502299785614014,4.502299785614014,24,0.0,0.0
2026-10-02 04:15:00-04:00,4.499199867248535,4.507699966430664,4.498700141906738,4.503200054168701,4.503200054168701,24,0.0,0.0
2026-10-02 04:16:00-04:00,4.502600193023682,4.518099784851074,4.502600193023682,4.507900238037109,4.507900238037109,50,0.0,0.0
2026-10-02 04:17:00-04:00,4.503900051116943,4.503900051116943,4.499800205230713,4.503200054168701,4.503200054168701,16,0.0,0.0
2026-10-02 04:18:00-04:00,4.502999782562256,4.503699779510498,4.500400066375732,4.503699779510498,4.503699779510498,16,0.0,0.0
2026-10-02 04:19:00-04:00,4.501699924468994,4.511099815368652,4.501699924468994,4.5081000328063965,4.5081000328063965,46,0.0,0.0
2026-10-02 04:20:00-04:00,4.5071001052856445,4.518700122833252,4.5071001052856445,4.515600204467773,4.515600204467773,44,0.0,0.0
2026-10-02 04:21:00-04:00,4.514500141143799,4.514500141143799,4.495299816131592,4.502399921417236,4.502399921417236,34,0.0,0.0
2026-10-02 04:22:00-04:00,4.49970006942749,4.502500057220459,4.497200012207031,4.498899936676025,4.498899936676025,28,0.0,0.0
2026-10-02 04:23:00-04:00,4.497900009155273,4.505099773406982,4.497900009155273,4.503200054168701,4.503200054168701,22,0.0,0.0
2026-10-02 04:24:00-04:00,4.501200199127197,4.501200199127197,4.493800163269043,4.495299816131592,4.495299816131592,7,0.0,0.0
2026-10-02 04:25:00-04:00,4.499100208282471,4.501200199127197,4.497099876403809,4.498000144958496,4.498000144958496,20,0.0,0.0
2026-10-02 04:26:00-04:00,4.501999855041504,4.503399848937988,4.501999855041504,4.502500057220459,4.502500057220459,8,0.0,0.0
2026-10-02 04:27:00-04:00,4.501500129699707,4.5065999031066895,4.501500129699707,4.5065999031066895,4.5065999031066895,15,0.0,0.0
2026-10-02 04:28:00-04:00,4.502900123596191,4.503399848937988,4.500400066375732,4.500500202178955,4.500500202178955,13,0.0,0.0
2026-10-02 04:29:00-04:00,4.502500057220459,4.502500057220459,4.499899864196777,4.502299785614014,4.502299785614014,7,0.0,0.0
2026-10-02 04:30:00-04:00,4.502299785614014,4.502299785614014,4.494800090789795,4.499199867248535,4.499199867248535,17,0.0,0.0
2026-10-02 04:31:00-04:00,4.496099948883057,4.4984002113342285,4.4868998527526855,4.488699913024902,4.488699913024902,39,0.0,0.0
2026-10-02 04:32:00-04:00,4.4903998374938965,4.491300106048584,4.480000019073486,4.484300136566162,4.484300136566162,97,0.0,0.0
2026-10-02 04:33:00-04:00,4.483099937438965,4.487299919128418,4.481900215148926,4.487299919128418,4.487299919128418,24,0.0,0.0
2026-10-02 04:34:00-04:00,4.492199897766113,4.493800163269043,4.483399868011475,4.4868998527526855,4.4868998527526855,58,0.0,0.0
2026-10-02 04:35:00-04:00,4.489200115203857,4.49399995803833,4.489200115203857,4.492400169372559,4.492400169372559,9,0.0,0.0
2026-10-02 04:36:00-04:00,4.489299774169922,4.489299774169922,4.4868998527526855,4.4868998527526855,4.4868998527526855,2,0.0,0.0
2026-10-02 04:37:00-04:00,4.490300178527832,4.490300178527832,4.488399982452393,4.489699840545654,4.489699840545654,10,0.0,0.0
2026-10-02 04:38:00-04:00,4.485499858856201,4.491399765014648,4.485499858856201,4.488800048828125,4.488800048828125,11,0.0,0.0
2026-10-02 04:39:00-04:00,4.487299919128418,4.487299919128418,4.487299919128418,4.487299919128418,4.487299919128418,1,0.0,0.0
2026-10-02 04:40:00-04:00,4.486999988555908,4.4944000244140625,4.486999988555908,4.493000030517578,4.493000030517578,8,0.0,0.0
2026-10-02 04:41:00-04:00,4.494100093841553,4.494100093841553,4.486599922180176,4.486599922180176,4.486599922180176,16,0.0,0.0
2026-10-02 04:42:00-04:00,4.484499931335449,4.486800193786621,4.483699798583984,4.483699798583984,4.483699798583984,19,0.0,0.0
2026-10-02 04:43:00-04:00,4.476500034332275,4.476500034332275,4.4679999351501465,4.4679999351501465,4.4679999351501465,66,0.0,0.0
2026-10-02 04:44:00-04:00,4.479599952697754,4.482800006866455,4.479599952697754,4.482800006866455,4.482800006866455,10,0.0,0.0
2026-10-02 04:45:00-04:00,4.479899883270264,4.484600067138672,4.478400230407715,4.478400230407715,4.478400230407715,14,0.0,0.0
2026-10-02 04:46:00-04:00,4.480299949645996,4.480299949645996,4.474699974060059,4.474699974060059,4.474699974060059,15,0.0,0.0
2026-10-02 04:47:00-04:00,4.481500148773193,4.481500148773193,4.481500148773193,4.481500148773193,4.481500148773193,3,0.0,0.0
2026-10-02 04:48:00-04:00,4.47160005569458,4.472700119018555,4.469399929046631,4.469399929046631,4.469399929046631,5,0.0,0.0
2026-10-02 04:50:00-04:00,4.474100112915039,4.474100112915039,4.468400001525879,4.468400001525879,4.468400001525879,20,0.0,0.0
2026-10-02 04:51:00-04:00,4.4664998054504395,4.4664998054504395,4.462299823760986,4.46560001373291,4.46560001373291,15,0.0,0.0
2026-10-02 04:52:00-04:00,4.463900089263916,4.46999979019165,4.463900089263916,4.46999979019165,4.46999979019165,11,0.0,0.0
2026-10-02 04:53:00-04:00,4.474599838256836,4.474599838256836,4.468999862670898,4.468999862670898,4.468999862670898,8,0.0,0.0
2026-10-02 04:54:00-04:00,4.468599796295166,4.468599796295166,4.468500137329102,4.468599796295166,4.468599796295166,3,0.0,0.0
2026-10-02 04:55:00-04:00,4.475399971008301,4.475599765777588,4.474899768829346,4.475599765777588,4.475599765777588,6,0.0,0.0
2026-10-02 04:56:00-04:00,4.4756999015808105,4.4770002365112305,4.47160005569458,4.475100040435791,4.475100040435791,22,0.0,0.0
2026-10-02 04:57:00-04:00,4.477399826049805,4.479300022125244,4.477099895477295,4.477099895477295,4.477099895477295,13,0.0,0.0
2026-10-02 04:58:00-04:00,4.4807000160217285,4.485499858856201,4.4807000160217285,4.484000205993652,4.484000205993652,31,0.0,0.0
2026-10-02 04:59:00-04:00,4.482999801635742,4.483699798583984,4.481599807739258,4.483099937438965,4.483099937438965,7,0.0,0.0
2026-10-02 05:00:00-04:00,4.480000019073486,4.482399940490723,4.479499816894531,4.480000019073486,4.480000019073486,13,0.0,0.0
2026-10-02 05:01:00-04:00,4.4822001457214355,4.4857001304626465,4.481200218200684,4.483099937438965,4.483099937438965,22,0.0,0.0
2026-10-02 05:02:00-04:00,4.480800151824951,4.490200042724609,4.480800151824951,4.4878997802734375,4.4878997802734375,11,0.0,0.0
2026-10-02 05:03:00-04:00,4.492300033569336,4.497900009155273,4.487100124359131,4.487100124359131,4.487100124359131,17,0.0,0.0
2026-10-02 05:04:00-04:00,4.4882001876831055,4.489799976348877,4.485899925231934,4.487199783325195,4.487199783325195,7,0.0,0.0
2026-10-02 05:05:00-04:00,4.488399982452393,4.489200115203857,4.488399982452393,4.489200115203857,4.489200115203857,3,0.0,0.0
2026-10-02 05:06:00-04:00,4.486100196838379,4.486599922180176,4.483799934387207,4.486599922180176,4.486599922180176,6,0.0,0.0
2026-10-02 05:07:00-04:00,4.486000061035156,4.486000061035156,4.486000061035156,4.486000061035156,4.486000061035156,1,0.0,0.0
2026-10-02 05:08:00-04:00,4.485199928283691,4.486000061035156,4.485199928283691,4.486000061035156,4.486000061035156,3,0.0,0.0
2026-10-02 05:09:00-04:00,4.4816999435424805,4.486700057983398,4.481200218200684,4.481200218200684,4.481200218200684,25,0.0,0.0
2026-10-02 05:10:00-04:00,4.480999946594238,4.482600212097168,4.474999904632568,4.474999904632568,4.474999904632568,31,0.0,0.0
2026-10-02 05:11:00-04:00,4.472300052642822,4.472300052642822,4.472300052642822,4.472300052642822,4.472300052642822,1,0.0,0.0
2026-10-02 05:12:00-04:00,4.47189998626709,4.4720001220703125,4.471199989318848,4.471199989318848,4.471199989318848,5,0.0,0.0
2026-10-02 05:13:00-04:00,4.46999979019165,4.46999979019165,4.461999893188477,4.461999893188477,4.461999893188477,44,0.0,0.0
2026-10-02 05:14:00-04:00,4.4629998207092285,4.463099956512451,4.455100059509277,4.456200122833252,4.456200122833252,31,0.0,0.0
2026-10-02 05:15:00-04:00,4.455900192260742,4.4567999839782715,4.453400135040283,4.4567999839782715,4.4567999839782715,10,0.0,0.0
2026-10-02 05:16:00-04:00,4.458499908447266,4.458499908447266,4.446599960327148,4.452199935913086,4.452199935913086,35,0.0,0.0
2026-10-02 05:17:00-04:00,4.4496002197265625,4.4567999839782715,4.4496002197265625,4.4567999839782715,4.4567999839782715,14,0.0,0.0
2026-10-02 05:18:00-04:00,4.45959997177124,4.4654998779296875,4.45959997177124,4.463099956512451,4.463099956512451,13,0.0,0.0
2026-10-02 05:19:00-04:00,4.4633002281188965,4.4633002281188965,4.462299823760986,4.462299823760986,4.462299823760986,4,0.0,0.0
2026-10-02 05:20:00-04:00,4.4583001136779785,4.4583001136779785,4.4583001136779785,4.4583001136779785,4.4583001136779785,1,0.0,0.0
2026-10-02 05:21:00-04:00,4.457799911499023,4.457799911499023,4.456999778747559,4.456999778747559,4.456999778747559,5,0.0,0.0
2026-10-02 05:22:00-04:00,4.460599899291992,4.460599899291992,4.460599899291992,4.460599899291992,4.460599899291992,2,0.0,0.0
2026-10-02 05:23:00-04:00,4.462299823760986,4.462299823760986,4.462100028991699,4.462100028991699,4.462100028991699,3,0.0,0.0
2026-10-02 05:24:00-04:00,4.461299896240234,4.461299896240234,4.457799911499023,4.457799911499023,4.457799911499023,15,0.0,0.0
2026-10-02 05:25:00-04:00,4.456200122833252,4.456200122833252,4.44890022277832,4.451200008392334,4.451200008392334,9,0.0,0.0
2026-10-02 05:26:00-04:00,4.451000213623047,4.453800201416016,4.450900077819824,4.453800201416016,4.453800201416016,10,0.0,0.0
2026-10-02 05:27:00-04:00,4.454999923706055,4.462800025939941,4.454999923706055,4.458799839019775,4.458799839019775,19,0.0,0.0
2026-10-02 05:28:00-04:00,4.460999965667725,4.461599826812744,4.460899829864502,4.460899829864502,4.460899829864502,4,0.0,0.0
2026-10-02 05:29:00-04:00,4.458399772644043,4.458799839019775,4.456999778747559,4.458799839019775,4.458799839019775,11,0.0,0.0
2026-10-02 05:30:00-04:00,4.457499980926514,4.457499980926514,4.455100059509277,4.455100059509277,4.455100059509277,7,0.0,0.0
2026-10-02 05:31:00-04:00,4.4532999992370605,4.457300186157227,4.452899932861328,4.455399990081787,4.455399990081787,17,0.0,0.0
2026-10-02 05:32:00-04:00,4.456699848175049,4.460599899291992,4.452499866485596,4.460599899291992,4.460599899291992,27,0.0,0.0
2026-10-02 05:33:00-04:00,4.4604997634887695,4.466100215911865,4.4604997634887695,4.464099884033203,4.464099884033203,41,0.0,0.0
2026-10-02 05:34:00-04:00,4.466100215911865,4.467800140380859,4.466100215911865,4.467700004577637,4.467700004577637,4,0.0,0.0
2026-10-02 05:35:00-04:00,4.4695000648498535,4.4695000648498535,4.465000152587891,4.465799808502197,4.465799808502197,8,0.0,0.0
2026-10-02 05:36:00-04:00,4.461599826812744,4.461599826812744,4.4608001708984375,4.4608001708984375,4.4608001708984375,5,0.0,0.0
2026-10-02 05:37:00-04:00,4.458399772644043,4.464099884033203,4.458399772644043,4.462399959564209,4.462399959564209,16,0.0,0.0
2026-10-02 05:38:00-04:00,4.461900234222412,4.466700077056885,4.461299896240234,4.462399959564209,4.462399959564209,11,0.0,0.0
2026-10-02 05:39:00-04:00,4.463399887084961,4.470399856567383,4.463399887084961,4.4664998054504395,4.4664998054504395,64,0.0,0.0
2026-10-02 05:40:00-04:00,4.4664998054504395,4.4720001220703125,4.464799880981445,4.466700077056885,4.466700077056885,40,0.0,0.0
2026-10-02 05:41:00-04:00,4.4695000648498535,4.47160005569458,4.468200206756592,4.46999979019165,4.46999979019165,17,0.0,0.0
2026-10-02 05:42:00-04:00,4.469900131225586,4.476099967956543,4.468999862670898,4.475500106811523,4.475500106811523,11,0.0,0.0
2026-10-02 05:43:00-04:00,4.476799964904785,4.477499961853027,4.473899841308594,4.473899841308594,4.473899841308594,35,0.0,0.0
2026-10-02 05:44:00-04:00,4.475399971008301,4.477099895477295,4.473899841308594,4.475599765777588,4.475599765777588,99,0.0,0.0
2026-10-02 05:45:00-04:00,4.472700119018555,4.474299907684326,4.472700119018555,4.474299907684326,4.474299907684326,57,0.0,0.0
2026-10-02 05:46:00-04:00,4.471700191497803,4.499199867248535,4.469900131225586,4.492599964141846,4.492599964141846,211,0.0,0.0
2026-10-02 05:47:00-04:00,4.4842000007629395,4.4918999671936035,4.481400012969971,4.488100051879883,4.488100051879883,118,0.0,0.0
2026-10-02 05:48:00-04:00,4.4822998046875,4.482999801635742,4.473599910736084,4.480800151824951,4.480800151824951,119,0.0,0.0
2026-10-02 05:49:00-04:00,4.4721999168396,4.473800182342529,4.442999839782715,4.465000152587891,4.465000152587891,196,0.0,0.0
2026-10-02 05:50:00-04:00,4.460700035095215,4.460700035095215,4.457799911499023,4.459400177001953,4.459400177001953,16,0.0,0.0
2026-10-02 05:51:00-04:00,4.46120023727417,4.474400043487549,4.46120023727417,4.474400043487549,4.474400043487549,33,0.0,0.0
2026-10-02 05:52:00-04:00,4.467800140380859,4.4720001220703125,4.467800140380859,4.4720001220703125,4.4720001220703125,9,0.0,0.0
2026-10-02 05:53:00-04:00,4.4720001220703125,4.4730000495910645,4.470399856567383,4.470399856567383,4.470399856567383,29,0.0,0.0
2026-10-02 05:54:00-04:00,4.466100215911865,4.466100215911865,4.466100215911865,4.466100215911865,4.466100215911865,4,0.0,0.0
2026-10-02 05:55:00-04:00,4.466899871826172,4.466899871826172,4.466899871826172,4.466899871826172,4.466899871826172,2,0.0,0.0
2026-10-02 05:56:00-04:00,4.462900161743164,4.462900161743164,4.462900161743164,4.462900161743164,4.462900161743164,4,0.0,0.0
2026-10-02 05:58:00-04:00,4.462800025939941,4.462800025939941,4.462800025939941,4.462800025939941,4.462800025939941,1,0.0,0.0
2026-10-02 05:59:00-04:00,4.4608001708984375,4.46120023727417,4.4608001708984375,4.46120023727417,4.46120023727417,3,0.0,0.0
2026-10-02 06:00:00-04:00,4.46120023727417,4.4618000984191895,4.457200050354004,4.459499835968018,4.459499835968018,8,0.0,0.0
2026-10-02 06:01:00-04:00,4.459099769592285,4.460599899291992,4.459099769592285,4.459799766540527,4.459799766540527,3,0.0,0.0
2026-10-02 06:02:00-04:00,4.466599941253662,4.480299949645996,4.466300010681152,4.47760009765625,4.47760009765625,19,0.0,0.0
2026-10-02 06:03:00-04:00,4.479700088500977,4.479700088500977,4.479100227355957,4.479100227355957,4.479100227355957,17,0.0,0.0
2026-10-02 06:04:00-04:00,4.474999904632568,4.474999904632568,4.465000152587891,4.473199844360352,4.473199844360352,16,0.0,0.0
2026-10-02 06:05:00-04:00,4.478300094604492,4.480000019073486,4.4781999588012695,4.480000019073486,4.480000019073486,4,0.0,0.0
2026-10-02 06:06:00-04:00,4.478600025177002,4.478600025177002,4.478400230407715,4.478400230407715,4.478400230407715,2,0.0,0.0
2026-10-02 06:07:00-04:00,4.481100082397461,4.48330020904541,4.480999946594238,4.48330020904541,4.48330020904541,4,0.0,0.0
2026-10-02 06:08:00-04:00,4.480899810791016,4.480899810791016,4.480599880218506,4.480599880218506,4.480599880218506,3,0.0,0.0
2026-10-02 06:09:00-04:00,4.48390007019043,4.486400127410889,4.48390007019043,4.485499858856201,4.485499858856201,10,0.0,0.0
2026-10-02 06:10:00-04:00,4.484399795532227,4.484399795532227,4.477399826049805,4.477399826049805,4.477399826049805,12,0.0,0.0
2026-10-02 06:11:00-04:00,4.478499889373779,4.480899810791016,4.476799964904785,4.476799964904785,4.476799964904785,8,0.0,0.0
2026-10-02 06:12:00-04:00,4.474800109863281,4.475200176239014,4.474800109863281,4.475200176239014,4.475200176239014,9,0.0,0.0
2026-10-02 06:13:00-04:00,4.474699974060059,4.47790002822876,4.474699974060059,4.47790002822876,4.47790002822876,21,0.0,0.0
2026-10-02 06:14:00-04:00,4.475800037384033,4.4807000160217285,4.475800037384033,4.479800224304199,4.479800224304199,31,0.0,0.0
2026-10-02 06:15:00-04:00,4.484000205993652,4.486999988555908,4.484000205993652,4.485400199890137,4.485400199890137,9,0.0,0.0
2026-10-02 06:16:00-04:00,4.487299919128418,4.4893999099731445,4.483799934387207,4.483799934387207,4.483799934387207,14,0.0,0.0
2026-10-02 06:17:00-04:00,4.482399940490723,4.483099937438965,4.482399940490723,4.483099937438965,4.483099937438965,4,0.0,0.0
2026-10-02 06:18:00-04:00,4.485199928283691,4.486599922180176,4.485000133514404,4.485000133514404,4.485000133514404,17,0.0,0.0
2026-10-02 06:19:00-04:00,4.482800006866455,4.484799861907959,4.482500076293945,4.484600067138672,4.484600067138672,7,0.0,0.0
2026-10-02 06:20:00-04:00,4.483799934387207,4.486000061035156,4.481500148773193,4.486000061035156,4.486000061035156,21,0.0,0.0
2026-10-02 06:21:00-04:00,4.486000061035156,4.496200084686279,4.483500003814697,4.4899001121521,4.4899001121521,39,0.0,0.0
2026-10-02 06:22:00-04:00,4.490300178527832,4.4959001541137695,4.487599849700928,4.4959001541137695,4.4959001541137695,69,0.0,0.0
2026-10-02 06:23:00-04:00,4.493000030517578,4.496699810028076,4.4893999099731445,4.496699810028076,4.496699810028076,9,0.0,0.0
2026-10-02 06:24:00-04:00,4.498799800872803,4.5019001960754395,4.498799800872803,4.500699996948242,4.500699996948242,25,0.0,0.0
2026-10-02 06:25:00-04:00,4.5015997886657715,4.507800102233887,4.499100208282471,4.507800102233887,4.507800102233887,23,0.0,0.0
2026-10-02 06:26:00-04:00,4.507199764251709,4.513700008392334,4.505000114440918,4.508999824523926,4.508999824523926,48,0.0,0.0
2026-10-02 06:27:00-04:00,4.5106000900268555,4.51140022277832,4.499800205230713,4.500699996948242,4.500699996948242,20,0.0,0.0
2026-10-02 06:28:00-04:00,4.497200012207031,4.497200012207031,4.490900039672852,4.490900039672852,4.490900039672852,12,0.0,0.0
2026-10-02 06:29:00-04:00,4.492300033569336,4.494999885559082,4.492300033569336,4.4928998947143555,4.4928998947143555,17,0.0,0.0
2026-10-02 06:30:00-04:00,4.491700172424316,4.496500015258789,4.490300178527832,4.491799831390381,4.491799831390381,8,0.0,0.0
2026-10-02 06:31:00-04:00,4.492199897766113,4.494699954986572,4.490200042724609,4.4944000244140625,4.4944000244140625,39,0.0,0.0
2026-10-02 06:32:00-04:00,4.497399806976318,4.497399806976318,4.497399806976318,4.497399806976318,4.497399806976318,2,0.0,0.0
2026-10-02 06:33:00-04:00,4.491000175476074,4.491000175476074,4.490600109100342,4.490600109100342,4.490600109100342,4,0.0,0.0
2026-10-02 06:34:00-04:00,4.477399826049805,4.480299949645996,4.477099895477295,4.477099895477295,4.477099895477295,3,0.0,0.0
2026-10-02 06:35:00-04:00,4.480000019073486,4.483099937438965,4.480000019073486,4.483099937438965,4.483099937438965,3,0.0,0.0
2026-10-02 06:36:00-04:00,4.482500076293945,4.482500076293945,4.482500076293945,4.482500076293945,4.482500076293945,1,0.0,0.0
2026-10-02 06:37:00-04:00,4.475599765777588,4.475599765777588,4.474999904632568,4.474999904632568,4.474999904632568,4,0.0,0.0
2026-10-02 06:38:00-04:00,4.481100082397461,4.481100082397461,4.481100082397461,4.481100082397461,4.481100082397461,8,0.0,0.0
2026-10-02 06:39:00-04:00,4.485899925231934,4.490900039672852,4.485899925231934,4.490900039672852,4.490900039672852,23,0.0,0.0
2026-10-02 06:40:00-04:00,4.4918999671936035,4.4918999671936035,4.488399982452393,4.491000175476074,4.491000175476074,23,0.0,0.0
2026-10-02 06:41:00-04:00,4.491499900817871,4.491499900817871,4.491499900817871,4.491499900817871,4.491499900817871,1,0.0,0.0
2026-10-02 06:42:00-04:00,4.489699840545654,4.489699840545654,4.488800048828125,4.488800048828125,4.488800048828125,9,0.0,0.0
2026-10-02 06:44:00-04:00,4.493000030517578,4.493000030517578,4.490499973297119,4.490499973297119,4.490499973297119,7,0.0,0.0
2026-10-02 06:45:00-04:00,4.492499828338623,4.493299961090088,4.490600109100342,4.492800235748291,4.492800235748291,9,0.0,0.0
2026-10-02 06:46:00-04:00,4.494699954986572,4.496600151062012,4.4918999671936035,4.496600151062012,4.496600151062012,17,0.0,0.0
2026-10-02 06:47:00-04:00,4.498600006103516,4.505300045013428,4.498600006103516,4.501699924468994,4.501699924468994,28,0.0,0.0
2026-10-02 06:48:00-04:00,4.5030999183654785,4.50540018081665,4.501699924468994,4.504300117492676,4.504300117492676,14,0.0,0.0
2026-10-02 06:49:00-04:00,4.505199909210205,4.509099960327148,4.505099773406982,4.50600004196167,4.50600004196167,44,0.0,0.0
2026-10-02 06:50:00-04:00,4.507400035858154,4.510000228881836,4.506100177764893,4.507599830627441,4.507599830627441,111,0.0,0.0
2026-10-02 06:51:00-04:00,4.509699821472168,4.51200008392334,4.507699966430664,4.510499954223633,4.510499954223633,112,0.0,0.0
2026-10-02 06:52:00-04:00,4.513800144195557,4.515500068664551,4.51170015335083,4.512400150299072,4.512400150299072,34,0.0,0.0
2026-10-02 06:53:00-04:00,4.513199806213379,4.515600204467773,4.510000228881836,4.512899875640869,4.512899875640869,43,0.0,0.0
2026-10-02 06:54:00-04:00,4.511000156402588,4.513000011444092,4.511000156402588,4.511600017547607,4.511600017547607,9,0.0,0.0
2026-10-02 06:55:00-04:00,4.512599945068359,4.513999938964844,4.511600017547607,4.511600017547607,4.511600017547607,14,0.0,0.0
2026-10-02 06:56:00-04:00,4.513299942016602,4.519499778747559,4.513299942016602,4.517000198364258,4.517000198364258,23,0.0,0.0
2026-10-02 06:57:00-04:00,4.517300128936768,4.518899917602539,4.513700008392334,4.514900207519531,4.514900207519531,29,0.0,0.0
2026-10-02 06:58:00-04:00,4.513299942016602,4.513299942016602,4.511600017547607,4.512400150299072,4.512400150299072,4,0.0,0.0
2026-10-02 06:59:00-04:00,4.510700225830078,4.512400150299072,4.508900165557861,4.508900165557861,4.508900165557861,7,0.0,0.0
2026-10-02 07:00:00-04:00,4.508299827575684,4.508999824523926,4.503399848937988,4.505000114440918,4.505000114440918,41,0.0,0.0
2026-10-02 07:01:00-04:00,4.503900051116943,4.506499767303467,4.502799987792969,4.503699779510498,4.503699779510498,11,0.0,0.0
2026-10-02 07:02:00-04:00,4.500800132751465,4.503200054168701,4.500800132751465,4.502600193023682,4.502600193023682,16,0.0,0.0
2026-10-02 07:03:00-04:00,4.497700214385986,4.500400066375732,4.497700214385986,4.500400066375732,4.500400066375732,21,0.0,0.0
2026-10-02 07:04:00-04:00,4.499199867248535,4.499599933624268,4.496399879455566,4.496799945831299,4.496799945831299,26,0.0,0.0
2026-10-02 07:05:00-04:00,4.496200084686279,4.496200084686279,4.494100093841553,4.495800018310547,4.495800018310547,8,0.0,0.0
2026-10-02 07:06:00-04:00,4.496200084686279,4.496200084686279,4.4903998374938965,4.4903998374938965,4.4903998374938965,44,0.0,0.0
2026-10-02 07:07:00-04:00,4.489799976348877,4.490799903869629,4.485000133514404,4.485499858856201,4.485499858856201,6,0.0,0.0
2026-10-02 07:08:00-04:00,4.485199928283691,4.486100196838379,4.48360013961792,4.483799934387207,4.483799934387207,12,0.0,0.0
2026-10-02 07:09:00-04:00,4.484899997711182,4.485400199890137,4.4807000160217285,4.4807000160217285,4.4807000160217285,9,0.0,0.0
2026-10-02 07:10:00-04:00,4.4807000160217285,4.487500190734863,4.4807000160217285,4.484899997711182,4.484899997711182,73,0.0,0.0
2026-10-02 07:11:00-04:00,4.48330020904541,4.485300064086914,4.48330020904541,4.485099792480469,4.485099792480469,9,0.0,0.0
2026-10-02 07:12:00-04:00,4.484000205993652,4.484000205993652,4.479800224304199,4.480800151824951,4.480800151824951,25,0.0,0.0
2026-10-02 07:13:00-04:00,4.481500148773193,4.48330020904541,4.4766998291015625,4.477200031280518,4.477200031280518,27,0.0,0.0
2026-10-02 07:14:00-04:00,4.480800151824951,4.486499786376953,4.480800151824951,4.484499931335449,4.484499931335449,21,0.0,0.0
2026-10-02 07:15:00-04:00,4.479700088500977,4.481100082397461,4.477799892425537,4.480500221252441,4.480500221252441,11,0.0,0.0
2026-10-02 07:16:00-04:00,4.479300022125244,4.481900215148926,4.479300022125244,4.481900215148926,4.481900215148926,7,0.0,0.0
2026-10-02 07:17:00-04:00,4.4807000160217285,4.485000133514404,4.4807000160217285,4.483099937438965,4.483099937438965,8,0.0,0.0
2026-10-02 07:18:00-04:00,4.484000205993652,4.487599849700928,4.483500003814697,4.487500190734863,4.487500190734863,11,0.0,0.0
2026-10-02 07:19:00-04:00,4.486999988555908,4.48769998550415,4.482900142669678,4.484899997711182,4.484899997711182,36,0.0,0.0
2026-10-02 07:20:00-04:00,4.4822001457214355,4.48390007019043,4.4822001457214355,4.4822001457214355,4.4822001457214355,8,0.0,0.0
2026-10-02 07:21:00-04:00,4.478400230407715,4.478499889373779,4.47790002822876,4.47790002822876,4.47790002822876,4,0.0,0.0
2026-10-02 07:22:00-04:00,4.479000091552734,4.481900215148926,4.479000091552734,4.481900215148926,4.481900215148926,6,0.0,0.0
2026-10-02 07:23:00-04:00,4.485300064086914,4.486299991607666,4.485300064086914,4.4857001304626465,4.4857001304626465,4,0.0,0.0
2026-10-02 07:24:00-04:00,4.482100009918213,4.489099979400635,4.482100009918213,4.489099979400635,4.489099979400635,5,0.0,0.0
2026-10-02 07:25:00-04:00,4.487599849700928,4.496500015258789,4.487599849700928,4.4959001541137695,4.4959001541137695,45,0.0,0.0
2026-10-02 07:26:00-04:00,4.492199897766113,4.492300033569336,4.490300178527832,4.490900039672852,4.490900039672852,15,0.0,0.0
2026-10-02 07:27:00-04:00,4.490799903869629,4.495500087738037,4.490799903869629,4.491000175476074,4.491000175476074,18,0.0,0.0
2026-10-02 07:28:00-04:00,4.490799903869629,4.492800235748291,4.490799903869629,4.492800235748291,4.492800235748291,30,0.0,0.0
2026-10-02 07:30:00-04:00,4.497099876403809,4.497900009155273,4.495699882507324,4.497900009155273,4.497900009155273,7,0.0,0.0
2026-10-02 07:31:00-04:00,4.499499797821045,4.500999927520752,4.495999813079834,4.495999813079834,4.495999813079834,32,0.0,0.0
2026-10-02 07:32:00-04:00,4.49560022354126,4.500100135803223,4.489500045776367,4.491000175476074,4.491000175476074,31,0.0,0.0
2026-10-02 07:33:00-04:00,4.493100166320801,4.494800090789795,4.491099834442139,4.491099834442139,4.491099834442139,36,0.0,0.0
2026-10-02 07:34:00-04:00,4.490600109100342,4.492400169372559,4.490600109100342,4.490900039672852,4.490900039672852,29,0.0,0.0
2026-10-02 07:35:00-04:00,4.48960018157959,4.4969000816345215,4.488900184631348,4.496200084686279,4.496200084686279,59,0.0,0.0
2026-10-02 07:36:00-04:00,4.496600151062012,4.496600151062012,4.4959001541137695,4.4959001541137695,4.4959001541137695,6,0.0,0.0
2026-10-02 07:37:00-04:00,4.497200012207031,4.498199939727783,4.4959001541137695,4.498199939727783,4.498199939727783,3,0.0,0.0
2026-10-02 07:38:00-04:00,4.494999885559082,4.496500015258789,4.493899822235107,4.496500015258789,4.496500015258789,15,0.0,0.0
2026-10-02 07:39:00-04:00,4.496200084686279,4.50600004196167,4.496200084686279,4.502799987792969,4.502799987792969,51,0.0,0.0
2026-10-02 07:40:00-04:00,4.5019001960754395,4.504199981689453,4.501699924468994,4.503900051116943,4.503900051116943,18,0.0,0.0
2026-10-02 07:41:00-04:00,4.501699924468994,4.501699924468994,4.501699924468994,4.501699924468994,4.501699924468994,1,0.0,0.0
2026-10-02 07:42:00-04:00,4.503499984741211,4.503499984741211,4.498499870300293,4.498499870300293,4.498499870300293,9,0.0,0.0
2026-10-02 07:43:00-04:00,4.497300148010254,4.497499942779541,4.496600151062012,4.497499942779541,4.497499942779541,3,0.0,0.0
2026-10-02 07:44:00-04:00,4.496200084686279,4.497099876403809,4.495500087738037,4.495500087738037,4.495500087738037,8,0.0,0.0
2026-10-02 07:45:00-04:00,4.496799945831299,4.496799945831299,4.4953999519348145,4.496300220489502,4.496300220489502,4,0.0,0.0
2026-10-02 07:46:00-04:00,4.497499942779541,4.5015997886657715,4.497499942779541,4.499199867248535,4.499199867248535,11,0.0,0.0
2026-10-02 07:47:00-04:00,4.499599933624268,4.499599933624268,4.499599933624268,4.499599933624268,4.499599933624268,3,0.0,0.0
2026-10-02 07:48:00-04:00,4.501800060272217,4.501800060272217,4.500999927520752,4.501699924468994,4.501699924468994,4,0.0,0.0
2026-10-02 07:49:00-04:00,4.500400066375732,4.500400066375732,4.496699810028076,4.497399806976318,4.497399806976318,54,0.0,0.0
2026-10-02 07:50:00-04:00,4.497099876403809,4.504000186920166,4.497099876403809,4.504000186920166,4.504000186920166,53,0.0,0.0
2026-10-02 07:51:00-04:00,4.502299785614014,4.5030999183654785,4.497900009155273,4.5030999183654785,4.5030999183654785,20,0.0,0.0
2026-10-02 07:52:00-04:00,4.502500057220459,4.502999782562256,4.499100208282471,4.499100208282471,4.499100208282471,48,0.0,0.0
2026-10-02 07:53:00-04:00,4.494999885559082,4.495999813079834,4.49399995803833,4.4959001541137695,4.4959001541137695,14,0.0,0.0
2026-10-02 07:54:00-04:00,4.496600151062012,4.5,4.495999813079834,4.496699810028076,4.496699810028076,40,0.0,0.0
2026-10-02 07:55:00-04:00,4.495100021362305,4.497700214385986,4.493800163269043,4.494800090789795,4.494800090789795,14,0.0,0.0
2026-10-02 07:56:00-04:00,4.494500160217285,4.495500087738037,4.494500160217285,4.495500087738037,4.495500087738037,6,0.0,0.0
2026-10-02 07:57:00-04:00,4.49560022354126,4.49560022354126,4.492300033569336,4.49429988861084,4.49429988861084,62,0.0,0.0
2026-10-02 07:58:00-04:00,4.496099948883057,4.496099948883057,4.496099948883057,4.496099948883057,4.496099948883057,1,0.0,0.0
2026-10-02 07:59:00-04:00,4.498199939727783,4.500899791717529,4.498199939727783,4.499000072479248,4.499000072479248,11,0.0,0.0
2026-10-02 08:00:00-04:00,4.497700214385986,4.5005998611450195,4.496600151062012,4.5005998611450195,4.5005998611450195,20,0.0,0.0
2026-10-02 08:01:00-04:00,4.4959001541137695,4.503499984741211,4.495699882507324,4.5019001960754395,4.5019001960754395,27,0.0,0.0
2026-10-02 08:02:00-04:00,4.501999855041504,4.502500057220459,4.50029993057251,4.500899791717529,4.500899791717529,19,0.0,0.0
2026-10-02 08:03:00-04:00,4.499599933624268,4.502399921417236,4.499599933624268,4.502399921417236,4.502399921417236,11,0.0,0.0
2026-10-02 08:04:00-04:00,4.503799915313721,4.508200168609619,4.503200054168701,4.508200168609619,4.508200168609619,9,0.0,0.0
2026-10-02 08:05:00-04:00,4.509200096130371,4.51140022277832,4.506499767303467,4.508699893951416,4.508699893951416,75,0.0,0.0
2026-10-02 08:06:00-04:00,4.506800174713135,4.518499851226807,4.503499984741211,4.510700225830078,4.510700225830078,119,0.0,0.0
2026-10-02 08:07:00-04:00,4.510000228881836,4.5117998123168945,4.508500099182129,4.5106000900268555,4.5106000900268555,34,0.0,0.0
2026-10-02 08:08:00-04:00,4.512199878692627,4.512899875640869,4.511600017547607,4.51200008392334,4.51200008392334,7,0.0,0.0
2026-10-02 08:09:00-04:00,4.510200023651123,4.510200023651123,4.508699893951416,4.508699893951416,4.508699893951416,5,0.0,0.0
2026-10-02 08:10:00-04:00,4.508600234985352,4.509300231933594,4.506899833679199,4.508999824523926,4.508999824523926,19,0.0,0.0
2026-10-02 08:11:00-04:00,4.508999824523926,4.514500141143799,4.505899906158447,4.513999938964844,4.513999938964844,43,0.0,0.0
2026-10-02 08:12:00-04:00,4.5131001472473145,4.5157999992370605,4.5131001472473145,4.514400005340576,4.514400005340576,20,0.0,0.0
2026-10-02 08:13:00-04:00,4.514400005340576,4.517399787902832,4.514400005340576,4.51609992980957,4.51609992980957,27,0.0,0.0
2026-10-02 08:14:00-04:00,4.516900062561035,4.518099784851074,4.513999938964844,4.516300201416016,4.516300201416016,85,0.0,0.0
2026-10-02 08:15:00-04:00,4.514400005340576,4.514999866485596,4.5121002197265625,4.512700080871582,4.512700080871582,20,0.0,0.0
2026-10-02 08:16:00-04:00,4.511300086975098,4.513899803161621,4.511300086975098,4.513899803161621,4.513899803161621,4,0.0,0.0
2026-10-02 08:17:00-04:00,4.512800216674805,4.513199806213379,4.510700225830078,4.512800216674805,4.512800216674805,12,0.0,0.0
2026-10-02 08:18:00-04:00,4.513400077819824,4.515600204467773,4.511199951171875,4.513599872589111,4.513599872589111,48,0.0,0.0
2026-10-02 08:19:00-04:00,4.5081000328063965,4.508800029754639,4.503799915313721,4.503799915313721,4.503799915313721,25,0.0,0.0
2026-10-02 08:20:00-04:00,4.501500129699707,4.506400108337402,4.500100135803223,4.503200054168701,4.503200054168701,52,0.0,0.0
2026-10-02 08:21:00-04:00,4.501399993896484,4.501399993896484,4.495999813079834,4.496600151062012,4.496600151062012,26,0.0,0.0
2026-10-02 08:22:00-04:00,4.499000072479248,4.500899791717529,4.496099948883057,4.498799800872803,4.498799800872803,13,0.0,0.0
2026-10-02 08:23:00-04:00,4.498600006103516,4.499300003051758,4.4934000968933105,4.4934000968933105,4.4934000968933105,28,0.0,0.0
2026-10-02 08:24:00-04:00,4.493199825286865,4.495299816131592,4.4928998947143555,4.495299816131592,4.495299816131592,12,0.0,0.0
2026-10-02 08:25:00-04:00,4.4953999519348145,4.4969000816345215,4.492599964141846,4.49560022354126,4.49560022354126,184,0.0,0.0
2026-10-02 08:26:00-04:00,4.496099948883057,4.4969000816345215,4.495299816131592,4.495299816131592,4.495299816131592,24,0.0,0.0
2026-10-02 08:27:00-04:00,4.495500087738037,4.495800018310547,4.491499900817871,4.491499900817871,4.491499900817871,32,0.0,0.0
2026-10-02 08:28:00-04:00,4.492300033569336,4.495500087738037,4.491099834442139,4.4944000244140625,4.4944000244140625,66,0.0,0.0
2026-10-02 08:29:00-04:00,4.49399995803833,4.496099948883057,4.492300033569336,4.495999813079834,4.495999813079834,126,0.0,0.0
2026-10-02 08:30:00-04:00,4.496099948883057,4.499599933624268,4.490600109100342,4.4984002113342285,4.4984002113342285,197,0.0,0.0
2026-10-02 08:31:00-04:00,4.4984002113342285,4.499199867248535,4.492499828338623,4.492800235748291,4.492800235748291,44,0.0,0.0
2026-10-02 08:32:00-04:00,4.491700172424316,4.496099948883057,4.486400127410889,4.4953999519348145,4.4953999519348145,55,0.0,0.0
2026-10-02 08:33:00-04:00,4.496200084686279,4.496200084686279,4.492099761962891,4.494999885559082,4.494999885559082,17,0.0,0.0
2026-10-02 08:34:00-04:00,4.495699882507324,4.495699882507324,4.48960018157959,4.48960018157959,4.48960018157959,31,0.0,0.0
2026-10-02 08:35:00-04:00,4.4899001121521,4.4899001121521,4.479300022125244,4.479300022125244,4.479300022125244,61,0.0,0.0
2026-10-02 08:36:00-04:00,4.482600212097168,4.482600212097168,4.479000091552734,4.480000019073486,4.480000019073486,47,0.0,0.0
2026-10-02 08:37:00-04:00,4.482600212097168,4.486100196838379,4.478700160980225,4.478700160980225,4.478700160980225,17,0.0,0.0
2026-10-02 08:38:00-04:00,4.479000091552734,4.4899001121521,4.478700160980225,4.483399868011475,4.483399868011475,93,0.0,0.0
2026-10-02 08:39:00-04:00,4.484000205993652,4.485400199890137,4.480299949645996,4.4847002029418945,4.4847002029418945,20,0.0,0.0
2026-10-02 08:40:00-04:00,4.484600067138672,4.489699840545654,4.484600067138672,4.485599994659424,4.485599994659424,12,0.0,0.0
2026-10-02 08:41:00-04:00,4.484000205993652,4.486499786376953,4.484000205993652,4.485400199890137,4.485400199890137,14,0.0,0.0
2026-10-02 08:42:00-04:00,4.485599994659424,4.486100196838379,4.484099864959717,4.485799789428711,4.485799789428711,15,0.0,0.0
2026-10-02 08:43:00-04:00,4.487199783325195,4.4878997802734375,4.485199928283691,4.4878997802734375,4.4878997802734375,21,0.0,0.0
2026-10-02 08:44:00-04:00,4.4903998374938965,4.500400066375732,4.4903998374938965,4.500400066375732,4.500400066375732,20,0.0,0.0
2026-10-02 08:45:00-04:00,4.495999813079834,4.504499912261963,4.495999813079834,4.5040998458862305,4.5040998458862305,25,0.0,0.0
2026-10-02 08:46:00-04:00,4.5030999183654785,4.512899875640869,4.502699851989746,4.50439977645874,4.50439977645874,119,0.0,0.0
2026-10-02 08:47:00-04:00,4.504300117492676,4.508600234985352,4.504300117492676,4.508500099182129,4.508500099182129,23,0.0,0.0
2026-10-02 08:48:00-04:00,4.508999824523926,4.511199951171875,4.507999897003174,4.5096001625061035,4.5096001625061035,24,0.0,0.0
2026-10-02 08:49:00-04:00,4.508600234985352,4.508600234985352,4.505199909210205,4.505499839782715,4.505499839782715,18,0.0,0.0
2026-10-02 08:50:00-04:00,4.506999969482422,4.513899803161621,4.506999969482422,4.513199806213379,4.513199806213379,58,0.0,0.0
2026-10-02 08:51:00-04:00,4.51200008392334,4.512400150299072,4.5055999755859375,4.5055999755859375,4.5055999755859375,86,0.0,0.0
2026-10-02 08:52:00-04:00,4.504899978637695,4.520299911499023,4.50439977645874,4.516499996185303,4.516499996185303,108,0.0,0.0
2026-10-02 08:53:00-04:00,4.514200210571289,4.515999794006348,4.510300159454346,4.510300159454346,4.510300159454346,117,0.0,0.0
2026-10-02 08:54:00-04:00,4.511499881744385,4.511499881744385,4.5040998458862305,4.5040998458862305,4.5040998458862305,17,0.0,0.0
2026-10-02 08:55:00-04:00,4.505300045013428,4.505300045013428,4.498799800872803,4.500999927520752,4.500999927520752,29,0.0,0.0
2026-10-02 08:56:00-04:00,4.501200199127197,4.5040998458862305,4.497499942779541,4.498300075531006,4.498300075531006,54,0.0,0.0
2026-10-02 08:57:00-04:00,4.498600006103516,4.500500202178955,4.497499942779541,4.499000072479248,4.499000072479248,26,0.0,0.0
2026-10-02 08:58:00-04:00,4.497499942779541,4.499599933624268,4.496799945831299,4.499199867248535,4.499199867248535,132,0.0,0.0
2026-10-02 08:59:00-04:00,4.497600078582764,4.498000144958496,4.492800235748291,4.49429988861084,4.49429988861084,29,0.0,0.0
2026-10-02 09:00:00-04:00,4.493800163269043,4.49399995803833,4.482399940490723,4.482399940490723,4.482399940490723,178,0.0,0.0
2026-10-02 09:01:00-04:00,4.483699798583984,4.4842000007629395,4.455100059509277,4.464300155639648,4.464300155639648,170,0.0,0.0
2026-10-02 09:02:00-04:00,4.463900089263916,4.463900089263916,4.456200122833252,4.462200164794922,4.462200164794922,92,0.0,0.0
2026-10-02 09:03:00-04:00,4.4629998207092285,4.4807000160217285,4.462399959564209,4.4807000160217285,4.4807000160217285,135,0.0,0.0
2026-10-02 09:04:00-04:00,4.479899883270264,4.488699913024902,4.47730016708374,4.486599922180176,4.486599922180176,127,0.0,0.0
2026-10-02 09:05:00-04:00,4.485899925231934,4.487500190734863,4.4832000732421875,4.486299991607666,4.486299991607666,34,0.0,0.0
2026-10-02 09:06:00-04:00,4.486400127410889,4.4899001121521,4.4832000732421875,4.48829984664917,4.48829984664917,77,0.0,0.0
2026-10-02 09:07:00-04:00,4.492599964141846,4.502999782562256,4.492599964141846,4.49370002746582,4.49370002746582,54,0.0,0.0
2026-10-02 09:08:00-04:00,4.492800235748291,4.495500087738037,4.488699913024902,4.491499900817871,4.491499900817871,42,0.0,0.0
2026-10-02 09:09:00-04:00,4.491799831390381,4.501699924468994,4.491799831390381,4.500699996948242,4.500699996948242,124,0.0,0.0
2026-10-02 09:10:00-04:00,4.502299785614014,4.5071001052856445,4.50029993057251,4.5071001052856445,4.5071001052856445,58,0.0,0.0
2026-10-02 09:11:00-04:00,4.507999897003174,4.515999794006348,4.50570011138916,4.514900207519531,4.514900207519531,74,0.0,0.0
2026-10-02 09:12:00-04:00,4.514900207519531,4.524499893188477,4.514900207519531,4.524199962615967,4.524199962615967,108,0.0,0.0
2026-10-02 09:13:00-04:00,4.524099826812744,4.527100086212158,4.5218000411987305,4.524499893188477,4.524499893188477,81,0.0,0.0
2026-10-02 09:14:00-04:00,4.524799823760986,4.524799823760986,4.5177001953125,4.5233001708984375,4.5233001708984375,56,0.0,0.0
2026-10-02 09:15:00-04:00,4.522600173950195,4.525000095367432,4.519899845123291,4.523600101470947,4.523600101470947,74,0.0,0.0
2026-10-02 09:16:00-04:00,4.523900032043457,4.526199817657471,4.521299839019775,4.52209997177124,4.52209997177124,28,0.0,0.0
2026-10-02 09:17:00-04:00,4.520599842071533,4.525100231170654,4.519199848175049,4.525100231170654,4.525100231170654,32,0.0,0.0
2026-10-02 09:18:00-04:00,4.527100086212158,4.531599998474121,4.524400234222412,4.531599998474121,4.531599998474121,81,0.0,0.0
2026-10-02 09:19:00-04:00,4.531300067901611,4.535799980163574,4.531300067901611,4.533400058746338,4.533400058746338,29,0.0,0.0
2026-10-02 09:20:00-04:00,4.5345001220703125,4.539999961853027,4.533100128173828,4.537600040435791,4.537600040435791,145,0.0,0.0
2026-10-02 09:21:00-04:00,4.537099838256836,4.538700103759766,4.535600185394287,4.538099765777588,4.538099765777588,62,0.0,0.0
2026-10-02 09:22:00-04:00,4.5395002365112305,4.541800022125244,4.535900115966797,4.539999961853027,4.539999961853027,164,0.0,0.0
2026-10-02 09:23:00-04:00,4.53980016708374,4.543300151824951,4.536799907684326,4.5391998291015625,4.5391998291015625,134,0.0,0.0
2026-10-02 09:24:00-04:00,4.543099880218506,4.54449987411499,4.537899971008301,4.538000106811523,4.538000106811523,174,0.0,0.0
2026-10-02 09:25:00-04:00,4.535799980163574,4.53849983215332,4.533400058746338,4.5335001945495605,4.5335001945495605,89,0.0,0.0
2026-10-02 09:26:00-04:00,4.535099983215332,4.541100025177002,4.534599781036377,4.541100025177002,4.541100025177002,25,0.0,0.0
2026-10-02 09:27:00-04:00,4.541999816894531,4.541999816894531,4.534599781036377,4.535399913787842,4.535399913787842,44,0.0,0.0
2026-10-02 09:28:00-04:00,4.534999847412109,4.536399841308594,4.532400131225586,4.5335001945495605,4.5335001945495605,60,0.0,0.0
2026-10-02 09:29:00-04:00,4.532800197601318,4.5335001945495605,4.52810001373291,4.5335001945495605,4.5335001945495605,33,0.0,0.0
2026-10-02 09:30:00-04:00,4.534800052642822,4.537700176239014,4.525000095367432,4.527299880981445,4.527299880981445,141,0.0,0.0
2026-10-02 09:31:00-04:00,4.525000095367432,4.531199932098389,4.5229997634887695,4.524700164794922,4.524700164794922,128,0.0,0.0
2026-10-02 09:32:00-04:00,4.525000095367432,4.526199817657471,4.516900062561035,4.517300128936768,4.517300128936768,46,0.0,0.0
2026-10-02 09:33:00-04:00,4.518199920654297,4.520199775695801,4.512800216674805,4.514200210571289,4.514200210571289,114,0.0,0.0
2026-10-02 09:34:00-04:00,4.513400077819824,4.51800012588501,4.508999824523926,4.513899803161621,4.513899803161621,120,0.0,0.0
2026-10-02 09:35:00-04:00,4.513299942016602,4.513899803161621,4.510799884796143,4.5131001472473145,4.5131001472473145,39,0.0,0.0
2026-10-02 09:36:00-04:00,4.513500213623047,4.514800071716309,4.510000228881836,4.510799884796143,4.510799884796143,59,0.0,0.0
2026-10-02 09:37:00-04:00,4.512499809265137,4.512499809265137,4.499000072479248,4.510499954223633,4.510499954223633,385,0.0,0.0
2026-10-02 09:38:00-04:00,4.5100998878479,4.514200210571289,4.507800102233887,4.510700225830078,4.510700225830078,34,0.0,0.0
2026-10-02 09:39:00-04:00,4.5117998123168945,4.520599842071533,4.51170015335083,4.517000198364258,4.517000198364258,99,0.0,0.0
2026-10-02 09:40:00-04:00,4.518599987030029,4.521900177001953,4.516499996185303,4.521599769592285,4.521599769592285,45,0.0,0.0
2026-10-02 09:41:00-04:00,4.523600101470947,4.524700164794922,4.521500110626221,4.524700164794922,4.524700164794922,80,0.0,0.0
2026-10-02 09:42:00-04:00,4.524400234222412,4.526400089263916,4.520299911499023,4.524199962615967,4.524199962615967,23,0.0,0.0
2026-10-02 09:43:00-04:00,4.52400016784668,4.527200222015381,4.52370023727417,4.527200222015381,4.527200222015381,28,0.0,0.0
2026-10-02 09:44:00-04:00,4.528500080108643,4.5289998054504395,4.523799896240234,4.526599884033203,4.526599884033203,29,0.0,0.0
2026-10-02 09:45:00-04:00,4.529300212860107,4.5320000648498535,4.526400089263916,4.531099796295166,4.531099796295166,144,0.0,0.0
2026-10-02 09:46:00-04:00,4.5320000648498535,4.533400058746338,4.52400016784668,4.524099826812744,4.524099826812744,77,0.0,0.0
2026-10-02 09:47:00-04:00,4.5233001708984375,4.528800010681152,4.519800186157227,4.520400047302246,4.520400047302246,38,0.0,0.0
2026-10-02 09:48:00-04:00,4.519800186157227,4.520100116729736,4.514400005340576,4.518899917602539,4.518899917602539,75,0.0,0.0
2026-10-02 09:49:00-04:00,4.519599914550781,4.526000022888184,4.519599914550781,4.521299839019775,4.521299839019775,72,0.0,0.0
2026-10-02 09:50:00-04:00,4.522900104522705,4.522900104522705,4.519899845123291,4.52209997177124,4.52209997177124,15,0.0,0.0
2026-10-02 09:51:00-04:00,4.527699947357178,4.52839994430542,4.523499965667725,4.523499965667725,4.523499965667725,10,0.0,0.0
2026-10-02 09:52:00-04:00,4.523200035095215,4.529799938201904,4.5208001136779785,4.528600215911865,4.528600215911865,73,0.0,0.0
2026-10-02 09:53:00-04:00,4.529900074005127,4.534200191497803,4.529799938201904,4.533299922943115,4.533299922943115,123,0.0,0.0
2026-10-02 09:54:00-04:00,4.534200191497803,4.537799835205078,4.532100200653076,4.533599853515625,4.533599853515625,48,0.0,0.0
2026-10-02 09:55:00-04:00,4.532800197601318,4.537199974060059,4.532800197601318,4.5366997718811035,4.5366997718811035,34,0.0,0.0
2026-10-02 09:56:00-04:00,4.535399913787842,4.535799980163574,4.534299850463867,4.5346999168396,4.5346999168396,48,0.0,0.0
2026-10-02 09:57:00-04:00,4.537099838256836,4.538300037384033,4.48769998550415,4.503600120544434,4.503600120544434,434,0.0,0.0
2026-10-02 09:58:00-04:00,4.501999855041504,4.5055999755859375,4.461699962615967,4.491099834442139,4.491099834442139,613,0.0,0.0
2026-10-02 09:59:00-04:00,4.490499973297119,4.4959001541137695,4.486400127410889,4.491799831390381,4.491799831390381,240,0.0,0.0
2026-10-02 10:00:00-04:00,4.492400169372559,4.503200054168701,4.487599849700928,4.498000144958496,4.498000144958496,281,0.0,0.0
2026-10-02 10:01:00-04:00,4.493899822235107,4.4953999519348145,4.4552998542785645,4.461400032043457,4.461400032043457,379,0.0,0.0
2026-10-02 10:02:00-04:00,4.460700035095215,4.468699932098389,4.454100131988525,4.45959997177124,4.45959997177124,407,0.0,0.0
2026-10-02 10:03:00-04:00,4.46120023727417,4.465799808502197,4.4567999839782715,4.457699775695801,4.457699775695801,188,0.0,0.0
2026-10-02 10:04:00-04:00,4.459099769592285,4.464600086212158,4.4558000564575195,4.462399959564209,4.462399959564209,90,0.0,0.0
2026-10-02 10:05:00-04:00,4.463900089263916,4.467199802398682,4.452499866485596,4.452499866485596,4.452499866485596,123,0.0,0.0
2026-10-02 10:06:00-04:00,4.454500198364258,4.456600189208984,4.447700023651123,4.4532999992370605,4.4532999992370605,331,0.0,0.0
2026-10-02 10:07:00-04:00,4.451499938964844,4.452300071716309,4.439499855041504,4.449399948120117,4.449399948120117,181,0.0,0.0
2026-10-02 10:08:00-04:00,4.4492998123168945,4.44980001449585,4.426700115203857,4.4303998947143555,4.4303998947143555,271,0.0,0.0
2026-10-02 10:09:00-04:00,4.430200099945068,4.430699825286865,4.4182000160217285,4.422500133514404,4.422500133514404,154,0.0,0.0
2026-10-02 10:10:00-04:00,4.423299789428711,4.423999786376953,4.4141998291015625,4.415500164031982,4.415500164031982,331,0.0,0.0
2026-10-02 10:11:00-04:00,4.414899826049805,4.4217000007629395,4.4120001792907715,4.420599937438965,4.420599937438965,160,0.0,0.0
2026-10-02 10:12:00-04:00,4.42140007019043,4.423999786376953,4.4141998291015625,4.415200233459473,4.415200233459473,341,0.0,0.0
2026-10-02 10:13:00-04:00,4.413700103759766,4.420899868011475,4.412799835205078,4.419600009918213,4.419600009918213,210,0.0,0.0
2026-10-02 10:14:00-04:00,4.420000076293945,4.42140007019043,4.410600185394287,4.418399810791016,4.418399810791016,177,0.0,0.0
2026-10-02 10:15:00-04:00,4.4156999588012695,4.421899795532227,4.408299922943115,4.420400142669678,4.420400142669678,217,0.0,0.0
2026-10-02 10:16:00-04:00,4.420599937438965,4.42710018157959,4.416800022125244,4.421500205993652,4.421500205993652,90,0.0,0.0
2026-10-02 10:17:00-04:00,4.422100067138672,4.429699897766113,4.418099880218506,4.423799991607666,4.423799991607666,208,0.0,0.0
2026-10-02 10:18:00-04:00,4.423900127410889,4.434899806976318,4.421999931335449,4.423399925231934,4.423399925231934,301,0.0,0.0
2026-10-02 10:19:00-04:00,4.421800136566162,4.421800136566162,4.3993000984191895,4.3993000984191895,4.3993000984191895,253,0.0,0.0
2026-10-02 10:20:00-04:00,4.396399974822998,4.404699802398682,4.389999866485596,4.404699802398682,4.404699802398682,362,0.0,0.0
2026-10-02 10:21:00-04:00,4.40500020980835,4.426000118255615,4.40500020980835,4.414999961853027,4.414999961853027,310,0.0,0.0
2026-10-02 10:22:00-04:00,4.416900157928467,4.421999931335449,4.407400131225586,4.4197001457214355,4.4197001457214355,256,0.0,0.0
2026-10-02 10:23:00-04:00,4.418799877166748,4.420199871063232,4.411200046539307,4.411200046539307,4.411200046539307,97,0.0,0.0
2026-10-02 10:24:00-04:00,4.410099983215332,4.41540002822876,4.400300025939941,4.406000137329102,4.406000137329102,121,0.0,0.0
2026-10-02 10:25:00-04:00,4.406000137329102,4.408199787139893,4.401400089263916,4.403900146484375,4.403900146484375,130,0.0,0.0
2026-10-02 10:26:00-04:00,4.403900146484375,4.404799938201904,4.39870023727417,4.40310001373291,4.40310001373291,177,0.0,0.0
2026-10-02 10:27:00-04:00,4.4039998054504395,4.405600070953369,4.400199890136719,4.405600070953369,4.405600070953369,115,0.0,0.0
2026-10-02 10:28:00-04:00,4.400599956512451,4.401500225067139,4.397600173950195,4.398499965667725,4.398499965667725,99,0.0,0.0
2026-10-02 10:29:00-04:00,4.397799968719482,4.398399829864502,4.392499923706055,4.394899845123291,4.394899845123291,181,0.0,0.0
2026-10-02 10:30:00-04:00,4.395899772644043,4.401500225067139,4.3927998542785645,4.393899917602539,4.393899917602539,148,0.0,0.0
2026-10-02 10:31:00-04:00,4.3958001136779785,4.39709997177124,4.385499954223633,4.388000011444092,4.388000011444092,481,0.0,0.0
2026-10-02 10:32:00-04:00,4.3871002197265625,4.392600059509277,4.386000156402588,4.392300128936768,4.392300128936768,105,0.0,0.0
2026-10-02 10:33:00-04:00,4.392099857330322,4.392199993133545,4.38670015335083,4.389999866485596,4.389999866485596,160,0.0,0.0
2026-10-02 10:34:00-04:00,4.3892998695373535,4.395299911499023,4.3892998695373535,4.394100189208984,4.394100189208984,186,0.0,0.0
2026-10-02 10:35:00-04:00,4.394899845123291,4.397799968719482,4.390500068664551,4.390999794006348,4.390999794006348,92,0.0,0.0
2026-10-02 10:36:00-04:00,4.389200210571289,4.394800186157227,4.385700225830078,4.394800186157227,4.394800186157227,177,0.0,0.0
2026-10-02 10:37:00-04:00,4.395999908447266,4.397799968719482,4.389599800109863,4.396999835968018,4.396999835968018,140,0.0,0.0
2026-10-02 10:38:00-04:00,4.3968000411987305,4.402900218963623,4.395400047302246,4.3983001708984375,4.3983001708984375,102,0.0,0.0
2026-10-02 10:39:00-04:00,4.398799896240234,4.4039998054504395,4.39739990234375,4.400400161743164,4.400400161743164,189,0.0,0.0
2026-10-02 10:40:00-04:00,4.400000095367432,4.400000095367432,4.39300012588501,4.394199848175049,4.394199848175049,275,0.0,0.0
2026-10-02 10:41:00-04:00,4.390200138092041,4.393199920654297,4.385700225830078,4.390999794006348,4.390999794006348,159,0.0,0.0
2026-10-02 10:42:00-04:00,4.390999794006348,4.3927001953125,4.3846001625061035,4.387499809265137,4.387499809265137,105,0.0,0.0
2026-10-02 10:43:00-04:00,4.38640022277832,4.396999835968018,4.385900020599365,4.395400047302246,4.395400047302246,103,0.0,0.0
2026-10-02 10:44:00-04:00,4.393599987030029,4.404399871826172,4.393400192260742,4.401400089263916,4.401400089263916,155,0.0,0.0
2026-10-02 10:45:00-04:00,4.400400161743164,4.420599937438965,4.400400161743164,4.414899826049805,4.414899826049805,255,0.0,0.0
2026-10-02 10:46:00-04:00,4.415200233459473,4.423299789428711,4.4095001220703125,4.420499801635742,4.420499801635742,257,0.0,0.0
2026-10-02 10:47:00-04:00,4.418099880218506,4.4197001457214355,4.4145002365112305,4.419600009918213,4.419600009918213,68,0.0,0.0
2026-10-02 10:48:00-04:00,4.419099807739258,4.427199840545654,4.4182000160217285,4.422599792480469,4.422599792480469,86,0.0,0.0
2026-10-02 10:49:00-04:00,4.423399925231934,4.428400039672852,4.419000148773193,4.42609977722168,4.42609977722168,120,0.0,0.0
2026-10-02 10:50:00-04:00,4.422500133514404,4.422500133514404,4.415500164031982,4.418000221252441,4.418000221252441,72,0.0,0.0
2026-10-02 10:51:00-04:00,4.417300224304199,4.421999931335449,4.410999774932861,4.416200160980225,4.416200160980225,100,0.0,0.0
2026-10-02 10:52:00-04:00,4.415800094604492,4.428500175476074,4.415800094604492,4.4191999435424805,4.4191999435424805,86,0.0,0.0
2026-10-02 10:53:00-04:00,4.417799949645996,4.4182000160217285,4.414999961853027,4.417600154876709,4.417600154876709,52,0.0,0.0
2026-10-02 10:54:00-04:00,4.419000148773193,4.432700157165527,4.417399883270264,4.432199954986572,4.432199954986572,196,0.0,0.0
2026-10-02 10:55:00-04:00,4.431700229644775,4.440499782562256,4.429800033569336,4.436399936676025,4.436399936676025,96,0.0,0.0
2026-10-02 10:56:00-04:00,4.43209981918335,4.432400226593018,4.423299789428711,4.42710018157959,4.42710018157959,180,0.0,0.0
2026-10-02 10:57:00-04:00,4.42110013961792,4.429599761962891,4.420300006866455,4.420599937438965,4.420599937438965,166,0.0,0.0
2026-10-02 10:58:00-04:00,4.419099807739258,4.424600124359131,4.414700031280518,4.415500164031982,4.415500164031982,79,0.0,0.0
2026-10-02 10:59:00-04:00,4.413400173187256,4.42140007019043,4.411600112915039,4.416200160980225,4.416200160980225,101,0.0,0.0
2026-10-02 11:00:00-04:00,4.41510009765625,4.41949987411499,4.404699802398682,4.418099880218506,4.418099880218506,142,0.0,0.0
2026-10-02 11:01:00-04:00,4.418799877166748,4.4197001457214355,4.412799835205078,4.414100170135498,4.414100170135498,50,0.0,0.0
2026-10-02 11:02:00-04:00,4.415999889373779,4.4232001304626465,4.41510009765625,4.421800136566162,4.421800136566162,50,0.0,0.0
2026-10-02 11:03:00-04:00,4.423399925231934,4.4303998947143555,4.423399925231934,4.4278998374938965,4.4278998374938965,44,0.0,0.0
2026-10-02 11:04:00-04:00,4.428500175476074,4.43179988861084,4.426300048828125,4.4303998947143555,4.4303998947143555,67,0.0,0.0
2026-10-02 11:05:00-04:00,4.428599834442139,4.441299915313721,4.428199768066406,4.437699794769287,4.437699794769287,409,0.0,0.0
2026-10-02 11:06:00-04:00,4.436999797821045,4.440100193023682,4.432199954986572,4.4355998039245605,4.4355998039245605,158,0.0,0.0
2026-10-02 11:07:00-04:00,4.434800148010254,4.439499855041504,4.432400226593018,4.434500217437744,4.434500217437744,43,0.0,0.0
2026-10-02 11:08:00-04:00,4.434700012207031,4.441999912261963,4.433300018310547,4.439000129699707,4.439000129699707,103,0.0,0.0
2026-10-02 11:09:00-04:00,4.440700054168701,4.448500156402588,4.4405999183654785,4.445000171661377,4.445000171661377,99,0.0,0.0
2026-10-02 11:10:00-04:00,4.445199966430664,4.4506001472473145,4.441199779510498,4.4506001472473145,4.4506001472473145,83,0.0,0.0
2026-10-02 11:11:00-04:00,4.4496002197265625,4.455599784851074,4.448500156402588,4.452400207519531,4.452400207519531,267,0.0,0.0
2026-10-02 11:12:00-04:00,4.453000068664551,4.460999965667725,4.451399803161621,4.458600044250488,4.458600044250488,199,0.0,0.0
2026-10-02 11:13:00-04:00,4.456399917602539,4.464000225067139,4.456399917602539,4.464000225067139,4.464000225067139,54,0.0,0.0
2026-10-02 11:14:00-04:00,4.464200019836426,4.468900203704834,4.462699890136719,4.466899871826172,4.466899871826172,106,0.0,0.0
2026-10-02 11:15:00-04:00,4.467299938201904,4.472499847412109,4.467299938201904,4.472499847412109,4.472499847412109,214,0.0,0.0
2026-10-02 11:16:00-04:00,4.4721999168396,4.479800224304199,4.471199989318848,4.474999904632568,4.474999904632568,288,0.0,0.0
2026-10-02 11:17:00-04:00,4.473800182342529,4.475500106811523,4.468999862670898,4.468999862670898,4.468999862670898,62,0.0,0.0
2026-10-02 11:18:00-04:00,4.469200134277344,4.476600170135498,4.467899799346924,4.476600170135498,4.476600170135498,32,0.0,0.0
2026-10-02 11:19:00-04:00,4.476500034332275,4.476500034332275,4.46750020980835,4.46750020980835,4.46750020980835,39,0.0,0.0
2026-10-02 11:20:00-04:00,4.467700004577637,4.470300197601318,4.464900016784668,4.470200061798096,4.470200061798096,57,0.0,0.0
2026-10-02 11:21:00-04:00,4.468999862670898,4.469299793243408,4.463200092315674,4.466000080108643,4.466000080108643,60,0.0,0.0
2026-10-02 11:22:00-04:00,4.465000152587891,4.465000152587891,4.455100059509277,4.460999965667725,4.460999965667725,177,0.0,0.0
2026-10-02 11:23:00-04:00,4.46019983291626,4.465199947357178,4.454999923706055,4.454999923706055,4.454999923706055,76,0.0,0.0
2026-10-02 11:24:00-04:00,4.4567999839782715,4.4567999839782715,4.4475998878479,4.4475998878479,4.4475998878479,83,0.0,0.0
2026-10-02 11:25:00-04:00,4.450399875640869,4.450399875640869,4.442699909210205,4.442999839782715,4.442999839782715,212,0.0,0.0
2026-10-02 11:26:00-04:00,4.44320011138916,4.445499897003174,4.437099933624268,4.439199924468994,4.439199924468994,77,0.0,0.0
2026-10-02 11:27:00-04:00,4.440199851989746,4.4421000480651855,4.432700157165527,4.434000015258789,4.434000015258789,189,0.0,0.0
2026-10-02 11:28:00-04:00,4.437699794769287,4.440400123596191,4.435699939727783,4.440400123596191,4.440400123596191,117,0.0,0.0
2026-10-02 11:29:00-04:00,4.438799858093262,4.447400093078613,4.438700199127197,4.447299957275391,4.447299957275391,239,0.0,0.0
2026-10-02 11:30:00-04:00,4.445199966430664,4.445199966430664,4.431000232696533,4.4355998039245605,4.4355998039245605,240,0.0,0.0
2026-10-02 11:31:00-04:00,4.433300018310547,4.435200214385986,4.429100036621094,4.429200172424316,4.429200172424316,73,0.0,0.0
2026-10-02 11:32:00-04:00,4.429200172424316,4.432199954986572,4.423699855804443,4.428800106048584,4.428800106048584,127,0.0,0.0
2026-10-02 11:33:00-04:00,4.429200172424316,4.43179988861084,4.428599834442139,4.43179988861084,4.43179988861084,19,0.0,0.0
2026-10-02 11:34:00-04:00,4.429100036621094,4.433800220489502,4.42579984664917,4.43149995803833,4.43149995803833,42,0.0,0.0
2026-10-02 11:35:00-04:00,4.43120002746582,4.432799816131592,4.429999828338623,4.432000160217285,4.432000160217285,39,0.0,0.0
2026-10-02 11:36:00-04:00,4.43310022354126,4.434199810028076,4.429999828338623,4.4309000968933105,4.4309000968933105,63,0.0,0.0
2026-10-02 11:37:00-04:00,4.431099891662598,4.433700084686279,4.429999828338623,4.43149995803833,4.43149995803833,36,0.0,0.0
2026-10-02 11:38:00-04:00,4.432400226593018,4.438399791717529,4.432199954986572,4.4380998611450195,4.4380998611450195,33,0.0,0.0
2026-10-02 11:39:00-04:00,4.438499927520752,4.441500186920166,4.438499927520752,4.441500186920166,4.441500186920166,32,0.0,0.0
2026-10-02 11:40:00-04:00,4.4390997886657715,4.449900150299072,4.4375,4.449900150299072,4.449900150299072,30,0.0,0.0
2026-10-02 11:41:00-04:00,4.447800159454346,4.460400104522705,4.447800159454346,4.452899932861328,4.452899932861328,249,0.0,0.0
2026-10-02 11:42:00-04:00,4.4552998542785645,4.4552998542785645,4.449999809265137,4.449999809265137,4.449999809265137,38,0.0,0.0
2026-10-02 11:43:00-04:00,4.449999809265137,4.455999851226807,4.44950008392334,4.4558000564575195,4.4558000564575195,35,0.0,0.0
2026-10-02 11:44:00-04:00,4.4552998542785645,4.4593000411987305,4.454599857330322,4.454599857330322,4.454599857330322,59,0.0,0.0
2026-10-02 11:45:00-04:00,4.45550012588501,4.470699787139893,4.454999923706055,4.469299793243408,4.469299793243408,116,0.0,0.0
2026-10-02 11:46:00-04:00,4.470300197601318,4.470900058746338,4.4670000076293945,4.470699787139893,4.470699787139893,32,0.0,0.0
2026-10-02 11:47:00-04:00,4.4704999923706055,4.4730000495910645,4.469699859619141,4.469699859619141,4.469699859619141,27,0.0,0.0
2026-10-02 11:48:00-04:00,4.470300197601318,4.471399784088135,4.467199802398682,4.468599796295166,4.468599796295166,33,0.0,0.0
2026-10-02 11:49:00-04:00,4.469200134277344,4.47130012512207,4.467100143432617,4.467700004577637,4.467700004577637,24,0.0,0.0
2026-10-02 11:50:00-04:00,4.465099811553955,4.468400001525879,4.465099811553955,4.468200206756592,4.468200206756592,29,0.0,0.0
2026-10-02 11:51:00-04:00,4.468599796295166,4.471099853515625,4.464300155639648,4.466700077056885,4.466700077056885,76,0.0,0.0
2026-10-02 11:52:00-04:00,4.468100070953369,4.47760009765625,4.467599868774414,4.47760009765625,4.47760009765625,131,0.0,0.0
2026-10-02 11:53:00-04:00,4.4781999588012695,4.4781999588012695,4.473400115966797,4.475100040435791,4.475100040435791,48,0.0,0.0
2026-10-02 11:54:00-04:00,4.477099895477295,4.479100227355957,4.475500106811523,4.47629976272583,4.47629976272583,36,0.0,0.0
2026-10-02 11:55:00-04:00,4.476600170135498,4.477700233459473,4.475100040435791,4.477200031280518,4.477200031280518,38,0.0,0.0
2026-10-02 11:56:00-04:00,4.47599983215332,4.477399826049805,4.4710001945495605,4.4710001945495605,4.4710001945495605,50,0.0,0.0
2026-10-02 11:57:00-04:00,4.471199989318848,4.474800109863281,4.469299793243408,4.470200061798096,4.470200061798096,82,0.0,0.0
2026-10-02 11:58:00-04:00,4.468800067901611,4.472400188446045,4.468800067901611,4.472400188446045,4.472400188446045,21,0.0,0.0
2026-10-02 11:59:00-04:00,4.473700046539307,4.474299907684326,4.464600086212158,4.4653000831604,4.4653000831604,120,0.0,0.0
2026-10-02 12:00:00-04:00,4.465000152587891,4.4654998779296875,4.457699775695801,4.464200019836426,4.464200019836426,126,0.0,0.0
2026-10-02 12:01:00-04:00,4.464300155639648,4.468299865722656,4.464099884033203,4.468299865722656,4.468299865722656,61,0.0,0.0
2026-10-02 12:02:00-04:00,4.469900131225586,4.478300094604492,4.469200134277344,4.474699974060059,4.474699974060059,107,0.0,0.0
2026-10-02 12:03:00-04:00,4.474800109863281,4.478600025177002,4.474800109863281,4.478000164031982,4.478000164031982,140,0.0,0.0
2026-10-02 12:04:00-04:00,4.479100227355957,4.481599807739258,4.473199844360352,4.476500034332275,4.476500034332275,121,0.0,0.0
2026-10-02 12:05:00-04:00,4.478300094604492,4.484300136566162,4.478300094604492,4.480800151824951,4.480800151824951,33,0.0,0.0
2026-10-02 12:06:00-04:00,4.4822998046875,4.4822998046875,4.472400188446045,4.474299907684326,4.474299907684326,44,0.0,0.0
2026-10-02 12:07:00-04:00,4.4741997718811035,4.4741997718811035,4.470699787139893,4.473899841308594,4.473899841308594,60,0.0,0.0
2026-10-02 12:08:00-04:00,4.475500106811523,4.480899810791016,4.475399971008301,4.477399826049805,4.477399826049805,40,0.0,0.0
2026-10-02 12:09:00-04:00,4.477399826049805,4.477799892425537,4.472499847412109,4.472599983215332,4.472599983215332,46,0.0,0.0
2026-10-02 12:10:00-04:00,4.471799850463867,4.47189998626709,4.465199947357178,4.470900058746338,4.470900058746338,77,0.0,0.0
2026-10-02 12:11:00-04:00,4.472300052642822,4.479599952697754,4.470099925994873,4.479599952697754,4.479599952697754,76,0.0,0.0
2026-10-02 12:12:00-04:00,4.480000019073486,4.482600212097168,4.478799819946289,4.481800079345703,4.481800079345703,44,0.0,0.0
2026-10-02 12:13:00-04:00,4.479899883270264,4.479899883270264,4.476600170135498,4.478799819946289,4.478799819946289,36,0.0,0.0
2026-10-02 12:14:00-04:00,4.476799964904785,4.47730016708374,4.475800037384033,4.476399898529053,4.476399898529053,68,0.0,0.0
2026-10-02 12:15:00-04:00,4.4745001792907715,4.47629976272583,4.473199844360352,4.474299907684326,4.474299907684326,39,0.0,0.0
2026-10-02 12:16:00-04:00,4.476900100708008,4.478400230407715,4.474400043487549,4.474999904632568,4.474999904632568,24,0.0,0.0
2026-10-02 12:17:00-04:00,4.471799850463867,4.472099781036377,4.470200061798096,4.471199989318848,4.471199989318848,9,0.0,0.0
2026-10-02 12:18:00-04:00,4.4710001945495605,4.4710001945495605,4.467899799346924,4.468999862670898,4.468999862670898,6,0.0,0.0
2026-10-02 12:19:00-04:00,4.468200206756592,4.470900058746338,4.46750020980835,4.470200061798096,4.470200061798096,16,0.0,0.0
2026-10-02 12:20:00-04:00,4.47160005569458,4.474599838256836,4.47160005569458,4.474599838256836,4.474599838256836,21,0.0,0.0
2026-10-02 12:21:00-04:00,4.4720001220703125,4.473800182342529,4.4720001220703125,4.473800182342529,4.473800182342529,10,0.0,0.0
2026-10-02 12:22:00-04:00,4.472700119018555,4.478700160980225,4.472599983215332,4.475800037384033,4.475800037384033,22,0.0,0.0
2026-10-02 12:23:00-04:00,4.475399971008301,4.485000133514404,4.475399971008301,4.485000133514404,4.485000133514404,132,0.0,0.0
2026-10-02 12:24:00-04:00,4.4832000732421875,4.504300117492676,4.4832000732421875,4.49970006942749,4.49970006942749,145,0.0,0.0
2026-10-02 12:25:00-04:00,4.498499870300293,4.5,4.490699768066406,4.4984002113342285,4.4984002113342285,105,0.0,0.0
2026-10-02 12:26:00-04:00,4.497600078582764,4.50029993057251,4.494800090789795,4.50029993057251,4.50029993057251,66,0.0,0.0
2026-10-02 12:27:00-04:00,4.500500202178955,4.504000186920166,4.500199794769287,4.500800132751465,4.500800132751465,33,0.0,0.0
2026-10-02 12:28:00-04:00,4.501800060272217,4.502699851989746,4.501500129699707,4.502099990844727,4.502099990844727,7,0.0,0.0
2026-10-02 12:29:00-04:00,4.502600193023682,4.507299900054932,4.499499797821045,4.502699851989746,4.502699851989746,70,0.0,0.0
2026-10-02 12:30:00-04:00,4.502299785614014,4.502799987792969,4.499199867248535,4.502699851989746,4.502699851989746,106,0.0,0.0
2026-10-02 12:31:00-04:00,4.504499912261963,4.504499912261963,4.497300148010254,4.498199939727783,4.498199939727783,120,0.0,0.0
2026-10-02 12:32:00-04:00,4.498300075531006,4.498300075531006,4.493199825286865,4.495699882507324,4.495699882507324,93,0.0,0.0
2026-10-02 12:33:00-04:00,4.493899822235107,4.494100093841553,4.491799831390381,4.491799831390381,4.491799831390381,58,0.0,0.0
2026-10-02 12:34:00-04:00,4.492400169372559,4.498499870300293,4.492000102996826,4.497600078582764,4.497600078582764,48,0.0,0.0
2026-10-02 12:35:00-04:00,4.498000144958496,4.498000144958496,4.493000030517578,4.4959001541137695,4.4959001541137695,21,0.0,0.0
2026-10-02 12:36:00-04:00,4.500999927520752,4.501500129699707,4.493000030517578,4.493000030517578,4.493000030517578,38,0.0,0.0
2026-10-02 12:37:00-04:00,4.493000030517578,4.496799945831299,4.493000030517578,4.496799945831299,4.496799945831299,34,0.0,0.0
2026-10-02 12:38:00-04:00,4.491499900817871,4.491499900817871,4.487599849700928,4.48799991607666,4.48799991607666,36,0.0,0.0
2026-10-02 12:39:00-04:00,4.486599922180176,4.48769998550415,4.486599922180176,4.48769998550415,4.48769998550415,8,0.0,0.0
2026-10-02 12:40:00-04:00,4.4882001876831055,4.4882001876831055,4.484300136566162,4.485799789428711,4.485799789428711,47,0.0,0.0
2026-10-02 12:41:00-04:00,4.488500118255615,4.489500045776367,4.483799934387207,4.486599922180176,4.486599922180176,37,0.0,0.0
2026-10-02 12:42:00-04:00,4.4847002029418945,4.493500232696533,4.4847002029418945,4.491000175476074,4.491000175476074,89,0.0,0.0
2026-10-02 12:43:00-04:00,4.492000102996826,4.493100166320801,4.491399765014648,4.4918999671936035,4.4918999671936035,45,0.0,0.0
2026-10-02 12:44:00-04:00,4.491099834442139,4.492400169372559,4.490099906921387,4.490699768066406,4.490699768066406,15,0.0,0.0
2026-10-02 12:45:00-04:00,4.490499973297119,4.491300106048584,4.489299774169922,4.489799976348877,4.489799976348877,35,0.0,0.0
2026-10-02 12:46:00-04:00,4.490600109100342,4.4918999671936035,4.490600109100342,4.491799831390381,4.491799831390381,19,0.0,0.0
2026-10-02 12:47:00-04:00,4.490799903869629,4.493100166320801,4.486999988555908,4.492700099945068,4.492700099945068,62,0.0,0.0
2026-10-02 12:48:00-04:00,4.492499828338623,4.497399806976318,4.492499828338623,4.495200157165527,4.495200157165527,87,0.0,0.0
2026-10-02 12:49:00-04:00,4.49560022354126,4.497399806976318,4.49560022354126,4.496600151062012,4.496600151062012,58,0.0,0.0
2026-10-02 12:50:00-04:00,4.497499942779541,4.497499942779541,4.494999885559082,4.494999885559082,4.494999885559082,8,0.0,0.0
2026-10-02 12:51:00-04:00,4.493299961090088,4.493299961090088,4.486700057983398,4.486700057983398,4.486700057983398,57,0.0,0.0
2026-10-02 12:52:00-04:00,4.485499858856201,4.491300106048584,4.48199987411499,4.491300106048584,4.491300106048584,172,0.0,0.0
2026-10-02 12:53:00-04:00,4.492199897766113,4.492499828338623,4.4878997802734375,4.4878997802734375,4.4878997802734375,179,0.0,0.0
2026-10-02 12:54:00-04:00,4.4868998527526855,4.490799903869629,4.4868998527526855,4.490799903869629,4.490799903869629,14,0.0,0.0
2026-10-02 12:55:00-04:00,4.489200115203857,4.489200115203857,4.486299991607666,4.486599922180176,4.486599922180176,24,0.0,0.0
2026-10-02 12:56:00-04:00,4.485000133514404,4.485400199890137,4.480100154876709,4.480800151824951,4.480800151824951,78,0.0,0.0
2026-10-02 12:57:00-04:00,4.4816999435424805,4.482699871063232,4.479700088500977,4.482699871063232,4.482699871063232,22,0.0,0.0
2026-10-02 12:58:00-04:00,4.48199987411499,4.482600212097168,4.480000019073486,4.480899810791016,4.480899810791016,53,0.0,0.0
2026-10-02 12:59:00-04:00,4.481299877166748,4.492499828338623,4.481299877166748,4.4918999671936035,4.4918999671936035,129,0.0,0.0
2026-10-02 13:00:00-04:00,4.4899001121521,4.4953999519348145,4.486299991607666,4.48769998550415,4.48769998550415,216,0.0,0.0
2026-10-02 13:01:00-04:00,4.486199855804443,4.490200042724609,4.486199855804443,4.489999771118164,4.489999771118164,13,0.0,0.0
2026-10-02 13:02:00-04:00,4.490200042724609,4.490300178527832,4.48799991607666,4.4893999099731445,4.4893999099731445,39,0.0,0.0
2026-10-02 13:03:00-04:00,4.492099761962891,4.492099761962891,4.488699913024902,4.488699913024902,4.488699913024902,5,0.0,0.0
2026-10-02 13:04:00-04:00,4.490600109100342,4.493000030517578,4.489699840545654,4.490300178527832,4.490300178527832,11,0.0,0.0
2026-10-02 13:05:00-04:00,4.491300106048584,4.492099761962891,4.4847002029418945,4.4847002029418945,4.4847002029418945,35,0.0,0.0
2026-10-02 13:06:00-04:00,4.484000205993652,4.487800121307373,4.484000205993652,4.486999988555908,4.486999988555908,99,0.0,0.0
2026-10-02 13:07:00-04:00,4.4882001876831055,4.494999885559082,4.4882001876831055,4.4934000968933105,4.4934000968933105,215,0.0,0.0
2026-10-02 13:08:00-04:00,4.493899822235107,4.498199939727783,4.493199825286865,4.496399879455566,4.496399879455566,104,0.0,0.0
2026-10-02 13:09:00-04:00,4.493899822235107,4.493899822235107,4.48859977722168,4.48859977722168,4.48859977722168,22,0.0,0.0
2026-10-02 13:10:00-04:00,4.4899001121521,4.492700099945068,4.48769998550415,4.492700099945068,4.492700099945068,56,0.0,0.0
2026-10-02 13:11:00-04:00,4.493100166320801,4.493500232696533,4.488900184631348,4.489699840545654,4.489699840545654,29,0.0,0.0
2026-10-02 13:12:00-04:00,4.491399765014648,4.496099948883057,4.491399765014648,4.495200157165527,4.495200157165527,61,0.0,0.0
2026-10-02 13:13:00-04:00,4.49459981918335,4.497600078582764,4.4934000968933105,4.496600151062012,4.496600151062012,187,0.0,0.0
2026-10-02 13:14:00-04:00,4.4984002113342285,4.513500213623047,4.495800018310547,4.499800205230713,4.499800205230713,176,0.0,0.0
2026-10-02 13:15:00-04:00,4.499199867248535,4.5005998611450195,4.4893999099731445,4.494999885559082,4.494999885559082,50,0.0,0.0
2026-10-02 13:16:00-04:00,4.4959001541137695,4.496500015258789,4.4918999671936035,4.4918999671936035,4.4918999671936035,27,0.0,0.0
2026-10-02 13:17:00-04:00,4.4918999671936035,4.4918999671936035,4.48960018157959,4.48960018157959,4.48960018157959,16,0.0,0.0
2026-10-02 13:18:00-04:00,4.490499973297119,4.492099761962891,4.490499973297119,4.491199970245361,4.491199970245361,34,0.0,0.0
2026-10-02 13:19:00-04:00,4.491000175476074,4.492499828338623,4.48960018157959,4.492499828338623,4.492499828338623,15,0.0,0.0
2026-10-02 13:20:00-04:00,4.494699954986572,4.4980998039245605,4.494699954986572,4.4980998039245605,4.4980998039245605,17,0.0,0.0
2026-10-02 13:21:00-04:00,4.497900009155273,4.500400066375732,4.4953999519348145,4.497300148010254,4.497300148010254,95,0.0,0.0
2026-10-02 13:22:00-04:00,4.4984002113342285,4.4984002113342285,4.4944000244140625,4.495299816131592,4.495299816131592,30,0.0,0.0
2026-10-02 13:23:00-04:00,4.493599891662598,4.496099948883057,4.493599891662598,4.495999813079834,4.495999813079834,10,0.0,0.0
2026-10-02 13:24:00-04:00,4.493199825286865,4.494500160217285,4.491700172424316,4.492199897766113,4.492199897766113,12,0.0,0.0
2026-10-02 13:25:00-04:00,4.493299961090088,4.495100021362305,4.491600036621094,4.4934000968933105,4.4934000968933105,16,0.0,0.0
2026-10-02 13:26:00-04:00,4.493199825286865,4.497399806976318,4.490900039672852,4.491600036621094,4.491600036621094,40,0.0,0.0
2026-10-02 13:27:00-04:00,4.4918999671936035,4.499100208282471,4.489999771118164,4.499100208282471,4.499100208282471,28,0.0,0.0
2026-10-02 13:28:00-04:00,4.4984002113342285,4.51170015335083,4.4984002113342285,4.51170015335083,4.51170015335083,47,0.0,0.0
2026-10-02 13:29:00-04:00,4.51140022277832,4.513199806213379,4.508399963378906,4.508399963378906,4.508399963378906,36,0.0,0.0
2026-10-02 13:30:00-04:00,4.505300045013428,4.506899833679199,4.4984002113342285,4.501100063323975,4.501100063323975,117,0.0,0.0
2026-10-02 13:31:00-04:00,4.50029993057251,4.501500129699707,4.493299961090088,4.4934000968933105,4.4934000968933105,25,0.0,0.0
2026-10-02 13:32:00-04:00,4.492499828338623,4.494999885559082,4.490300178527832,4.490300178527832,4.490300178527832,50,0.0,0.0
2026-10-02 13:33:00-04:00,4.491600036621094,4.493800163269043,4.490799903869629,4.4928998947143555,4.4928998947143555,26,0.0,0.0
2026-10-02 13:34:00-04:00,4.492700099945068,4.492700099945068,4.488800048828125,4.488800048828125,4.488800048828125,19,0.0,0.0
2026-10-02 13:35:00-04:00,4.490200042724609,4.4918999671936035,4.489799976348877,4.4918999671936035,4.4918999671936035,30,0.0,0.0
2026-10-02 13:36:00-04:00,4.495200157165527,4.496600151062012,4.495200157165527,4.496600151062012,4.496600151062012,12,0.0,0.0
2026-10-02 13:37:00-04:00,4.496600151062012,4.498600006103516,4.496500015258789,4.497099876403809,4.497099876403809,11,0.0,0.0
2026-10-02 13:38:00-04:00,4.497300148010254,4.503799915313721,4.497300148010254,4.503799915313721,4.503799915313721,52,0.0,0.0
2026-10-02 13:39:00-04:00,4.502399921417236,4.502399921417236,4.499000072479248,4.499199867248535,4.499199867248535,10,0.0,0.0
2026-10-02 13:40:00-04:00,4.49970006942749,4.500400066375732,4.496399879455566,4.50029993057251,4.50029993057251,32,0.0,0.0
2026-10-02 13:41:00-04:00,4.501399993896484,4.502299785614014,4.501399993896484,4.502099990844727,4.502099990844727,18,0.0,0.0
2026-10-02 13:42:00-04:00,4.501500129699707,4.502099990844727,4.498499870300293,4.498499870300293,4.498499870300293,36,0.0,0.0
2026-10-02 13:43:00-04:00,4.497900009155273,4.497900009155273,4.4944000244140625,4.494699954986572,4.494699954986572,50,0.0,0.0
2026-10-02 13:44:00-04:00,4.495200157165527,4.497700214385986,4.491600036621094,4.491600036621094,4.491600036621094,47,0.0,0.0
2026-10-02 13:45:00-04:00,4.492000102996826,4.493199825286865,4.490799903869629,4.492099761962891,4.492099761962891,60,0.0,0.0
2026-10-02 13:46:00-04:00,4.4918999671936035,4.492800235748291,4.490099906921387,4.491499900817871,4.491499900817871,37,0.0,0.0
2026-10-02 13:47:00-04:00,4.490600109100342,4.493000030517578,4.4847002029418945,4.4847002029418945,4.4847002029418945,96,0.0,0.0
2026-10-02 13:48:00-04:00,4.4847002029418945,4.486299991607666,4.481400012969971,4.481400012969971,4.481400012969971,52,0.0,0.0
2026-10-02 13:49:00-04:00,4.480000019073486,4.4832000732421875,4.479000091552734,4.4832000732421875,4.4832000732421875,43,0.0,0.0
2026-10-02 13:50:00-04:00,4.482500076293945,4.494800090789795,4.47730016708374,4.480500221252441,4.480500221252441,113,0.0,0.0
2026-10-02 13:51:00-04:00,4.480199813842773,4.482900142669678,4.479499816894531,4.482500076293945,4.482500076293945,85,0.0,0.0
2026-10-02 13:52:00-04:00,4.4816999435424805,4.485099792480469,4.480599880218506,4.485099792480469,4.485099792480469,50,0.0,0.0
2026-10-02 13:53:00-04:00,4.484600067138672,4.484600067138672,4.482800006866455,4.482800006866455,4.482800006866455,98,0.0,0.0
2026-10-02 13:54:00-04:00,4.482600212097168,4.482600212097168,4.480899810791016,4.481800079345703,4.481800079345703,24,0.0,0.0
2026-10-02 13:55:00-04:00,4.481400012969971,4.483799934387207,4.481200218200684,4.483399868011475,4.483399868011475,25,0.0,0.0
2026-10-02 13:56:00-04:00,4.482900142669678,4.482900142669678,4.4791998863220215,4.480299949645996,4.480299949645996,109,0.0,0.0
2026-10-02 13:57:00-04:00,4.481500148773193,4.48390007019043,4.475500106811523,4.478000164031982,4.478000164031982,238,0.0,0.0
2026-10-02 13:58:00-04:00,4.478700160980225,4.48199987411499,4.472799777984619,4.476500034332275,4.476500034332275,273,0.0,0.0
2026-10-02 13:59:00-04:00,4.477700233459473,4.478400230407715,4.476500034332275,4.476900100708008,4.476900100708008,83,0.0,0.0
2026-10-02 14:00:00-04:00,4.478000164031982,4.486400127410889,4.478000164031982,4.481800079345703,4.481800079345703,165,0.0,0.0
2026-10-02 14:01:00-04:00,4.481299877166748,4.4832000732421875,4.479400157928467,4.4832000732421875,4.4832000732421875,116,0.0,0.0
2026-10-02 14:02:00-04:00,4.482699871063232,4.490099906921387,4.479400157928467,4.489999771118164,4.489999771118164,131,0.0,0.0
2026-10-02 14:03:00-04:00,4.489500045776367,4.490499973297119,4.48769998550415,4.4878997802734375,4.4878997802734375,35,0.0,0.0
2026-10-02 14:04:00-04:00,4.486299991607666,4.488699913024902,4.4832000732421875,4.488699913024902,4.488699913024902,70,0.0,0.0
2026-10-02 14:05:00-04:00,4.4899001121521,4.491600036621094,4.479400157928467,4.479400157928467,4.479400157928467,474,0.0,0.0
2026-10-02 14:06:00-04:00,4.480400085449219,4.4878997802734375,4.480400085449219,4.486199855804443,4.486199855804443,128,0.0,0.0
2026-10-02 14:07:00-04:00,4.487299919128418,4.490900039672852,4.486400127410889,4.489999771118164,4.489999771118164,84,0.0,0.0
2026-10-02 14:08:00-04:00,4.490900039672852,4.494800090789795,4.48799991607666,4.48799991607666,4.48799991607666,127,0.0,0.0
2026-10-02 14:09:00-04:00,4.487599849700928,4.497499942779541,4.487599849700928,4.49429988861084,4.49429988861084,107,0.0,0.0
2026-10-02 14:10:00-04:00,4.492499828338623,4.497300148010254,4.491399765014648,4.497300148010254,4.497300148010254,114,0.0,0.0
2026-10-02 14:11:00-04:00,4.499000072479248,4.500699996948242,4.495800018310547,4.497099876403809,4.497099876403809,195,0.0,0.0
2026-10-02 14:12:00-04:00,4.4969000816345215,4.497799873352051,4.490200042724609,4.490200042724609,4.490200042724609,108,0.0,0.0
2026-10-02 14:13:00-04:00,4.489999771118164,4.492499828338623,4.485199928283691,4.485899925231934,4.485899925231934,139,0.0,0.0
2026-10-02 14:14:00-04:00,4.4868998527526855,4.488100051879883,4.4822998046875,4.482399940490723,4.482399940490723,78,0.0,0.0
2026-10-02 14:15:00-04:00,4.480100154876709,4.490900039672852,4.480100154876709,4.490699768066406,4.490699768066406,170,0.0,0.0
2026-10-02 14:16:00-04:00,4.491700172424316,4.497900009155273,4.48859977722168,4.496099948883057,4.496099948883057,100,0.0,0.0
2026-10-02 14:17:00-04:00,4.496500015258789,4.50600004196167,4.496500015258789,4.50540018081665,4.50540018081665,139,0.0,0.0
2026-10-02 14:18:00-04:00,4.506800174713135,4.512700080871582,4.505799770355225,4.505799770355225,4.505799770355225,182,0.0,0.0
2026-10-02 14:19:00-04:00,4.505899906158447,4.509300231933594,4.50439977645874,4.509300231933594,4.509300231933594,63,0.0,0.0
2026-10-02 14:20:00-04:00,4.505799770355225,4.508699893951416,4.500899791717529,4.501200199127197,4.501200199127197,90,0.0,0.0
2026-10-02 14:21:00-04:00,4.501100063323975,4.506199836730957,4.49970006942749,4.505499839782715,4.505499839782715,125,0.0,0.0
2026-10-02 14:22:00-04:00,4.50540018081665,4.508500099182129,4.5040998458862305,4.508500099182129,4.508500099182129,67,0.0,0.0
2026-10-02 14:23:00-04:00,4.509099960327148,4.512899875640869,4.507599830627441,4.507599830627441,4.507599830627441,126,0.0,0.0
2026-10-02 14:24:00-04:00,4.508699893951416,4.509900093078613,4.504199981689453,4.504199981689453,4.504199981689453,133,0.0,0.0
2026-10-02 14:25:00-04:00,4.504000186920166,4.504799842834473,4.4980998039245605,4.500199794769287,4.500199794769287,231,0.0,0.0
2026-10-02 14:26:00-04:00,4.499800205230713,4.5015997886657715,4.496600151062012,4.500999927520752,4.500999927520752,187,0.0,0.0
2026-10-02 14:27:00-04:00,4.5019001960754395,4.5046000480651855,4.497900009155273,4.5046000480651855,4.5046000480651855,247,0.0,0.0
2026-10-02 14:28:00-04:00,4.5040998458862305,4.507800102233887,4.496699810028076,4.500400066375732,4.500400066375732,995,0.0,0.0
2026-10-02 14:29:00-04:00,4.499899864196777,4.503499984741211,4.497000217437744,4.502200126647949,4.502200126647949,1002,0.0,0.0
2026-10-02 14:30:00-04:00,4.502600193023682,4.513400077819824,4.502600193023682,4.509699821472168,4.509699821472168,187,0.0,0.0
2026-10-02 14:31:00-04:00,4.51039981842041,4.51140022277832,4.505499839782715,4.507900238037109,4.507900238037109,91,0.0,0.0
2026-10-02 14:32:00-04:00,4.507199764251709,4.507199764251709,4.499300003051758,4.502500057220459,4.502500057220459,121,0.0,0.0
2026-10-02 14:33:00-04:00,4.503600120544434,4.507400035858154,4.502900123596191,4.507400035858154,4.507400035858154,17,0.0,0.0
2026-10-02 14:34:00-04:00,4.508500099182129,4.510000228881836,4.505899906158447,4.510000228881836,4.510000228881836,7,0.0,0.0
2026-10-02 14:35:00-04:00,4.509799957275391,4.512199878692627,4.509799957275391,4.511300086975098,4.511300086975098,10,0.0,0.0
2026-10-02 14:36:00-04:00,4.5121002197265625,4.5121002197265625,4.509500026702881,4.509500026702881,4.509500026702881,13,0.0,0.0
2026-10-02 14:37:00-04:00,4.5121002197265625,4.514999866485596,4.5121002197265625,4.513500213623047,4.513500213623047,176,0.0,0.0
2026-10-02 14:38:00-04:00,4.515100002288818,4.518700122833252,4.514699935913086,4.517899990081787,4.517899990081787,82,0.0,0.0
2026-10-02 14:39:00-04:00,4.517499923706055,4.51800012588501,4.515900135040283,4.51609992980957,4.51609992980957,61,0.0,0.0
2026-10-02 14:40:00-04:00,4.515500068664551,4.515500068664551,4.511099815368652,4.511099815368652,4.511099815368652,46,0.0,0.0
2026-10-02 14:41:00-04:00,4.511199951171875,4.51170015335083,4.506400108337402,4.506499767303467,4.506499767303467,17,0.0,0.0
2026-10-02 14:42:00-04:00,4.508200168609619,4.513199806213379,4.507400035858154,4.509099960327148,4.509099960327148,26,0.0,0.0
2026-10-02 14:43:00-04:00,4.509200096130371,4.511099815368652,4.509200096130371,4.511099815368652,4.511099815368652,3,0.0,0.0
2026-10-02 14:44:00-04:00,4.509900093078613,4.509900093078613,4.507599830627441,4.507599830627441,4.507599830627441,43,0.0,0.0
2026-10-02 14:45:00-04:00,4.506400108337402,4.506400108337402,4.506400108337402,4.506400108337402,4.506400108337402,4,0.0,0.0
2026-10-02 14:46:00-04:00,4.506499767303467,4.506700038909912,4.504799842834473,4.50570011138916,4.50570011138916,13,0.0,0.0
2026-10-02 14:47:00-04:00,4.506199836730957,4.507800102233887,4.506199836730957,4.506899833679199,4.506899833679199,13,0.0,0.0
2026-10-02 14:48:00-04:00,4.5065999031066895,4.508600234985352,4.5065999031066895,4.508600234985352,4.508600234985352,6,0.0,0.0
2026-10-02 14:49:00-04:00,4.508600234985352,4.509900093078613,4.508600234985352,4.509900093078613,4.509900093078613,7,0.0,0.0
2026-10-02 14:50:00-04:00,4.512199878692627,4.513999938964844,4.512199878692627,4.513800144195557,4.513800144195557,19,0.0,0.0
2026-10-02 14:51:00-04:00,4.514100074768066,4.514100074768066,4.512400150299072,4.512499809265137,4.512499809265137,8,0.0,0.0
2026-10-02 14:52:00-04:00,4.513899803161621,4.514400005340576,4.512199878692627,4.512199878692627,4.512199878692627,16,0.0,0.0
2026-10-02 14:53:00-04:00,4.5117998123168945,4.5117998123168945,4.5117998123168945,4.5117998123168945,4.5117998123168945,4,0.0,0.0
2026-10-02 14:54:00-04:00,4.514699935913086,4.514999866485596,4.5142998695373535,4.5142998695373535,4.5142998695373535,7,0.0,0.0
2026-10-02 14:55:00-04:00,4.516200065612793,4.516200065612793,4.515999794006348,4.515999794006348,4.515999794006348,4,0.0,0.0
2026-10-02 14:56:00-04:00,4.516200065612793,4.517399787902832,4.516200065612793,4.516900062561035,4.516900062561035,11,0.0,0.0
2026-10-02 14:57:00-04:00,4.517000198364258,4.518899917602539,4.514599800109863,4.514599800109863,4.514599800109863,115,0.0,0.0
2026-10-02 14:58:00-04:00,4.514800071716309,4.514800071716309,4.5142998695373535,4.5142998695373535,4.5142998695373535,7,0.0,0.0
2026-10-02 14:59:00-04:00,4.515500068664551,4.517499923706055,4.515500068664551,4.515900135040283,4.515900135040283,11,0.0,0.0
2026-10-02 15:00:00-04:00,4.517000198364258,4.517000198364258,4.513299942016602,4.515900135040283,4.515900135040283,58,0.0,0.0
2026-10-02 15:01:00-04:00,4.515399932861328,4.51609992980957,4.515399932861328,4.51609992980957,4.51609992980957,3,0.0,0.0
2026-10-02 15:02:00-04:00,4.515100002288818,4.515100002288818,4.514999866485596,4.514999866485596,4.514999866485596,3,0.0,0.0
2026-10-02 15:03:00-04:00,4.516200065612793,4.516200065612793,4.5152997970581055,4.5152997970581055,4.5152997970581055,9,0.0,0.0
2026-10-02 15:04:00-04:00,4.516200065612793,4.522200107574463,4.516200065612793,4.52209997177124,4.52209997177124,82,0.0,0.0
2026-10-02 15:05:00-04:00,4.522200107574463,4.522299766540527,4.518499851226807,4.518499851226807,4.518499851226807,39,0.0,0.0
2026-10-02 15:06:00-04:00,4.51800012588501,4.51800012588501,4.517099857330322,4.517899990081787,4.517899990081787,87,0.0,0.0
2026-10-02 15:07:00-04:00,4.519100189208984,4.519199848175049,4.51669979095459,4.519199848175049,4.519199848175049,47,0.0,0.0
2026-10-02 15:08:00-04:00,4.520400047302246,4.521299839019775,4.520400047302246,4.521299839019775,4.521299839019775,5,0.0,0.0
2026-10-02 15:09:00-04:00,4.520899772644043,4.52269983291626,4.520899772644043,4.52269983291626,4.52269983291626,11,0.0,0.0
2026-10-02 15:10:00-04:00,4.521999835968018,4.526599884033203,4.521999835968018,4.526100158691406,4.526100158691406,58,0.0,0.0
2026-10-02 15:11:00-04:00,4.527599811553955,4.531599998474121,4.527599811553955,4.529900074005127,4.529900074005127,24,0.0,0.0
2026-10-02 15:12:00-04:00,4.531400203704834,4.53410005569458,4.5304999351501465,4.532100200653076,4.532100200653076,25,0.0,0.0
2026-10-02 15:13:00-04:00,4.532899856567383,4.533199787139893,4.527599811553955,4.529399871826172,4.529399871826172,12,0.0,0.0
2026-10-02 15:14:00-04:00,4.531400203704834,4.531400203704834,4.530099868774414,4.530099868774414,4.530099868774414,8,0.0,0.0
2026-10-02 15:15:00-04:00,4.5304999351501465,4.533100128173828,4.529799938201904,4.532299995422363,4.532299995422363,35,0.0,0.0
2026-10-02 15:16:00-04:00,4.5335001945495605,4.540200233459473,4.5335001945495605,4.539100170135498,4.539100170135498,50,0.0,0.0
2026-10-02 15:17:00-04:00,4.536900043487549,4.53980016708374,4.536900043487549,4.537199974060059,4.537199974060059,19,0.0,0.0
2026-10-02 15:18:00-04:00,4.536399841308594,4.538899898529053,4.534800052642822,4.5381999015808105,4.5381999015808105,26,0.0,0.0
2026-10-02 15:19:00-04:00,4.5366997718811035,4.540900230407715,4.5366997718811035,4.5381999015808105,4.5381999015808105,27,0.0,0.0
2026-10-02 15:20:00-04:00,4.538899898529053,4.540299892425537,4.5345001220703125,4.537600040435791,4.537600040435791,62,0.0,0.0
2026-10-02 15:21:00-04:00,4.537199974060059,4.537300109863281,4.536300182342529,4.536300182342529,4.536300182342529,24,0.0,0.0
2026-10-02 15:22:00-04:00,4.535900115966797,4.536600112915039,4.535900115966797,4.536600112915039,4.536600112915039,8,0.0,0.0
2026-10-02 15:23:00-04:00,4.536600112915039,4.541200160980225,4.536600112915039,4.540800094604492,4.540800094604492,34,0.0,0.0
2026-10-02 15:24:00-04:00,4.53980016708374,4.53980016708374,4.5366997718811035,4.5366997718811035,4.5366997718811035,10,0.0,0.0
2026-10-02 15:25:00-04:00,4.537700176239014,4.537700176239014,4.5370001792907715,4.5370001792907715,4.5370001792907715,31,0.0,0.0
2026-10-02 15:26:00-04:00,4.539700031280518,4.53980016708374,4.537499904632568,4.539700031280518,4.539700031280518,55,0.0,0.0
2026-10-02 15:27:00-04:00,4.541100025177002,4.541100025177002,4.541100025177002,4.541100025177002,4.541100025177002,8,0.0,0.0
2026-10-02 15:28:00-04:00,4.540800094604492,4.542500019073486,4.540800094604492,4.542099952697754,4.542099952697754,41,0.0,0.0
2026-10-02 15:29:00-04:00,4.541399955749512,4.545000076293945,4.541399955749512,4.543099880218506,4.543099880218506,97,0.0,0.0
2026-10-02 15:30:00-04:00,4.541200160980225,4.548999786376953,4.541200160980225,4.548099994659424,4.548099994659424,32,0.0,0.0
2026-10-02 15:31:00-04:00,4.5482001304626465,4.550000190734863,4.54640007019043,4.54640007019043,4.54640007019043,85,0.0,0.0
2026-10-02 15:32:00-04:00,4.547399997711182,4.548500061035156,4.546899795532227,4.548500061035156,4.548500061035156,11,0.0,0.0
2026-10-02 15:33:00-04:00,4.547100067138672,4.550099849700928,4.546800136566162,4.546800136566162,4.546800136566162,37,0.0,0.0
2026-10-02 15:34:00-04:00,4.5482001304626465,4.5482001304626465,4.54640007019043,4.547599792480469,4.547599792480469,11,0.0,0.0
2026-10-02 15:35:00-04:00,4.5472002029418945,4.550000190734863,4.5472002029418945,4.550000190734863,4.550000190734863,19,0.0,0.0
2026-10-02 15:36:00-04:00,4.549300193786621,4.554999828338623,4.549200057983398,4.553100109100342,4.553100109100342,39,0.0,0.0
2026-10-02 15:37:00-04:00,4.554699897766113,4.554699897766113,4.552299976348877,4.5528998374938965,4.5528998374938965,62,0.0,0.0
2026-10-02 15:39:00-04:00,4.554299831390381,4.5553998947143555,4.553800106048584,4.554200172424316,4.554200172424316,17,0.0,0.0
2026-10-02 15:40:00-04:00,4.554299831390381,4.5569000244140625,4.554299831390381,4.556300163269043,4.556300163269043,25,0.0,0.0
2026-10-02 15:41:00-04:00,4.558199882507324,4.558199882507324,4.557199954986572,4.557199954986572,4.557199954986572,12,0.0,0.0
2026-10-02 15:42:00-04:00,4.559299945831299,4.559299945831299,4.559299945831299,4.559299945831299,4.559299945831299,8,0.0,0.0
2026-10-02 15:43:00-04:00,4.555799961090088,4.557400226593018,4.555799961090088,4.557400226593018,4.557400226593018,10,0.0,0.0
2026-10-02 15:44:00-04:00,4.558499813079834,4.558499813079834,4.555799961090088,4.555799961090088,4.555799961090088,12,0.0,0.0
2026-10-02 15:45:00-04:00,4.5553998947143555,4.556399822235107,4.5553998947143555,4.556399822235107,4.556399822235107,10,0.0,0.0
2026-10-02 15:46:00-04:00,4.555799961090088,4.556399822235107,4.555600166320801,4.556399822235107,4.556399822235107,8,0.0,0.0
2026-10-02 15:47:00-04:00,4.55649995803833,4.55649995803833,4.554200172424316,4.554599761962891,4.554599761962891,12,0.0,0.0
2026-10-02 15:48:00-04:00,4.555500030517578,4.555500030517578,4.553599834442139,4.553599834442139,4.553599834442139,7,0.0,0.0
2026-10-02 15:49:00-04:00,4.555500030517578,4.557600021362305,4.555500030517578,4.557000160217285,4.557000160217285,30,0.0,0.0
2026-10-02 15:50:00-04:00,4.557300090789795,4.557700157165527,4.556600093841553,4.556600093841553,4.556600093841553,6,0.0,0.0
2026-10-02 15:51:00-04:00,4.556099891662598,4.556099891662598,4.553999900817871,4.553999900817871,4.553999900817871,8,0.0,0.0
2026-10-02 15:52:00-04:00,4.5543999671936035,4.5543999671936035,4.551400184631348,4.551400184631348,4.551400184631348,9,0.0,0.0
2026-10-02 15:53:00-04:00,4.55210018157959,4.55210018157959,4.550899982452393,4.55109977722168,4.55109977722168,5,0.0,0.0
2026-10-02 15:54:00-04:00,4.550099849700928,4.55019998550415,4.549200057983398,4.549900054931641,4.549900054931641,16,0.0,0.0
2026-10-02 15:55:00-04:00,4.55109977722168,4.552199840545654,4.55109977722168,4.552199840545654,4.552199840545654,26,0.0,0.0
2026-10-02 15:56:00-04:00,4.551400184631348,4.551400184631348,4.551400184631348,4.551400184631348,4.551400184631348,9,0.0,0.0
2026-10-02 15:57:00-04:00,4.55049991607666,4.55049991607666,4.55049991607666,4.55049991607666,4.55049991607666,6,0.0,0.0
2026-10-02 15:58:00-04:00,4.548399925231934,4.548399925231934,4.548399925231934,4.548399925231934,4.548399925231934,3,0.0,0.0
2026-10-02 15:59:00-04:00,4.549799919128418,4.555300235748291,4.549799919128418,4.553599834442139,4.553599834442139,32,0.0,0.0
2026-10-02 16:00:00-04:00,4.553599834442139,4.563499927520752,4.547999858856201,4.562600135803223,4.562600135803223,42,0.0,0.0
2026-10-02 16:01:00-04:00,4.560699939727783,4.56220006942749,4.559899806976318,4.56220006942749,4.56220006942749,140,0.0,0.0
2026-10-02 16:02:00-04:00,4.562900066375732,4.570000171661377,4.559199810028076,4.559999942779541,4.559999942779541,140,0.0,0.0
2026-10-02 16:03:00-04:00,4.5625,4.5630998611450195,4.559999942779541,4.561200141906738,4.561200141906738,11,0.0,0.0
2026-10-02 16:04:00-04:00,4.560999870300293,4.561500072479248,4.557199954986572,4.561500072479248,4.561500072479248,50,0.0,0.0
2026-10-02 16:05:00-04:00,4.561100006103516,4.561100006103516,4.557400226593018,4.558800220489502,4.558800220489502,15,0.0,0.0
2026-10-02 16:07:00-04:00,4.559700012207031,4.559700012207031,4.549900054931641,4.554299831390381,4.554299831390381,215,0.0,0.0
2026-10-02 16:08:00-04:00,4.556000232696533,4.556000232696533,4.550899982452393,4.553100109100342,4.553100109100342,41,0.0,0.0
2026-10-02 16:09:00-04:00,4.551499843597412,4.551700115203857,4.551499843597412,4.551700115203857,4.551700115203857,24,0.0,0.0
2026-10-02 16:10:00-04:00,4.553500175476074,4.555799961090088,4.553500175476074,4.554200172424316,4.554200172424316,14,0.0,0.0
2026-10-02 16:11:00-04:00,4.554999828338623,4.556300163269043,4.554900169372559,4.554900169372559,4.554900169372559,12,0.0,0.0
2026-10-02 16:12:00-04:00,4.555799961090088,4.557400226593018,4.555099964141846,4.557400226593018,4.557400226593018,16,0.0,0.0
2026-10-02 16:13:00-04:00,4.553199768066406,4.553199768066406,4.553100109100342,4.553199768066406,4.553199768066406,5,0.0,0.0
2026-10-02 16:14:00-04:00,4.5507001876831055,4.553999900817871,4.548999786376953,4.553999900817871,4.553999900817871,55,0.0,0.0
2026-10-02 16:15:00-04:00,4.551700115203857,4.551700115203857,4.548699855804443,4.549200057983398,4.549200057983398,10,0.0,0.0
2026-10-02 16:16:00-04:00,4.547999858856201,4.550000190734863,4.547999858856201,4.550000190734863,4.550000190734863,18,0.0,0.0
2026-10-02 16:17:00-04:00,4.550000190734863,4.551799774169922,4.550000190734863,4.551799774169922,4.551799774169922,40,0.0,0.0
2026-10-02 16:18:00-04:00,4.5503997802734375,4.550899982452393,4.5503997802734375,4.55049991607666,4.55049991607666,66,0.0,0.0
2026-10-02 16:19:00-04:00,4.549900054931641,4.5507001876831055,4.549900054931641,4.5507001876831055,4.5507001876831055,15,0.0,0.0
2026-10-02 16:20:00-04:00,4.550000190734863,4.552800178527832,4.550000190734863,4.552800178527832,4.552800178527832,43,0.0,0.0
2026-10-02 16:21:00-04:00,4.552800178527832,4.554299831390381,4.552800178527832,4.554299831390381,4.554299831390381,5,0.0,0.0
2026-10-02 16:22:00-04:00,4.554999828338623,4.560299873352051,4.554999828338623,4.55810022354126,4.55810022354126,84,0.0,0.0
2026-10-02 16:23:00-04:00,4.557799816131592,4.557799816131592,4.557199954986572,4.557199954986572,4.557199954986572,4,0.0,0.0
2026-10-02 16:24:00-04:00,4.556000232696533,4.559199810028076,4.556000232696533,4.559199810028076,4.559199810028076,26,0.0,0.0
2026-10-02 16:25:00-04:00,4.559299945831299,4.561399936676025,4.559299945831299,4.561100006103516,4.561100006103516,4,0.0,0.0
2026-10-02 16:26:00-04:00,4.559899806976318,4.561999797821045,4.559899806976318,4.561999797821045,4.561999797821045,81,0.0,0.0
2026-10-02 16:27:00-04:00,4.562300205230713,4.562300205230713,4.560699939727783,4.561200141906738,4.561200141906738,9,0.0,0.0
2026-10-02 16:28:00-04:00,4.559599876403809,4.559599876403809,4.557499885559082,4.557499885559082,4.557499885559082,10,0.0,0.0
2026-10-02 16:29:00-04:00,4.559100151062012,4.5594000816345215,4.556700229644775,4.556700229644775,4.556700229644775,6,0.0,0.0
2026-10-02 16:31:00-04:00,4.55679988861084,4.557300090789795,4.5559000968933105,4.557300090789795,4.557300090789795,6,0.0,0.0
2026-10-02 16:32:00-04:00,4.5584001541137695,4.5584001541137695,4.558199882507324,4.558199882507324,4.558199882507324,3,0.0,0.0
2026-10-02 16:33:00-04:00,4.558800220489502,4.5594000816345215,4.558800220489502,4.5594000816345215,4.5594000816345215,16,0.0,0.0
2026-10-02 16:34:00-04:00,4.5630998611450195,4.5630998611450195,4.5630998611450195,4.5630998611450195,4.5630998611450195,31,0.0,0.0
2026-10-02 16:35:00-04:00,4.563000202178955,4.566999912261963,4.562900066375732,4.566999912261963,4.566999912261963,7,0.0,0.0
2026-10-02 16:36:00-04:00,4.565299987792969,4.565299987792969,4.564199924468994,4.564199924468994,4.564199924468994,3,0.0,0.0
2026-10-02 16:37:00-04:00,4.565800189971924,4.56850004196167,4.565800189971924,4.56850004196167,4.56850004196167,71,0.0,0.0
2026-10-02 16:38:00-04:00,4.568299770355225,4.56879997253418,4.567599773406982,4.56879997253418,4.56879997253418,15,0.0,0.0
2026-10-02 16:39:00-04:00,4.567800045013428,4.567800045013428,4.5671000480651855,4.5671000480651855,4.5671000480651855,5,0.0,0.0
2026-10-02 16:40:00-04:00,4.567599773406982,4.568299770355225,4.567599773406982,4.568299770355225,4.568299770355225,2,0.0,0.0
2026-10-02 16:41:00-04:00,4.567599773406982,4.568299770355225,4.565999984741211,4.565999984741211,4.565999984741211,6,0.0,0.0
2026-10-02 16:42:00-04:00,4.568299770355225,4.568299770355225,4.568299770355225,4.568299770355225,4.568299770355225,4,0.0,0.0
2026-10-02 16:43:00-04:00,4.5655999183654785,4.567299842834473,4.5655999183654785,4.567299842834473,4.567299842834473,5,0.0,0.0
2026-10-02 16:44:00-04:00,4.5665998458862305,4.5665998458862305,4.5665998458862305,4.5665998458862305,4.5665998458862305,1,0.0,0.0
2026-10-02 16:45:00-04:00,4.565999984741211,4.565999984741211,4.565100193023682,4.5655999183654785,4.5655999183654785,9,0.0,0.0
2026-10-02 16:46:00-04:00,4.564599990844727,4.565499782562256,4.563000202178955,4.565499782562256,4.565499782562256,8,0.0,0.0
2026-10-02 16:47:00-04:00,4.563300132751465,4.564000129699707,4.563300132751465,4.563300132751465,4.563300132751465,13,0.0,0.0
2026-10-02 16:48:00-04:00,4.560200214385986,4.5619001388549805,4.559000015258789,4.559000015258789,4.559000015258789,12,0.0,0.0
2026-10-02 16:49:00-04:00,4.559000015258789,4.5594000816345215,4.5569000244140625,4.5594000816345215,4.5594000816345215,28,0.0,0.0
2026-10-02 16:50:00-04:00,4.558800220489502,4.559299945831299,4.55679988861084,4.557400226593018,4.557400226593018,23,0.0,0.0
2026-10-02 16:51:00-04:00,4.555500030517578,4.55679988861084,4.554699897766113,4.554699897766113,4.554699897766113,16,0.0,0.0
2026-10-02 16:52:00-04:00,4.558899879455566,4.559199810028076,4.555300235748291,4.555300235748291,4.555300235748291,26,0.0,0.0
2026-10-02 16:53:00-04:00,4.551700115203857,4.552599906921387,4.55109977722168,4.552299976348877,4.552299976348877,8,0.0,0.0
2026-10-02 16:54:00-04:00,4.55109977722168,4.552000045776367,4.548799991607666,4.55049991607666,4.55049991607666,32,0.0,0.0
2026-10-02 16:55:00-04:00,4.55210018157959,4.553599834442139,4.55210018157959,4.553599834442139,4.553599834442139,18,0.0,0.0
2026-10-02 16:56:00-04:00,4.553599834442139,4.559700012207031,4.553599834442139,4.559700012207031,4.559700012207031,12,0.0,0.0
2026-10-02 16:57:00-04:00,4.559299945831299,4.559500217437744,4.5578999519348145,4.55810022354126,4.55810022354126,4,0.0,0.0
2026-10-02 16:58:00-04:00,4.55810022354126,4.558199882507324,4.55810022354126,4.558199882507324,4.558199882507324,6,0.0,0.0
2026-10-02 16:59:00-04:00,4.55709981918335,4.562399864196777,4.501100063323975,4.501100063323975,4.501100063323975,7,0.0,0.0
2026-10-04 18:10:00-04:00,4.563499927520752,4.563499927520752,4.561500072479248,4.561500072479248,4.561500072479248,0,0.0,0.0
2026-10-04 18:11:00-04:00,4.55109977722168,4.55109977722168,4.550000190734863,4.550000190734863,4.550000190734863,40,0.0,0.0
2026-10-04 18:12:00-04:00,4.55019998550415,4.550300121307373,4.55019998550415,4.550300121307373,4.550300121307373,8,0.0,0.0
2026-10-04 18:14:00-04:00,4.551700115203857,4.551700115203857,4.551700115203857,4.551700115203857,4.551700115203857,2,0.0,0.0
2026-10-04 18:15:00-04:00,4.554999828338623,4.554999828338623,4.554999828338623,4.554999828338623,4.554999828338623,1,0.0,0.0
2026-10-04 18:17:00-04:00,4.5625,4.5625,4.5625,4.5625,4.5625,2,0.0,0.0
2026-10-04 18:19:00-04:00,4.556300163269043,4.556300163269043,4.555699825286865,4.555699825286865,4.555699825286865,8,0.0,0.0
2026-10-04 18:20:00-04:00,4.554999828338623,4.55679988861084,4.554999828338623,4.55679988861084,4.55679988861084,4,0.0,0.0
2026-10-04 18:21:00-04:00,4.5569000244140625,4.5569000244140625,4.5569000244140625,4.5569000244140625,4.5569000244140625,1,0.0,0.0
2026-10-04 18:22:00-04:00,4.558800220489502,4.558800220489502,4.558599948883057,4.558599948883057,4.558599948883057,3,0.0,0.0
2026-10-04 18:24:00-04:00,4.556600093841553,4.556600093841553,4.556399822235107,4.556399822235107,4.556399822235107,3,0.0,0.0
2026-10-04 18:25:00-04:00,4.554699897766113,4.554699897766113,4.5528998374938965,4.5528998374938965,4.5528998374938965,2,0.0,0.0
2026-10-04 18:26:00-04:00,4.5528998374938965,4.5528998374938965,4.5528998374938965,4.5528998374938965,4.5528998374938965,2,0.0,0.0
2026-10-04 18:29:00-04:00,4.5559000968933105,4.5559000968933105,4.5559000968933105,4.5559000968933105,4.5559000968933105,1,0.0,0.0
2026-10-04 18:30:00-04:00,4.553899765014648,4.554200172424316,4.553899765014648,4.554200172424316,4.554200172424316,3,0.0,0.0
2026-10-04 18:31:00-04:00,4.551199913024902,4.5578999519348145,4.551199913024902,4.5578999519348145,4.5578999519348145,13,0.0,0.0
2026-10-04 18:32:00-04:00,4.552499771118164,4.552700042724609,4.552499771118164,4.552700042724609,4.552700042724609,4,0.0,0.0
2026-10-04 18:33:00-04:00,4.549200057983398,4.549200057983398,4.548999786376953,4.548999786376953,4.548999786376953,5,0.0,0.0
2026-10-04 18:34:00-04:00,4.550600051879883,4.550600051879883,4.550600051879883,4.550600051879883,4.550600051879883,1,0.0,0.0
2026-10-04 18:35:00-04:00,4.549499988555908,4.549499988555908,4.549300193786621,4.549300193786621,4.549300193786621,3,0.0,0.0
2026-10-04 18:39:00-04:00,4.5447998046875,4.5447998046875,4.5447998046875,4.5447998046875,4.5447998046875,1,0.0,0.0
2026-10-04 18:42:00-04:00,4.534999847412109,4.539100170135498,4.531199932098389,4.535399913787842,4.535399913787842,10,0.0,0.0
2026-10-04 18:43:00-04:00,4.53000020980835,4.532199859619141,4.53000020980835,4.53000020980835,4.53000020980835,94,0.0,0.0
2026-10-04 18:46:00-04:00,4.536200046539307,4.536200046539307,4.536200046539307,4.536200046539307,4.536200046539307,1,0.0,0.0
2026-10-04 18:48:00-04:00,4.534900188446045,4.535999774932861,4.534900188446045,4.535999774932861,4.535999774932861,2,0.0,0.0
2026-10-04 18:52:00-04:00,4.537899971008301,4.539899826049805,4.537899971008301,4.539899826049805,4.539899826049805,23,0.0,0.0
2026-10-04 18:55:00-04:00,4.538000106811523,4.541999816894531,4.538000106811523,4.541999816894531,4.541999816894531,21,0.0,0.0
2026-10-04 18:56:00-04:00,4.546999931335449,4.546999931335449,4.546999931335449,4.546999931335449,4.546999931335449,1,0.0,0.0
2026-10-04 18:59:00-04:00,4.5472002029418945,4.5472002029418945,4.5472002029418945,4.5472002029418945,4.5472002029418945,24,0.0,0.0
2026-10-04 19:02:00-04:00,4.549799919128418,4.549799919128418,4.549799919128418,4.549799919128418,4.549799919128418,21,0.0,0.0
2026-10-04 19:03:00-04:00,4.547699928283691,4.547699928283691,4.547699928283691,4.547699928283691,4.547699928283691,3,0.0,0.0
2026-10-04 19:05:00-04:00,4.54640007019043,4.548399925231934,4.545000076293945,4.545000076293945,4.545000076293945,5,0.0,0.0
2026-10-04 19:12:00-04:00,4.539999961853027,4.539999961853027,4.539999961853027,4.539999961853027,4.539999961853027,1,0.0,0.0
2026-10-04 19:16:00-04:00,4.540500164031982,4.540500164031982,4.5381999015808105,4.538400173187256,4.538400173187256,18,0.0,0.0
2026-10-04 19:37:00-04:00,4.543499946594238,4.543499946594238,4.543499946594238,4.543499946594238,4.543499946594238,2,0.0,0.0
2026-10-04 19:39:00-04:00,4.542799949645996,4.542799949645996,4.542799949645996,4.542799949645996,4.542799949645996,1,0.0,0.0
2026-10-04 19:42:00-04:00,4.541399955749512,4.541399955749512,4.541399955749512,4.541399955749512,4.541399955749512,2,0.0,0.0
2026-10-04 19:43:00-04:00,4.542799949645996,4.542799949645996,4.539599895477295,4.539599895477295,4.539599895477295,6,0.0,0.0
2026-10-04 19:44:00-04:00,4.540800094604492,4.540800094604492,4.538400173187256,4.538400173187256,4.538400173187256,2,0.0,0.0
2026-10-04 19:45:00-04:00,4.540800094604492,4.542200088500977,4.540299892425537,4.540299892425537,4.540299892425537,4,0.0,0.0
2026-10-04 19:46:00-04:00,4.542799949645996,4.542799949645996,4.540200233459473,4.541800022125244,4.541800022125244,4,0.0,0.0
2026-10-04 19:47:00-04:00,4.538899898529053,4.539999961853027,4.538000106811523,4.538000106811523,4.538000106811523,6,0.0,0.0
2026-10-04 19:50:00-04:00,4.537099838256836,4.538899898529053,4.537099838256836,4.538899898529053,4.538899898529053,17,0.0,0.0
2026-10-04 19:53:00-04:00,4.53879976272583,4.53879976272583,4.53879976272583,4.53879976272583,4.53879976272583,1,0.0,0.0
2026-10-04 19:54:00-04:00,4.5366997718811035,4.5366997718811035,4.5366997718811035,4.5366997718811035,4.5366997718811035,1,0.0,0.0
2026-10-04 19:55:00-04:00,4.535799980163574,4.535799980163574,4.535799980163574,4.535799980163574,4.535799980163574,1,0.0,0.0
2026-10-04 20:00:00-04:00,4.532800197601318,4.532800197601318,4.532800197601318,4.532800197601318,4.532800197601318,2,0.0,0.0
2026-10-04 20:01:00-04:00,4.535399913787842,4.535399913787842,4.533699989318848,4.533699989318848,4.533699989318848,3,0.0,0.0
2026-10-04 20:02:00-04:00,4.5329999923706055,4.5329999923706055,4.53000020980835,4.531300067901611,4.531300067901611,4,0.0,0.0
2026-10-04 20:03:00-04:00,4.531499862670898,4.531499862670898,4.531499862670898,4.531499862670898,4.531499862670898,1,0.0,0.0
2026-10-04 20:04:00-04:00,4.527299880981445,4.528200149536133,4.522900104522705,4.52400016784668,4.52400016784668,7,0.0,0.0
2026-10-04 20:05:00-04:00,4.524099826812744,4.524099826812744,4.524099826812744,4.524099826812744,4.524099826812744,1,0.0,0.0
2026-10-04 20:06:00-04:00,4.524400234222412,4.524400234222412,4.524400234222412,4.524400234222412,4.524400234222412,1,0.0,0.0
2026-10-04 20:07:00-04:00,4.525700092315674,4.5269999504089355,4.524499893188477,4.5269999504089355,4.5269999504089355,19,0.0,0.0
2026-10-04 20:08:00-04:00,4.525599956512451,4.531400203704834,4.525599956512451,4.531400203704834,4.531400203704834,3,0.0,0.0
2026-10-04 20:09:00-04:00,4.5345001220703125,4.5345001220703125,4.531300067901611,4.531300067901611,4.531300067901611,5,0.0,0.0
2026-10-04 20:10:00-04:00,4.530600070953369,4.530600070953369,4.530600070953369,4.530600070953369,4.530600070953369,1,0.0,0.0
2026-10-04 20:11:00-04:00,4.529699802398682,4.529799938201904,4.5289998054504395,4.5289998054504395,4.5289998054504395,5,0.0,0.0
2026-10-04 20:12:00-04:00,4.530300140380859,4.533299922943115,4.530300140380859,4.533299922943115,4.533299922943115,2,0.0,0.0
2026-10-04 20:13:00-04:00,4.533100128173828,4.533100128173828,4.531400203704834,4.531400203704834,4.531400203704834,6,0.0,0.0
2026-10-04 20:14:00-04:00,4.531199932098389,4.532199859619141,4.530700206756592,4.531700134277344,4.531700134277344,7,0.0,0.0
2026-10-04 20:15:00-04:00,4.527299880981445,4.527299880981445,4.5243000984191895,4.5243000984191895,4.5243000984191895,3,0.0,0.0
2026-10-04 20:16:00-04:00,4.526100158691406,4.5278000831604,4.524099826812744,4.5278000831604,4.5278000831604,3,0.0,0.0
2026-10-04 20:17:00-04:00,4.52810001373291,4.52810001373291,4.524700164794922,4.524700164794922,4.524700164794922,3,0.0,0.0
2026-10-04 20:18:00-04:00,4.5269999504089355,4.530700206756592,4.5269999504089355,4.5295000076293945,4.5295000076293945,7,0.0,0.0
2026-10-04 20:19:00-04:00,4.526400089263916,4.52839994430542,4.526400089263916,4.52839994430542,4.52839994430542,2,0.0,0.0
2026-10-04 20:21:00-04:00,4.521699905395508,4.521699905395508,4.521699905395508,4.521699905395508,4.521699905395508,1,0.0,0.0
2026-10-04 20:22:00-04:00,4.519999980926514,4.519999980926514,4.519999980926514,4.519999980926514,4.519999980926514,1,0.0,0.0
2026-10-04 20:24:00-04:00,4.526800155639648,4.526800155639648,4.526800155639648,4.526800155639648,4.526800155639648,1,0.0,0.0
2026-10-04 20:25:00-04:00,4.526100158691406,4.526100158691406,4.525100231170654,4.525100231170654,4.525100231170654,2,0.0,0.0
2026-10-04 20:26:00-04:00,4.526899814605713,4.530700206756592,4.525700092315674,4.528600215911865,4.528600215911865,8,0.0,0.0
2026-10-04 20:27:00-04:00,4.52839994430542,4.529399871826172,4.52839994430542,4.528900146484375,4.528900146484375,6,0.0,0.0
2026-10-04 20:28:00-04:00,4.527699947357178,4.528900146484375,4.527699947357178,4.528900146484375,4.528900146484375,9,0.0,0.0
2026-10-04 20:30:00-04:00,4.528900146484375,4.528900146484375,4.527400016784668,4.527400016784668,4.527400016784668,2,0.0,0.0
2026-10-04 20:31:00-04:00,4.527200222015381,4.528500080108643,4.527200222015381,4.528500080108643,4.528500080108643,8,0.0,0.0
2026-10-04 20:33:00-04:00,4.526100158691406,4.526100158691406,4.5243000984191895,4.5243000984191895,4.5243000984191895,4,0.0,0.0
2026-10-04 20:34:00-04:00,4.523900032043457,4.524799823760986,4.523200035095215,4.524799823760986,4.524799823760986,9,0.0,0.0
2026-10-04 20:36:00-04:00,4.527699947357178,4.529300212860107,4.5269999504089355,4.529300212860107,4.529300212860107,3,0.0,0.0
2026-10-04 20:37:00-04:00,4.529200077056885,4.529300212860107,4.529200077056885,4.529300212860107,4.529300212860107,2,0.0,0.0
2026-10-04 20:40:00-04:00,4.526400089263916,4.526400089263916,4.526400089263916,4.526400089263916,4.526400089263916,8,0.0,0.0
2026-10-04 20:41:00-04:00,4.527900218963623,4.52810001373291,4.527900218963623,4.52810001373291,4.52810001373291,3,0.0,0.0
2026-10-04 20:42:00-04:00,4.527699947357178,4.527699947357178,4.527699947357178,4.527699947357178,4.527699947357178,1,0.0,0.0
2026-10-04 20:44:00-04:00,4.532400131225586,4.532400131225586,4.532400131225586,4.532400131225586,4.532400131225586,1,0.0,0.0
2026-10-04 20:45:00-04:00,4.529300212860107,4.529300212860107,4.529300212860107,4.529300212860107,4.529300212860107,1,0.0,0.0
2026-10-04 20:46:00-04:00,4.531300067901611,4.531300067901611,4.531300067901611,4.531300067901611,4.531300067901611,1,0.0,0.0
2026-10-04 20:47:00-04:00,4.532199859619141,4.532199859619141,4.531499862670898,4.531700134277344,4.531700134277344,9,0.0,0.0
2026-10-04 20:49:00-04:00,4.52869987487793,4.530799865722656,4.52869987487793,4.530099868774414,4.530099868774414,6,0.0,0.0
2026-10-04 20:50:00-04:00,4.530099868774414,4.530200004577637,4.526800155639648,4.52839994430542,4.52839994430542,8,0.0,0.0
2026-10-04 20:51:00-04:00,4.528200149536133,4.528200149536133,4.526800155639648,4.526800155639648,4.526800155639648,3,0.0,0.0
2026-10-04 20:52:00-04:00,4.52839994430542,4.528500080108643,4.5278000831604,4.5278000831604,4.5278000831604,9,0.0,0.0
2026-10-04 20:53:00-04:00,4.528900146484375,4.528900146484375,4.5243000984191895,4.5243000984191895,4.5243000984191895,4,0.0,0.0
2026-10-04 20:54:00-04:00,4.5269999504089355,4.528800010681152,4.526000022888184,4.528800010681152,4.528800010681152,7,0.0,0.0
2026-10-04 20:55:00-04:00,4.530399799346924,4.5320000648498535,4.529900074005127,4.5320000648498535,4.5320000648498535,3,0.0,0.0
2026-10-04 20:56:00-04:00,4.5289998054504395,4.5289998054504395,4.5289998054504395,4.5289998054504395,4.5289998054504395,1,0.0,0.0
2026-10-04 20:57:00-04:00,4.530600070953369,4.530600070953369,4.530600070953369,4.530600070953369,4.530600070953369,1,0.0,0.0
2026-10-04 20:58:00-04:00,4.5279998779296875,4.5279998779296875,4.5279998779296875,4.5279998779296875,4.5279998779296875,1,0.0,0.0
2026-10-04 20:59:00-04:00,4.525700092315674,4.525700092315674,4.525700092315674,4.525700092315674,4.525700092315674,1,0.0,0.0
2026-10-04 21:01:00-04:00,4.529900074005127,4.533599853515625,4.529900074005127,4.533599853515625,4.533599853515625,7,0.0,0.0
2026-10-04 21:02:00-04:00,4.535299777984619,4.535299777984619,4.533299922943115,4.533299922943115,4.533299922943115,5,0.0,0.0
2026-10-04 21:03:00-04:00,4.535099983215332,4.539999961853027,4.535099983215332,4.5381999015808105,4.5381999015808105,14,0.0,0.0
2026-10-04 21:04:00-04:00,4.538400173187256,4.540200233459473,4.538400173187256,4.53879976272583,4.53879976272583,9,0.0,0.0
2026-10-04 21:06:00-04:00,4.534200191497803,4.534200191497803,4.534200191497803,4.534200191497803,4.534200191497803,1,0.0,0.0
2026-10-04 21:07:00-04:00,4.537399768829346,4.537399768829346,4.537399768829346,4.537399768829346,4.537399768829346,1,0.0,0.0
2026-10-04 21:09:00-04:00,4.542300224304199,4.542300224304199,4.541900157928467,4.541900157928467,4.541900157928467,3,0.0,0.0
2026-10-04 21:11:00-04:00,4.542699813842773,4.542699813842773,4.542699813842773,4.542699813842773,4.542699813842773,2,0.0,0.0
2026-10-04 21:12:00-04:00,4.537499904632568,4.5406999588012695,4.537399768829346,4.53879976272583,4.53879976272583,8,0.0,0.0
2026-10-04 21:13:00-04:00,4.535699844360352,4.535699844360352,4.531400203704834,4.532400131225586,4.532400131225586,7,0.0,0.0
2026-10-04 21:15:00-04:00,4.532400131225586,4.532400131225586,4.531499862670898,4.531499862670898,4.531499862670898,2,0.0,0.0
2026-10-04 21:16:00-04:00,4.530700206756592,4.530700206756592,4.530700206756592,4.530700206756592,4.530700206756592,1,0.0,0.0
2026-10-04 21:18:00-04:00,4.531599998474121,4.531599998474121,4.5295000076293945,4.5295000076293945,4.5295000076293945,2,0.0,0.0
2026-10-04 21:21:00-04:00,4.529200077056885,4.529200077056885,4.529099941253662,4.529099941253662,4.529099941253662,4,0.0,0.0
2026-10-04 21:22:00-04:00,4.529900074005127,4.529900074005127,4.529900074005127,4.529900074005127,4.529900074005127,1,0.0,0.0
2026-10-04 21:26:00-04:00,4.5258002281188965,4.5258002281188965,4.5258002281188965,4.5258002281188965,4.5258002281188965,2,0.0,0.0
2026-10-04 21:27:00-04:00,4.526899814605713,4.526899814605713,4.526199817657471,4.526599884033203,4.526599884033203,8,0.0,0.0
2026-10-04 21:28:00-04:00,4.525599956512451,4.525599956512451,4.522500038146973,4.524400234222412,4.524400234222412,27,0.0,0.0
2026-10-04 21:29:00-04:00,4.524400234222412,4.524400234222412,4.520999908447266,4.521200180053711,4.521200180053711,17,0.0,0.0
2026-10-04 21:30:00-04:00,4.519999980926514,4.519999980926514,4.51800012588501,4.5192999839782715,4.5192999839782715,5,0.0,0.0
2026-10-04 21:31:00-04:00,4.520199775695801,4.520199775695801,4.516200065612793,4.516200065612793,4.516200065612793,4,0.0,0.0
2026-10-04 21:32:00-04:00,4.515399932861328,4.515399932861328,4.515399932861328,4.515399932861328,4.515399932861328,3,0.0,0.0
2026-10-04 21:34:00-04:00,4.518400192260742,4.521299839019775,4.51800012588501,4.521299839019775,4.521299839019775,6,0.0,0.0
2026-10-04 21:35:00-04:00,4.52239990234375,4.526100158691406,4.52239990234375,4.526100158691406,4.526100158691406,5,0.0,0.0
2026-10-04 21:36:00-04:00,4.524600028991699,4.524600028991699,4.524600028991699,4.524600028991699,4.524600028991699,1,0.0,0.0
2026-10-04 21:37:00-04:00,4.525199890136719,4.525199890136719,4.525199890136719,4.525199890136719,4.525199890136719,1,0.0,0.0
2026-10-04 21:38:00-04:00,4.523099899291992,4.523099899291992,4.523099899291992,4.523099899291992,4.523099899291992,1,0.0,0.0
2026-10-04 21:41:00-04:00,4.52400016784668,4.52400016784668,4.522799968719482,4.52370023727417,4.52370023727417,11,0.0,0.0
2026-10-04 21:42:00-04:00,4.524499893188477,4.524499893188477,4.523200035095215,4.523200035095215,4.523200035095215,3,0.0,0.0
2026-10-04 21:43:00-04:00,4.521599769592285,4.521599769592285,4.521599769592285,4.521599769592285,4.521599769592285,2,0.0,0.0
2026-10-04 21:44:00-04:00,4.522900104522705,4.522900104522705,4.522900104522705,4.522900104522705,4.522900104522705,1,0.0,0.0
2026-10-04 21:45:00-04:00,4.521599769592285,4.523600101470947,4.520999908447266,4.52269983291626,4.52269983291626,19,0.0,0.0
2026-10-04 21:46:00-04:00,4.523600101470947,4.523600101470947,4.523600101470947,4.523600101470947,4.523600101470947,7,0.0,0.0
2026-10-04 21:47:00-04:00,4.521100044250488,4.521100044250488,4.521100044250488,4.521100044250488,4.521100044250488,1,0.0,0.0
2026-10-04 21:49:00-04:00,4.521999835968018,4.521999835968018,4.521999835968018,4.521999835968018,4.521999835968018,3,0.0,0.0
2026-10-04 21:50:00-04:00,4.520299911499023,4.520299911499023,4.520299911499023,4.520299911499023,4.520299911499023,1,0.0,0.0
2026-10-04 21:51:00-04:00,4.519499778747559,4.519499778747559,4.519499778747559,4.519499778747559,4.519499778747559,1,0.0,0.0
2026-10-04 21:56:00-04:00,4.525599956512451,4.525599956512451,4.525599956512451,4.525599956512451,4.525599956512451,1,0.0,0.0
2026-10-04 21:57:00-04:00,4.527599811553955,4.527599811553955,4.527599811553955,4.527599811553955,4.527599811553955,3,0.0,0.0
2026-10-04 21:58:00-04:00,4.528299808502197,4.528299808502197,4.528299808502197,4.528299808502197,4.528299808502197,3,0.0,0.0
2026-10-04 22:01:00-04:00,4.52839994430542,4.52839994430542,4.52839994430542,4.52839994430542,4.52839994430542,1,0.0,0.0
2026-10-04 22:02:00-04:00,4.526400089263916,4.526599884033203,4.526400089263916,4.526599884033203,4.526599884033203,2,0.0,0.0
2026-10-04 22:03:00-04:00,4.525899887084961,4.525899887084961,4.525899887084961,4.525899887084961,4.525899887084961,1,0.0,0.0
2026-10-04 22:04:00-04:00,4.522500038146973,4.522500038146973,4.518799781799316,4.518799781799316,4.518799781799316,5,0.0,0.0
2026-10-04 22:06:00-04:00,4.51800012588501,4.51800012588501,4.51800012588501,4.51800012588501,4.51800012588501,1,0.0,0.0
2026-10-04 22:07:00-04:00,4.519499778747559,4.519499778747559,4.519499778747559,4.519499778747559,4.519499778747559,1,0.0,0.0
2026-10-04 22:09:00-04:00,4.518099784851074,4.518099784851074,4.518099784851074,4.518099784851074,4.518099784851074,1,0.0,0.0
2026-10-04 22:10:00-04:00,4.514999866485596,4.514999866485596,4.514999866485596,4.514999866485596,4.514999866485596,1,0.0,0.0
2026-10-04 22:11:00-04:00,4.520299911499023,4.520299911499023,4.520299911499023,4.520299911499023,4.520299911499023,1,0.0,0.0
2026-10-04 22:13:00-04:00,4.520199775695801,4.521900177001953,4.520100116729736,4.521900177001953,4.521900177001953,6,0.0,0.0
2026-10-04 22:14:00-04:00,4.521399974822998,4.521399974822998,4.521399974822998,4.521399974822998,4.521399974822998,5,0.0,0.0
2026-10-04 22:16:00-04:00,4.520199775695801,4.520299911499023,4.520199775695801,4.520299911499023,4.520299911499023,4,0.0,0.0
2026-10-04 22:17:00-04:00,4.520999908447266,4.520999908447266,4.520999908447266,4.520999908447266,4.520999908447266,2,0.0,0.0
2026-10-04 22:20:00-04:00,4.521399974822998,4.521399974822998,4.521399974822998,4.521399974822998,4.521399974822998,2,0.0,0.0
2026-10-04 22:21:00-04:00,4.518099784851074,4.520400047302246,4.51800012588501,4.518499851226807,4.518499851226807,7,0.0,0.0
2026-10-04 22:22:00-04:00,4.519700050354004,4.519700050354004,4.519700050354004,4.519700050354004,4.519700050354004,1,0.0,0.0
2026-10-04 22:26:00-04:00,4.517899990081787,4.517899990081787,4.517899990081787,4.517899990081787,4.517899990081787,2,0.0,0.0
2026-10-04 22:27:00-04:00,4.518400192260742,4.518400192260742,4.518400192260742,4.518400192260742,4.518400192260742,1,0.0,0.0
2026-10-04 22:28:00-04:00,4.517300128936768,4.517300128936768,4.517300128936768,4.517300128936768,4.517300128936768,1,0.0,0.0
2026-10-04 22:32:00-04:00,4.520599842071533,4.520599842071533,4.518799781799316,4.518799781799316,4.518799781799316,3,0.0,0.0
2026-10-04 22:33:00-04:00,4.518799781799316,4.518799781799316,4.517899990081787,4.517899990081787,4.517899990081787,2,0.0,0.0
2026-10-04 22:34:00-04:00,4.517499923706055,4.517499923706055,4.517499923706055,4.517499923706055,4.517499923706055,1,0.0,0.0
2026-10-04 22:35:00-04:00,4.517399787902832,4.5177998542785645,4.517399787902832,4.5177998542785645,4.5177998542785645,3,0.0,0.0
2026-10-04 22:37:00-04:00,4.517300128936768,4.517300128936768,4.517300128936768,4.517300128936768,4.517300128936768,2,0.0,0.0
2026-10-04 22:39:00-04:00,4.5229997634887695,4.525300025939941,4.5229997634887695,4.525300025939941,4.525300025939941,5,0.0,0.0
2026-10-04 22:40:00-04:00,4.525199890136719,4.525199890136719,4.525199890136719,4.525199890136719,4.525199890136719,1,0.0,0.0
2026-10-04 22:41:00-04:00,4.526800155639648,4.526800155639648,4.526800155639648,4.526800155639648,4.526800155639648,2,0.0,0.0
2026-10-04 22:44:00-04:00,4.528200149536133,4.528200149536133,4.528200149536133,4.528200149536133,4.528200149536133,2,0.0,0.0
2026-10-04 22:46:00-04:00,4.526000022888184,4.526000022888184,4.526000022888184,4.526000022888184,4.526000022888184,1,0.0,0.0
2026-10-04 22:47:00-04:00,4.526000022888184,4.528900146484375,4.5254998207092285,4.525599956512451,4.525599956512451,32,0.0,0.0
2026-10-04 22:48:00-04:00,4.525400161743164,4.525400161743164,4.523200035095215,4.524600028991699,4.524600028991699,8,0.0,0.0
2026-10-04 22:49:00-04:00,4.525400161743164,4.5304999351501465,4.525300025939941,4.5304999351501465,4.5304999351501465,12,0.0,0.0
2026-10-04 22:50:00-04:00,4.529200077056885,4.529200077056885,4.5258002281188965,4.526700019836426,4.526700019836426,14,0.0,0.0
2026-10-04 22:51:00-04:00,4.527500152587891,4.527500152587891,4.526599884033203,4.526599884033203,4.526599884033203,4,0.0,0.0
2026-10-04 22:52:00-04:00,4.519999980926514,4.519999980926514,4.519999980926514,4.519999980926514,4.519999980926514,4,0.0,0.0
2026-10-04 22:54:00-04:00,4.519700050354004,4.519700050354004,4.519700050354004,4.519700050354004,4.519700050354004,2,0.0,0.0
2026-10-04 22:55:00-04:00,4.520400047302246,4.520400047302246,4.520100116729736,4.520100116729736,4.520100116729736,2,0.0,0.0
2026-10-04 22:56:00-04:00,4.519199848175049,4.519800186157227,4.517300128936768,4.517300128936768,4.517300128936768,9,0.0,0.0
2026-10-04 22:57:00-04:00,4.518700122833252,4.518700122833252,4.517399787902832,4.517399787902832,4.517399787902832,2,0.0,0.0
2026-10-04 22:58:00-04:00,4.516499996185303,4.516499996185303,4.516499996185303,4.516499996185303,4.516499996185303,1,0.0,0.0
2026-10-04 22:59:00-04:00,4.515999794006348,4.515999794006348,4.513500213623047,4.513599872589111,4.513599872589111,7,0.0,0.0
2026-10-04 23:00:00-04:00,4.513899803161621,4.513999938964844,4.512700080871582,4.513999938964844,4.513999938964844,8,0.0,0.0
2026-10-04 23:01:00-04:00,4.5131001472473145,4.513800144195557,4.5121002197265625,4.513800144195557,4.513800144195557,9,0.0,0.0
2026-10-04 23:07:00-04:00,4.517300128936768,4.517300128936768,4.517300128936768,4.517300128936768,4.517300128936768,1,0.0,0.0
2026-10-04 23:08:00-04:00,4.514999866485596,4.514999866485596,4.514999866485596,4.514999866485596,4.514999866485596,1,0.0,0.0
2026-10-04 23:10:00-04:00,4.515699863433838,4.515900135040283,4.515699863433838,4.515900135040283,4.515900135040283,2,0.0,0.0
2026-10-04 23:11:00-04:00,4.518799781799316,4.518799781799316,4.518799781799316,4.518799781799316,4.518799781799316,1,0.0,0.0
2026-10-04 23:13:00-04:00,4.519499778747559,4.519499778747559,4.517600059509277,4.517600059509277,4.517600059509277,3,0.0,0.0
2026-10-04 23:15:00-04:00,4.521100044250488,4.521100044250488,4.521100044250488,4.521100044250488,4.521100044250488,1,0.0,0.0
2026-10-04 23:16:00-04:00,4.519999980926514,4.519999980926514,4.519999980926514,4.519999980926514,4.519999980926514,1,0.0,0.0
2026-10-04 23:17:00-04:00,4.520899772644043,4.520899772644043,4.519000053405762,4.519000053405762,4.519000053405762,5,0.0,0.0
2026-10-04 23:20:00-04:00,4.515100002288818,4.515100002288818,4.515100002288818,4.515100002288818,4.515100002288818,2,0.0,0.0
2026-10-04 23:21:00-04:00,4.513899803161621,4.514400005340576,4.512199878692627,4.513700008392334,4.513700008392334,8,0.0,0.0
2026-10-04 23:23:00-04:00,4.5131001472473145,4.5131001472473145,4.5131001472473145,4.5131001472473145,4.5131001472473145,3,0.0,0.0
2026-10-04 23:30:00-04:00,4.514400005340576,4.517099857330322,4.514400005340576,4.517099857330322,4.517099857330322,5,0.0,0.0
2026-10-04 23:31:00-04:00,4.515600204467773,4.515600204467773,4.510799884796143,4.514999866485596,4.514999866485596,12,0.0,0.0
2026-10-04 23:32:00-04:00,4.515500068664551,4.516200065612793,4.513999938964844,4.514900207519531,4.514900207519531,12,0.0,0.0
2026-10-04 23:33:00-04:00,4.513899803161621,4.513899803161621,4.513899803161621,4.513899803161621,4.513899803161621,2,0.0,0.0
2026-10-04 23:34:00-04:00,4.514200210571289,4.514200210571289,4.514200210571289,4.514200210571289,4.514200210571289,2,0.0,0.0
2026-10-04 23:35:00-04:00,4.51669979095459,4.51669979095459,4.516300201416016,4.516300201416016,4.516300201416016,3,0.0,0.0
2026-10-04 23:36:00-04:00,4.513800144195557,4.513800144195557,4.513800144195557,4.513800144195557,4.513800144195557,1,0.0,0.0
2026-10-04 23:38:00-04:00,4.51200008392334,4.51200008392334,4.508299827575684,4.508299827575684,4.508299827575684,8,0.0,0.0
2026-10-04 23:41:00-04:00,4.509500026702881,4.509500026702881,4.509500026702881,4.509500026702881,4.509500026702881,1,0.0,0.0
2026-10-04 23:44:00-04:00,4.508999824523926,4.508999824523926,4.507599830627441,4.508900165557861,4.508900165557861,13,0.0,0.0
2026-10-04 23:53:00-04:00,4.517899990081787,4.517899990081787,4.5157999992370605,4.5157999992370605,4.5157999992370605,2,0.0,0.0
2026-10-04 23:56:00-04:00,4.51230001449585,4.51230001449585,4.511000156402588,4.511000156402588,4.511000156402588,7,0.0,0.0
2026-10-04 23:57:00-04:00,4.51170015335083,4.51170015335083,4.51170015335083,4.51170015335083,4.51170015335083,1,0.0,0.0
2026-10-05 00:00:00-04:00,4.511899948120117,4.512199878692627,4.511899948120117,4.512199878692627,4.512199878692627,3,0.0,0.0
2026-10-05 00:01:00-04:00,4.513000011444092,4.513000011444092,4.513000011444092,4.513000011444092,4.513000011444092,1,0.0,0.0
2026-10-05 00:02:00-04:00,4.515699863433838,4.515699863433838,4.515699863433838,4.515699863433838,4.515699863433838,1,0.0,0.0
2026-10-05 00:03:00-04:00,4.515900135040283,4.515900135040283,4.514999866485596,4.515900135040283,4.515900135040283,4,0.0,0.0
2026-10-05 00:05:00-04:00,4.5177998542785645,4.518400192260742,4.5177998542785645,4.518099784851074,4.518099784851074,3,0.0,0.0
2026-10-05 00:06:00-04:00,4.514999866485596,4.514999866485596,4.514999866485596,4.514999866485596,4.514999866485596,3,0.0,0.0
2026-10-05 00:07:00-04:00,4.513500213623047,4.513500213623047,4.512499809265137,4.512499809265137,4.512499809265137,9,0.0,0.0
2026-10-05 00:09:00-04:00,4.514699935913086,4.514699935913086,4.514699935913086,4.514699935913086,4.514699935913086,1,0.0,0.0
2026-10-05 00:10:00-04:00,4.514699935913086,4.515900135040283,4.514699935913086,4.515900135040283,4.515900135040283,5,0.0,0.0
2026-10-05 00:11:00-04:00,4.516200065612793,4.516200065612793,4.51609992980957,4.51609992980957,4.51609992980957,2,0.0,0.0
2026-10-05 00:14:00-04:00,4.5167999267578125,4.5167999267578125,4.5167999267578125,4.5167999267578125,4.5167999267578125,1,0.0,0.0
2026-10-05 00:15:00-04:00,4.518700122833252,4.5192999839782715,4.518700122833252,4.5192999839782715,4.5192999839782715,4,0.0,0.0
2026-10-05 00:16:00-04:00,4.518799781799316,4.518799781799316,4.518799781799316,4.518799781799316,4.518799781799316,1,0.0,0.0
2026-10-05 00:19:00-04:00,4.517199993133545,4.517300128936768,4.513800144195557,4.514200210571289,4.514200210571289,10,0.0,0.0
2026-10-05 00:21:00-04:00,4.512599945068359,4.512599945068359,4.512599945068359,4.512599945068359,4.512599945068359,1,0.0,0.0
2026-10-05 00:23:00-04:00,4.510000228881836,4.510000228881836,4.510000228881836,4.510000228881836,4.510000228881836,1,0.0,0.0
2026-10-05 00:26:00-04:00,4.51140022277832,4.514100074768066,4.51140022277832,4.514100074768066,4.514100074768066,3,0.0,0.0
2026-10-05 00:27:00-04:00,4.515100002288818,4.516300201416016,4.515100002288818,4.516300201416016,4.516300201416016,3,0.0,0.0
2026-10-05 00:29:00-04:00,4.521399974822998,4.521399974822998,4.521399974822998,4.521399974822998,4.521399974822998,1,0.0,0.0
2026-10-05 00:30:00-04:00,4.527299880981445,4.527299880981445,4.527299880981445,4.527299880981445,4.527299880981445,5,0.0,0.0
2026-10-05 00:34:00-04:00,4.531099796295166,4.531099796295166,4.531099796295166,4.531099796295166,4.531099796295166,3,0.0,0.0
2026-10-05 00:35:00-04:00,4.53249979019165,4.53249979019165,4.53249979019165,4.53249979019165,4.53249979019165,1,0.0,0.0
2026-10-05 00:36:00-04:00,4.5346999168396,4.5346999168396,4.531899929046631,4.531899929046631,4.531899929046631,4,0.0,0.0
2026-10-05 00:41:00-04:00,4.537199974060059,4.54010009765625,4.536799907684326,4.537499904632568,4.537499904632568,17,0.0,0.0
2026-10-05 00:42:00-04:00,4.537199974060059,4.537199974060059,4.537199974060059,4.537199974060059,4.537199974060059,10,0.0,0.0
2026-10-05 00:43:00-04:00,4.535099983215332,4.535099983215332,4.535099983215332,4.535099983215332,4.535099983215332,2,0.0,0.0
2026-10-05 00:45:00-04:00,4.535399913787842,4.535399913787842,4.535399913787842,4.535399913787842,4.535399913787842,2,0.0,0.0
2026-10-05 00:46:00-04:00,4.5381999015808105,4.539100170135498,4.5381999015808105,4.539100170135498,4.539100170135498,6,0.0,0.0
2026-10-05 00:47:00-04:00,4.543399810791016,4.545000076293945,4.5366997718811035,4.5366997718811035,4.5366997718811035,35,0.0,0.0
2026-10-05 00:50:00-04:00,4.53380012512207,4.533899784088135,4.53380012512207,4.533899784088135,4.533899784088135,2,0.0,0.0
2026-10-05 00:56:00-04:00,4.542300224304199,4.545000076293945,4.542300224304199,4.54449987411499,4.54449987411499,12,0.0,0.0
2026-10-05 00:57:00-04:00,4.544600009918213,4.544600009918213,4.544600009918213,4.544600009918213,4.544600009918213,9,0.0,0.0
2026-10-05 00:59:00-04:00,4.545199871063232,4.545199871063232,4.544899940490723,4.544899940490723,4.544899940490723,4,0.0,0.0
2026-10-05 01:00:00-04:00,4.543099880218506,4.543099880218506,4.543099880218506,4.543099880218506,4.543099880218506,1,0.0,0.0
2026-10-05 01:02:00-04:00,4.54040002822876,4.54040002822876,4.54040002822876,4.54040002822876,4.54040002822876,4,0.0,0.0
2026-10-05 01:03:00-04:00,4.541100025177002,4.541100025177002,4.541100025177002,4.541100025177002,4.541100025177002,2,0.0,0.0
2026-10-05 01:04:00-04:00,4.541999816894531,4.541999816894531,4.541999816894531,4.541999816894531,4.541999816894531,4,0.0,0.0
2026-10-05 01:07:00-04:00,4.537700176239014,4.537700176239014,4.5370001792907715,4.5370001792907715,4.5370001792907715,6,0.0,0.0
2026-10-05 01:08:00-04:00,4.5355000495910645,4.5355000495910645,4.535200119018555,4.535200119018555,4.535200119018555,2,0.0,0.0
2026-10-05 01:10:00-04:00,4.533999919891357,4.533999919891357,4.533999919891357,4.533999919891357,4.533999919891357,2,0.0,0.0
2026-10-05 01:11:00-04:00,4.534800052642822,4.535900115966797,4.534800052642822,4.534900188446045,4.534900188446045,5,0.0,0.0
2026-10-05 01:14:00-04:00,4.53410005569458,4.53410005569458,4.53410005569458,4.53410005569458,4.53410005569458,1,0.0,0.0
2026-10-05 01:15:00-04:00,4.533599853515625,4.533599853515625,4.533599853515625,4.533599853515625,4.533599853515625,1,0.0,0.0
2026-10-05 01:16:00-04:00,4.535600185394287,4.5366997718811035,4.534999847412109,4.534999847412109,4.534999847412109,19,0.0,0.0
2026-10-05 01:17:00-04:00,4.534299850463867,4.534299850463867,4.534299850463867,4.534299850463867,4.534299850463867,9,0.0,0.0
2026-10-05 01:30:00-04:00,4.537399768829346,4.538400173187256,4.537399768829346,4.538400173187256,4.538400173187256,3,0.0,0.0
2026-10-05 01:31:00-04:00,4.541500091552734,4.541500091552734,4.541500091552734,4.541500091552734,4.541500091552734,1,0.0,0.0
2026-10-05 01:32:00-04:00,4.539899826049805,4.539899826049805,4.5366997718811035,4.5391998291015625,4.5391998291015625,4,0.0,0.0
2026-10-05 01:37:00-04:00,4.546800136566162,4.548399925231934,4.545599937438965,4.545599937438965,4.545599937438965,11,0.0,0.0
2026-10-05 01:38:00-04:00,4.548999786376953,4.551499843597412,4.548999786376953,4.549099922180176,4.549099922180176,9,0.0,0.0
2026-10-05 01:39:00-04:00,4.552299976348877,4.553599834442139,4.550300121307373,4.5507001876831055,4.5507001876831055,39,0.0,0.0
2026-10-05 01:40:00-04:00,4.546000003814697,4.546000003814697,4.546000003814697,4.546000003814697,4.546000003814697,6,0.0,0.0
2026-10-05 01:42:00-04:00,4.544899940490723,4.544899940490723,4.541800022125244,4.541800022125244,4.541800022125244,11,0.0,0.0
2026-10-05 01:44:00-04:00,4.543399810791016,4.543399810791016,4.543399810791016,4.543399810791016,4.543399810791016,11,0.0,0.0
2026-10-05 01:47:00-04:00,4.533400058746338,4.533400058746338,4.528800010681152,4.528800010681152,4.528800010681152,9,0.0,0.0
2026-10-05 01:48:00-04:00,4.527599811553955,4.52810001373291,4.527599811553955,4.52810001373291,4.52810001373291,3,0.0,0.0
2026-10-05 01:50:00-04:00,4.5295000076293945,4.5295000076293945,4.527699947357178,4.527699947357178,4.527699947357178,2,0.0,0.0
2026-10-05 01:52:00-04:00,4.526500225067139,4.528200149536133,4.526500225067139,4.528200149536133,4.528200149536133,3,0.0,0.0
2026-10-05 01:53:00-04:00,4.53000020980835,4.53000020980835,4.53000020980835,4.53000020980835,4.53000020980835,3,0.0,0.0
2026-10-05 02:00:00-04:00,4.5289998054504395,4.5289998054504395,4.5289998054504395,4.5289998054504395,4.5289998054504395,3,0.0,0.0
2026-10-05 02:01:00-04:00,4.52810001373291,4.52839994430542,4.52810001373291,4.52839994430542,4.52839994430542,5,0.0,0.0
2026-10-05 02:02:00-04:00,4.529399871826172,4.538400173187256,4.529399871826172,4.538400173187256,4.538400173187256,11,0.0,0.0
2026-10-05 02:03:00-04:00,4.537399768829346,4.537399768829346,4.537399768829346,4.537399768829346,4.537399768829346,3,0.0,0.0
2026-10-05 02:04:00-04:00,4.532899856567383,4.532899856567383,4.532899856567383,4.532899856567383,4.532899856567383,1,0.0,0.0
2026-10-05 02:05:00-04:00,4.538000106811523,4.538000106811523,4.538000106811523,4.538000106811523,4.538000106811523,1,0.0,0.0
2026-10-05 02:06:00-04:00,4.53249979019165,4.5345001220703125,4.53249979019165,4.5345001220703125,4.5345001220703125,3,0.0,0.0
2026-10-05 02:09:00-04:00,4.533299922943115,4.533299922943115,4.533299922943115,4.533299922943115,4.533299922943115,1,0.0,0.0
2026-10-05 02:11:00-04:00,4.5329999923706055,4.5329999923706055,4.5329999923706055,4.5329999923706055,4.5329999923706055,1,0.0,0.0
2026-10-05 02:12:00-04:00,4.532700061798096,4.532700061798096,4.532700061798096,4.532700061798096,4.532700061798096,1,0.0,0.0
2026-10-05 02:14:00-04:00,4.531099796295166,4.531099796295166,4.531099796295166,4.531099796295166,4.531099796295166,3,0.0,0.0
2026-10-05 02:16:00-04:00,4.53000020980835,4.531700134277344,4.5279998779296875,4.531400203704834,4.531400203704834,5,0.0,0.0
2026-10-05 02:17:00-04:00,4.532599925994873,4.532599925994873,4.531700134277344,4.531700134277344,4.531700134277344,2,0.0,0.0
2026-10-05 02:18:00-04:00,4.533400058746338,4.536799907684326,4.533400058746338,4.536600112915039,4.536600112915039,6,0.0,0.0
2026-10-05 02:19:00-04:00,4.537499904632568,4.537499904632568,4.537499904632568,4.537499904632568,4.537499904632568,2,0.0,0.0
2026-10-05 02:20:00-04:00,4.544300079345703,4.544300079345703,4.544300079345703,4.544300079345703,4.544300079345703,1,0.0,0.0
2026-10-05 02:21:00-04:00,4.543600082397461,4.543600082397461,4.543600082397461,4.543600082397461,4.543600082397461,2,0.0,0.0
2026-10-05 02:22:00-04:00,4.541800022125244,4.541800022125244,4.541800022125244,4.541800022125244,4.541800022125244,2,0.0,0.0
2026-10-05 02:23:00-04:00,4.545000076293945,4.547399997711182,4.545000076293945,4.547399997711182,4.547399997711182,6,0.0,0.0
2026-10-05 02:24:00-04:00,4.545300006866455,4.5472002029418945,4.542300224304199,4.542300224304199,4.542300224304199,11,0.0,0.0
2026-10-05 02:25:00-04:00,4.545899868011475,4.54610013961792,4.544899940490723,4.54610013961792,4.54610013961792,4,0.0,0.0
2026-10-05 02:26:00-04:00,4.544899940490723,4.546599864959717,4.5447001457214355,4.546599864959717,4.546599864959717,4,0.0,0.0
2026-10-05 02:27:00-04:00,4.5467000007629395,4.5467000007629395,4.545100212097168,4.546199798583984,4.546199798583984,4,0.0,0.0
2026-10-05 02:29:00-04:00,4.550300121307373,4.557400226593018,4.550300121307373,4.557400226593018,4.557400226593018,4,0.0,0.0
2026-10-05 02:31:00-04:00,4.564499855041504,4.564499855041504,4.564000129699707,4.564000129699707,4.564000129699707,3,0.0,0.0
2026-10-05 02:33:00-04:00,4.565299987792969,4.570000171661377,4.565299987792969,4.570000171661377,4.570000171661377,2,0.0,0.0
2026-10-05 02:34:00-04:00,4.571100234985352,4.582399845123291,4.570300102233887,4.582399845123291,4.582399845123291,72,0.0,0.0
2026-10-05 02:35:00-04:00,4.582399845123291,4.582699775695801,4.578999996185303,4.578999996185303,4.578999996185303,9,0.0,0.0
2026-10-05 02:36:00-04:00,4.576300144195557,4.579899787902832,4.576300144195557,4.579899787902832,4.579899787902832,7,0.0,0.0
2026-10-05 02:37:00-04:00,4.578000068664551,4.578000068664551,4.576499938964844,4.576499938964844,4.576499938964844,2,0.0,0.0
2026-10-05 02:38:00-04:00,4.572299957275391,4.572999954223633,4.572299957275391,4.572299957275391,4.572299957275391,6,0.0,0.0
2026-10-05 02:39:00-04:00,4.574399948120117,4.574399948120117,4.573599815368652,4.573599815368652,4.573599815368652,2,0.0,0.0
2026-10-05 02:41:00-04:00,4.57420015335083,4.57420015335083,4.570899963378906,4.570899963378906,4.570899963378906,3,0.0,0.0
2026-10-05 02:42:00-04:00,4.572000026702881,4.572000026702881,4.570400238037109,4.570400238037109,4.570400238037109,3,0.0,0.0
2026-10-05 02:43:00-04:00,4.574100017547607,4.574100017547607,4.571800231933594,4.571800231933594,4.571800231933594,3,0.0,0.0
2026-10-05 02:45:00-04:00,4.577700138092041,4.577700138092041,4.577700138092041,4.577700138092041,4.577700138092041,1,0.0,0.0
2026-10-05 02:46:00-04:00,4.576300144195557,4.576300144195557,4.574999809265137,4.574999809265137,4.574999809265137,4,0.0,0.0
2026-10-05 02:47:00-04:00,4.571199893951416,4.571199893951416,4.571199893951416,4.571199893951416,4.571199893951416,1,0.0,0.0
2026-10-05 02:49:00-04:00,4.576499938964844,4.576499938964844,4.576399803161621,4.576399803161621,4.576399803161621,2,0.0,0.0
2026-10-05 02:50:00-04:00,4.578999996185303,4.5833001136779785,4.578999996185303,4.582399845123291,4.582399845123291,11,0.0,0.0
2026-10-05 02:52:00-04:00,4.585000038146973,4.585999965667725,4.579500198364258,4.579500198364258,4.579500198364258,38,0.0,0.0
2026-10-05 02:53:00-04:00,4.576300144195557,4.576600074768066,4.572999954223633,4.576600074768066,4.576600074768066,13,0.0,0.0
2026-10-05 02:54:00-04:00,4.580399990081787,4.592400074005127,4.579400062561035,4.590799808502197,4.590799808502197,39,0.0,0.0
2026-10-05 02:55:00-04:00,4.586699962615967,4.587399959564209,4.584099769592285,4.587399959564209,4.587399959564209,13,0.0,0.0
2026-10-05 02:56:00-04:00,4.586900234222412,4.587600231170654,4.5858001708984375,4.587600231170654,4.587600231170654,9,0.0,0.0
2026-10-05 02:58:00-04:00,4.581999778747559,4.581999778747559,4.581999778747559,4.581999778747559,4.581999778747559,1,0.0,0.0
2026-10-05 02:59:00-04:00,4.580900192260742,4.580900192260742,4.580599784851074,4.580599784851074,4.580599784851074,4,0.0,0.0
2026-10-05 03:00:00-04:00,4.586599826812744,4.586599826812744,4.583700180053711,4.58650016784668,4.58650016784668,6,0.0,0.0
2026-10-05 03:01:00-04:00,4.588500022888184,4.589099884033203,4.585000038146973,4.587699890136719,4.587699890136719,12,0.0,0.0
2026-10-05 03:02:00-04:00,4.587399959564209,4.587399959564209,4.586299896240234,4.586299896240234,4.586299896240234,7,0.0,0.0
2026-10-05 03:04:00-04:00,4.591100215911865,4.591100215911865,4.591100215911865,4.591100215911865,4.591100215911865,7,0.0,0.0
2026-10-05 03:05:00-04:00,4.591800212860107,4.591800212860107,4.591800212860107,4.591800212860107,4.591800212860107,1,0.0,0.0
2026-10-05 03:06:00-04:00,4.589799880981445,4.589799880981445,4.585000038146973,4.585299968719482,4.585299968719482,4,0.0,0.0
2026-10-05 03:07:00-04:00,4.5858001708984375,4.5858001708984375,4.5843000411987305,4.5843000411987305,4.5843000411987305,6,0.0,0.0
2026-10-05 03:09:00-04:00,4.589200019836426,4.59089994430542,4.588799953460693,4.588799953460693,4.588799953460693,25,0.0,0.0
2026-10-05 03:10:00-04:00,4.590700149536133,4.590700149536133,4.59060001373291,4.59060001373291,4.59060001373291,2,0.0,0.0
2026-10-05 03:11:00-04:00,4.592899799346924,4.592899799346924,4.592899799346924,4.592899799346924,4.592899799346924,1,0.0,0.0
2026-10-05 03:12:00-04:00,4.590400218963623,4.590400218963623,4.586100101470947,4.587200164794922,4.587200164794922,15,0.0,0.0
2026-10-05 03:13:00-04:00,4.5858001708984375,4.589099884033203,4.5858001708984375,4.589099884033203,4.589099884033203,9,0.0,0.0
2026-10-05 03:14:00-04:00,4.591100215911865,4.594200134277344,4.591100215911865,4.594200134277344,4.594200134277344,6,0.0,0.0
2026-10-05 03:15:00-04:00,4.594099998474121,4.5970001220703125,4.594099998474121,4.59660005569458,4.59660005569458,3,0.0,0.0
2026-10-05 03:16:00-04:00,4.59689998626709,4.599800109863281,4.59660005569458,4.598599910736084,4.598599910736084,8,0.0,0.0
2026-10-05 03:17:00-04:00,4.595099925994873,4.596700191497803,4.593599796295166,4.596700191497803,4.596700191497803,4,0.0,0.0
2026-10-05 03:18:00-04:00,4.593100070953369,4.596700191497803,4.593100070953369,4.595099925994873,4.595099925994873,19,0.0,0.0
2026-10-05 03:19:00-04:00,4.591800212860107,4.591800212860107,4.591800212860107,4.591800212860107,4.591800212860107,12,0.0,0.0
2026-10-05 03:20:00-04:00,4.591100215911865,4.59119987487793,4.591100215911865,4.59119987487793,4.59119987487793,3,0.0,0.0
2026-10-05 03:21:00-04:00,4.589200019836426,4.593999862670898,4.587500095367432,4.593999862670898,4.593999862670898,25,0.0,0.0
2026-10-05 03:23:00-04:00,4.5980000495910645,4.598299980163574,4.597799777984619,4.597899913787842,4.597899913787842,8,0.0,0.0
2026-10-05 03:24:00-04:00,4.600500106811523,4.603000164031982,4.599699974060059,4.600500106811523,4.600500106811523,16,0.0,0.0
2026-10-05 03:25:00-04:00,4.597499847412109,4.597799777984619,4.594799995422363,4.5971999168396,4.5971999168396,9,0.0,0.0
2026-10-05 03:26:00-04:00,4.599100112915039,4.5991997718811035,4.595600128173828,4.59660005569458,4.59660005569458,7,0.0,0.0
2026-10-05 03:27:00-04:00,4.59660005569458,4.597700119018555,4.59499979019165,4.597499847412109,4.597499847412109,10,0.0,0.0
2026-10-05 03:28:00-04:00,4.595600128173828,4.595600128173828,4.595600128173828,4.595600128173828,4.595600128173828,1,0.0,0.0
2026-10-05 03:29:00-04:00,4.592299938201904,4.592299938201904,4.592199802398682,4.592199802398682,4.592199802398682,2,0.0,0.0
2026-10-05 03:31:00-04:00,4.586400032043457,4.588900089263916,4.585400104522705,4.586299896240234,4.586299896240234,32,0.0,0.0
2026-10-05 03:32:00-04:00,4.586299896240234,4.587600231170654,4.586299896240234,4.587600231170654,4.587600231170654,29,0.0,0.0
2026-10-05 03:34:00-04:00,4.580399990081787,4.580399990081787,4.5792999267578125,4.5792999267578125,4.5792999267578125,9,0.0,0.0
2026-10-05 03:35:00-04:00,4.579599857330322,4.581200122833252,4.575699806213379,4.575699806213379,4.575699806213379,35,0.0,0.0
2026-10-05 03:36:00-04:00,4.573699951171875,4.573800086975098,4.573699951171875,4.573800086975098,4.573800086975098,5,0.0,0.0
2026-10-05 03:37:00-04:00,4.573999881744385,4.577199935913086,4.573999881744385,4.575200080871582,4.575200080871582,5,0.0,0.0
2026-10-05 03:38:00-04:00,4.581299781799316,4.583199977874756,4.5756001472473145,4.5756001472473145,4.5756001472473145,5,0.0,0.0
2026-10-05 03:40:00-04:00,4.571199893951416,4.571199893951416,4.571199893951416,4.571199893951416,4.571199893951416,1,0.0,0.0
2026-10-05 03:41:00-04:00,4.570799827575684,4.571400165557861,4.568399906158447,4.571199893951416,4.571199893951416,27,0.0,0.0
2026-10-05 03:43:00-04:00,4.568900108337402,4.568900108337402,4.56820011138916,4.56820011138916,4.56820011138916,3,0.0,0.0
2026-10-05 03:44:00-04:00,4.569799900054932,4.571199893951416,4.566500186920166,4.568699836730957,4.568699836730957,13,0.0,0.0
2026-10-05 03:45:00-04:00,4.563899993896484,4.567200183868408,4.563799858093262,4.567200183868408,4.567200183868408,6,0.0,0.0
2026-10-05 03:47:00-04:00,4.562600135803223,4.562600135803223,4.559299945831299,4.560500144958496,4.560500144958496,18,0.0,0.0
2026-10-05 03:48:00-04:00,4.563799858093262,4.56820011138916,4.563799858093262,4.56820011138916,4.56820011138916,4,0.0,0.0
2026-10-05 03:49:00-04:00,4.564799785614014,4.564799785614014,4.564799785614014,4.564799785614014,4.564799785614014,1,0.0,0.0
2026-10-05 03:50:00-04:00,4.561500072479248,4.564599990844727,4.559999942779541,4.564599990844727,4.564599990844727,15,0.0,0.0
2026-10-05 03:51:00-04:00,4.564000129699707,4.564000129699707,4.564000129699707,4.564000129699707,4.564000129699707,1,0.0,0.0
2026-10-05 03:52:00-04:00,4.559500217437744,4.559500217437744,4.558599948883057,4.559199810028076,4.559199810028076,6,0.0,0.0
2026-10-05 03:53:00-04:00,4.556700229644775,4.556700229644775,4.552999973297119,4.552999973297119,4.552999973297119,23,0.0,0.0
2026-10-05 03:54:00-04:00,4.559299945831299,4.5605998039245605,4.558499813079834,4.5605998039245605,4.5605998039245605,12,0.0,0.0
2026-10-05 03:55:00-04:00,4.566699981689453,4.567699909210205,4.566699981689453,4.567699909210205,4.567699909210205,2,0.0,0.0
2026-10-05 03:56:00-04:00,4.570899963378906,4.571199893951416,4.569200038909912,4.569200038909912,4.569200038909912,7,0.0,0.0
2026-10-05 03:57:00-04:00,4.564799785614014,4.565199851989746,4.563899993896484,4.564899921417236,4.564899921417236,4,0.0,0.0
2026-10-05 03:58:00-04:00,4.56220006942749,4.56220006942749,4.56220006942749,4.56220006942749,4.56220006942749,2,0.0,0.0
2026-10-05 04:00:00-04:00,4.561699867248535,4.561699867248535,4.558000087738037,4.558000087738037,4.558000087738037,27,0.0,0.0
2026-10-05 04:01:00-04:00,4.553999900817871,4.559199810028076,4.553400039672852,4.559199810028076,4.559199810028076,6,0.0,0.0
2026-10-05 04:02:00-04:00,4.560800075531006,4.560800075531006,4.559299945831299,4.559299945831299,4.559299945831299,4,0.0,0.0
2026-10-05 04:03:00-04:00,4.562399864196777,4.563899993896484,4.557700157165527,4.561299800872803,4.561299800872803,27,0.0,0.0
2026-10-05 04:06:00-04:00,4.548399925231934,4.551300048828125,4.548399925231934,4.551300048828125,4.551300048828125,5,0.0,0.0
2026-10-05 04:08:00-04:00,4.557799816131592,4.557799816131592,4.557799816131592,4.557799816131592,4.557799816131592,1,0.0,0.0
2026-10-05 04:09:00-04:00,4.557700157165527,4.558499813079834,4.557600021362305,4.558499813079834,4.558499813079834,10,0.0,0.0
2026-10-05 04:10:00-04:00,4.554999828338623,4.554999828338623,4.552000045776367,4.552000045776367,4.552000045776367,3,0.0,0.0
2026-10-05 04:11:00-04:00,4.552299976348877,4.553699970245361,4.552199840545654,4.553699970245361,4.553699970245361,9,0.0,0.0
2026-10-05 04:15:00-04:00,4.555600166320801,4.555600166320801,4.554800033569336,4.554800033569336,4.554800033569336,5,0.0,0.0
2026-10-05 04:16:00-04:00,4.551499843597412,4.551499843597412,4.549200057983398,4.549200057983398,4.549200057983398,6,0.0,0.0
2026-10-05 04:17:00-04:00,4.551700115203857,4.553999900817871,4.551700115203857,4.552599906921387,4.552599906921387,8,0.0,0.0
2026-10-05 04:18:00-04:00,4.556700229644775,4.556700229644775,4.556700229644775,4.556700229644775,4.556700229644775,5,0.0,0.0
2026-10-05 04:19:00-04:00,4.560999870300293,4.560999870300293,4.5605998039245605,4.5605998039245605,4.5605998039245605,2,0.0,0.0
2026-10-05 04:20:00-04:00,4.561699867248535,4.564199924468994,4.561699867248535,4.564199924468994,4.564199924468994,9,0.0,0.0
2026-10-05 04:22:00-04:00,4.561299800872803,4.561800003051758,4.558800220489502,4.558800220489502,4.558800220489502,7,0.0,0.0
2026-10-05 04:24:00-04:00,4.559599876403809,4.559599876403809,4.559599876403809,4.559599876403809,4.559599876403809,8,0.0,0.0
2026-10-05 04:25:00-04:00,4.567500114440918,4.567699909210205,4.559199810028076,4.567699909210205,4.567699909210205,15,0.0,0.0
2026-10-05 04:26:00-04:00,4.567399978637695,4.573699951171875,4.567299842834473,4.567299842834473,4.567299842834473,13,0.0,0.0
2026-10-05 04:27:00-04:00,4.565899848937988,4.568399906158447,4.559599876403809,4.559599876403809,4.559599876403809,8,0.0,0.0
2026-10-05 04:29:00-04:00,4.567999839782715,4.576399803161621,4.567999839782715,4.576399803161621,4.576399803161621,5,0.0,0.0
2026-10-05 04:30:00-04:00,4.577700138092041,4.577700138092041,4.567299842834473,4.567299842834473,4.567299842834473,16,0.0,0.0
2026-10-05 04:31:00-04:00,4.566800117492676,4.567299842834473,4.564499855041504,4.566299915313721,4.566299915313721,41,0.0,0.0
2026-10-05 04:32:00-04:00,4.571700096130371,4.571700096130371,4.570199966430664,4.570199966430664,4.570199966430664,16,0.0,0.0
2026-10-05 04:33:00-04:00,4.5746002197265625,4.582600116729736,4.57450008392334,4.582300186157227,4.582300186157227,11,0.0,0.0
2026-10-05 04:34:00-04:00,4.581900119781494,4.600200176239014,4.581900119781494,4.596799850463867,4.596799850463867,32,0.0,0.0
2026-10-05 04:35:00-04:00,4.603300094604492,4.612199783325195,4.6020002365112305,4.610499858856201,4.610499858856201,28,0.0,0.0
2026-10-05 04:36:00-04:00,4.610499858856201,4.630199909210205,4.610499858856201,4.630199909210205,4.630199909210205,109,0.0,0.0
2026-10-05 04:37:00-04:00,4.629799842834473,4.641499996185303,4.627200126647949,4.6356000900268555,4.6356000900268555,82,0.0,0.0
2026-10-05 04:38:00-04:00,4.633800029754639,4.633800029754639,4.624300003051758,4.628900051116943,4.628900051116943,20,0.0,0.0
2026-10-05 04:39:00-04:00,4.636000156402588,4.638899803161621,4.636000156402588,4.638899803161621,4.638899803161621,5,0.0,0.0
2026-10-05 04:40:00-04:00,4.639200210571289,4.640399932861328,4.631999969482422,4.640399932861328,4.640399932861328,23,0.0,0.0
2026-10-05 04:41:00-04:00,4.634099960327148,4.642899990081787,4.633600234985352,4.642899990081787,4.642899990081787,17,0.0,0.0
2026-10-05 04:42:00-04:00,4.643099784851074,4.646500110626221,4.6427001953125,4.646500110626221,4.646500110626221,32,0.0,0.0
2026-10-05 04:43:00-04:00,4.646999835968018,4.650000095367432,4.638000011444092,4.638000011444092,4.638000011444092,37,0.0,0.0
2026-10-05 04:44:00-04:00,4.638000011444092,4.6483001708984375,4.638000011444092,4.645100116729736,4.645100116729736,8,0.0,0.0
2026-10-05 04:45:00-04:00,4.64769983291626,4.651100158691406,4.64769983291626,4.651100158691406,4.651100158691406,13,0.0,0.0
2026-10-05 04:46:00-04:00,4.654600143432617,4.656599998474121,4.654399871826172,4.656300067901611,4.656300067901611,9,0.0,0.0
2026-10-05 04:47:00-04:00,4.654799938201904,4.657800197601318,4.651000022888184,4.657800197601318,4.657800197601318,24,0.0,0.0
2026-10-05 04:48:00-04:00,4.653299808502197,4.653299808502197,4.634099960327148,4.634099960327148,4.634099960327148,34,0.0,0.0
2026-10-05 04:49:00-04:00,4.630499839782715,4.635799884796143,4.610300064086914,4.616399765014648,4.616399765014648,86,0.0,0.0
2026-10-05 04:50:00-04:00,4.621600151062012,4.621600151062012,4.60290002822876,4.605400085449219,4.605400085449219,16,0.0,0.0
2026-10-05 04:51:00-04:00,4.607999801635742,4.607999801635742,4.594900131225586,4.5971999168396,4.5971999168396,69,0.0,0.0
2026-10-05 04:52:00-04:00,4.593599796295166,4.600200176239014,4.5929999351501465,4.594900131225586,4.594900131225586,67,0.0,0.0
2026-10-05 04:53:00-04:00,4.595600128173828,4.599999904632568,4.595600128173828,4.599999904632568,4.599999904632568,12,0.0,0.0
2026-10-05 04:54:00-04:00,4.604800224304199,4.610099792480469,4.601099967956543,4.610099792480469,4.610099792480469,27,0.0,0.0
2026-10-05 04:55:00-04:00,4.613100051879883,4.613100051879883,4.610599994659424,4.610599994659424,4.610599994659424,7,0.0,0.0
2026-10-05 04:56:00-04:00,4.616099834442139,4.619800090789795,4.616099834442139,4.619800090789795,4.619800090789795,6,0.0,0.0
2026-10-05 04:57:00-04:00,4.620800018310547,4.621099948883057,4.619999885559082,4.619999885559082,4.619999885559082,10,0.0,0.0
2026-10-05 04:58:00-04:00,4.61959981918335,4.61959981918335,4.614500045776367,4.614500045776367,4.614500045776367,8,0.0,0.0
2026-10-05 04:59:00-04:00,4.620100021362305,4.620100021362305,4.61899995803833,4.61899995803833,4.61899995803833,18,0.0,0.0
2026-10-05 05:00:00-04:00,4.619500160217285,4.621799945831299,4.619500160217285,4.621799945831299,4.621799945831299,6,0.0,0.0
2026-10-05 05:01:00-04:00,4.621600151062012,4.621600151062012,4.613900184631348,4.613900184631348,4.613900184631348,8,0.0,0.0
2026-10-05 05:02:00-04:00,4.61359977722168,4.61359977722168,4.61359977722168,4.61359977722168,4.61359977722168,1,0.0,0.0
2026-10-05 05:03:00-04:00,4.617800235748291,4.617800235748291,4.616399765014648,4.616399765014648,4.616399765014648,4,0.0,0.0
2026-10-05 05:04:00-04:00,4.614200115203857,4.614200115203857,4.611800193786621,4.611800193786621,4.611800193786621,7,0.0,0.0
2026-10-05 05:05:00-04:00,4.611000061035156,4.611000061035156,4.6092000007629395,4.610799789428711,4.610799789428711,7,0.0,0.0
2026-10-05 05:06:00-04:00,4.614500045776367,4.614799976348877,4.613500118255615,4.614799976348877,4.614799976348877,14,0.0,0.0
2026-10-05 05:07:00-04:00,4.61959981918335,4.621099948883057,4.61959981918335,4.621099948883057,4.621099948883057,4,0.0,0.0
2026-10-05 05:09:00-04:00,4.612400054931641,4.612400054931641,4.612400054931641,4.612400054931641,4.612400054931641,20,0.0,0.0
2026-10-05 05:10:00-04:00,4.6143999099731445,4.617199897766113,4.6143999099731445,4.617000102996826,4.617000102996826,11,0.0,0.0
2026-10-05 05:11:00-04:00,4.617000102996826,4.619200229644775,4.6168999671936035,4.61870002746582,4.61870002746582,5,0.0,0.0
2026-10-05 05:12:00-04:00,4.619200229644775,4.619699954986572,4.619200229644775,4.619699954986572,4.619699954986572,3,0.0,0.0
2026-10-05 05:13:00-04:00,4.62060022354126,4.6244001388549805,4.6194000244140625,4.6194000244140625,4.6194000244140625,5,0.0,0.0
2026-10-05 05:15:00-04:00,4.61929988861084,4.61929988861084,4.6153998374938965,4.617499828338623,4.617499828338623,25,0.0,0.0
2026-10-05 05:16:00-04:00,4.618199825286865,4.619100093841553,4.618100166320801,4.618100166320801,4.618100166320801,20,0.0,0.0
2026-10-05 05:17:00-04:00,4.6194000244140625,4.619500160217285,4.6149001121521,4.617700099945068,4.617700099945068,71,0.0,0.0
2026-10-05 05:18:00-04:00,4.617000102996826,4.61870002746582,4.616600036621094,4.618599891662598,4.618599891662598,27,0.0,0.0
2026-10-05 05:19:00-04:00,4.619900226593018,4.619900226593018,4.613900184631348,4.613900184631348,4.613900184631348,4,0.0,0.0
2026-10-05 05:20:00-04:00,4.605899810791016,4.605899810791016,4.5995001792907715,4.5995001792907715,4.5995001792907715,12,0.0,0.0
2026-10-05 05:21:00-04:00,4.59660005569458,4.59660005569458,4.595399856567383,4.5954999923706055,4.5954999923706055,5,0.0,0.0
2026-10-05 05:22:00-04:00,4.595699787139893,4.595699787139893,4.593500137329102,4.593500137329102,4.593500137329102,11,0.0,0.0
2026-10-05 05:23:00-04:00,4.5858001708984375,4.588200092315674,4.584799766540527,4.588200092315674,4.588200092315674,4,0.0,0.0
2026-10-05 05:24:00-04:00,4.582399845123291,4.582399845123291,4.576399803161621,4.576399803161621,4.576399803161621,3,0.0,0.0
2026-10-05 05:25:00-04:00,4.574999809265137,4.578199863433838,4.574399948120117,4.574699878692627,4.574699878692627,60,0.0,0.0
2026-10-05 05:26:00-04:00,4.575399875640869,4.575399875640869,4.572700023651123,4.57480001449585,4.57480001449585,16,0.0,0.0
2026-10-05 05:27:00-04:00,4.57450008392334,4.57450008392334,4.571100234985352,4.572500228881836,4.572500228881836,9,0.0,0.0
2026-10-05 05:28:00-04:00,4.570400238037109,4.574100017547607,4.56790018081665,4.574100017547607,4.574100017547607,8,0.0,0.0
2026-10-05 05:29:00-04:00,4.574100017547607,4.575500011444092,4.574100017547607,4.575500011444092,4.575500011444092,2,0.0,0.0
2026-10-05 05:30:00-04:00,4.5731000900268555,4.575500011444092,4.5731000900268555,4.575500011444092,4.575500011444092,3,0.0,0.0
2026-10-05 05:32:00-04:00,4.573400020599365,4.573599815368652,4.572000026702881,4.573599815368652,4.573599815368652,8,0.0,0.0
2026-10-05 05:33:00-04:00,4.569499969482422,4.5721001625061035,4.568999767303467,4.5721001625061035,4.5721001625061035,12,0.0,0.0
2026-10-05 05:34:00-04:00,4.571199893951416,4.571400165557861,4.571199893951416,4.571199893951416,4.571199893951416,7,0.0,0.0
2026-10-05 05:35:00-04:00,4.566699981689453,4.567200183868408,4.566699981689453,4.567200183868408,4.567200183868408,2,0.0,0.0
2026-10-05 05:36:00-04:00,4.568299770355225,4.568299770355225,4.56279993057251,4.56279993057251,4.56279993057251,23,0.0,0.0
2026-10-05 05:37:00-04:00,4.560400009155273,4.565400123596191,4.559199810028076,4.565400123596191,4.565400123596191,38,0.0,0.0
2026-10-05 05:38:00-04:00,4.567599773406982,4.567599773406982,4.567599773406982,4.567599773406982,4.567599773406982,2,0.0,0.0
2026-10-05 05:39:00-04:00,4.566100120544434,4.566100120544434,4.566100120544434,4.566100120544434,4.566100120544434,2,0.0,0.0
2026-10-05 05:40:00-04:00,4.572500228881836,4.572500228881836,4.570000171661377,4.570000171661377,4.570000171661377,4,0.0,0.0
2026-10-05 05:41:00-04:00,4.572500228881836,4.572500228881836,4.571499824523926,4.571499824523926,4.571499824523926,2,0.0,0.0
2026-10-05 05:42:00-04:00,4.571800231933594,4.571800231933594,4.570400238037109,4.570400238037109,4.570400238037109,3,0.0,0.0
2026-10-05 05:43:00-04:00,4.572700023651123,4.572800159454346,4.572700023651123,4.572800159454346,4.572800159454346,2,0.0,0.0
2026-10-05 05:44:00-04:00,4.568900108337402,4.568900108337402,4.56879997253418,4.56879997253418,4.56879997253418,3,0.0,0.0
2026-10-05 05:45:00-04:00,4.570899963378906,4.5731000900268555,4.570899963378906,4.5731000900268555,4.5731000900268555,3,0.0,0.0
2026-10-05 05:46:00-04:00,4.572800159454346,4.574399948120117,4.568600177764893,4.568600177764893,4.568600177764893,9,0.0,0.0
2026-10-05 05:47:00-04:00,4.568900108337402,4.568900108337402,4.56879997253418,4.56879997253418,4.56879997253418,6,0.0,0.0
2026-10-05 05:50:00-04:00,4.571800231933594,4.571800231933594,4.571800231933594,4.571800231933594,4.571800231933594,1,0.0,0.0
2026-10-05 05:51:00-04:00,4.5721001625061035,4.578100204467773,4.5721001625061035,4.578100204467773,4.578100204467773,4,0.0,0.0
2026-10-05 05:52:00-04:00,4.575799942016602,4.575799942016602,4.575799942016602,4.575799942016602,4.575799942016602,4,0.0,0.0
2026-10-05 05:54:00-04:00,4.576900005340576,4.576900005340576,4.576900005340576,4.576900005340576,4.576900005340576,1,0.0,0.0
2026-10-05 05:55:00-04:00,4.574900150299072,4.574900150299072,4.574900150299072,4.574900150299072,4.574900150299072,1,0.0,0.0
2026-10-05 05:56:00-04:00,4.575699806213379,4.577199935913086,4.575699806213379,4.577199935913086,4.577199935913086,21,0.0,0.0
2026-10-05 05:57:00-04:00,4.579100131988525,4.579100131988525,4.579100131988525,4.579100131988525,4.579100131988525,5,0.0,0.0
2026-10-05 05:58:00-04:00,4.584199905395508,4.585999965667725,4.584199905395508,4.585999965667725,4.585999965667725,13,0.0,0.0
2026-10-05 06:00:00-04:00,4.582900047302246,4.584199905395508,4.581299781799316,4.584000110626221,4.584000110626221,30,0.0,0.0
2026-10-05 06:01:00-04:00,4.582799911499023,4.584099769592285,4.581600189208984,4.584099769592285,4.584099769592285,18,0.0,0.0
2026-10-05 06:03:00-04:00,4.585000038146973,4.58650016784668,4.585000038146973,4.58650016784668,4.58650016784668,3,0.0,0.0
2026-10-05 06:04:00-04:00,4.5854997634887695,4.585599899291992,4.5854997634887695,4.585599899291992,4.585599899291992,5,0.0,0.0
2026-10-05 06:08:00-04:00,4.582699775695801,4.582699775695801,4.582699775695801,4.582699775695801,4.582699775695801,3,0.0,0.0
2026-10-05 06:09:00-04:00,4.579899787902832,4.579899787902832,4.579800128936768,4.579800128936768,4.579800128936768,2,0.0,0.0
2026-10-05 06:10:00-04:00,4.582300186157227,4.582300186157227,4.5802001953125,4.5802001953125,4.5802001953125,6,0.0,0.0
2026-10-05 06:11:00-04:00,4.579899787902832,4.580699920654297,4.579500198364258,4.579500198364258,4.579500198364258,8,0.0,0.0
2026-10-05 06:15:00-04:00,4.583000183105469,4.583000183105469,4.583000183105469,4.583000183105469,4.583000183105469,1,0.0,0.0
2026-10-05 06:16:00-04:00,4.587200164794922,4.587200164794922,4.587100028991699,4.587100028991699,4.587100028991699,4,0.0,0.0
2026-10-05 06:17:00-04:00,4.586400032043457,4.589900016784668,4.586400032043457,4.589900016784668,4.589900016784668,5,0.0,0.0
2026-10-05 06:18:00-04:00,4.59119987487793,4.59119987487793,4.59119987487793,4.59119987487793,4.59119987487793,2,0.0,0.0
2026-10-05 06:19:00-04:00,4.593299865722656,4.593299865722656,4.592400074005127,4.593200206756592,4.593200206756592,7,0.0,0.0
2026-10-05 06:20:00-04:00,4.592100143432617,4.592100143432617,4.592100143432617,4.592100143432617,4.592100143432617,3,0.0,0.0
2026-10-05 06:21:00-04:00,4.587600231170654,4.589799880981445,4.581099987030029,4.581099987030029,4.581099987030029,30,0.0,0.0
2026-10-05 06:22:00-04:00,4.580599784851074,4.581200122833252,4.57919979095459,4.57919979095459,4.57919979095459,4,0.0,0.0
2026-10-05 06:23:00-04:00,4.574999809265137,4.574999809265137,4.569399833679199,4.571100234985352,4.571100234985352,26,0.0,0.0
2026-10-05 06:24:00-04:00,4.564499855041504,4.566800117492676,4.5644001960754395,4.5644001960754395,4.5644001960754395,12,0.0,0.0
2026-10-05 06:25:00-04:00,4.571599960327148,4.571599960327148,4.571599960327148,4.571599960327148,4.571599960327148,14,0.0,0.0
2026-10-05 06:26:00-04:00,4.5690999031066895,4.5690999031066895,4.5690999031066895,4.5690999031066895,4.5690999031066895,3,0.0,0.0
2026-10-05 06:27:00-04:00,4.567800045013428,4.567800045013428,4.567800045013428,4.567800045013428,4.567800045013428,10,0.0,0.0
2026-10-05 06:28:00-04:00,4.565800189971924,4.565800189971924,4.565800189971924,4.565800189971924,4.565800189971924,16,0.0,0.0
2026-10-05 06:29:00-04:00,4.559700012207031,4.559800148010254,4.559199810028076,4.559199810028076,4.559199810028076,14,0.0,0.0
2026-10-05 06:30:00-04:00,4.562900066375732,4.566299915313721,4.561999797821045,4.566299915313721,4.566299915313721,11,0.0,0.0
2026-10-05 06:31:00-04:00,4.567299842834473,4.569799900054932,4.567299842834473,4.569799900054932,4.569799900054932,8,0.0,0.0
2026-10-05 06:33:00-04:00,4.571400165557861,4.572299957275391,4.569300174713135,4.570000171661377,4.570000171661377,15,0.0,0.0
2026-10-05 06:34:00-04:00,4.568999767303467,4.570400238037109,4.568999767303467,4.570400238037109,4.570400238037109,4,0.0,0.0
2026-10-05 06:35:00-04:00,4.571499824523926,4.571499824523926,4.571499824523926,4.571499824523926,4.571499824523926,3,0.0,0.0
2026-10-05 06:36:00-04:00,4.57390022277832,4.57390022277832,4.573200225830078,4.573200225830078,4.573200225830078,4,0.0,0.0
2026-10-05 06:38:00-04:00,4.570000171661377,4.570000171661377,4.570000171661377,4.570000171661377,4.570000171661377,7,0.0,0.0
2026-10-05 06:39:00-04:00,4.571700096130371,4.571700096130371,4.571700096130371,4.571700096130371,4.571700096130371,4,0.0,0.0
2026-10-05 06:41:00-04:00,4.5721001625061035,4.57390022277832,4.5721001625061035,4.57390022277832,4.57390022277832,4,0.0,0.0
2026-10-05 06:42:00-04:00,4.574100017547607,4.577199935913086,4.574100017547607,4.577199935913086,4.577199935913086,45,0.0,0.0
2026-10-05 06:43:00-04:00,4.571000099182129,4.571000099182129,4.5706000328063965,4.5706000328063965,4.5706000328063965,3,0.0,0.0
2026-10-05 06:44:00-04:00,4.569900035858154,4.572700023651123,4.569900035858154,4.572700023651123,4.572700023651123,4,0.0,0.0
2026-10-05 06:45:00-04:00,4.573800086975098,4.573800086975098,4.573800086975098,4.573800086975098,4.573800086975098,3,0.0,0.0
2026-10-05 06:47:00-04:00,4.570400238037109,4.570799827575684,4.56820011138916,4.570799827575684,4.570799827575684,5,0.0,0.0
2026-10-05 06:48:00-04:00,4.569300174713135,4.571700096130371,4.569300174713135,4.571700096130371,4.571700096130371,11,0.0,0.0
2026-10-05 06:49:00-04:00,4.575200080871582,4.575200080871582,4.571899890899658,4.571899890899658,4.571899890899658,3,0.0,0.0
2026-10-05 06:50:00-04:00,4.573699951171875,4.57390022277832,4.5706000328063965,4.571300029754639,4.571300029754639,6,0.0,0.0
2026-10-05 06:51:00-04:00,4.573500156402588,4.573500156402588,4.572400093078613,4.572400093078613,4.572400093078613,11,0.0,0.0
2026-10-05 06:53:00-04:00,4.5625,4.562900066375732,4.560400009155273,4.561399936676025,4.561399936676025,41,0.0,0.0
2026-10-05 06:54:00-04:00,4.559999942779541,4.559999942779541,4.542799949645996,4.552299976348877,4.552299976348877,68,0.0,0.0
2026-10-05 06:55:00-04:00,4.538599967956543,4.542600154876709,4.53000020980835,4.536499977111816,4.536499977111816,60,0.0,0.0
2026-10-05 06:56:00-04:00,4.539999961853027,4.543799877166748,4.539999961853027,4.543799877166748,4.543799877166748,12,0.0,0.0
2026-10-05 06:57:00-04:00,4.548399925231934,4.552299976348877,4.548399925231934,4.552299976348877,4.552299976348877,86,0.0,0.0
2026-10-05 06:59:00-04:00,4.5578999519348145,4.560100078582764,4.554800033569336,4.554800033569336,4.554800033569336,15,0.0,0.0
2026-10-05 07:00:00-04:00,4.5543999671936035,4.563600063323975,4.5543999671936035,4.5625,4.5625,20,0.0,0.0
2026-10-05 07:01:00-04:00,4.563700199127197,4.563700199127197,4.563700199127197,4.563700199127197,4.563700199127197,3,0.0,0.0
2026-10-05 07:02:00-04:00,4.564000129699707,4.567800045013428,4.564000129699707,4.567800045013428,4.567800045013428,9,0.0,0.0
2026-10-05 07:04:00-04:00,4.573200225830078,4.573200225830078,4.573200225830078,4.573200225830078,4.573200225830078,6,0.0,0.0
2026-10-05 07:05:00-04:00,4.576000213623047,4.576600074768066,4.57420015335083,4.57420015335083,4.57420015335083,28,0.0,0.0
2026-10-05 07:06:00-04:00,4.5742998123168945,4.5742998123168945,4.5742998123168945,4.5742998123168945,4.5742998123168945,5,0.0,0.0
2026-10-05 07:07:00-04:00,4.573699951171875,4.573699951171875,4.573699951171875,4.573699951171875,4.573699951171875,3,0.0,0.0
2026-10-05 07:08:00-04:00,4.573699951171875,4.575399875640869,4.573400020599365,4.575399875640869,4.575399875640869,22,0.0,0.0
2026-10-05 07:09:00-04:00,4.574100017547607,4.574999809265137,4.572700023651123,4.574999809265137,4.574999809265137,53,0.0,0.0
2026-10-05 07:10:00-04:00,4.575900077819824,4.577099800109863,4.575900077819824,4.577099800109863,4.577099800109863,8,0.0,0.0
2026-10-05 07:11:00-04:00,4.579800128936768,4.580399990081787,4.575099945068359,4.575099945068359,4.575099945068359,19,0.0,0.0
2026-10-05 07:12:00-04:00,4.583000183105469,4.584199905395508,4.583000183105469,4.584199905395508,4.584199905395508,3,0.0,0.0
2026-10-05 07:13:00-04:00,4.579899787902832,4.579899787902832,4.573800086975098,4.573800086975098,4.573800086975098,119,0.0,0.0
2026-10-05 07:14:00-04:00,4.5690999031066895,4.569399833679199,4.5690999031066895,4.569399833679199,4.569399833679199,7,0.0,0.0
2026-10-05 07:15:00-04:00,4.568900108337402,4.568900108337402,4.563399791717529,4.563399791717529,4.563399791717529,7,0.0,0.0
2026-10-05 07:16:00-04:00,4.56279993057251,4.566500186920166,4.56279993057251,4.564199924468994,4.564199924468994,8,0.0,0.0
2026-10-05 07:17:00-04:00,4.565199851989746,4.565199851989746,4.5630998611450195,4.5630998611450195,4.5630998611450195,8,0.0,0.0
2026-10-05 07:20:00-04:00,4.5655999183654785,4.5671000480651855,4.565299987792969,4.565299987792969,4.565299987792969,5,0.0,0.0
2026-10-05 07:21:00-04:00,4.566400051116943,4.566999912261963,4.566400051116943,4.566999912261963,4.566999912261963,2,0.0,0.0
2026-10-05 07:22:00-04:00,4.569900035858154,4.569900035858154,4.569900035858154,4.569900035858154,4.569900035858154,1,0.0,0.0
2026-10-05 07:23:00-04:00,4.569399833679199,4.569399833679199,4.569399833679199,4.569399833679199,4.569399833679199,6,0.0,0.0
2026-10-05 07:26:00-04:00,4.570499897003174,4.570499897003174,4.570499897003174,4.570499897003174,4.570499897003174,1,0.0,0.0
2026-10-05 07:27:00-04:00,4.564300060272217,4.569699764251709,4.537399768829346,4.554599761962891,4.554599761962891,130,0.0,0.0
2026-10-05 07:28:00-04:00,4.557400226593018,4.557400226593018,4.552000045776367,4.552000045776367,4.552000045776367,3,0.0,0.0
2026-10-05 07:29:00-04:00,4.550000190734863,4.557199954986572,4.550000190734863,4.553100109100342,4.553100109100342,13,0.0,0.0
2026-10-05 07:30:00-04:00,4.547800064086914,4.548799991607666,4.546500205993652,4.546899795532227,4.546899795532227,13,0.0,0.0
2026-10-05 07:31:00-04:00,4.546500205993652,4.547699928283691,4.541800022125244,4.54610013961792,4.54610013961792,27,0.0,0.0
2026-10-05 07:32:00-04:00,4.54640007019043,4.55019998550415,4.543499946594238,4.549900054931641,4.549900054931641,32,0.0,0.0
2026-10-05 07:33:00-04:00,4.549499988555908,4.5696001052856445,4.549499988555908,4.566999912261963,4.566999912261963,49,0.0,0.0
2026-10-05 07:34:00-04:00,4.5706000328063965,4.570700168609619,4.570499897003174,4.570499897003174,4.570499897003174,18,0.0,0.0
2026-10-05 07:35:00-04:00,4.570300102233887,4.571800231933594,4.569699764251709,4.571800231933594,4.571800231933594,5,0.0,0.0
2026-10-05 07:36:00-04:00,4.577199935913086,4.577199935913086,4.5756001472473145,4.576600074768066,4.576600074768066,9,0.0,0.0
2026-10-05 07:37:00-04:00,4.577099800109863,4.578000068664551,4.5746002197265625,4.577700138092041,4.577700138092041,14,0.0,0.0
2026-10-05 07:38:00-04:00,4.57919979095459,4.58620023727417,4.57919979095459,4.585999965667725,4.585999965667725,19,0.0,0.0
2026-10-05 07:39:00-04:00,4.587200164794922,4.587200164794922,4.583399772644043,4.583399772644043,4.583399772644043,7,0.0,0.0
2026-10-05 07:40:00-04:00,4.583199977874756,4.588799953460693,4.580399990081787,4.58620023727417,4.58620023727417,18,0.0,0.0
2026-10-05 07:41:00-04:00,4.586400032043457,4.5883002281188965,4.586400032043457,4.587200164794922,4.587200164794922,8,0.0,0.0
2026-10-05 07:42:00-04:00,4.589099884033203,4.5954999923706055,4.589000225067139,4.59119987487793,4.59119987487793,13,0.0,0.0
2026-10-05 07:43:00-04:00,4.5903000831604,4.596499919891357,4.5903000831604,4.593400001525879,4.593400001525879,5,0.0,0.0
2026-10-05 07:44:00-04:00,4.594299793243408,4.59630012512207,4.594299793243408,4.59630012512207,4.59630012512207,3,0.0,0.0
2026-10-05 07:45:00-04:00,4.5991997718811035,4.600399971008301,4.5980000495910645,4.598700046539307,4.598700046539307,15,0.0,0.0
2026-10-05 07:46:00-04:00,4.5960001945495605,4.600500106811523,4.595900058746338,4.600500106811523,4.600500106811523,91,0.0,0.0
2026-10-05 07:47:00-04:00,4.603400230407715,4.603400230407715,4.603300094604492,4.603300094604492,4.603300094604492,2,0.0,0.0
2026-10-05 07:48:00-04:00,4.603400230407715,4.603799819946289,4.601399898529053,4.601399898529053,4.601399898529053,20,0.0,0.0
2026-10-05 07:49:00-04:00,4.598700046539307,4.600900173187256,4.5971999168396,4.597400188446045,4.597400188446045,6,0.0,0.0
2026-10-05 07:50:00-04:00,4.596499919891357,4.596499919891357,4.59630012512207,4.59630012512207,4.59630012512207,7,0.0,0.0
2026-10-05 07:51:00-04:00,4.600100040435791,4.600100040435791,4.599299907684326,4.599299907684326,4.599299907684326,3,0.0,0.0
2026-10-05 07:52:00-04:00,4.5980000495910645,4.598400115966797,4.590000152587891,4.590400218963623,4.590400218963623,12,0.0,0.0
2026-10-05 07:53:00-04:00,4.591899871826172,4.593999862670898,4.591100215911865,4.593999862670898,4.593999862670898,6,0.0,0.0
2026-10-05 07:54:00-04:00,4.595300197601318,4.595600128173828,4.594399929046631,4.594399929046631,4.594399929046631,5,0.0,0.0
2026-10-05 07:55:00-04:00,4.591400146484375,4.591400146484375,4.59060001373291,4.59060001373291,4.59060001373291,22,0.0,0.0
2026-10-05 07:56:00-04:00,4.592899799346924,4.593400001525879,4.591599941253662,4.593100070953369,4.593100070953369,6,0.0,0.0
2026-10-05 07:57:00-04:00,4.59250020980835,4.59250020980835,4.592100143432617,4.592100143432617,4.592100143432617,4,0.0,0.0
2026-10-05 07:58:00-04:00,4.592899799346924,4.592899799346924,4.585700035095215,4.589200019836426,4.589200019836426,10,0.0,0.0
2026-10-05 07:59:00-04:00,4.590199947357178,4.590199947357178,4.585999965667725,4.590000152587891,4.590000152587891,7,0.0,0.0
2026-10-05 08:00:00-04:00,4.592599868774414,4.592599868774414,4.584499835968018,4.588200092315674,4.588200092315674,17,0.0,0.0
2026-10-05 08:01:00-04:00,4.5833001136779785,4.585899829864502,4.581399917602539,4.5817999839782715,4.5817999839782715,40,0.0,0.0
2026-10-05 08:02:00-04:00,4.581299781799316,4.585100173950195,4.581200122833252,4.581200122833252,4.581200122833252,17,0.0,0.0
2026-10-05 08:03:00-04:00,4.583499908447266,4.583799839019775,4.583499908447266,4.583799839019775,4.583799839019775,2,0.0,0.0
2026-10-05 08:04:00-04:00,4.582399845123291,4.582399845123291,4.580100059509277,4.580100059509277,4.580100059509277,10,0.0,0.0
2026-10-05 08:05:00-04:00,4.582499980926514,4.582499980926514,4.581399917602539,4.581399917602539,4.581399917602539,8,0.0,0.0
2026-10-05 08:06:00-04:00,4.580599784851074,4.580699920654297,4.577199935913086,4.57919979095459,4.57919979095459,42,0.0,0.0
2026-10-05 08:07:00-04:00,4.579800128936768,4.5817999839782715,4.57919979095459,4.581600189208984,4.581600189208984,19,0.0,0.0
2026-10-05 08:08:00-04:00,4.582300186157227,4.583499908447266,4.574999809265137,4.574999809265137,4.574999809265137,51,0.0,0.0
2026-10-05 08:09:00-04:00,4.573699951171875,4.578700065612793,4.573699951171875,4.578700065612793,4.578700065612793,9,0.0,0.0
2026-10-05 08:10:00-04:00,4.579899787902832,4.579899787902832,4.574999809265137,4.578000068664551,4.578000068664551,23,0.0,0.0
2026-10-05 08:11:00-04:00,4.577700138092041,4.57919979095459,4.577199935913086,4.577600002288818,4.577600002288818,19,0.0,0.0
2026-10-05 08:12:00-04:00,4.5767998695373535,4.577499866485596,4.575900077819824,4.576000213623047,4.576000213623047,10,0.0,0.0
2026-10-05 08:13:00-04:00,4.573200225830078,4.573200225830078,4.569499969482422,4.570499897003174,4.570499897003174,37,0.0,0.0
2026-10-05 08:14:00-04:00,4.575399875640869,4.576600074768066,4.5725998878479,4.573400020599365,4.573400020599365,9,0.0,0.0
2026-10-05 08:15:00-04:00,4.575300216674805,4.577300071716309,4.575300216674805,4.575799942016602,4.575799942016602,32,0.0,0.0
2026-10-05 08:16:00-04:00,4.575900077819824,4.576099872589111,4.5690999031066895,4.5690999031066895,4.5690999031066895,40,0.0,0.0
2026-10-05 08:17:00-04:00,4.56850004196167,4.574399948120117,4.56820011138916,4.574399948120117,4.574399948120117,13,0.0,0.0
2026-10-05 08:18:00-04:00,4.57450008392334,4.579699993133545,4.57450008392334,4.579699993133545,4.579699993133545,41,0.0,0.0
2026-10-05 08:19:00-04:00,4.5802001953125,4.584799766540527,4.5802001953125,4.583600044250488,4.583600044250488,33,0.0,0.0
2026-10-05 08:20:00-04:00,4.584099769592285,4.584099769592285,4.578999996185303,4.5792999267578125,4.5792999267578125,13,0.0,0.0
2026-10-05 08:21:00-04:00,4.578700065612793,4.582900047302246,4.578700065612793,4.580699920654297,4.580699920654297,15,0.0,0.0
2026-10-05 08:22:00-04:00,4.577600002288818,4.580699920654297,4.577600002288818,4.578700065612793,4.578700065612793,10,0.0,0.0
2026-10-05 08:23:00-04:00,4.578499794006348,4.582699775695801,4.5782999992370605,4.579800128936768,4.579800128936768,12,0.0,0.0
2026-10-05 08:24:00-04:00,4.582900047302246,4.58519983291626,4.580699920654297,4.58519983291626,4.58519983291626,11,0.0,0.0
2026-10-05 08:25:00-04:00,4.585000038146973,4.5858001708984375,4.583099842071533,4.585299968719482,4.585299968719482,16,0.0,0.0
2026-10-05 08:26:00-04:00,4.583700180053711,4.5843000411987305,4.583700180053711,4.583700180053711,4.583700180053711,15,0.0,0.0
2026-10-05 08:27:00-04:00,4.583499908447266,4.583499908447266,4.579800128936768,4.580399990081787,4.580399990081787,26,0.0,0.0
2026-10-05 08:28:00-04:00,4.5817999839782715,4.5817999839782715,4.5792999267578125,4.5802998542785645,4.5802998542785645,13,0.0,0.0
2026-10-05 08:29:00-04:00,4.579599857330322,4.58050012588501,4.578800201416016,4.579500198364258,4.579500198364258,18,0.0,0.0
2026-10-05 08:30:00-04:00,4.5802001953125,4.58489990234375,4.579800128936768,4.582799911499023,4.582799911499023,25,0.0,0.0
2026-10-05 08:31:00-04:00,4.581900119781494,4.582499980926514,4.581900119781494,4.582499980926514,4.582499980926514,8,0.0,0.0
2026-10-05 08:32:00-04:00,4.581399917602539,4.581399917602539,4.578499794006348,4.5802001953125,4.5802001953125,10,0.0,0.0
2026-10-05 08:33:00-04:00,4.578800201416016,4.578800201416016,4.577700138092041,4.5777997970581055,4.5777997970581055,4,0.0,0.0
2026-10-05 08:34:00-04:00,4.578000068664551,4.579599857330322,4.577499866485596,4.577499866485596,4.577499866485596,18,0.0,0.0
2026-10-05 08:35:00-04:00,4.576700210571289,4.577700138092041,4.572500228881836,4.572500228881836,4.572500228881836,16,0.0,0.0
2026-10-05 08:36:00-04:00,4.574399948120117,4.574399948120117,4.573299884796143,4.573599815368652,4.573599815368652,8,0.0,0.0
2026-10-05 08:37:00-04:00,4.573999881744385,4.574699878692627,4.570400238037109,4.572400093078613,4.572400093078613,19,0.0,0.0
2026-10-05 08:38:00-04:00,4.571800231933594,4.572199821472168,4.567200183868408,4.56790018081665,4.56790018081665,8,0.0,0.0
2026-10-05 08:39:00-04:00,4.568299770355225,4.568299770355225,4.565700054168701,4.566999912261963,4.566999912261963,34,0.0,0.0
2026-10-05 08:40:00-04:00,4.5644001960754395,4.569399833679199,4.5644001960754395,4.569399833679199,4.569399833679199,42,0.0,0.0
2026-10-05 08:41:00-04:00,4.567299842834473,4.567500114440918,4.564300060272217,4.566699981689453,4.566699981689453,30,0.0,0.0
2026-10-05 08:42:00-04:00,4.5655999183654785,4.566800117492676,4.565100193023682,4.565100193023682,4.565100193023682,6,0.0,0.0
2026-10-05 08:43:00-04:00,4.5644001960754395,4.566800117492676,4.564199924468994,4.565499782562256,4.565499782562256,12,0.0,0.0
2026-10-05 08:44:00-04:00,4.565899848937988,4.569799900054932,4.565199851989746,4.565199851989746,4.565199851989746,22,0.0,0.0
2026-10-05 08:45:00-04:00,4.563000202178955,4.5640997886657715,4.561699867248535,4.562399864196777,4.562399864196777,40,0.0,0.0
2026-10-05 08:46:00-04:00,4.5619001388549805,4.5640997886657715,4.560500144958496,4.563199996948242,4.563199996948242,24,0.0,0.0
2026-10-05 08:47:00-04:00,4.5725998878479,4.575799942016602,4.565299987792969,4.568299770355225,4.568299770355225,36,0.0,0.0
2026-10-05 08:48:00-04:00,4.567399978637695,4.573400020599365,4.567399978637695,4.571899890899658,4.571899890899658,10,0.0,0.0
2026-10-05 08:49:00-04:00,4.572500228881836,4.577000141143799,4.571700096130371,4.572700023651123,4.572700023651123,36,0.0,0.0
2026-10-05 08:50:00-04:00,4.573299884796143,4.574699878692627,4.566299915313721,4.566299915313721,4.566299915313721,28,0.0,0.0
2026-10-05 08:51:00-04:00,4.567800045013428,4.56820011138916,4.55679988861084,4.562900066375732,4.562900066375732,269,0.0,0.0
2026-10-05 08:52:00-04:00,4.56220006942749,4.562900066375732,4.553800106048584,4.558000087738037,4.558000087738037,71,0.0,0.0
2026-10-05 08:53:00-04:00,4.558000087738037,4.564799785614014,4.558000087738037,4.561399936676025,4.561399936676025,24,0.0,0.0
2026-10-05 08:54:00-04:00,4.561399936676025,4.572700023651123,4.561399936676025,4.570300102233887,4.570300102233887,79,0.0,0.0
2026-10-05 08:55:00-04:00,4.56820011138916,4.571100234985352,4.564000129699707,4.565299987792969,4.565299987792969,42,0.0,0.0
2026-10-05 08:56:00-04:00,4.566500186920166,4.567999839782715,4.565400123596191,4.566500186920166,4.566500186920166,25,0.0,0.0
2026-10-05 08:57:00-04:00,4.565899848937988,4.56790018081665,4.563799858093262,4.565100193023682,4.565100193023682,59,0.0,0.0
2026-10-05 08:58:00-04:00,4.564000129699707,4.565899848937988,4.560699939727783,4.564000129699707,4.564000129699707,48,0.0,0.0
2026-10-05 08:59:00-04:00,4.565400123596191,4.57450008392334,4.565400123596191,4.572000026702881,4.572000026702881,41,0.0,0.0
2026-10-05 09:00:00-04:00,4.5696001052856445,4.573500156402588,4.555500030517578,4.559700012207031,4.559700012207031,203,0.0,0.0
2026-10-05 09:01:00-04:00,4.560999870300293,4.564199924468994,4.55709981918335,4.563399791717529,4.563399791717529,137,0.0,0.0
2026-10-05 09:02:00-04:00,4.5625,4.563700199127197,4.556600093841553,4.558300018310547,4.558300018310547,63,0.0,0.0
2026-10-05 09:03:00-04:00,4.559299945831299,4.559700012207031,4.55079984664917,4.55079984664917,4.55079984664917,96,0.0,0.0
2026-10-05 09:04:00-04:00,4.549099922180176,4.551700115203857,4.543399810791016,4.544000148773193,4.544000148773193,252,0.0,0.0
2026-10-05 09:05:00-04:00,4.545199871063232,4.546599864959717,4.541200160980225,4.543600082397461,4.543600082397461,114,0.0,0.0
2026-10-05 09:06:00-04:00,4.542900085449219,4.5447998046875,4.537399768829346,4.539100170135498,4.539100170135498,166,0.0,0.0
2026-10-05 09:07:00-04:00,4.53849983215332,4.539299964904785,4.531499862670898,4.532599925994873,4.532599925994873,146,0.0,0.0
2026-10-05 09:08:00-04:00,4.530900001525879,4.531400203704834,4.522799968719482,4.52810001373291,4.52810001373291,103,0.0,0.0
2026-10-05 09:09:00-04:00,4.527599811553955,4.5278000831604,4.525199890136719,4.5258002281188965,4.5258002281188965,84,0.0,0.0
2026-10-05 09:10:00-04:00,4.526899814605713,4.527200222015381,4.521599769592285,4.527200222015381,4.527200222015381,111,0.0,0.0
2026-10-05 09:11:00-04:00,4.527500152587891,4.52810001373291,4.524400234222412,4.527699947357178,4.527699947357178,165,0.0,0.0
2026-10-05 09:12:00-04:00,4.526800155639648,4.529300212860107,4.523200035095215,4.523200035095215,4.523200035095215,61,0.0,0.0
2026-10-05 09:13:00-04:00,4.523200035095215,4.527299880981445,4.522500038146973,4.527299880981445,4.527299880981445,49,0.0,0.0
2026-10-05 09:14:00-04:00,4.527299880981445,4.540999889373779,4.527100086212158,4.534900188446045,4.534900188446045,89,0.0,0.0
2026-10-05 09:15:00-04:00,4.53380012512207,4.5391998291015625,4.5329999923706055,4.534900188446045,4.534900188446045,95,0.0,0.0
2026-10-05 09:16:00-04:00,4.535799980163574,4.541299819946289,4.533999919891357,4.54010009765625,4.54010009765625,63,0.0,0.0
2026-10-05 09:17:00-04:00,4.541299819946289,4.546899795532227,4.539899826049805,4.541100025177002,4.541100025177002,73,0.0,0.0
2026-10-05 09:18:00-04:00,4.539599895477295,4.539999961853027,4.5346999168396,4.538599967956543,4.538599967956543,92,0.0,0.0
2026-10-05 09:19:00-04:00,4.53879976272583,4.53879976272583,4.527100086212158,4.52810001373291,4.52810001373291,110,0.0,0.0
2026-10-05 09:20:00-04:00,4.527900218963623,4.527900218963623,4.52209997177124,4.52400016784668,4.52400016784668,118,0.0,0.0
2026-10-05 09:21:00-04:00,4.524600028991699,4.524700164794922,4.521399974822998,4.52400016784668,4.52400016784668,68,0.0,0.0
2026-10-05 09:22:00-04:00,4.521699905395508,4.52810001373291,4.521599769592285,4.52810001373291,4.52810001373291,58,0.0,0.0
2026-10-05 09:23:00-04:00,4.5279998779296875,4.5279998779296875,4.522200107574463,4.5233001708984375,4.5233001708984375,44,0.0,0.0
2026-10-05 09:24:00-04:00,4.52370023727417,4.5366997718811035,4.52370023727417,4.532899856567383,4.532899856567383,68,0.0,0.0
2026-10-05 09:25:00-04:00,4.533299922943115,4.533299922943115,4.52400016784668,4.52400016784668,4.52400016784668,50,0.0,0.0
2026-10-05 09:26:00-04:00,4.524099826812744,4.526599884033203,4.522200107574463,4.523600101470947,4.523600101470947,60,0.0,0.0
2026-10-05 09:27:00-04:00,4.524099826812744,4.527699947357178,4.524099826812744,4.525599956512451,4.525599956512451,47,0.0,0.0
2026-10-05 09:28:00-04:00,4.525000095367432,4.531099796295166,4.524099826812744,4.5304999351501465,4.5304999351501465,62,0.0,0.0
2026-10-05 09:29:00-04:00,4.533400058746338,4.544000148773193,4.532899856567383,4.542099952697754,4.542099952697754,111,0.0,0.0
2026-10-05 09:30:00-04:00,4.542500019073486,4.546800136566162,4.537499904632568,4.540200233459473,4.540200233459473,146,0.0,0.0
2026-10-05 09:31:00-04:00,4.5391998291015625,4.553299903869629,4.5391998291015625,4.548900127410889,4.548900127410889,74,0.0,0.0
2026-10-05 09:32:00-04:00,4.547399997711182,4.553299903869629,4.546800136566162,4.552000045776367,4.552000045776367,130,0.0,0.0
2026-10-05 09:33:00-04:00,4.55079984664917,4.552199840545654,4.5467000007629395,4.549499988555908,4.549499988555908,119,0.0,0.0
2026-10-05 09:34:00-04:00,4.5524001121521,4.556700229644775,4.550300121307373,4.551000118255615,4.551000118255615,99,0.0,0.0
2026-10-05 09:35:00-04:00,4.552800178527832,4.561999797821045,4.552299976348877,4.560500144958496,4.560500144958496,68,0.0,0.0
2026-10-05 09:36:00-04:00,4.559000015258789,4.559199810028076,4.5543999671936035,4.5543999671936035,4.5543999671936035,82,0.0,0.0
2026-10-05 09:37:00-04:00,4.552000045776367,4.553500175476074,4.54580020904541,4.552000045776367,4.552000045776367,104,0.0,0.0
2026-10-05 09:38:00-04:00,4.551799774169922,4.559800148010254,4.551700115203857,4.558000087738037,4.558000087738037,96,0.0,0.0
2026-10-05 09:39:00-04:00,4.557300090789795,4.562699794769287,4.557199954986572,4.559299945831299,4.559299945831299,43,0.0,0.0
2026-10-05 09:40:00-04:00,4.557600021362305,4.558599948883057,4.5543999671936035,4.555799961090088,4.555799961090088,56,0.0,0.0
2026-10-05 09:41:00-04:00,4.5569000244140625,4.560699939727783,4.554200172424316,4.55810022354126,4.55810022354126,41,0.0,0.0
2026-10-05 09:42:00-04:00,4.558899879455566,4.558899879455566,4.548500061035156,4.548500061035156,4.548500061035156,94,0.0,0.0
2026-10-05 09:43:00-04:00,4.5472002029418945,4.552999973297119,4.5457000732421875,4.552999973297119,4.552999973297119,65,0.0,0.0
2026-10-05 09:44:00-04:00,4.550899982452393,4.552599906921387,4.5472002029418945,4.547299861907959,4.547299861907959,98,0.0,0.0
2026-10-05 09:45:00-04:00,4.547999858856201,4.552199840545654,4.540999889373779,4.549900054931641,4.549900054931641,110,0.0,0.0
2026-10-05 09:46:00-04:00,4.548500061035156,4.555200099945068,4.546899795532227,4.552000045776367,4.552000045776367,111,0.0,0.0
2026-10-05 09:47:00-04:00,4.548600196838379,4.550000190734863,4.5447998046875,4.5447998046875,4.5447998046875,42,0.0,0.0
2026-10-05 09:48:00-04:00,4.5447001457214355,4.55049991607666,4.544300079345703,4.55049991607666,4.55049991607666,57,0.0,0.0
2026-10-05 09:49:00-04:00,4.552999973297119,4.557000160217285,4.552299976348877,4.553299903869629,4.553299903869629,37,0.0,0.0
2026-10-05 09:50:00-04:00,4.552800178527832,4.5543999671936035,4.548900127410889,4.5528998374938965,4.5528998374938965,43,0.0,0.0
2026-10-05 09:51:00-04:00,4.5528998374938965,4.556399822235107,4.551499843597412,4.552599906921387,4.552599906921387,72,0.0,0.0
2026-10-05 09:52:00-04:00,4.551700115203857,4.553400039672852,4.550099849700928,4.550600051879883,4.550600051879883,42,0.0,0.0
2026-10-05 09:53:00-04:00,4.549699783325195,4.554800033569336,4.547100067138672,4.553999900817871,4.553999900817871,58,0.0,0.0
2026-10-05 09:54:00-04:00,4.552700042724609,4.552700042724609,4.543799877166748,4.5447001457214355,4.5447001457214355,64,0.0,0.0
2026-10-05 09:55:00-04:00,4.543399810791016,4.544300079345703,4.5346999168396,4.537899971008301,4.537899971008301,138,0.0,0.0
2026-10-05 09:56:00-04:00,4.537700176239014,4.546800136566162,4.537399768829346,4.54640007019043,4.54640007019043,82,0.0,0.0
2026-10-05 09:57:00-04:00,4.549799919128418,4.554200172424316,4.548299789428711,4.549699783325195,4.549699783325195,51,0.0,0.0
2026-10-05 09:58:00-04:00,4.55079984664917,4.553400039672852,4.55079984664917,4.552599906921387,4.552599906921387,44,0.0,0.0
2026-10-05 09:59:00-04:00,4.552499771118164,4.556099891662598,4.55079984664917,4.556099891662598,4.556099891662598,84,0.0,0.0
2026-10-05 10:00:00-04:00,4.555699825286865,4.570000171661377,4.549900054931641,4.5630998611450195,4.5630998611450195,118,0.0,0.0
2026-10-05 10:01:00-04:00,4.561800003051758,4.566299915313721,4.553699970245361,4.554999828338623,4.554999828338623,125,0.0,0.0
2026-10-05 10:02:00-04:00,4.555600166320801,4.555600166320801,4.55049991607666,4.5528998374938965,4.5528998374938965,165,0.0,0.0
2026-10-05 10:03:00-04:00,4.553500175476074,4.558199882507324,4.553500175476074,4.555699825286865,4.555699825286865,22,0.0,0.0
2026-10-05 10:04:00-04:00,4.553400039672852,4.554800033569336,4.541399955749512,4.5447001457214355,4.5447001457214355,121,0.0,0.0
2026-10-05 10:05:00-04:00,4.5457000732421875,4.549099922180176,4.544099807739258,4.544099807739258,4.544099807739258,239,0.0,0.0
2026-10-05 10:06:00-04:00,4.544400215148926,4.546599864959717,4.542300224304199,4.542900085449219,4.542900085449219,121,0.0,0.0
2026-10-05 10:07:00-04:00,4.543099880218506,4.544000148773193,4.539999961853027,4.542600154876709,4.542600154876709,94,0.0,0.0
2026-10-05 10:08:00-04:00,4.542099952697754,4.542600154876709,4.5218000411987305,4.527599811553955,4.527599811553955,258,0.0,0.0
2026-10-05 10:09:00-04:00,4.531799793243408,4.537600040435791,4.530099868774414,4.534599781036377,4.534599781036377,62,0.0,0.0
2026-10-05 10:10:00-04:00,4.532100200653076,4.533299922943115,4.527500152587891,4.533299922943115,4.533299922943115,89,0.0,0.0
2026-10-05 10:11:00-04:00,4.531000137329102,4.5345001220703125,4.528600215911865,4.531199932098389,4.531199932098389,31,0.0,0.0
2026-10-05 10:12:00-04:00,4.531099796295166,4.531599998474121,4.5243000984191895,4.524499893188477,4.524499893188477,96,0.0,0.0
2026-10-05 10:13:00-04:00,4.523600101470947,4.523600101470947,4.514999866485596,4.5157999992370605,4.5157999992370605,197,0.0,0.0
2026-10-05 10:14:00-04:00,4.517300128936768,4.520999908447266,4.516600131988525,4.519000053405762,4.519000053405762,71,0.0,0.0
2026-10-05 10:15:00-04:00,4.518899917602539,4.526500225067139,4.518899917602539,4.524400234222412,4.524400234222412,103,0.0,0.0
2026-10-05 10:16:00-04:00,4.525100231170654,4.525100231170654,4.519800186157227,4.520400047302246,4.520400047302246,68,0.0,0.0
2026-10-05 10:17:00-04:00,4.521299839019775,4.526800155639648,4.521299839019775,4.5218000411987305,4.5218000411987305,50,0.0,0.0
2026-10-05 10:18:00-04:00,4.523399829864502,4.526899814605713,4.522600173950195,4.524899959564209,4.524899959564209,143,0.0,0.0
2026-10-05 10:19:00-04:00,4.524600028991699,4.524600028991699,4.520599842071533,4.524400234222412,4.524400234222412,43,0.0,0.0
2026-10-05 10:20:00-04:00,4.523600101470947,4.523600101470947,4.519999980926514,4.520699977874756,4.520699977874756,38,0.0,0.0
2026-10-05 10:21:00-04:00,4.520500183105469,4.522299766540527,4.512800216674805,4.512800216674805,4.512800216674805,129,0.0,0.0
2026-10-05 10:22:00-04:00,4.511499881744385,4.511499881744385,4.500999927520752,4.5030999183654785,4.5030999183654785,341,0.0,0.0
2026-10-05 10:23:00-04:00,4.503900051116943,4.505300045013428,4.501999855041504,4.503200054168701,4.503200054168701,100,0.0,0.0
2026-10-05 10:24:00-04:00,4.5040998458862305,4.5106000900268555,4.5015997886657715,4.510200023651123,4.510200023651123,86,0.0,0.0
2026-10-05 10:25:00-04:00,4.512700080871582,4.515399932861328,4.50570011138916,4.507500171661377,4.507500171661377,115,0.0,0.0
2026-10-05 10:26:00-04:00,4.508999824523926,4.508999824523926,4.495999813079834,4.496200084686279,4.496200084686279,134,0.0,0.0
2026-10-05 10:27:00-04:00,4.4959001541137695,4.496799945831299,4.493299961090088,4.496399879455566,4.496399879455566,59,0.0,0.0
2026-10-05 10:28:00-04:00,4.49560022354126,4.496399879455566,4.493000030517578,4.49399995803833,4.49399995803833,61,0.0,0.0
2026-10-05 10:29:00-04:00,4.4934000968933105,4.497300148010254,4.493299961090088,4.495999813079834,4.495999813079834,94,0.0,0.0
2026-10-05 10:30:00-04:00,4.4959001541137695,4.504199981689453,4.4934000968933105,4.504199981689453,4.504199981689453,152,0.0,0.0
2026-10-05 10:31:00-04:00,4.50439977645874,4.504799842834473,4.4984002113342285,4.499599933624268,4.499599933624268,130,0.0,0.0
2026-10-05 10:32:00-04:00,4.500699996948242,4.515399932861328,4.5005998611450195,4.514699935913086,4.514699935913086,128,0.0,0.0
2026-10-05 10:33:00-04:00,4.51609992980957,4.518499851226807,4.514900207519531,4.5177001953125,4.5177001953125,179,0.0,0.0
2026-10-05 10:34:00-04:00,4.520100116729736,4.520100116729736,4.515600204467773,4.515999794006348,4.515999794006348,37,0.0,0.0
2026-10-05 10:35:00-04:00,4.516300201416016,4.516300201416016,4.507800102233887,4.513000011444092,4.513000011444092,147,0.0,0.0
2026-10-05 10:36:00-04:00,4.511499881744385,4.511600017547607,4.509699821472168,4.509699821472168,4.509699821472168,40,0.0,0.0
2026-10-05 10:37:00-04:00,4.509799957275391,4.5142998695373535,4.5096001625061035,4.512599945068359,4.512599945068359,77,0.0,0.0
2026-10-05 10:38:00-04:00,4.511499881744385,4.518400192260742,4.511499881744385,4.51800012588501,4.51800012588501,193,0.0,0.0
2026-10-05 10:39:00-04:00,4.515399932861328,4.520500183105469,4.513899803161621,4.518799781799316,4.518799781799316,206,0.0,0.0
2026-10-05 10:40:00-04:00,4.518099784851074,4.520299911499023,4.515699863433838,4.517099857330322,4.517099857330322,45,0.0,0.0
2026-10-05 10:41:00-04:00,4.518499851226807,4.52209997177124,4.518499851226807,4.519999980926514,4.519999980926514,81,0.0,0.0
2026-10-05 10:42:00-04:00,4.519400119781494,4.52209997177124,4.519100189208984,4.52209997177124,4.52209997177124,137,0.0,0.0
2026-10-05 10:43:00-04:00,4.522500038146973,4.5278000831604,4.519700050354004,4.524099826812744,4.524099826812744,114,0.0,0.0
2026-10-05 10:44:00-04:00,4.525300025939941,4.525300025939941,4.522500038146973,4.522500038146973,4.522500038146973,19,0.0,0.0
2026-10-05 10:45:00-04:00,4.520599842071533,4.531499862670898,4.520599842071533,4.530600070953369,4.530600070953369,35,0.0,0.0
2026-10-05 10:46:00-04:00,4.528299808502197,4.529200077056885,4.526500225067139,4.527200222015381,4.527200222015381,41,0.0,0.0
2026-10-05 10:47:00-04:00,4.5279998779296875,4.530900001525879,4.523200035095215,4.5243000984191895,4.5243000984191895,94,0.0,0.0
2026-10-05 10:48:00-04:00,4.5279998779296875,4.529900074005127,4.5229997634887695,4.525400161743164,4.525400161743164,116,0.0,0.0
2026-10-05 10:49:00-04:00,4.527400016784668,4.52810001373291,4.519899845123291,4.5229997634887695,4.5229997634887695,68,0.0,0.0
2026-10-05 10:50:00-04:00,4.5233001708984375,4.530099868774414,4.5233001708984375,4.529399871826172,4.529399871826172,62,0.0,0.0
2026-10-05 10:51:00-04:00,4.528800010681152,4.531000137329102,4.524199962615967,4.527100086212158,4.527100086212158,90,0.0,0.0
2026-10-05 10:52:00-04:00,4.526800155639648,4.5279998779296875,4.522500038146973,4.527599811553955,4.527599811553955,68,0.0,0.0
2026-10-05 10:53:00-04:00,4.526000022888184,4.526000022888184,4.521100044250488,4.522799968719482,4.522799968719482,35,0.0,0.0
2026-10-05 10:54:00-04:00,4.5229997634887695,4.523900032043457,4.519899845123291,4.519899845123291,4.519899845123291,32,0.0,0.0
2026-10-05 10:55:00-04:00,4.5177998542785645,4.520500183105469,4.517399787902832,4.517399787902832,4.517399787902832,96,0.0,0.0
2026-10-05 10:56:00-04:00,4.516499996185303,4.518499851226807,4.515100002288818,4.518499851226807,4.518499851226807,96,0.0,0.0
2026-10-05 10:57:00-04:00,4.5177998542785645,4.519199848175049,4.516600131988525,4.519199848175049,4.519199848175049,45,0.0,0.0
2026-10-05 10:58:00-04:00,4.519599914550781,4.521200180053711,4.51669979095459,4.517600059509277,4.517600059509277,80,0.0,0.0
2026-10-05 10:59:00-04:00,4.518499851226807,4.521999835968018,4.517099857330322,4.521999835968018,4.521999835968018,147,0.0,0.0
2026-10-05 11:00:00-04:00,4.523600101470947,4.524099826812744,4.519800186157227,4.519999980926514,4.519999980926514,182,0.0,0.0
2026-10-05 11:01:00-04:00,4.5229997634887695,4.524799823760986,4.519999980926514,4.520500183105469,4.520500183105469,57,0.0,0.0
2026-10-05 11:02:00-04:00,4.519800186157227,4.53849983215332,4.519800186157227,4.537700176239014,4.537700176239014,199,0.0,0.0
2026-10-05 11:03:00-04:00,4.537700176239014,4.542699813842773,4.536900043487549,4.540599822998047,4.540599822998047,47,0.0,0.0
2026-10-05 11:04:00-04:00,4.54040002822876,4.54040002822876,4.5320000648498535,4.5320000648498535,4.5320000648498535,63,0.0,0.0
2026-10-05 11:05:00-04:00,4.531700134277344,4.53849983215332,4.530700206756592,4.537700176239014,4.537700176239014,58,0.0,0.0
2026-10-05 11:06:00-04:00,4.538599967956543,4.5432000160217285,4.533699989318848,4.5432000160217285,4.5432000160217285,167,0.0,0.0
2026-10-05 11:07:00-04:00,4.540900230407715,4.548999786376953,4.540900230407715,4.547399997711182,4.547399997711182,90,0.0,0.0
2026-10-05 11:08:00-04:00,4.544899940490723,4.54610013961792,4.540800094604492,4.541399955749512,4.541399955749512,20,0.0,0.0
2026-10-05 11:09:00-04:00,4.539700031280518,4.5441999435424805,4.537700176239014,4.5441999435424805,4.5441999435424805,160,0.0,0.0
2026-10-05 11:10:00-04:00,4.544300079345703,4.544300079345703,4.541100025177002,4.541500091552734,4.541500091552734,44,0.0,0.0
2026-10-05 11:11:00-04:00,4.541600227355957,4.544400215148926,4.539100170135498,4.541900157928467,4.541900157928467,36,0.0,0.0
2026-10-05 11:12:00-04:00,4.541600227355957,4.543300151824951,4.538700103759766,4.543000221252441,4.543000221252441,33,0.0,0.0
2026-10-05 11:13:00-04:00,4.542300224304199,4.547500133514404,4.5406999588012695,4.543700218200684,4.543700218200684,44,0.0,0.0
2026-10-05 11:14:00-04:00,4.5441999435424805,4.550000190734863,4.5441999435424805,4.549300193786621,4.549300193786621,84,0.0,0.0
2026-10-05 11:15:00-04:00,4.549200057983398,4.552000045776367,4.54640007019043,4.549200057983398,4.549200057983398,90,0.0,0.0
2026-10-05 11:16:00-04:00,4.5493998527526855,4.552000045776367,4.540900230407715,4.540900230407715,4.540900230407715,176,0.0,0.0
2026-10-05 11:17:00-04:00,4.538099765777588,4.5406999588012695,4.535799980163574,4.5406999588012695,4.5406999588012695,33,0.0,0.0
2026-10-05 11:18:00-04:00,4.543000221252441,4.5503997802734375,4.542900085449219,4.549900054931641,4.549900054931641,118,0.0,0.0
2026-10-05 11:19:00-04:00,4.547999858856201,4.547999858856201,4.5432000160217285,4.544300079345703,4.544300079345703,32,0.0,0.0
2026-10-05 11:20:00-04:00,4.543399810791016,4.543399810791016,4.539299964904785,4.539599895477295,4.539599895477295,92,0.0,0.0
2026-10-05 11:21:00-04:00,4.539299964904785,4.547999858856201,4.5391998291015625,4.546500205993652,4.546500205993652,75,0.0,0.0
2026-10-05 11:22:00-04:00,4.545599937438965,4.546199798583984,4.535299777984619,4.535999774932861,4.535999774932861,115,0.0,0.0
2026-10-05 11:23:00-04:00,4.536900043487549,4.536900043487549,4.5320000648498535,4.535799980163574,4.535799980163574,60,0.0,0.0
2026-10-05 11:24:00-04:00,4.535699844360352,4.535900115966797,4.530900001525879,4.533199787139893,4.533199787139893,71,0.0,0.0
2026-10-05 11:25:00-04:00,4.5329999923706055,4.536200046539307,4.532899856567383,4.5345001220703125,4.5345001220703125,36,0.0,0.0
2026-10-05 11:26:00-04:00,4.536300182342529,4.538700103759766,4.535999774932861,4.538700103759766,4.538700103759766,31,0.0,0.0
2026-10-05 11:27:00-04:00,4.537600040435791,4.543499946594238,4.537300109863281,4.543499946594238,4.543499946594238,55,0.0,0.0
2026-10-05 11:28:00-04:00,4.544600009918213,4.544899940490723,4.537399768829346,4.541100025177002,4.541100025177002,37,0.0,0.0
2026-10-05 11:29:00-04:00,4.543399810791016,4.545000076293945,4.538899898529053,4.541100025177002,4.541100025177002,108,0.0,0.0
2026-10-05 11:30:00-04:00,4.540500164031982,4.544899940490723,4.538099765777588,4.544899940490723,4.544899940490723,84,0.0,0.0
2026-10-05 11:31:00-04:00,4.546299934387207,4.548299789428711,4.544000148773193,4.546500205993652,4.546500205993652,38,0.0,0.0
2026-10-05 11:32:00-04:00,4.548900127410889,4.549799919128418,4.5441999435424805,4.5441999435424805,4.5441999435424805,85,0.0,0.0
2026-10-05 11:33:00-04:00,4.544099807739258,4.5447001457214355,4.541200160980225,4.542200088500977,4.542200088500977,132,0.0,0.0
2026-10-05 11:34:00-04:00,4.540800094604492,4.540800094604492,4.532800197601318,4.5346999168396,4.5346999168396,224,0.0,0.0
2026-10-05 11:35:00-04:00,4.530900001525879,4.5447001457214355,4.530900001525879,4.543000221252441,4.543000221252441,77,0.0,0.0
2026-10-05 11:36:00-04:00,4.545599937438965,4.552299976348877,4.545000076293945,4.552299976348877,4.552299976348877,169,0.0,0.0
2026-10-05 11:37:00-04:00,4.552199840545654,4.553199768066406,4.549799919128418,4.550000190734863,4.550000190734863,90,0.0,0.0
2026-10-05 11:38:00-04:00,4.551499843597412,4.5524001121521,4.548299789428711,4.548299789428711,4.548299789428711,32,0.0,0.0
2026-10-05 11:39:00-04:00,4.549600124359131,4.549600124359131,4.546199798583984,4.546800136566162,4.546800136566162,25,0.0,0.0
2026-10-05 11:40:00-04:00,4.545899868011475,4.548600196838379,4.544300079345703,4.548600196838379,4.548600196838379,29,0.0,0.0
2026-10-05 11:41:00-04:00,4.55049991607666,4.55049991607666,4.547100067138672,4.547900199890137,4.547900199890137,47,0.0,0.0
2026-10-05 11:42:00-04:00,4.546899795532227,4.5482001304626465,4.545000076293945,4.5467000007629395,4.5467000007629395,23,0.0,0.0
2026-10-05 11:43:00-04:00,4.547699928283691,4.548799991607666,4.546999931335449,4.548399925231934,4.548399925231934,11,0.0,0.0
2026-10-05 11:44:00-04:00,4.55049991607666,4.554200172424316,4.548600196838379,4.550000190734863,4.550000190734863,67,0.0,0.0
2026-10-05 11:45:00-04:00,4.55109977722168,4.553500175476074,4.545300006866455,4.547800064086914,4.547800064086914,87,0.0,0.0
2026-10-05 11:46:00-04:00,4.548500061035156,4.548500061035156,4.54610013961792,4.54610013961792,4.54610013961792,27,0.0,0.0
2026-10-05 11:47:00-04:00,4.546999931335449,4.548999786376953,4.544899940490723,4.548999786376953,4.548999786376953,74,0.0,0.0
2026-10-05 11:48:00-04:00,4.549600124359131,4.549600124359131,4.542300224304199,4.542300224304199,4.542300224304199,24,0.0,0.0
2026-10-05 11:49:00-04:00,4.541800022125244,4.542900085449219,4.535999774932861,4.535999774932861,4.535999774932861,64,0.0,0.0
2026-10-05 11:50:00-04:00,4.537799835205078,4.540999889373779,4.537799835205078,4.539100170135498,4.539100170135498,12,0.0,0.0
2026-10-05 11:51:00-04:00,4.541200160980225,4.541200160980225,4.532599925994873,4.532599925994873,4.532599925994873,27,0.0,0.0
2026-10-05 11:52:00-04:00,4.531599998474121,4.533599853515625,4.527900218963623,4.528500080108643,4.528500080108643,29,0.0,0.0
2026-10-05 11:53:00-04:00,4.528500080108643,4.529799938201904,4.526199817657471,4.52839994430542,4.52839994430542,39,0.0,0.0
2026-10-05 11:54:00-04:00,4.527500152587891,4.528299808502197,4.5218000411987305,4.523600101470947,4.523600101470947,31,0.0,0.0
2026-10-05 11:55:00-04:00,4.519999980926514,4.521999835968018,4.5152997970581055,4.515900135040283,4.515900135040283,64,0.0,0.0
2026-10-05 11:56:00-04:00,4.5157999992370605,4.52239990234375,4.513299942016602,4.513500213623047,4.513500213623047,60,0.0,0.0
2026-10-05 11:57:00-04:00,4.515900135040283,4.5183000564575195,4.514800071716309,4.517899990081787,4.517899990081787,23,0.0,0.0
2026-10-05 11:58:00-04:00,4.5183000564575195,4.518700122833252,4.516499996185303,4.517499923706055,4.517499923706055,21,0.0,0.0
2026-10-05 11:59:00-04:00,4.518799781799316,4.519100189208984,4.514999866485596,4.516499996185303,4.516499996185303,51,0.0,0.0
2026-10-05 12:00:00-04:00,4.51609992980957,4.521100044250488,4.514999866485596,4.520299911499023,4.520299911499023,78,0.0,0.0
2026-10-05 12:01:00-04:00,4.521999835968018,4.5243000984191895,4.520500183105469,4.520500183105469,4.520500183105469,20,0.0,0.0
2026-10-05 12:02:00-04:00,4.520599842071533,4.523900032043457,4.520100116729736,4.522799968719482,4.522799968719482,47,0.0,0.0
2026-10-05 12:03:00-04:00,4.523499965667725,4.526599884033203,4.5218000411987305,4.5218000411987305,4.5218000411987305,30,0.0,0.0
2026-10-05 12:04:00-04:00,4.519000053405762,4.519100189208984,4.514500141143799,4.514500141143799,4.514500141143799,64,0.0,0.0
2026-10-05 12:05:00-04:00,4.5121002197265625,4.520699977874756,4.508600234985352,4.514999866485596,4.514999866485596,120,0.0,0.0
2026-10-05 12:06:00-04:00,4.514500141143799,4.514500141143799,4.5117998123168945,4.513899803161621,4.513899803161621,24,0.0,0.0
2026-10-05 12:07:00-04:00,4.512700080871582,4.513500213623047,4.509799957275391,4.509799957275391,4.509799957275391,9,0.0,0.0
2026-10-05 12:08:00-04:00,4.511300086975098,4.5131001472473145,4.510000228881836,4.5131001472473145,4.5131001472473145,23,0.0,0.0
2026-10-05 12:09:00-04:00,4.513700008392334,4.5152997970581055,4.513299942016602,4.513999938964844,4.513999938964844,18,0.0,0.0
2026-10-05 12:10:00-04:00,4.513899803161621,4.514599800109863,4.508200168609619,4.510200023651123,4.510200023651123,108,0.0,0.0
2026-10-05 12:11:00-04:00,4.508999824523926,4.51200008392334,4.508999824523926,4.511199951171875,4.511199951171875,35,0.0,0.0
2026-10-05 12:12:00-04:00,4.511099815368652,4.512499809265137,4.510000228881836,4.51140022277832,4.51140022277832,19,0.0,0.0
2026-10-05 12:13:00-04:00,4.5106000900268555,4.5106000900268555,4.507400035858154,4.507400035858154,4.507400035858154,20,0.0,0.0
2026-10-05 12:14:00-04:00,4.509099960327148,4.5117998123168945,4.508699893951416,4.5096001625061035,4.5096001625061035,30,0.0,0.0
2026-10-05 12:15:00-04:00,4.508699893951416,4.51230001449585,4.5071001052856445,4.51230001449585,4.51230001449585,14,0.0,0.0
2026-10-05 12:16:00-04:00,4.512899875640869,4.518099784851074,4.5096001625061035,4.517499923706055,4.517499923706055,173,0.0,0.0
2026-10-05 12:17:00-04:00,4.5177998542785645,4.51800012588501,4.514900207519531,4.514900207519531,4.514900207519531,30,0.0,0.0
2026-10-05 12:18:00-04:00,4.51609992980957,4.517300128936768,4.514100074768066,4.517300128936768,4.517300128936768,10,0.0,0.0
2026-10-05 12:19:00-04:00,4.520400047302246,4.520400047302246,4.517300128936768,4.517600059509277,4.517600059509277,10,0.0,0.0
2026-10-05 12:20:00-04:00,4.516300201416016,4.516300201416016,4.510300159454346,4.511000156402588,4.511000156402588,40,0.0,0.0
2026-10-05 12:21:00-04:00,4.509799957275391,4.5121002197265625,4.508600234985352,4.5121002197265625,4.5121002197265625,22,0.0,0.0
2026-10-05 12:22:00-04:00,4.513599872589111,4.515699863433838,4.513599872589111,4.515699863433838,4.515699863433838,8,0.0,0.0
2026-10-05 12:23:00-04:00,4.516900062561035,4.519000053405762,4.5157999992370605,4.519000053405762,4.519000053405762,29,0.0,0.0
2026-10-05 12:24:00-04:00,4.519499778747559,4.519999980926514,4.5192999839782715,4.519999980926514,4.519999980926514,15,0.0,0.0
2026-10-05 12:25:00-04:00,4.520199775695801,4.520299911499023,4.5177998542785645,4.5177998542785645,4.5177998542785645,11,0.0,0.0
2026-10-05 12:26:00-04:00,4.518400192260742,4.518400192260742,4.5177998542785645,4.5177998542785645,4.5177998542785645,14,0.0,0.0
2026-10-05 12:27:00-04:00,4.514999866485596,4.517600059509277,4.5142998695373535,4.514500141143799,4.514500141143799,21,0.0,0.0
2026-10-05 12:28:00-04:00,4.507599830627441,4.510000228881836,4.5071001052856445,4.509900093078613,4.509900093078613,50,0.0,0.0
2026-10-05 12:29:00-04:00,4.508399963378906,4.512800216674805,4.5040998458862305,4.512700080871582,4.512700080871582,79,0.0,0.0
2026-10-05 12:30:00-04:00,4.51140022277832,4.517899990081787,4.51140022277832,4.515100002288818,4.515100002288818,97,0.0,0.0
2026-10-05 12:31:00-04:00,4.514500141143799,4.517300128936768,4.513400077819824,4.516900062561035,4.516900062561035,37,0.0,0.0
2026-10-05 12:32:00-04:00,4.518400192260742,4.520299911499023,4.51800012588501,4.520299911499023,4.520299911499023,20,0.0,0.0
2026-10-05 12:33:00-04:00,4.521900177001953,4.521900177001953,4.517000198364258,4.517000198364258,4.517000198364258,13,0.0,0.0
2026-10-05 12:34:00-04:00,4.5177998542785645,4.518099784851074,4.516499996185303,4.516499996185303,4.516499996185303,11,0.0,0.0
2026-10-05 12:35:00-04:00,4.514999866485596,4.514999866485596,4.511499881744385,4.513700008392334,4.513700008392334,18,0.0,0.0
2026-10-05 12:36:00-04:00,4.513999938964844,4.5152997970581055,4.512899875640869,4.5152997970581055,4.5152997970581055,22,0.0,0.0
2026-10-05 12:37:00-04:00,4.516200065612793,4.516200065612793,4.506400108337402,4.515600204467773,4.515600204467773,255,0.0,0.0
2026-10-05 12:38:00-04:00,4.513999938964844,4.5152997970581055,4.5121002197265625,4.5121002197265625,4.5121002197265625,42,0.0,0.0
2026-10-05 12:39:00-04:00,4.514800071716309,4.518400192260742,4.5131001472473145,4.518400192260742,4.518400192260742,69,0.0,0.0
2026-10-05 12:40:00-04:00,4.518099784851074,4.521599769592285,4.51609992980957,4.519400119781494,4.519400119781494,35,0.0,0.0
2026-10-05 12:41:00-04:00,4.520199775695801,4.522799968719482,4.519400119781494,4.522799968719482,4.522799968719482,45,0.0,0.0
2026-10-05 12:42:00-04:00,4.523900032043457,4.5243000984191895,4.521399974822998,4.521500110626221,4.521500110626221,10,0.0,0.0
2026-10-05 12:43:00-04:00,4.521599769592285,4.521599769592285,4.519000053405762,4.519499778747559,4.519499778747559,14,0.0,0.0
2026-10-05 12:44:00-04:00,4.519599914550781,4.520699977874756,4.5177001953125,4.5177001953125,4.5177001953125,36,0.0,0.0
2026-10-05 12:45:00-04:00,4.518199920654297,4.519999980926514,4.515900135040283,4.518400192260742,4.518400192260742,64,0.0,0.0
2026-10-05 12:46:00-04:00,4.5218000411987305,4.527400016784668,4.520299911499023,4.527400016784668,4.527400016784668,16,0.0,0.0
2026-10-05 12:47:00-04:00,4.527100086212158,4.533999919891357,4.526899814605713,4.531799793243408,4.531799793243408,21,0.0,0.0
2026-10-05 12:48:00-04:00,4.530799865722656,4.533599853515625,4.52869987487793,4.532800197601318,4.532800197601318,25,0.0,0.0
2026-10-05 12:49:00-04:00,4.533100128173828,4.53380012512207,4.530099868774414,4.530099868774414,4.530099868774414,18,0.0,0.0
2026-10-05 12:50:00-04:00,4.531300067901611,4.533100128173828,4.531099796295166,4.531799793243408,4.531799793243408,20,0.0,0.0
2026-10-05 12:51:00-04:00,4.531700134277344,4.532199859619141,4.529699802398682,4.530900001525879,4.530900001525879,45,0.0,0.0
2026-10-05 12:52:00-04:00,4.531300067901611,4.531300067901611,4.529200077056885,4.531000137329102,4.531000137329102,13,0.0,0.0
2026-10-05 12:53:00-04:00,4.53000020980835,4.533299922943115,4.53000020980835,4.532400131225586,4.532400131225586,14,0.0,0.0
2026-10-05 12:54:00-04:00,4.534200191497803,4.534200191497803,4.533899784088135,4.533899784088135,4.533899784088135,3,0.0,0.0
2026-10-05 12:55:00-04:00,4.532800197601318,4.537199974060059,4.532800197601318,4.536200046539307,4.536200046539307,61,0.0,0.0
2026-10-05 12:56:00-04:00,4.536200046539307,4.537799835205078,4.531499862670898,4.536600112915039,4.536600112915039,64,0.0,0.0
2026-10-05 12:57:00-04:00,4.536600112915039,4.5416998863220215,4.536600112915039,4.537499904632568,4.537499904632568,46,0.0,0.0
2026-10-05 12:58:00-04:00,4.538400173187256,4.53879976272583,4.53380012512207,4.536900043487549,4.536900043487549,107,0.0,0.0
2026-10-05 12:59:00-04:00,4.536900043487549,4.54449987411499,4.536300182342529,4.54449987411499,4.54449987411499,48,0.0,0.0
2026-10-05 13:00:00-04:00,4.543099880218506,4.544300079345703,4.538700103759766,4.541500091552734,4.541500091552734,42,0.0,0.0
2026-10-05 13:01:00-04:00,4.5406999588012695,4.542399883270264,4.53849983215332,4.539599895477295,4.539599895477295,37,0.0,0.0
2026-10-05 13:02:00-04:00,4.54040002822876,4.540900230407715,4.534999847412109,4.534999847412109,4.534999847412109,34,0.0,0.0
2026-10-05 13:03:00-04:00,4.535200119018555,4.535299777984619,4.5335001945495605,4.534299850463867,4.534299850463867,44,0.0,0.0
2026-10-05 13:04:00-04:00,4.5346999168396,4.535900115966797,4.533699989318848,4.535600185394287,4.535600185394287,27,0.0,0.0
2026-10-05 13:05:00-04:00,4.535099983215332,4.536099910736084,4.534800052642822,4.536099910736084,4.536099910736084,3,0.0,0.0
2026-10-05 13:06:00-04:00,4.535200119018555,4.535200119018555,4.53249979019165,4.534200191497803,4.534200191497803,31,0.0,0.0
2026-10-05 13:07:00-04:00,4.531400203704834,4.5329999923706055,4.530799865722656,4.531000137329102,4.531000137329102,23,0.0,0.0
2026-10-05 13:08:00-04:00,4.530399799346924,4.530900001525879,4.528200149536133,4.5304999351501465,4.5304999351501465,23,0.0,0.0
2026-10-05 13:09:00-04:00,4.529600143432617,4.532400131225586,4.52869987487793,4.532100200653076,4.532100200653076,49,0.0,0.0
2026-10-05 13:10:00-04:00,4.531400203704834,4.532299995422363,4.528900146484375,4.528900146484375,4.528900146484375,67,0.0,0.0
2026-10-05 13:11:00-04:00,4.529300212860107,4.530399799346924,4.527500152587891,4.529900074005127,4.529900074005127,111,0.0,0.0
2026-10-05 13:12:00-04:00,4.531400203704834,4.531400203704834,4.530600070953369,4.531400203704834,4.531400203704834,14,0.0,0.0
2026-10-05 13:13:00-04:00,4.531400203704834,4.532199859619141,4.531400203704834,4.532100200653076,4.532100200653076,7,0.0,0.0
2026-10-05 13:14:00-04:00,4.532199859619141,4.532299995422363,4.525400161743164,4.525400161743164,4.525400161743164,41,0.0,0.0
2026-10-05 13:15:00-04:00,4.525400161743164,4.526000022888184,4.521699905395508,4.5243000984191895,4.5243000984191895,65,0.0,0.0
2026-10-05 13:16:00-04:00,4.524499893188477,4.525599956512451,4.521299839019775,4.523900032043457,4.523900032043457,124,0.0,0.0
2026-10-05 13:17:00-04:00,4.524400234222412,4.52869987487793,4.524400234222412,4.52839994430542,4.52839994430542,36,0.0,0.0
2026-10-05 13:18:00-04:00,4.529300212860107,4.537199974060059,4.528299808502197,4.535200119018555,4.535200119018555,95,0.0,0.0
2026-10-05 13:19:00-04:00,4.535399913787842,4.535799980163574,4.533199787139893,4.533199787139893,4.533199787139893,27,0.0,0.0
2026-10-05 13:20:00-04:00,4.532299995422363,4.533199787139893,4.53000020980835,4.533199787139893,4.533199787139893,20,0.0,0.0
2026-10-05 13:21:00-04:00,4.5329999923706055,4.533299922943115,4.532899856567383,4.532899856567383,4.532899856567383,23,0.0,0.0
2026-10-05 13:22:00-04:00,4.532199859619141,4.536200046539307,4.532199859619141,4.536200046539307,4.536200046539307,63,0.0,0.0
2026-10-05 13:23:00-04:00,4.535299777984619,4.537300109863281,4.5346999168396,4.534900188446045,4.534900188446045,64,0.0,0.0
2026-10-05 13:24:00-04:00,4.535299777984619,4.537199974060059,4.534599781036377,4.537199974060059,4.537199974060059,6,0.0,0.0
2026-10-05 13:25:00-04:00,4.534999847412109,4.535299777984619,4.5335001945495605,4.5335001945495605,4.5335001945495605,35,0.0,0.0
2026-10-05 13:26:00-04:00,4.533400058746338,4.533400058746338,4.531499862670898,4.533199787139893,4.533199787139893,14,0.0,0.0
2026-10-05 13:27:00-04:00,4.534200191497803,4.534200191497803,4.529799938201904,4.529799938201904,4.529799938201904,24,0.0,0.0
2026-10-05 13:28:00-04:00,4.530200004577637,4.530600070953369,4.529300212860107,4.529300212860107,4.529300212860107,27,0.0,0.0
2026-10-05 13:29:00-04:00,4.529200077056885,4.529200077056885,4.528500080108643,4.528800010681152,4.528800010681152,12,0.0,0.0
2026-10-05 13:30:00-04:00,4.5289998054504395,4.530900001525879,4.5269999504089355,4.5269999504089355,4.5269999504089355,121,0.0,0.0
2026-10-05 13:31:00-04:00,4.528600215911865,4.529300212860107,4.525700092315674,4.527299880981445,4.527299880981445,18,0.0,0.0
2026-10-05 13:32:00-04:00,4.52869987487793,4.529600143432617,4.52869987487793,4.529099941253662,4.529099941253662,15,0.0,0.0
2026-10-05 13:33:00-04:00,4.531400203704834,4.532599925994873,4.53000020980835,4.532599925994873,4.532599925994873,76,0.0,0.0
2026-10-05 13:34:00-04:00,4.530200004577637,4.530200004577637,4.5278000831604,4.52839994430542,4.52839994430542,36,0.0,0.0
2026-10-05 13:35:00-04:00,4.5279998779296875,4.528500080108643,4.527400016784668,4.527400016784668,4.527400016784668,72,0.0,0.0
2026-10-05 13:36:00-04:00,4.526100158691406,4.527200222015381,4.524099826812744,4.526500225067139,4.526500225067139,97,0.0,0.0
2026-10-05 13:37:00-04:00,4.526100158691406,4.527200222015381,4.5243000984191895,4.5243000984191895,4.5243000984191895,21,0.0,0.0
2026-10-05 13:38:00-04:00,4.5243000984191895,4.527900218963623,4.523499965667725,4.524700164794922,4.524700164794922,43,0.0,0.0
2026-10-05 13:39:00-04:00,4.52370023727417,4.523900032043457,4.523499965667725,4.523499965667725,4.523499965667725,4,0.0,0.0
2026-10-05 13:40:00-04:00,4.5233001708984375,4.523799896240234,4.52209997177124,4.522200107574463,4.522200107574463,98,0.0,0.0
2026-10-05 13:41:00-04:00,4.52239990234375,4.523200035095215,4.513899803161621,4.514200210571289,4.514200210571289,114,0.0,0.0
2026-10-05 13:42:00-04:00,4.513800144195557,4.514200210571289,4.51170015335083,4.513700008392334,4.513700008392334,59,0.0,0.0
2026-10-05 13:43:00-04:00,4.514500141143799,4.520999908447266,4.514500141143799,4.517300128936768,4.517300128936768,16,0.0,0.0
2026-10-05 13:44:00-04:00,4.514999866485596,4.516600131988525,4.514999866485596,4.515500068664551,4.515500068664551,44,0.0,0.0
2026-10-05 13:45:00-04:00,4.514200210571289,4.519400119781494,4.514200210571289,4.518400192260742,4.518400192260742,43,0.0,0.0
2026-10-05 13:46:00-04:00,4.519400119781494,4.519400119781494,4.517300128936768,4.519100189208984,4.519100189208984,32,0.0,0.0
2026-10-05 13:47:00-04:00,4.517300128936768,4.517300128936768,4.515100002288818,4.515900135040283,4.515900135040283,22,0.0,0.0
2026-10-05 13:48:00-04:00,4.515600204467773,4.51669979095459,4.514800071716309,4.515100002288818,4.515100002288818,60,0.0,0.0
2026-10-05 13:49:00-04:00,4.515699863433838,4.518099784851074,4.515500068664551,4.517300128936768,4.517300128936768,76,0.0,0.0
2026-10-05 13:50:00-04:00,4.517399787902832,4.517600059509277,4.5152997970581055,4.5152997970581055,4.5152997970581055,149,0.0,0.0
2026-10-05 13:51:00-04:00,4.5152997970581055,4.518499851226807,4.514800071716309,4.517300128936768,4.517300128936768,176,0.0,0.0
2026-10-05 13:52:00-04:00,4.518099784851074,4.52269983291626,4.517399787902832,4.522299766540527,4.522299766540527,262,0.0,0.0
2026-10-05 13:53:00-04:00,4.521299839019775,4.521999835968018,4.518899917602539,4.521999835968018,4.521999835968018,79,0.0,0.0
2026-10-05 13:54:00-04:00,4.520500183105469,4.523499965667725,4.51800012588501,4.519100189208984,4.519100189208984,206,0.0,0.0
2026-10-05 13:55:00-04:00,4.519800186157227,4.522600173950195,4.519700050354004,4.522600173950195,4.522600173950195,28,0.0,0.0
2026-10-05 13:56:00-04:00,4.522900104522705,4.529099941253662,4.522799968719482,4.52839994430542,4.52839994430542,207,0.0,0.0
2026-10-05 13:57:00-04:00,4.528600215911865,4.532800197601318,4.527699947357178,4.529900074005127,4.529900074005127,138,0.0,0.0
2026-10-05 13:58:00-04:00,4.5304999351501465,4.532800197601318,4.529600143432617,4.531700134277344,4.531700134277344,101,0.0,0.0
2026-10-05 13:59:00-04:00,4.532199859619141,4.5366997718811035,4.531700134277344,4.53380012512207,4.53380012512207,192,0.0,0.0
2026-10-05 14:00:00-04:00,4.536099910736084,4.536300182342529,4.532800197601318,4.5346999168396,4.5346999168396,146,0.0,0.0
2026-10-05 14:01:00-04:00,4.535200119018555,4.535399913787842,4.531700134277344,4.534800052642822,4.534800052642822,123,0.0,0.0
2026-10-05 14:02:00-04:00,4.535600185394287,4.537399768829346,4.532800197601318,4.535900115966797,4.535900115966797,144,0.0,0.0
2026-10-05 14:03:00-04:00,4.536900043487549,4.539999961853027,4.535900115966797,4.539000034332275,4.539000034332275,93,0.0,0.0
2026-10-05 14:04:00-04:00,4.538300037384033,4.539999961853027,4.536099910736084,4.536099910736084,4.536099910736084,81,0.0,0.0
2026-10-05 14:05:00-04:00,4.537399768829346,4.545599937438965,4.537399768829346,4.542600154876709,4.542600154876709,119,0.0,0.0
2026-10-05 14:06:00-04:00,4.541999816894531,4.5441999435424805,4.539599895477295,4.54040002822876,4.54040002822876,309,0.0,0.0
2026-10-05 14:07:00-04:00,4.540999889373779,4.540999889373779,4.535299777984619,4.5395002365112305,4.5395002365112305,145,0.0,0.0
2026-10-05 14:08:00-04:00,4.540599822998047,4.548099994659424,4.540200233459473,4.546299934387207,4.546299934387207,298,0.0,0.0
2026-10-05 14:09:00-04:00,4.545499801635742,4.54580020904541,4.541100025177002,4.541100025177002,4.541100025177002,39,0.0,0.0
2026-10-05 14:10:00-04:00,4.541800022125244,4.547800064086914,4.541200160980225,4.546199798583984,4.546199798583984,55,0.0,0.0
2026-10-05 14:11:00-04:00,4.547599792480469,4.547999858856201,4.545000076293945,4.547500133514404,4.547500133514404,142,0.0,0.0
2026-10-05 14:12:00-04:00,4.547299861907959,4.555500030517578,4.547100067138672,4.551599979400635,4.551599979400635,112,0.0,0.0
2026-10-05 14:13:00-04:00,4.551300048828125,4.554299831390381,4.551000118255615,4.552999973297119,4.552999973297119,88,0.0,0.0
2026-10-05 14:14:00-04:00,4.552199840545654,4.5524001121521,4.546000003814697,4.547599792480469,4.547599792480469,91,0.0,0.0
2026-10-05 14:15:00-04:00,4.548999786376953,4.551499843597412,4.547599792480469,4.548099994659424,4.548099994659424,73,0.0,0.0
2026-10-05 14:16:00-04:00,4.548999786376953,4.55019998550415,4.544099807739258,4.544099807739258,4.544099807739258,85,0.0,0.0
2026-10-05 14:17:00-04:00,4.543099880218506,4.544099807739258,4.54010009765625,4.540200233459473,4.540200233459473,155,0.0,0.0
2026-10-05 14:18:00-04:00,4.540800094604492,4.542600154876709,4.537600040435791,4.540500164031982,4.540500164031982,193,0.0,0.0
2026-10-05 14:19:00-04:00,4.539599895477295,4.549300193786621,4.539599895477295,4.5482001304626465,4.5482001304626465,53,0.0,0.0
2026-10-05 14:20:00-04:00,4.5503997802734375,4.557799816131592,4.549600124359131,4.5569000244140625,4.5569000244140625,206,0.0,0.0
2026-10-05 14:21:00-04:00,4.557700157165527,4.558199882507324,4.547999858856201,4.549699783325195,4.549699783325195,211,0.0,0.0
2026-10-05 14:22:00-04:00,4.548900127410889,4.552499771118164,4.546999931335449,4.550600051879883,4.550600051879883,140,0.0,0.0
2026-10-05 14:23:00-04:00,4.551400184631348,4.554800033569336,4.551199913024902,4.5518999099731445,4.5518999099731445,136,0.0,0.0
2026-10-05 14:24:00-04:00,4.551799774169922,4.553899765014648,4.549200057983398,4.55079984664917,4.55079984664917,98,0.0,0.0
2026-10-05 14:25:00-04:00,4.5507001876831055,4.551599979400635,4.549600124359131,4.550000190734863,4.550000190734863,151,0.0,0.0
2026-10-05 14:26:00-04:00,4.55109977722168,4.552800178527832,4.55079984664917,4.551799774169922,4.551799774169922,224,0.0,0.0
2026-10-05 14:27:00-04:00,4.552499771118164,4.553400039672852,4.546199798583984,4.5518999099731445,4.5518999099731445,260,0.0,0.0
2026-10-05 14:28:00-04:00,4.552999973297119,4.557300090789795,4.539999961853027,4.542500019073486,4.542500019073486,1195,0.0,0.0
2026-10-05 14:29:00-04:00,4.542600154876709,4.545000076293945,4.538099765777588,4.539899826049805,4.539899826049805,726,0.0,0.0
2026-10-05 14:30:00-04:00,4.538000106811523,4.54040002822876,4.536499977111816,4.536799907684326,4.536799907684326,85,0.0,0.0
2026-10-05 14:31:00-04:00,4.535999774932861,4.538300037384033,4.5346999168396,4.534999847412109,4.534999847412109,96,0.0,0.0
2026-10-05 14:32:00-04:00,4.5345001220703125,4.5345001220703125,4.531099796295166,4.532299995422363,4.532299995422363,52,0.0,0.0
2026-10-05 14:33:00-04:00,4.533199787139893,4.53410005569458,4.531400203704834,4.5329999923706055,4.5329999923706055,53,0.0,0.0
2026-10-05 14:34:00-04:00,4.532299995422363,4.53249979019165,4.525599956512451,4.525700092315674,4.525700092315674,107,0.0,0.0
2026-10-05 14:35:00-04:00,4.5229997634887695,4.523600101470947,4.520400047302246,4.523600101470947,4.523600101470947,113,0.0,0.0
2026-10-05 14:36:00-04:00,4.5233001708984375,4.523799896240234,4.51800012588501,4.518899917602539,4.518899917602539,52,0.0,0.0
2026-10-05 14:37:00-04:00,4.519000053405762,4.524899959564209,4.519000053405762,4.524499893188477,4.524499893188477,11,0.0,0.0
2026-10-05 14:38:00-04:00,4.526000022888184,4.526000022888184,4.523399829864502,4.523900032043457,4.523900032043457,31,0.0,0.0
2026-10-05 14:39:00-04:00,4.522500038146973,4.525700092315674,4.522299766540527,4.524400234222412,4.524400234222412,12,0.0,0.0
2026-10-05 14:40:00-04:00,4.52400016784668,4.526100158691406,4.521500110626221,4.52269983291626,4.52269983291626,110,0.0,0.0
2026-10-05 14:41:00-04:00,4.521299839019775,4.521699905395508,4.518400192260742,4.518400192260742,4.518400192260742,20,0.0,0.0
2026-10-05 14:42:00-04:00,4.517399787902832,4.517399787902832,4.510900020599365,4.510900020599365,4.510900020599365,24,0.0,0.0
2026-10-05 14:43:00-04:00,4.5131001472473145,4.515100002288818,4.512599945068359,4.514200210571289,4.514200210571289,18,0.0,0.0
2026-10-05 14:44:00-04:00,4.513899803161621,4.515100002288818,4.51170015335083,4.511899948120117,4.511899948120117,85,0.0,0.0
2026-10-05 14:45:00-04:00,4.513000011444092,4.513000011444092,4.51140022277832,4.512499809265137,4.512499809265137,9,0.0,0.0
2026-10-05 14:46:00-04:00,4.511099815368652,4.512599945068359,4.510900020599365,4.512599945068359,4.512599945068359,13,0.0,0.0
2026-10-05 14:47:00-04:00,4.513899803161621,4.5142998695373535,4.5121002197265625,4.5121002197265625,4.5121002197265625,18,0.0,0.0
2026-10-05 14:48:00-04:00,4.510900020599365,4.51140022277832,4.5065999031066895,4.506899833679199,4.506899833679199,98,0.0,0.0
2026-10-05 14:49:00-04:00,4.506199836730957,4.507599830627441,4.505300045013428,4.506899833679199,4.506899833679199,18,0.0,0.0
2026-10-05 14:50:00-04:00,4.507599830627441,4.511899948120117,4.507599830627441,4.511300086975098,4.511300086975098,20,0.0,0.0
2026-10-05 14:51:00-04:00,4.510799884796143,4.5117998123168945,4.509900093078613,4.509900093078613,4.509900093078613,9,0.0,0.0
2026-10-05 14:52:00-04:00,4.511099815368652,4.511600017547607,4.509900093078613,4.511000156402588,4.511000156402588,64,0.0,0.0
2026-10-05 14:53:00-04:00,4.5100998878479,4.510499954223633,4.508900165557861,4.51039981842041,4.51039981842041,10,0.0,0.0
2026-10-05 14:54:00-04:00,4.509500026702881,4.509699821472168,4.509500026702881,4.509699821472168,4.509699821472168,2,0.0,0.0
2026-10-05 14:55:00-04:00,4.507800102233887,4.507800102233887,4.501100063323975,4.504199981689453,4.504199981689453,145,0.0,0.0
2026-10-05 14:56:00-04:00,4.503699779510498,4.504199981689453,4.502699851989746,4.502699851989746,4.502699851989746,29,0.0,0.0
2026-10-05 14:57:00-04:00,4.502500057220459,4.505000114440918,4.502500057220459,4.505000114440918,4.505000114440918,9,0.0,0.0
2026-10-05 14:58:00-04:00,4.504700183868408,4.505300045013428,4.503399848937988,4.503399848937988,4.503399848937988,10,0.0,0.0
2026-10-05 14:59:00-04:00,4.503699779510498,4.503699779510498,4.501299858093262,4.502099990844727,4.502099990844727,55,0.0,0.0
2026-10-05 15:00:00-04:00,4.502200126647949,4.50629997253418,4.502200126647949,4.50600004196167,4.50600004196167,16,0.0,0.0
2026-10-05 15:01:00-04:00,4.508299827575684,4.510000228881836,4.506100177764893,4.507999897003174,4.507999897003174,20,0.0,0.0
2026-10-05 15:02:00-04:00,4.508500099182129,4.508999824523926,4.506800174713135,4.506800174713135,4.506800174713135,30,0.0,0.0
2026-10-05 15:03:00-04:00,4.507500171661377,4.507500171661377,4.507500171661377,4.507500171661377,4.507500171661377,3,0.0,0.0
2026-10-05 15:04:00-04:00,4.507199764251709,4.507199764251709,4.505000114440918,4.505499839782715,4.505499839782715,102,0.0,0.0
2026-10-05 15:05:00-04:00,4.506199836730957,4.5065999031066895,4.505799770355225,4.506100177764893,4.506100177764893,64,0.0,0.0
2026-10-05 15:06:00-04:00,4.507800102233887,4.5096001625061035,4.505099773406982,4.506400108337402,4.506400108337402,25,0.0,0.0
2026-10-05 15:07:00-04:00,4.506100177764893,4.5071001052856445,4.506100177764893,4.5071001052856445,4.5071001052856445,10,0.0,0.0
2026-10-05 15:08:00-04:00,4.507800102233887,4.507800102233887,4.507599830627441,4.507599830627441,4.507599830627441,16,0.0,0.0
2026-10-05 15:09:00-04:00,4.508399963378906,4.508399963378906,4.5055999755859375,4.5055999755859375,4.5055999755859375,4,0.0,0.0
2026-10-05 15:10:00-04:00,4.508399963378906,4.508399963378906,4.506100177764893,4.506100177764893,4.506100177764893,10,0.0,0.0
2026-10-05 15:12:00-04:00,4.50540018081665,4.506199836730957,4.50540018081665,4.50600004196167,4.50600004196167,2,0.0,0.0
2026-10-05 15:13:00-04:00,4.502999782562256,4.503300189971924,4.502500057220459,4.503300189971924,4.503300189971924,28,0.0,0.0
2026-10-05 15:14:00-04:00,4.503499984741211,4.504499912261963,4.503499984741211,4.50439977645874,4.50439977645874,8,0.0,0.0
2026-10-05 15:15:00-04:00,4.50439977645874,4.50439977645874,4.50439977645874,4.50439977645874,4.50439977645874,2,0.0,0.0
2026-10-05 15:16:00-04:00,4.503300189971924,4.503300189971924,4.502399921417236,4.502600193023682,4.502600193023682,13,0.0,0.0
2026-10-05 15:17:00-04:00,4.501100063323975,4.501100063323975,4.499000072479248,4.499100208282471,4.499100208282471,37,0.0,0.0
2026-10-05 15:18:00-04:00,4.499100208282471,4.499800205230713,4.499000072479248,4.499800205230713,4.499800205230713,5,0.0,0.0
2026-10-05 15:19:00-04:00,4.501100063323975,4.501100063323975,4.501100063323975,4.501100063323975,4.501100063323975,4,0.0,0.0
2026-10-05 15:20:00-04:00,4.501699924468994,4.5019001960754395,4.499899864196777,4.499899864196777,4.499899864196777,11,0.0,0.0
2026-10-05 15:21:00-04:00,4.498799800872803,4.500100135803223,4.490499973297119,4.49370002746582,4.49370002746582,56,0.0,0.0
2026-10-05 15:22:00-04:00,4.494200229644775,4.494500160217285,4.4928998947143555,4.494500160217285,4.494500160217285,10,0.0,0.0
2026-10-05 15:23:00-04:00,4.496799945831299,4.4969000816345215,4.495200157165527,4.4959001541137695,4.4959001541137695,18,0.0,0.0
2026-10-05 15:24:00-04:00,4.497099876403809,4.499599933624268,4.497099876403809,4.499599933624268,4.499599933624268,6,0.0,0.0
2026-10-05 15:25:00-04:00,4.500199794769287,4.501999855041504,4.500199794769287,4.501999855041504,4.501999855041504,23,0.0,0.0
2026-10-05 15:26:00-04:00,4.498600006103516,4.50029993057251,4.498600006103516,4.500199794769287,4.500199794769287,3,0.0,0.0
2026-10-05 15:27:00-04:00,4.498700141906738,4.498700141906738,4.498300075531006,4.498300075531006,4.498300075531006,35,0.0,0.0
2026-10-05 15:29:00-04:00,4.497700214385986,4.503200054168701,4.497700214385986,4.503200054168701,4.503200054168701,189,0.0,0.0
2026-10-05 15:30:00-04:00,4.5046000480651855,4.505499839782715,4.503900051116943,4.505499839782715,4.505499839782715,5,0.0,0.0
2026-10-05 15:32:00-04:00,4.504000186920166,4.505199909210205,4.504000186920166,4.505199909210205,4.505199909210205,4,0.0,0.0
2026-10-05 15:33:00-04:00,4.505799770355225,4.505799770355225,4.505799770355225,4.505799770355225,4.505799770355225,1,0.0,0.0
2026-10-05 15:35:00-04:00,4.503600120544434,4.503600120544434,4.503600120544434,4.503600120544434,4.503600120544434,2,0.0,0.0
2026-10-05 15:36:00-04:00,4.503799915313721,4.505199909210205,4.503799915313721,4.505199909210205,4.505199909210205,10,0.0,0.0
2026-10-05 15:40:00-04:00,4.5030999183654785,4.503799915313721,4.5030999183654785,4.503799915313721,4.503799915313721,4,0.0,0.0
2026-10-05 15:41:00-04:00,4.502999782562256,4.502999782562256,4.502999782562256,4.502999782562256,4.502999782562256,3,0.0,0.0
2026-10-05 15:43:00-04:00,4.502699851989746,4.502699851989746,4.502699851989746,4.502699851989746,4.502699851989746,1,0.0,0.0
2026-10-05 15:44:00-04:00,4.502299785614014,4.502299785614014,4.501299858093262,4.501299858093262,4.501299858093262,6,0.0,0.0
2026-10-05 15:45:00-04:00,4.502900123596191,4.502999782562256,4.5,4.500699996948242,4.500699996948242,26,0.0,0.0
2026-10-05 15:46:00-04:00,4.500199794769287,4.50029993057251,4.499499797821045,4.499499797821045,4.499499797821045,15,0.0,0.0
2026-10-05 15:47:00-04:00,4.500400066375732,4.500400066375732,4.498700141906738,4.500100135803223,4.500100135803223,19,0.0,0.0
2026-10-05 15:49:00-04:00,4.500800132751465,4.502999782562256,4.500800132751465,4.501100063323975,4.501100063323975,52,0.0,0.0
2026-10-05 15:50:00-04:00,4.5005998611450195,4.502999782562256,4.500500202178955,4.502999782562256,4.502999782562256,44,0.0,0.0
2026-10-05 15:51:00-04:00,4.506400108337402,4.506400108337402,4.506400108337402,4.506400108337402,4.506400108337402,1,0.0,0.0
2026-10-05 15:52:00-04:00,4.505000114440918,4.507299900054932,4.505000114440918,4.507299900054932,4.507299900054932,15,0.0,0.0
2026-10-05 15:53:00-04:00,4.507400035858154,4.507400035858154,4.507400035858154,4.507400035858154,4.507400035858154,2,0.0,0.0
2026-10-05 15:54:00-04:00,4.504300117492676,4.504300117492676,4.504300117492676,4.504300117492676,4.504300117492676,2,0.0,0.0
2026-10-05 15:55:00-04:00,4.503600120544434,4.503600120544434,4.503600120544434,4.503600120544434,4.503600120544434,1,0.0,0.0
2026-10-05 15:56:00-04:00,4.506800174713135,4.5071001052856445,4.506199836730957,4.50629997253418,4.50629997253418,26,0.0,0.0
2026-10-05 15:57:00-04:00,4.508699893951416,4.508699893951416,4.508699893951416,4.508699893951416,4.508699893951416,2,0.0,0.0
2026-10-05 15:58:00-04:00,4.508500099182129,4.508500099182129,4.508500099182129,4.508500099182129,4.508500099182129,2,0.0,0.0
2026-10-05 15:59:00-04:00,4.508999824523926,4.508999824523926,4.507299900054932,4.507400035858154,4.507400035858154,6,0.0,0.0
2026-10-05 16:00:00-04:00,4.506499767303467,4.509799957275391,4.506499767303467,4.509799957275391,4.509799957275391,9,0.0,0.0
2026-10-05 16:02:00-04:00,4.510700225830078,4.510700225830078,4.510700225830078,4.510700225830078,4.510700225830078,1,0.0,0.0
2026-10-05 16:04:00-04:00,4.507500171661377,4.507500171661377,4.507500171661377,4.507500171661377,4.507500171661377,2,0.0,0.0
2026-10-05 16:05:00-04:00,4.508999824523926,4.510000228881836,4.508999824523926,4.510000228881836,4.510000228881836,7,0.0,0.0
2026-10-05 16:06:00-04:00,4.508600234985352,4.510000228881836,4.508600234985352,4.510000228881836,4.510000228881836,15,0.0,0.0
2026-10-05 16:08:00-04:00,4.510499954223633,4.510499954223633,4.510499954223633,4.510499954223633,4.510499954223633,5,0.0,0.0
2026-10-05 16:09:00-04:00,4.511899948120117,4.513400077819824,4.511899948120117,4.513400077819824,4.513400077819824,3,0.0,0.0
2026-10-05 16:10:00-04:00,4.5157999992370605,4.515900135040283,4.5157999992370605,4.515900135040283,4.515900135040283,34,0.0,0.0
2026-10-05 16:14:00-04:00,4.514500141143799,4.514900207519531,4.514500141143799,4.514699935913086,4.514699935913086,23,0.0,0.0
2026-10-05 16:15:00-04:00,4.514500141143799,4.514900207519531,4.51230001449585,4.514400005340576,4.514400005340576,50,0.0,0.0
2026-10-05 16:16:00-04:00,4.51230001449585,4.514400005340576,4.51230001449585,4.514400005340576,4.514400005340576,6,0.0,0.0
2026-10-05 16:18:00-04:00,4.514500141143799,4.514800071716309,4.514500141143799,4.514800071716309,4.514800071716309,37,0.0,0.0
2026-10-05 16:19:00-04:00,4.515399932861328,4.515399932861328,4.513599872589111,4.513599872589111,4.513599872589111,10,0.0,0.0
2026-10-05 16:20:00-04:00,4.512700080871582,4.512700080871582,4.51230001449585,4.51230001449585,4.51230001449585,4,0.0,0.0
2026-10-05 16:21:00-04:00,4.510700225830078,4.510700225830078,4.510700225830078,4.510700225830078,4.510700225830078,1,0.0,0.0
2026-10-05 16:24:00-04:00,4.511600017547607,4.51170015335083,4.511600017547607,4.51170015335083,4.51170015335083,9,0.0,0.0
2026-10-05 16:25:00-04:00,4.509200096130371,4.510499954223633,4.508800029754639,4.510499954223633,4.510499954223633,22,0.0,0.0
2026-10-05 16:26:00-04:00,4.51170015335083,4.51170015335083,4.51170015335083,4.51170015335083,4.51170015335083,1,0.0,0.0
2026-10-05 16:27:00-04:00,4.511499881744385,4.5121002197265625,4.511499881744385,4.511499881744385,4.511499881744385,2,0.0,0.0
2026-10-05 16:28:00-04:00,4.511499881744385,4.511499881744385,4.509900093078613,4.509900093078613,4.509900093078613,11,0.0,0.0
2026-10-05 16:30:00-04:00,4.511499881744385,4.511499881744385,4.5100998878479,4.5100998878479,4.5100998878479,5,0.0,0.0
2026-10-05 16:31:00-04:00,4.510000228881836,4.510000228881836,4.510000228881836,4.510000228881836,4.510000228881836,3,0.0,0.0
2026-10-05 16:32:00-04:00,4.510000228881836,4.5100998878479,4.509799957275391,4.5100998878479,4.5100998878479,6,0.0,0.0
2026-10-05 16:34:00-04:00,4.511499881744385,4.511499881744385,4.511499881744385,4.511499881744385,4.511499881744385,1,0.0,0.0
2026-10-05 16:35:00-04:00,4.513400077819824,4.514999866485596,4.513400077819824,4.514999866485596,4.514999866485596,8,0.0,0.0
2026-10-05 16:37:00-04:00,4.513500213623047,4.513999938964844,4.509500026702881,4.509799957275391,4.509799957275391,45,0.0,0.0
2026-10-05 16:38:00-04:00,4.508299827575684,4.508299827575684,4.506899833679199,4.5071001052856445,4.5071001052856445,13,0.0,0.0
2026-10-05 16:39:00-04:00,4.507400035858154,4.507400035858154,4.505000114440918,4.505000114440918,4.505000114440918,15,0.0,0.0
2026-10-05 16:40:00-04:00,4.504000186920166,4.506100177764893,4.504000186920166,4.506100177764893,4.506100177764893,22,0.0,0.0
2026-10-05 16:41:00-04:00,4.502999782562256,4.502999782562256,4.502900123596191,4.502900123596191,4.502900123596191,4,0.0,0.0
2026-10-05 16:43:00-04:00,4.50570011138916,4.505799770355225,4.5055999755859375,4.505799770355225,4.505799770355225,2,0.0,0.0
2026-10-05 16:44:00-04:00,4.5071001052856445,4.508299827575684,4.5071001052856445,4.508299827575684,4.508299827575684,3,0.0,0.0
2026-10-05 16:45:00-04:00,4.506899833679199,4.507400035858154,4.506899833679199,4.507400035858154,4.507400035858154,2,0.0,0.0
2026-10-05 16:46:00-04:00,4.508399963378906,4.508399963378906,4.508200168609619,4.508200168609619,4.508200168609619,4,0.0,0.0
2026-10-05 16:49:00-04:00,4.508900165557861,4.508900165557861,4.508900165557861,4.508900165557861,4.508900165557861,9,0.0,0.0
2026-10-05 16:52:00-04:00,4.509799957275391,4.51140022277832,4.509799957275391,4.51140022277832,4.51140022277832,56,0.0,0.0
2026-10-05 16:53:00-04:00,4.511000156402588,4.511000156402588,4.511000156402588,4.511000156402588,4.511000156402588,26,0.0,0.0
2026-10-05 16:55:00-04:00,4.51200008392334,4.51200008392334,4.5117998123168945,4.5117998123168945,4.5117998123168945,2,0.0,0.0
2026-10-05 16:57:00-04:00,4.5081000328063965,4.5081000328063965,4.5081000328063965,4.5081000328063965,4.5081000328063965,6,0.0,0.0
2026-10-05 16:58:00-04:00,4.508800029754639,4.508800029754639,4.508200168609619,4.508200168609619,4.508200168609619,4,0.0,0.0
2026-10-05 16:59:00-04:00,4.508399963378906,4.510000228881836,4.507699966430664,4.508200168609619,4.508200168609619,19,0.0,0.0
2026-10-05 18:01:00-04:00,4.509900093078613,4.509900093078613,4.509900093078613,4.509900093078613,4.509900093078613,0,0.0,0.0
2026-10-05 18:03:00-04:00,4.501399993896484,4.501399993896484,4.501399993896484,4.501399993896484,4.501399993896484,1,0.0,0.0
2026-10-05 18:04:00-04:00,4.499800205230713,4.499899864196777,4.499800205230713,4.499899864196777,4.499899864196777,3,0.0,0.0
2026-10-05 18:15:00-04:00,4.510000228881836,4.510000228881836,4.510000228881836,4.510000228881836,4.510000228881836,5,0.0,0.0
2026-10-05 18:18:00-04:00,4.501999855041504,4.502200126647949,4.501999855041504,4.502200126647949,4.502200126647949,3,0.0,0.0
2026-10-05 18:24:00-04:00,4.503300189971924,4.503399848937988,4.503300189971924,4.503399848937988,4.503399848937988,3,0.0,0.0
2026-10-05 18:27:00-04:00,4.5071001052856445,4.5071001052856445,4.5071001052856445,4.5071001052856445,4.5071001052856445,1,0.0,0.0
2026-10-05 18:47:00-04:00,4.504300117492676,4.506999969482422,4.504300117492676,4.506999969482422,4.506999969482422,2,0.0,0.0
2026-10-05 19:02:00-04:00,4.507800102233887,4.507800102233887,4.507800102233887,4.507800102233887,4.507800102233887,2,0.0,0.0
2026-10-05 19:14:00-04:00,4.506100177764893,4.506100177764893,4.506100177764893,4.506100177764893,4.506100177764893,1,0.0,0.0
2026-10-05 19:18:00-04:00,4.502900123596191,4.506199836730957,4.502900123596191,4.506100177764893,4.506100177764893,5,0.0,0.0
2026-10-05 19:19:00-04:00,4.503200054168701,4.503200054168701,4.503200054168701,4.503200054168701,4.503200054168701,2,0.0,0.0
2026-10-05 19:20:00-04:00,4.502799987792969,4.506100177764893,4.502699851989746,4.506100177764893,4.506100177764893,4,0.0,0.0
2026-10-05 19:21:00-04:00,4.502900123596191,4.504700183868408,4.502900123596191,4.5046000480651855,4.5046000480651855,5,0.0,0.0
2026-10-05 19:22:00-04:00,4.503600120544434,4.5055999755859375,4.503499984741211,4.5055999755859375,4.5055999755859375,5,0.0,0.0
2026-10-05 19:23:00-04:00,4.502999782562256,4.502999782562256,4.502999782562256,4.502999782562256,4.502999782562256,1,0.0,0.0
2026-10-05 19:29:00-04:00,4.505899906158447,4.505899906158447,4.502799987792969,4.502799987792969,4.502799987792969,2,0.0,0.0
2026-10-05 19:30:00-04:00,4.505899906158447,4.505899906158447,4.505899906158447,4.505899906158447,4.505899906158447,1,0.0,0.0
2026-10-05 19:33:00-04:00,4.502699851989746,4.502699851989746,4.502699851989746,4.502699851989746,4.502699851989746,1,0.0,0.0
2026-10-05 19:34:00-04:00,4.505899906158447,4.505899906158447,4.503600120544434,4.503600120544434,4.503600120544434,2,0.0,0.0
2026-10-05 19:35:00-04:00,4.503600120544434,4.503600120544434,4.503499984741211,4.503499984741211,4.503499984741211,3,0.0,0.0
2026-10-05 19:36:00-04:00,4.50629997253418,4.506400108337402,4.502999782562256,4.502999782562256,4.502999782562256,4,0.0,0.0
2026-10-05 19:37:00-04:00,4.50629997253418,4.50629997253418,4.50629997253418,4.50629997253418,4.50629997253418,1,0.0,0.0
2026-10-05 19:38:00-04:00,4.503499984741211,4.503499984741211,4.5030999183654785,4.5030999183654785,4.5030999183654785,2,0.0,0.0
2026-10-05 19:39:00-04:00,4.50629997253418,4.50629997253418,4.503200054168701,4.503200054168701,4.503200054168701,2,0.0,0.0
2026-10-05 19:40:00-04:00,4.506100177764893,4.506100177764893,4.503300189971924,4.503300189971924,4.503300189971924,2,0.0,0.0
2026-10-05 19:41:00-04:00,4.50629997253418,4.506400108337402,4.503399848937988,4.503399848937988,4.503399848937988,3,0.0,0.0
2026-10-05 19:42:00-04:00,4.50629997253418,4.50629997253418,4.50629997253418,4.50629997253418,4.50629997253418,1,0.0,0.0
2026-10-05 19:43:00-04:00,4.503699779510498,4.503699779510498,4.503699779510498,4.503699779510498,4.503699779510498,1,0.0,0.0
2026-10-05 19:44:00-04:00,4.505099773406982,4.505099773406982,4.505099773406982,4.505099773406982,4.505099773406982,1,0.0,0.0
2026-10-05 19:45:00-04:00,4.503799915313721,4.506700038909912,4.503799915313721,4.506700038909912,4.506700038909912,6,0.0,0.0
2026-10-05 19:46:00-04:00,4.50439977645874,4.50439977645874,4.504300117492676,4.504300117492676,4.504300117492676,2,0.0,0.0
2026-10-05 19:47:00-04:00,4.506999969482422,4.506999969482422,4.506999969482422,4.506999969482422,4.506999969482422,1,0.0,0.0
2026-10-05 19:49:00-04:00,4.507900238037109,4.511199951171875,4.507900238037109,4.508699893951416,4.508699893951416,46,0.0,0.0
2026-10-05 19:50:00-04:00,4.508500099182129,4.508500099182129,4.508500099182129,4.508500099182129,4.508500099182129,1,0.0,0.0
2026-10-05 19:51:00-04:00,4.510700225830078,4.510700225830078,4.507800102233887,4.507800102233887,4.507800102233887,2,0.0,0.0
2026-10-05 19:52:00-04:00,4.508800029754639,4.508800029754639,4.508800029754639,4.508800029754639,4.508800029754639,1,0.0,0.0
2026-10-05 19:53:00-04:00,4.510799884796143,4.510799884796143,4.510799884796143,4.510799884796143,4.510799884796143,1,0.0,0.0
2026-10-05 19:55:00-04:00,4.507500171661377,4.507500171661377,4.507500171661377,4.507500171661377,4.507500171661377,3,0.0,0.0
2026-10-05 19:59:00-04:00,4.507500171661377,4.507500171661377,4.505099773406982,4.505099773406982,4.505099773406982,12,0.0,0.0
2026-10-05 20:02:00-04:00,4.513000011444092,4.5131001472473145,4.513000011444092,4.513000011444092,4.513000011444092,26,0.0,0.0
2026-10-05 20:03:00-04:00,4.51170015335083,4.51170015335083,4.51170015335083,4.51170015335083,4.51170015335083,45,0.0,0.0
2026-10-05 20:04:00-04:00,4.513899803161621,4.514100074768066,4.513899803161621,4.514100074768066,4.514100074768066,33,0.0,0.0
2026-10-05 20:06:00-04:00,4.513000011444092,4.513000011444092,4.513000011444092,4.513000011444092,4.513000011444092,1,0.0,0.0
2026-10-05 20:07:00-04:00,4.51200008392334,4.51200008392334,4.51200008392334,4.51200008392334,4.51200008392334,1,0.0,0.0
2026-10-05 20:11:00-04:00,4.513400077819824,4.513599872589111,4.513400077819824,4.513599872589111,4.513599872589111,2,0.0,0.0
2026-10-05 20:13:00-04:00,4.5065999031066895,4.5065999031066895,4.5065999031066895,4.5065999031066895,4.5065999031066895,1,0.0,0.0
2026-10-05 20:15:00-04:00,4.50629997253418,4.50629997253418,4.50540018081665,4.50540018081665,4.50540018081665,2,0.0,0.0
2026-10-05 20:20:00-04:00,4.505300045013428,4.50629997253418,4.505300045013428,4.506199836730957,4.506199836730957,8,0.0,0.0
2026-10-05 20:23:00-04:00,4.507599830627441,4.507599830627441,4.507599830627441,4.507599830627441,4.507599830627441,2,0.0,0.0
2026-10-05 20:24:00-04:00,4.505300045013428,4.5065999031066895,4.505300045013428,4.5065999031066895,4.5065999031066895,2,0.0,0.0
2026-10-05 20:25:00-04:00,4.506999969482422,4.513400077819824,4.506999969482422,4.511899948120117,4.511899948120117,6,0.0,0.0
2026-10-05 20:26:00-04:00,4.5106000900268555,4.51200008392334,4.510200023651123,4.51200008392334,4.51200008392334,4,0.0,0.0
2026-10-05 20:27:00-04:00,4.513800144195557,4.513800144195557,4.513800144195557,4.513800144195557,4.513800144195557,1,0.0,0.0
2026-10-05 20:28:00-04:00,4.514900207519531,4.514900207519531,4.51200008392334,4.513800144195557,4.513800144195557,3,0.0,0.0
2026-10-05 20:29:00-04:00,4.51200008392334,4.514200210571289,4.51200008392334,4.514200210571289,4.514200210571289,6,0.0,0.0
2026-10-05 20:30:00-04:00,4.512199878692627,4.51639986038208,4.512199878692627,4.51639986038208,4.51639986038208,4,0.0,0.0
2026-10-05 20:31:00-04:00,4.514800071716309,4.515999794006348,4.513999938964844,4.513999938964844,4.513999938964844,4,0.0,0.0
2026-10-05 20:32:00-04:00,4.5152997970581055,4.5152997970581055,4.5152997970581055,4.5152997970581055,4.5152997970581055,1,0.0,0.0
2026-10-05 20:33:00-04:00,4.517000198364258,4.517000198364258,4.51669979095459,4.51669979095459,4.51669979095459,3,0.0,0.0
2026-10-05 20:34:00-04:00,4.51639986038208,4.51639986038208,4.514599800109863,4.514599800109863,4.514599800109863,7,0.0,0.0
2026-10-05 20:37:00-04:00,4.512899875640869,4.512899875640869,4.512899875640869,4.512899875640869,4.512899875640869,1,0.0,0.0
2026-10-05 20:38:00-04:00,4.513400077819824,4.513400077819824,4.513400077819824,4.513400077819824,4.513400077819824,1,0.0,0.0
2026-10-05 20:39:00-04:00,4.51669979095459,4.51669979095459,4.51669979095459,4.51669979095459,4.51669979095459,1,0.0,0.0
2026-10-05 20:47:00-04:00,4.513500213623047,4.514800071716309,4.511499881744385,4.514800071716309,4.514800071716309,3,0.0,0.0
2026-10-05 20:48:00-04:00,4.51230001449585,4.51230001449585,4.512199878692627,4.512199878692627,4.512199878692627,3,0.0,0.0
2026-10-05 20:54:00-04:00,4.5131001472473145,4.5131001472473145,4.5131001472473145,4.5131001472473145,4.5131001472473145,1,0.0,0.0
2026-10-05 20:58:00-04:00,4.515500068664551,4.515500068664551,4.515500068664551,4.515500068664551,4.515500068664551,1,0.0,0.0
2026-10-05 21:00:00-04:00,4.5100998878479,4.510799884796143,4.5100998878479,4.510799884796143,4.510799884796143,3,0.0,0.0
2026-10-05 21:06:00-04:00,4.513199806213379,4.513199806213379,4.513199806213379,4.513199806213379,4.513199806213379,2,0.0,0.0
2026-10-05 21:07:00-04:00,4.510200023651123,4.510200023651123,4.510200023651123,4.510200023651123,4.510200023651123,2,0.0,0.0
2026-10-05 21:08:00-04:00,4.507999897003174,4.509099960327148,4.507900238037109,4.509099960327148,4.509099960327148,7,0.0,0.0
2026-10-05 21:09:00-04:00,4.511000156402588,4.511000156402588,4.510700225830078,4.510700225830078,4.510700225830078,2,0.0,0.0
2026-10-05 21:10:00-04:00,4.5131001472473145,4.513599872589111,4.513000011444092,4.513000011444092,4.513000011444092,4,0.0,0.0
2026-10-05 21:11:00-04:00,4.516499996185303,4.516499996185303,4.516499996185303,4.516499996185303,4.516499996185303,1,0.0,0.0
2026-10-05 21:15:00-04:00,4.517199993133545,4.517199993133545,4.517199993133545,4.517199993133545,4.517199993133545,1,0.0,0.0
2026-10-05 21:16:00-04:00,4.519100189208984,4.519100189208984,4.519100189208984,4.519100189208984,4.519100189208984,1,0.0,0.0
2026-10-05 21:19:00-04:00,4.519499778747559,4.519499778747559,4.519499778747559,4.519499778747559,4.519499778747559,1,0.0,0.0
2026-10-05 21:21:00-04:00,4.519400119781494,4.519400119781494,4.519400119781494,4.519400119781494,4.519400119781494,1,0.0,0.0
2026-10-05 21:22:00-04:00,4.519700050354004,4.519700050354004,4.519700050354004,4.519700050354004,4.519700050354004,2,0.0,0.0
2026-10-05 21:25:00-04:00,4.519899845123291,4.519899845123291,4.519899845123291,4.519899845123291,4.519899845123291,1,0.0,0.0
2026-10-05 21:28:00-04:00,4.518400192260742,4.518400192260742,4.517499923706055,4.517499923706055,4.517499923706055,2,0.0,0.0
2026-10-05 21:29:00-04:00,4.51609992980957,4.517199993133545,4.5157999992370605,4.517199993133545,4.517199993133545,3,0.0,0.0
2026-10-05 21:30:00-04:00,4.51639986038208,4.51639986038208,4.513700008392334,4.514900207519531,4.514900207519531,8,0.0,0.0
2026-10-05 21:34:00-04:00,4.51609992980957,4.51609992980957,4.515999794006348,4.515999794006348,4.515999794006348,3,0.0,0.0
2026-10-05 21:42:00-04:00,4.512599945068359,4.512599945068359,4.512599945068359,4.512599945068359,4.512599945068359,1,0.0,0.0
2026-10-05 21:46:00-04:00,4.511499881744385,4.511499881744385,4.511499881744385,4.511499881744385,4.511499881744385,1,0.0,0.0
2026-10-05 21:47:00-04:00,4.512199878692627,4.513199806213379,4.510700225830078,4.513199806213379,4.513199806213379,8,0.0,0.0
2026-10-05 21:53:00-04:00,4.515100002288818,4.515100002288818,4.515100002288818,4.515100002288818,4.515100002288818,3,0.0,0.0
2026-10-05 21:59:00-04:00,4.518199920654297,4.518199920654297,4.518199920654297,4.518199920654297,4.518199920654297,2,0.0,0.0
2026-10-05 22:02:00-04:00,4.5183000564575195,4.519400119781494,4.5183000564575195,4.519400119781494,4.519400119781494,2,0.0,0.0
2026-10-05 22:07:00-04:00,4.523499965667725,4.523499965667725,4.523499965667725,4.523499965667725,4.523499965667725,2,0.0,0.0
2026-10-05 22:08:00-04:00,4.524499893188477,4.524499893188477,4.524499893188477,4.524499893188477,4.524499893188477,2,0.0,0.0
2026-10-05 22:09:00-04:00,4.52370023727417,4.52370023727417,4.52370023727417,4.52370023727417,4.52370023727417,2,0.0,0.0
2026-10-05 22:10:00-04:00,4.522600173950195,4.522600173950195,4.522500038146973,4.522500038146973,4.522500038146973,2,0.0,0.0
2026-10-05 22:11:00-04:00,4.52370023727417,4.52370023727417,4.52370023727417,4.52370023727417,4.52370023727417,1,0.0,0.0
2026-10-05 22:12:00-04:00,4.52209997177124,4.52209997177124,4.52209997177124,4.52209997177124,4.52209997177124,2,0.0,0.0
2026-10-05 22:16:00-04:00,4.522500038146973,4.522500038146973,4.522500038146973,4.522500038146973,4.522500038146973,3,0.0,0.0
2026-10-05 22:24:00-04:00,4.523799896240234,4.524400234222412,4.523600101470947,4.524400234222412,4.524400234222412,3,0.0,0.0
2026-10-05 22:25:00-04:00,4.525199890136719,4.525199890136719,4.525199890136719,4.525199890136719,4.525199890136719,1,0.0,0.0
2026-10-05 22:33:00-04:00,4.523600101470947,4.523600101470947,4.52239990234375,4.52239990234375,4.52239990234375,4,0.0,0.0
2026-10-05 22:34:00-04:00,4.523099899291992,4.523099899291992,4.523099899291992,4.523099899291992,4.523099899291992,1,0.0,0.0
2026-10-05 22:36:00-04:00,4.5233001708984375,4.5233001708984375,4.5233001708984375,4.5233001708984375,4.5233001708984375,1,0.0,0.0
2026-10-05 22:51:00-04:00,4.518499851226807,4.518499851226807,4.518499851226807,4.518499851226807,4.518499851226807,3,0.0,0.0
2026-10-05 22:52:00-04:00,4.522799968719482,4.526100158691406,4.52269983291626,4.524600028991699,4.524600028991699,33,0.0,0.0
2026-10-05 22:53:00-04:00,4.525100231170654,4.525199890136719,4.525100231170654,4.525199890136719,4.525199890136719,3,0.0,0.0
2026-10-05 22:54:00-04:00,4.525400161743164,4.526700019836426,4.525400161743164,4.525400161743164,4.525400161743164,4,0.0,0.0
2026-10-05 22:55:00-04:00,4.525100231170654,4.525100231170654,4.525100231170654,4.525100231170654,4.525100231170654,4,0.0,0.0
2026-10-05 22:56:00-04:00,4.525400161743164,4.525400161743164,4.525400161743164,4.525400161743164,4.525400161743164,1,0.0,0.0
2026-10-05 22:58:00-04:00,4.528600215911865,4.529099941253662,4.528600215911865,4.5289998054504395,4.5289998054504395,5,0.0,0.0
2026-10-05 23:00:00-04:00,4.526700019836426,4.528200149536133,4.526700019836426,4.528200149536133,4.528200149536133,4,0.0,0.0
2026-10-05 23:01:00-04:00,4.5289998054504395,4.529399871826172,4.527900218963623,4.527900218963623,4.527900218963623,4,0.0,0.0
2026-10-05 23:02:00-04:00,4.527699947357178,4.527699947357178,4.527699947357178,4.527699947357178,4.527699947357178,4,0.0,0.0
2026-10-05 23:05:00-04:00,4.521200180053711,4.521200180053711,4.521200180053711,4.521200180053711,4.521200180053711,1,0.0,0.0
2026-10-05 23:06:00-04:00,4.523200035095215,4.525700092315674,4.523099899291992,4.525700092315674,4.525700092315674,4,0.0,0.0
2026-10-05 23:07:00-04:00,4.526599884033203,4.526599884033203,4.526599884033203,4.526599884033203,4.526599884033203,2,0.0,0.0
2026-10-05 23:11:00-04:00,4.521900177001953,4.521900177001953,4.521399974822998,4.521399974822998,4.521399974822998,4,0.0,0.0
2026-10-05 23:12:00-04:00,4.52209997177124,4.52209997177124,4.52209997177124,4.52209997177124,4.52209997177124,2,0.0,0.0
2026-10-05 23:13:00-04:00,4.524899959564209,4.526899814605713,4.524899959564209,4.526899814605713,4.526899814605713,22,0.0,0.0
2026-10-05 23:28:00-04:00,4.5229997634887695,4.5229997634887695,4.5229997634887695,4.5229997634887695,4.5229997634887695,2,0.0,0.0
2026-10-05 23:39:00-04:00,4.529200077056885,4.529200077056885,4.529200077056885,4.529200077056885,4.529200077056885,5,0.0,0.0
2026-10-05 23:44:00-04:00,4.53000020980835,4.53000020980835,4.53000020980835,4.53000020980835,4.53000020980835,1,0.0,0.0
2026-10-05 23:45:00-04:00,4.531099796295166,4.531099796295166,4.531099796295166,4.531099796295166,4.531099796295166,1,0.0,0.0
2026-10-05 23:54:00-04:00,4.527400016784668,4.5279998779296875,4.527400016784668,4.5279998779296875,4.5279998779296875,3,0.0,0.0
2026-10-05 23:55:00-04:00,4.5295000076293945,4.529600143432617,4.5295000076293945,4.529600143432617,4.529600143432617,2,0.0,0.0
2026-10-05 23:56:00-04:00,4.530200004577637,4.530200004577637,4.530200004577637,4.530200004577637,4.530200004577637,1,0.0,0.0
2026-10-05 23:58:00-04:00,4.53000020980835,4.53000020980835,4.53000020980835,4.53000020980835,4.53000020980835,1,0.0,0.0
2026-10-06 00:03:00-04:00,4.526800155639648,4.526800155639648,4.526800155639648,4.526800155639648,4.526800155639648,1,0.0,0.0
2026-10-06 00:05:00-04:00,4.521599769592285,4.521599769592285,4.521599769592285,4.521599769592285,4.521599769592285,1,0.0,0.0
2026-10-06 00:10:00-04:00,4.524400234222412,4.524400234222412,4.524400234222412,4.524400234222412,4.524400234222412,2,0.0,0.0
2026-10-06 00:12:00-04:00,4.524099826812744,4.524099826812744,4.524099826812744,4.524099826812744,4.524099826812744,3,0.0,0.0
2026-10-06 00:23:00-04:00,4.517600059509277,4.518700122833252,4.517600059509277,4.518700122833252,4.518700122833252,4,0.0,0.0
2026-10-06 00:30:00-04:00,4.519899845123291,4.519899845123291,4.519899845123291,4.519899845123291,4.519899845123291,1,0.0,0.0
2026-10-06 00:32:00-04:00,4.52269983291626,4.52269983291626,4.52269983291626,4.52269983291626,4.52269983291626,2,0.0,0.0
2026-10-06 00:40:00-04:00,4.531400203704834,4.531400203704834,4.531400203704834,4.531400203704834,4.531400203704834,2,0.0,0.0
2026-10-06 00:41:00-04:00,4.530900001525879,4.530900001525879,4.530900001525879,4.530900001525879,4.530900001525879,2,0.0,0.0
2026-10-06 00:42:00-04:00,4.530900001525879,4.530900001525879,4.530900001525879,4.530900001525879,4.530900001525879,2,0.0,0.0
2026-10-06 00:43:00-04:00,4.530399799346924,4.530900001525879,4.530399799346924,4.530900001525879,4.530900001525879,3,0.0,0.0
2026-10-06 00:44:00-04:00,4.533199787139893,4.536499977111816,4.532800197601318,4.536499977111816,4.536499977111816,19,0.0,0.0
2026-10-06 00:50:00-04:00,4.541200160980225,4.541200160980225,4.540599822998047,4.540599822998047,4.540599822998047,2,0.0,0.0
2026-10-06 00:51:00-04:00,4.540900230407715,4.540900230407715,4.540900230407715,4.540900230407715,4.540900230407715,1,0.0,0.0
2026-10-06 00:53:00-04:00,4.540800094604492,4.541600227355957,4.540800094604492,4.541600227355957,4.541600227355957,3,0.0,0.0
2026-10-06 00:55:00-04:00,4.541299819946289,4.542500019073486,4.541299819946289,4.542500019073486,4.542500019073486,2,0.0,0.0
2026-10-06 00:56:00-04:00,4.542500019073486,4.542900085449219,4.542500019073486,4.542699813842773,4.542699813842773,19,0.0,0.0
2026-10-06 00:59:00-04:00,4.539299964904785,4.539299964904785,4.539299964904785,4.539299964904785,4.539299964904785,3,0.0,0.0
2026-10-06 01:00:00-04:00,4.5406999588012695,4.5406999588012695,4.538700103759766,4.538700103759766,4.538700103759766,2,0.0,0.0
2026-10-06 01:01:00-04:00,4.53879976272583,4.53879976272583,4.538000106811523,4.538000106811523,4.538000106811523,6,0.0,0.0
2026-10-06 01:05:00-04:00,4.531199932098389,4.531199932098389,4.531199932098389,4.531199932098389,4.531199932098389,1,0.0,0.0
2026-10-06 01:06:00-04:00,4.531300067901611,4.531300067901611,4.531300067901611,4.531300067901611,4.531300067901611,1,0.0,0.0
2026-10-06 01:07:00-04:00,4.533199787139893,4.533199787139893,4.533199787139893,4.533199787139893,4.533199787139893,1,0.0,0.0
2026-10-06 01:08:00-04:00,4.53249979019165,4.53249979019165,4.53249979019165,4.53249979019165,4.53249979019165,1,0.0,0.0
2026-10-06 01:09:00-04:00,4.535399913787842,4.535399913787842,4.535399913787842,4.535399913787842,4.535399913787842,1,0.0,0.0
2026-10-06 01:12:00-04:00,4.537199974060059,4.537199974060059,4.537099838256836,4.537099838256836,4.537099838256836,3,0.0,0.0
2026-10-06 01:14:00-04:00,4.536499977111816,4.536499977111816,4.536499977111816,4.536499977111816,4.536499977111816,2,0.0,0.0
2026-10-06 01:15:00-04:00,4.5346999168396,4.5366997718811035,4.53410005569458,4.536300182342529,4.536300182342529,8,0.0,0.0
2026-10-06 01:16:00-04:00,4.537300109863281,4.538400173187256,4.536900043487549,4.536900043487549,4.536900043487549,5,0.0,0.0
2026-10-06 01:17:00-04:00,4.5370001792907715,4.5370001792907715,4.536300182342529,4.536300182342529,4.536300182342529,4,0.0,0.0
2026-10-06 01:19:00-04:00,4.536300182342529,4.536300182342529,4.536300182342529,4.536300182342529,4.536300182342529,2,0.0,0.0
2026-10-06 01:20:00-04:00,4.5366997718811035,4.5366997718811035,4.5346999168396,4.5346999168396,4.5346999168396,3,0.0,0.0
2026-10-06 01:21:00-04:00,4.535999774932861,4.5381999015808105,4.535999774932861,4.5381999015808105,4.5381999015808105,5,0.0,0.0
2026-10-06 01:26:00-04:00,4.53879976272583,4.53879976272583,4.53879976272583,4.53879976272583,4.53879976272583,1,0.0,0.0
2026-10-06 01:28:00-04:00,4.537799835205078,4.537899971008301,4.537700176239014,4.537700176239014,4.537700176239014,27,0.0,0.0
2026-10-06 01:31:00-04:00,4.5304999351501465,4.530600070953369,4.5304999351501465,4.530600070953369,4.530600070953369,9,0.0,0.0
2026-10-06 01:33:00-04:00,4.525100231170654,4.525100231170654,4.525100231170654,4.525100231170654,4.525100231170654,3,0.0,0.0
2026-10-06 01:37:00-04:00,4.528600215911865,4.528600215911865,4.528600215911865,4.528600215911865,4.528600215911865,1,0.0,0.0
2026-10-06 01:39:00-04:00,4.526899814605713,4.526899814605713,4.526899814605713,4.526899814605713,4.526899814605713,1,0.0,0.0
2026-10-06 01:42:00-04:00,4.526899814605713,4.526899814605713,4.526899814605713,4.526899814605713,4.526899814605713,2,0.0,0.0
2026-10-06 01:49:00-04:00,4.531499862670898,4.534999847412109,4.531499862670898,4.534999847412109,4.534999847412109,10,0.0,0.0
2026-10-06 01:50:00-04:00,4.531000137329102,4.531000137329102,4.530900001525879,4.530900001525879,4.530900001525879,2,0.0,0.0
2026-10-06 01:54:00-04:00,4.527299880981445,4.527299880981445,4.527299880981445,4.527299880981445,4.527299880981445,1,0.0,0.0
2026-10-06 01:58:00-04:00,4.520699977874756,4.520699977874756,4.520699977874756,4.520699977874756,4.520699977874756,1,0.0,0.0
2026-10-06 01:59:00-04:00,4.519800186157227,4.519800186157227,4.519800186157227,4.519800186157227,4.519800186157227,1,0.0,0.0
2026-10-06 02:00:00-04:00,4.520100116729736,4.520100116729736,4.518199920654297,4.518199920654297,4.518199920654297,2,0.0,0.0
2026-10-06 02:01:00-04:00,4.519599914550781,4.520699977874756,4.518099784851074,4.518099784851074,4.518099784851074,10,0.0,0.0
2026-10-06 02:02:00-04:00,4.51800012588501,4.51800012588501,4.51800012588501,4.51800012588501,4.51800012588501,3,0.0,0.0
2026-10-06 02:03:00-04:00,4.517899990081787,4.517899990081787,4.517899990081787,4.517899990081787,4.517899990081787,1,0.0,0.0
2026-10-06 02:04:00-04:00,4.515500068664551,4.517199993133545,4.512499809265137,4.5152997970581055,4.5152997970581055,14,0.0,0.0
2026-10-06 02:05:00-04:00,4.513500213623047,4.517399787902832,4.513500213623047,4.517399787902832,4.517399787902832,7,0.0,0.0
2026-10-06 02:06:00-04:00,4.514599800109863,4.515100002288818,4.514599800109863,4.515100002288818,4.515100002288818,3,0.0,0.0
2026-10-06 02:08:00-04:00,4.511600017547607,4.511600017547607,4.509200096130371,4.510499954223633,4.510499954223633,5,0.0,0.0
2026-10-06 02:10:00-04:00,4.507999897003174,4.507999897003174,4.507999897003174,4.507999897003174,4.507999897003174,1,0.0,0.0
2026-10-06 02:11:00-04:00,4.508600234985352,4.508600234985352,4.49429988861084,4.49429988861084,4.49429988861084,35,0.0,0.0
2026-10-06 02:12:00-04:00,4.494699954986572,4.4969000816345215,4.492300033569336,4.492300033569336,4.492300033569336,14,0.0,0.0
2026-10-06 02:13:00-04:00,4.489200115203857,4.49459981918335,4.4842000007629395,4.492499828338623,4.492499828338623,39,0.0,0.0
2026-10-06 02:14:00-04:00,4.492400169372559,4.495299816131592,4.492400169372559,4.493199825286865,4.493199825286865,25,0.0,0.0
2026-10-06 02:15:00-04:00,4.483699798583984,4.484099864959717,4.48360013961792,4.484099864959717,4.484099864959717,6,0.0,0.0
2026-10-06 02:16:00-04:00,4.48199987411499,4.484099864959717,4.477499961853027,4.477499961853027,4.477499961853027,8,0.0,0.0
2026-10-06 02:17:00-04:00,4.477799892425537,4.479700088500977,4.475800037384033,4.475900173187256,4.475900173187256,9,0.0,0.0
2026-10-06 02:18:00-04:00,4.478099822998047,4.478400230407715,4.47760009765625,4.47760009765625,4.47760009765625,11,0.0,0.0
2026-10-06 02:19:00-04:00,4.478400230407715,4.478899955749512,4.478400230407715,4.478899955749512,4.478899955749512,4,0.0,0.0
2026-10-06 02:20:00-04:00,4.476399898529053,4.476399898529053,4.4720001220703125,4.4720001220703125,4.4720001220703125,21,0.0,0.0
2026-10-06 02:21:00-04:00,4.470900058746338,4.473199844360352,4.470900058746338,4.473199844360352,4.473199844360352,7,0.0,0.0
2026-10-06 02:22:00-04:00,4.470600128173828,4.473299980163574,4.46589994430542,4.473299980163574,4.473299980163574,10,0.0,0.0
2026-10-06 02:23:00-04:00,4.473299980163574,4.473299980163574,4.473299980163574,4.473299980163574,4.473299980163574,1,0.0,0.0
2026-10-06 02:24:00-04:00,4.4741997718811035,4.4741997718811035,4.4741997718811035,4.4741997718811035,4.4741997718811035,1,0.0,0.0
2026-10-06 02:25:00-04:00,4.4770002365112305,4.478300094604492,4.4770002365112305,4.47730016708374,4.47730016708374,11,0.0,0.0
2026-10-06 02:26:00-04:00,4.472300052642822,4.472300052642822,4.472300052642822,4.472300052642822,4.472300052642822,1,0.0,0.0
2026-10-06 02:27:00-04:00,4.472300052642822,4.475399971008301,4.472300052642822,4.475399971008301,4.475399971008301,2,0.0,0.0
2026-10-06 02:29:00-04:00,4.473800182342529,4.473800182342529,4.473800182342529,4.473800182342529,4.473800182342529,2,0.0,0.0
2026-10-06 02:30:00-04:00,4.485099792480469,4.485099792480469,4.485099792480469,4.485099792480469,4.485099792480469,3,0.0,0.0
2026-10-06 02:32:00-04:00,4.479100227355957,4.480100154876709,4.478700160980225,4.479800224304199,4.479800224304199,6,0.0,0.0
2026-10-06 02:33:00-04:00,4.4781999588012695,4.478899955749512,4.478099822998047,4.478499889373779,4.478499889373779,6,0.0,0.0
2026-10-06 02:34:00-04:00,4.479000091552734,4.479000091552734,4.477700233459473,4.477700233459473,4.477700233459473,3,0.0,0.0
2026-10-06 02:35:00-04:00,4.474999904632568,4.474999904632568,4.474999904632568,4.474999904632568,4.474999904632568,2,0.0,0.0
2026-10-06 02:36:00-04:00,4.471700191497803,4.472099781036377,4.4679999351501465,4.4679999351501465,4.4679999351501465,10,0.0,0.0
2026-10-06 02:37:00-04:00,4.468200206756592,4.468200206756592,4.466400146484375,4.466400146484375,4.466400146484375,2,0.0,0.0
2026-10-06 02:38:00-04:00,4.466000080108643,4.467899799346924,4.466000080108643,4.466899871826172,4.466899871826172,6,0.0,0.0
2026-10-06 02:39:00-04:00,4.465199947357178,4.469200134277344,4.465199947357178,4.469200134277344,4.469200134277344,2,0.0,0.0
2026-10-06 02:40:00-04:00,4.468999862670898,4.4710001945495605,4.468299865722656,4.468500137329102,4.468500137329102,14,0.0,0.0
2026-10-06 02:41:00-04:00,4.468400001525879,4.468400001525879,4.468100070953369,4.468100070953369,4.468100070953369,7,0.0,0.0
2026-10-06 02:44:00-04:00,4.462800025939941,4.462900161743164,4.460999965667725,4.460999965667725,4.460999965667725,12,0.0,0.0
2026-10-06 02:45:00-04:00,4.461699962615967,4.461699962615967,4.458399772644043,4.458399772644043,4.458399772644043,59,0.0,0.0
2026-10-06 02:46:00-04:00,4.454100131988525,4.454100131988525,4.44320011138916,4.451600074768066,4.451600074768066,112,0.0,0.0
2026-10-06 02:47:00-04:00,4.453700065612793,4.453700065612793,4.450399875640869,4.450399875640869,4.450399875640869,9,0.0,0.0
2026-10-06 02:48:00-04:00,4.451700210571289,4.452000141143799,4.450799942016602,4.452000141143799,4.452000141143799,7,0.0,0.0
2026-10-06 02:49:00-04:00,4.451300144195557,4.451300144195557,4.451200008392334,4.451200008392334,4.451200008392334,1,0.0,0.0
2026-10-06 02:50:00-04:00,4.4496002197265625,4.4496002197265625,4.4496002197265625,4.4496002197265625,4.4496002197265625,2,0.0,0.0
2026-10-06 02:51:00-04:00,4.451499938964844,4.451499938964844,4.448599815368652,4.44950008392334,4.44950008392334,7,0.0,0.0
2026-10-06 02:52:00-04:00,4.451700210571289,4.451700210571289,4.450500011444092,4.450500011444092,4.450500011444092,2,0.0,0.0
2026-10-06 02:53:00-04:00,4.446599960327148,4.446599960327148,4.446599960327148,4.446599960327148,4.446599960327148,2,0.0,0.0
2026-10-06 02:54:00-04:00,4.448200225830078,4.452000141143799,4.445000171661377,4.452000141143799,4.452000141143799,30,0.0,0.0
2026-10-06 02:55:00-04:00,4.4532999992370605,4.458199977874756,4.4532999992370605,4.456999778747559,4.456999778747559,25,0.0,0.0
2026-10-06 02:56:00-04:00,4.457799911499023,4.46019983291626,4.4552001953125,4.46019983291626,4.46019983291626,32,0.0,0.0
2026-10-06 02:57:00-04:00,4.457699775695801,4.460000038146973,4.456200122833252,4.460000038146973,4.460000038146973,11,0.0,0.0
2026-10-06 02:58:00-04:00,4.462500095367432,4.463799953460693,4.462500095367432,4.463799953460693,4.463799953460693,3,0.0,0.0
2026-10-06 02:59:00-04:00,4.463099956512451,4.463799953460693,4.460599899291992,4.461599826812744,4.461599826812744,18,0.0,0.0
2026-10-06 03:00:00-04:00,4.4608001708984375,4.4608001708984375,4.458700180053711,4.459000110626221,4.459000110626221,23,0.0,0.0
2026-10-06 03:01:00-04:00,4.457399845123291,4.45989990234375,4.457099914550781,4.457799911499023,4.457799911499023,15,0.0,0.0
2026-10-06 03:02:00-04:00,4.454699993133545,4.454699993133545,4.449399948120117,4.449399948120117,4.449399948120117,9,0.0,0.0
2026-10-06 03:03:00-04:00,4.449399948120117,4.449399948120117,4.446199893951416,4.447700023651123,4.447700023651123,3,0.0,0.0
2026-10-06 03:04:00-04:00,4.449699878692627,4.449699878692627,4.443900108337402,4.44950008392334,4.44950008392334,8,0.0,0.0
2026-10-06 03:05:00-04:00,4.448800086975098,4.452600002288818,4.448800086975098,4.452000141143799,4.452000141143799,10,0.0,0.0
2026-10-06 03:07:00-04:00,4.454699993133545,4.456200122833252,4.451200008392334,4.45550012588501,4.45550012588501,15,0.0,0.0
2026-10-06 03:08:00-04:00,4.457099914550781,4.457300186157227,4.452000141143799,4.457300186157227,4.457300186157227,10,0.0,0.0
2026-10-06 03:09:00-04:00,4.454800128936768,4.454800128936768,4.454800128936768,4.454800128936768,4.454800128936768,1,0.0,0.0
2026-10-06 03:10:00-04:00,4.459499835968018,4.459499835968018,4.459499835968018,4.459499835968018,4.459499835968018,1,0.0,0.0
2026-10-06 03:11:00-04:00,4.456399917602539,4.460899829864502,4.456399917602539,4.460899829864502,4.460899829864502,8,0.0,0.0
2026-10-06 03:12:00-04:00,4.461599826812744,4.461599826812744,4.456399917602539,4.456399917602539,4.456399917602539,2,0.0,0.0
2026-10-06 03:13:00-04:00,4.456900119781494,4.456900119781494,4.456900119781494,4.456900119781494,4.456900119781494,3,0.0,0.0
2026-10-06 03:15:00-04:00,4.458000183105469,4.45959997177124,4.457600116729736,4.45959997177124,4.45959997177124,4,0.0,0.0
2026-10-06 03:17:00-04:00,4.459000110626221,4.4593000411987305,4.457799911499023,4.4593000411987305,4.4593000411987305,10,0.0,0.0
2026-10-06 03:18:00-04:00,4.4567999839782715,4.456999778747559,4.4567999839782715,4.456999778747559,4.456999778747559,3,0.0,0.0
2026-10-06 03:19:00-04:00,4.4558000564575195,4.455999851226807,4.4558000564575195,4.455999851226807,4.455999851226807,2,0.0,0.0
2026-10-06 03:20:00-04:00,4.460000038146973,4.460100173950195,4.460000038146973,4.460100173950195,4.460100173950195,4,0.0,0.0
2026-10-06 03:21:00-04:00,4.466100215911865,4.466100215911865,4.462100028991699,4.462100028991699,4.462100028991699,3,0.0,0.0
2026-10-06 03:22:00-04:00,4.459400177001953,4.459400177001953,4.457600116729736,4.457900047302246,4.457900047302246,10,0.0,0.0
2026-10-06 03:23:00-04:00,4.459099769592285,4.459099769592285,4.457900047302246,4.457900047302246,4.457900047302246,2,0.0,0.0
2026-10-06 03:24:00-04:00,4.4604997634887695,4.460599899291992,4.458000183105469,4.458000183105469,4.458000183105469,9,0.0,0.0
2026-10-06 03:25:00-04:00,4.457399845123291,4.459400177001953,4.457399845123291,4.457600116729736,4.457600116729736,13,0.0,0.0
2026-10-06 03:26:00-04:00,4.456699848175049,4.456699848175049,4.453199863433838,4.455100059509277,4.455100059509277,8,0.0,0.0
2026-10-06 03:27:00-04:00,4.458499908447266,4.458499908447266,4.458499908447266,4.458499908447266,4.458499908447266,5,0.0,0.0
2026-10-06 03:28:00-04:00,4.463200092315674,4.463200092315674,4.463200092315674,4.463200092315674,4.463200092315674,3,0.0,0.0
2026-10-06 03:29:00-04:00,4.464900016784668,4.471799850463867,4.463799953460693,4.47160005569458,4.47160005569458,9,0.0,0.0
2026-10-06 03:30:00-04:00,4.4770002365112305,4.481800079345703,4.4770002365112305,4.478300094604492,4.478300094604492,4,0.0,0.0
2026-10-06 03:31:00-04:00,4.4816999435424805,4.489200115203857,4.4816999435424805,4.486400127410889,4.486400127410889,12,0.0,0.0
2026-10-06 03:32:00-04:00,4.481299877166748,4.4816999435424805,4.481299877166748,4.4816999435424805,4.4816999435424805,6,0.0,0.0
2026-10-06 03:33:00-04:00,4.473100185394287,4.473999977111816,4.473100185394287,4.473599910736084,4.473599910736084,5,0.0,0.0
2026-10-06 03:34:00-04:00,4.4720001220703125,4.472599983215332,4.470699787139893,4.472599983215332,4.472599983215332,22,0.0,0.0
2026-10-06 03:36:00-04:00,4.47130012512207,4.47130012512207,4.47130012512207,4.47130012512207,4.47130012512207,2,0.0,0.0
2026-10-06 03:37:00-04:00,4.468800067901611,4.468800067901611,4.467800140380859,4.467800140380859,4.467800140380859,2,0.0,0.0
2026-10-06 03:39:00-04:00,4.462699890136719,4.463900089263916,4.462100028991699,4.462100028991699,4.462100028991699,6,0.0,0.0
2026-10-06 03:41:00-04:00,4.462500095367432,4.463399887084961,4.462500095367432,4.463200092315674,4.463200092315674,6,0.0,0.0
2026-10-06 03:43:00-04:00,4.463500022888184,4.466100215911865,4.463500022888184,4.466100215911865,4.466100215911865,6,0.0,0.0
2026-10-06 03:44:00-04:00,4.464600086212158,4.464600086212158,4.464600086212158,4.464600086212158,4.464600086212158,8,0.0,0.0
2026-10-06 03:46:00-04:00,4.455699920654297,4.455699920654297,4.455699920654297,4.455699920654297,4.455699920654297,5,0.0,0.0
2026-10-06 03:47:00-04:00,4.456200122833252,4.456200122833252,4.454699993133545,4.4552001953125,4.4552001953125,7,0.0,0.0
2026-10-06 03:48:00-04:00,4.457300186157227,4.459499835968018,4.457300186157227,4.459499835968018,4.459499835968018,8,0.0,0.0
2026-10-06 03:49:00-04:00,4.463500022888184,4.463500022888184,4.463500022888184,4.463500022888184,4.463500022888184,7,0.0,0.0
2026-10-06 03:51:00-04:00,4.471700191497803,4.471700191497803,4.471700191497803,4.471700191497803,4.471700191497803,1,0.0,0.0
2026-10-06 03:52:00-04:00,4.474899768829346,4.474899768829346,4.47130012512207,4.47130012512207,4.47130012512207,7,0.0,0.0
2026-10-06 03:53:00-04:00,4.474400043487549,4.474400043487549,4.474400043487549,4.474400043487549,4.474400043487549,2,0.0,0.0
2026-10-06 03:54:00-04:00,4.472099781036377,4.472099781036377,4.470699787139893,4.470699787139893,4.470699787139893,5,0.0,0.0
2026-10-06 03:55:00-04:00,4.469099998474121,4.472700119018555,4.469099998474121,4.470399856567383,4.470399856567383,6,0.0,0.0
2026-10-06 03:56:00-04:00,4.468400001525879,4.468400001525879,4.464799880981445,4.46750020980835,4.46750020980835,16,0.0,0.0
2026-10-06 03:57:00-04:00,4.467100143432617,4.468900203704834,4.466700077056885,4.468900203704834,4.468900203704834,6,0.0,0.0
2026-10-06 03:58:00-04:00,4.4670000076293945,4.4670000076293945,4.466599941253662,4.466599941253662,4.466599941253662,3,0.0,0.0
2026-10-06 03:59:00-04:00,4.468800067901611,4.469900131225586,4.468800067901611,4.469900131225586,4.469900131225586,11,0.0,0.0
2026-10-06 04:00:00-04:00,4.472099781036377,4.474999904632568,4.471799850463867,4.471799850463867,4.471799850463867,6,0.0,0.0
2026-10-06 04:01:00-04:00,4.471700191497803,4.475599765777588,4.471700191497803,4.475599765777588,4.475599765777588,6,0.0,0.0
2026-10-06 04:02:00-04:00,4.471799850463867,4.472899913787842,4.466800212860107,4.466800212860107,4.466800212860107,8,0.0,0.0
2026-10-06 04:03:00-04:00,4.461599826812744,4.463699817657471,4.457099914550781,4.457099914550781,4.457099914550781,6,0.0,0.0
2026-10-06 04:04:00-04:00,4.459700107574463,4.459700107574463,4.4583001136779785,4.4583001136779785,4.4583001136779785,4,0.0,0.0
2026-10-06 04:05:00-04:00,4.459700107574463,4.461699962615967,4.457799911499023,4.461699962615967,4.461699962615967,17,0.0,0.0
2026-10-06 04:06:00-04:00,4.459199905395508,4.459199905395508,4.459199905395508,4.459199905395508,4.459199905395508,2,0.0,0.0
2026-10-06 04:07:00-04:00,4.461699962615967,4.462699890136719,4.461699962615967,4.462699890136719,4.462699890136719,3,0.0,0.0
2026-10-06 04:08:00-04:00,4.4629998207092285,4.468800067901611,4.4629998207092285,4.468800067901611,4.468800067901611,9,0.0,0.0
2026-10-06 04:10:00-04:00,4.473999977111816,4.473999977111816,4.473999977111816,4.473999977111816,4.473999977111816,1,0.0,0.0
2026-10-06 04:12:00-04:00,4.477200031280518,4.477700233459473,4.4770002365112305,4.477700233459473,4.477700233459473,8,0.0,0.0
2026-10-06 04:13:00-04:00,4.480999946594238,4.484000205993652,4.480999946594238,4.482999801635742,4.482999801635742,8,0.0,0.0
2026-10-06 04:14:00-04:00,4.486000061035156,4.486000061035156,4.486000061035156,4.486000061035156,4.486000061035156,3,0.0,0.0
2026-10-06 04:15:00-04:00,4.489500045776367,4.493500232696533,4.489500045776367,4.490900039672852,4.490900039672852,8,0.0,0.0
2026-10-06 04:16:00-04:00,4.485099792480469,4.486299991607666,4.483699798583984,4.486299991607666,4.486299991607666,9,0.0,0.0
2026-10-06 04:17:00-04:00,4.485799789428711,4.4893999099731445,4.485799789428711,4.4882001876831055,4.4882001876831055,7,0.0,0.0
2026-10-06 04:19:00-04:00,4.485300064086914,4.485300064086914,4.485300064086914,4.485300064086914,4.485300064086914,1,0.0,0.0
2026-10-06 04:20:00-04:00,4.485099792480469,4.485799789428711,4.478499889373779,4.478499889373779,4.478499889373779,14,0.0,0.0
2026-10-06 04:21:00-04:00,4.480899810791016,4.481500148773193,4.480400085449219,4.4807000160217285,4.4807000160217285,10,0.0,0.0
2026-10-06 04:22:00-04:00,4.478600025177002,4.479599952697754,4.478099822998047,4.478099822998047,4.478099822998047,6,0.0,0.0
2026-10-06 04:23:00-04:00,4.475900173187256,4.476799964904785,4.475399971008301,4.475399971008301,4.475399971008301,8,0.0,0.0
2026-10-06 04:24:00-04:00,4.470300197601318,4.470300197601318,4.468500137329102,4.468500137329102,4.468500137329102,5,0.0,0.0
2026-10-06 04:28:00-04:00,4.4822001457214355,4.4822001457214355,4.4822001457214355,4.4822001457214355,4.4822001457214355,2,0.0,0.0
2026-10-06 04:29:00-04:00,4.482399940490723,4.482399940490723,4.477399826049805,4.477399826049805,4.477399826049805,12,0.0,0.0
2026-10-06 04:30:00-04:00,4.47629976272583,4.47629976272583,4.471099853515625,4.474400043487549,4.474400043487549,12,0.0,0.0
2026-10-06 04:31:00-04:00,4.473299980163574,4.473299980163574,4.473299980163574,4.473299980163574,4.473299980163574,6,0.0,0.0
2026-10-06 04:32:00-04:00,4.471399784088135,4.471399784088135,4.471399784088135,4.471399784088135,4.471399784088135,7,0.0,0.0
2026-10-06 04:33:00-04:00,4.473899841308594,4.473899841308594,4.473899841308594,4.473899841308594,4.473899841308594,4,0.0,0.0
2026-10-06 04:34:00-04:00,4.47599983215332,4.476799964904785,4.47599983215332,4.476799964904785,4.476799964904785,2,0.0,0.0
2026-10-06 04:35:00-04:00,4.475900173187256,4.475900173187256,4.473400115966797,4.473400115966797,4.473400115966797,4,0.0,0.0
2026-10-06 04:36:00-04:00,4.470099925994873,4.473599910736084,4.470099925994873,4.472799777984619,4.472799777984619,7,0.0,0.0
2026-10-06 04:37:00-04:00,4.462800025939941,4.4653000831604,4.4567999839782715,4.464600086212158,4.464600086212158,11,0.0,0.0
2026-10-06 04:38:00-04:00,4.463799953460693,4.464099884033203,4.463799953460693,4.464099884033203,4.464099884033203,2,0.0,0.0
2026-10-06 04:39:00-04:00,4.463500022888184,4.465099811553955,4.463399887084961,4.465099811553955,4.465099811553955,7,0.0,0.0
2026-10-06 04:40:00-04:00,4.474400043487549,4.474699974060059,4.473700046539307,4.474699974060059,4.474699974060059,5,0.0,0.0
2026-10-06 04:41:00-04:00,4.4766998291015625,4.478499889373779,4.476600170135498,4.478499889373779,4.478499889373779,8,0.0,0.0
2026-10-06 04:43:00-04:00,4.46750020980835,4.467700004577637,4.46750020980835,4.467700004577637,4.467700004577637,4,0.0,0.0
2026-10-06 04:45:00-04:00,4.4704999923706055,4.470600128173828,4.4704999923706055,4.470600128173828,4.470600128173828,1,0.0,0.0
2026-10-06 04:46:00-04:00,4.468900203704834,4.468900203704834,4.468900203704834,4.468900203704834,4.468900203704834,5,0.0,0.0
2026-10-06 04:47:00-04:00,4.469299793243408,4.469399929046631,4.469299793243408,4.469399929046631,4.469399929046631,7,0.0,0.0
2026-10-06 04:49:00-04:00,4.465199947357178,4.465199947357178,4.465199947357178,4.465199947357178,4.465199947357178,2,0.0,0.0
2026-10-06 04:50:00-04:00,4.461900234222412,4.461900234222412,4.456099987030029,4.456099987030029,4.456099987030029,6,0.0,0.0
2026-10-06 04:51:00-04:00,4.457600116729736,4.457600116729736,4.452899932861328,4.452899932861328,4.452899932861328,3,0.0,0.0
2026-10-06 04:53:00-04:00,4.457900047302246,4.457900047302246,4.457900047302246,4.457900047302246,4.457900047302246,8,0.0,0.0
2026-10-06 04:55:00-04:00,4.45389986038208,4.45389986038208,4.45389986038208,4.45389986038208,4.45389986038208,2,0.0,0.0
2026-10-06 04:59:00-04:00,4.455699920654297,4.455699920654297,4.455699920654297,4.455699920654297,4.455699920654297,2,0.0,0.0
2026-10-06 05:00:00-04:00,4.460000038146973,4.460000038146973,4.45389986038208,4.45389986038208,4.45389986038208,6,0.0,0.0
2026-10-06 05:01:00-04:00,4.454899787902832,4.45550012588501,4.453700065612793,4.4542999267578125,4.4542999267578125,11,0.0,0.0
2026-10-06 05:02:00-04:00,4.453700065612793,4.453700065612793,4.437399864196777,4.439799785614014,4.439799785614014,95,0.0,0.0
2026-10-06 05:03:00-04:00,4.4380998611450195,4.4380998611450195,4.4380998611450195,4.4380998611450195,4.4380998611450195,3,0.0,0.0
2026-10-06 05:04:00-04:00,4.430300235748291,4.4344000816345215,4.429999828338623,4.434199810028076,4.434199810028076,20,0.0,0.0
2026-10-06 05:05:00-04:00,4.431600093841553,4.431600093841553,4.431600093841553,4.431600093841553,4.431600093841553,1,0.0,0.0
2026-10-06 05:06:00-04:00,4.430500030517578,4.432199954986572,4.4278998374938965,4.428500175476074,4.428500175476074,28,0.0,0.0
2026-10-06 05:07:00-04:00,4.428400039672852,4.428400039672852,4.428400039672852,4.428400039672852,4.428400039672852,3,0.0,0.0
2026-10-06 05:08:00-04:00,4.430500030517578,4.432199954986572,4.430500030517578,4.432199954986572,4.432199954986572,5,0.0,0.0
2026-10-06 05:09:00-04:00,4.434899806976318,4.438399791717529,4.434899806976318,4.438399791717529,4.438399791717529,7,0.0,0.0
2026-10-06 05:10:00-04:00,4.4355998039245605,4.4355998039245605,4.4334001541137695,4.4334001541137695,4.4334001541137695,2,0.0,0.0
2026-10-06 05:11:00-04:00,4.433199882507324,4.4334001541137695,4.423099994659424,4.426400184631348,4.426400184631348,25,0.0,0.0
2026-10-06 05:12:00-04:00,4.431099891662598,4.432799816131592,4.4243998527526855,4.427000045776367,4.427000045776367,7,0.0,0.0
2026-10-06 05:13:00-04:00,4.428299903869629,4.429200172424316,4.428299903869629,4.428899765014648,4.428899765014648,4,0.0,0.0
2026-10-06 05:14:00-04:00,4.42519998550415,4.42519998550415,4.42519998550415,4.42519998550415,4.42519998550415,1,0.0,0.0
2026-10-06 05:15:00-04:00,4.422299861907959,4.422299861907959,4.41949987411499,4.4207000732421875,4.4207000732421875,13,0.0,0.0
2026-10-06 05:16:00-04:00,4.419400215148926,4.4217000007629395,4.419400215148926,4.4217000007629395,4.4217000007629395,7,0.0,0.0
2026-10-06 05:17:00-04:00,4.420599937438965,4.420599937438965,4.420599937438965,4.420599937438965,4.420599937438965,1,0.0,0.0
2026-10-06 05:18:00-04:00,4.418600082397461,4.418600082397461,4.416100025177002,4.416100025177002,4.416100025177002,2,0.0,0.0
2026-10-06 05:19:00-04:00,4.416100025177002,4.417699813842773,4.414599895477295,4.416100025177002,4.416100025177002,10,0.0,0.0
2026-10-06 05:20:00-04:00,4.409599781036377,4.410600185394287,4.405600070953369,4.4096999168396,4.4096999168396,42,0.0,0.0
2026-10-06 05:21:00-04:00,4.407599925994873,4.408999919891357,4.406599998474121,4.407299995422363,4.407299995422363,12,0.0,0.0
2026-10-06 05:22:00-04:00,4.407199859619141,4.407199859619141,4.407199859619141,4.407199859619141,4.407199859619141,1,0.0,0.0
2026-10-06 05:23:00-04:00,4.408299922943115,4.412600040435791,4.408299922943115,4.412600040435791,4.412600040435791,10,0.0,0.0
2026-10-06 05:24:00-04:00,4.416200160980225,4.416200160980225,4.416200160980225,4.416200160980225,4.416200160980225,6,0.0,0.0
2026-10-06 05:27:00-04:00,4.412499904632568,4.414999961853027,4.412499904632568,4.414999961853027,4.414999961853027,4,0.0,0.0
2026-10-06 05:28:00-04:00,4.412899971008301,4.412899971008301,4.412899971008301,4.412899971008301,4.412899971008301,1,0.0,0.0
2026-10-06 05:29:00-04:00,4.409599781036377,4.409999847412109,4.4079999923706055,4.4079999923706055,4.4079999923706055,27,0.0,0.0
2026-10-06 05:30:00-04:00,4.404600143432617,4.405099868774414,4.404600143432617,4.405099868774414,4.405099868774414,8,0.0,0.0
2026-10-06 05:32:00-04:00,4.411399841308594,4.411399841308594,4.411399841308594,4.411399841308594,4.411399841308594,4,0.0,0.0
2026-10-06 05:33:00-04:00,4.405200004577637,4.405200004577637,4.400199890136719,4.40310001373291,4.40310001373291,22,0.0,0.0
2026-10-06 05:34:00-04:00,4.400400161743164,4.401700019836426,4.362299919128418,4.363500118255615,4.363500118255615,399,0.0,0.0
2026-10-06 05:35:00-04:00,4.366199970245361,4.376100063323975,4.357500076293945,4.366199970245361,4.366199970245361,104,0.0,0.0
2026-10-06 05:36:00-04:00,4.368599891662598,4.372000217437744,4.3572001457214355,4.3572001457214355,4.3572001457214355,59,0.0,0.0
2026-10-06 05:37:00-04:00,4.359399795532227,4.360099792480469,4.356299877166748,4.360099792480469,4.360099792480469,51,0.0,0.0
2026-10-06 05:38:00-04:00,4.3582000732421875,4.35890007019043,4.35129976272583,4.353400230407715,4.353400230407715,69,0.0,0.0
2026-10-06 05:39:00-04:00,4.3566999435424805,4.36269998550415,4.355400085449219,4.355400085449219,4.355400085449219,41,0.0,0.0
2026-10-06 05:40:00-04:00,4.354300022125244,4.359899997711182,4.353700160980225,4.359899997711182,4.359899997711182,47,0.0,0.0
2026-10-06 05:41:00-04:00,4.361199855804443,4.365799903869629,4.359399795532227,4.365799903869629,4.365799903869629,32,0.0,0.0
2026-10-06 05:42:00-04:00,4.365900039672852,4.368800163269043,4.365799903869629,4.368800163269043,4.368800163269043,37,0.0,0.0
2026-10-06 05:43:00-04:00,4.366499900817871,4.378499984741211,4.366499900817871,4.375,4.375,53,0.0,0.0
2026-10-06 05:44:00-04:00,4.375100135803223,4.382400035858154,4.372499942779541,4.373799800872803,4.373799800872803,32,0.0,0.0
2026-10-06 05:45:00-04:00,4.3755998611450195,4.386499881744385,4.3755998611450195,4.383900165557861,4.383900165557861,42,0.0,0.0
2026-10-06 05:46:00-04:00,4.388700008392334,4.392399787902832,4.388700008392334,4.390500068664551,4.390500068664551,18,0.0,0.0
2026-10-06 05:47:00-04:00,4.393599987030029,4.395199775695801,4.393400192260742,4.393400192260742,4.393400192260742,7,0.0,0.0
2026-10-06 05:48:00-04:00,4.395299911499023,4.395500183105469,4.387400150299072,4.387400150299072,4.387400150299072,40,0.0,0.0
2026-10-06 05:49:00-04:00,4.390699863433838,4.390699863433838,4.388400077819824,4.390500068664551,4.390500068664551,23,0.0,0.0
2026-10-06 05:50:00-04:00,4.390699863433838,4.390999794006348,4.390699863433838,4.390999794006348,4.390999794006348,4,0.0,0.0
2026-10-06 05:51:00-04:00,4.393799781799316,4.393899917602539,4.392000198364258,4.392000198364258,4.392000198364258,7,0.0,0.0
2026-10-06 05:52:00-04:00,4.394800186157227,4.403200149536133,4.394499778747559,4.403200149536133,4.403200149536133,61,0.0,0.0
2026-10-06 05:53:00-04:00,4.402699947357178,4.403299808502197,4.399199962615967,4.399199962615967,4.399199962615967,13,0.0,0.0
2026-10-06 05:54:00-04:00,4.397200107574463,4.400300025939941,4.396900177001953,4.396900177001953,4.396900177001953,13,0.0,0.0
2026-10-06 05:55:00-04:00,4.395199775695801,4.396500110626221,4.394599914550781,4.396500110626221,4.396500110626221,12,0.0,0.0
2026-10-06 05:56:00-04:00,4.398200035095215,4.40339994430542,4.398200035095215,4.40339994430542,4.40339994430542,6,0.0,0.0
2026-10-06 05:57:00-04:00,4.401599884033203,4.402100086212158,4.401599884033203,4.402100086212158,4.402100086212158,2,0.0,0.0
2026-10-06 05:58:00-04:00,4.400300025939941,4.401700019836426,4.400300025939941,4.401599884033203,4.401599884033203,17,0.0,0.0
2026-10-06 05:59:00-04:00,4.401700019836426,4.4029998779296875,4.400199890136719,4.400199890136719,4.400199890136719,12,0.0,0.0
2026-10-06 06:00:00-04:00,4.399799823760986,4.40310001373291,4.396699905395508,4.40310001373291,4.40310001373291,23,0.0,0.0
2026-10-06 06:01:00-04:00,4.400300025939941,4.400700092315674,4.400300025939941,4.400700092315674,4.400700092315674,4,0.0,0.0
2026-10-06 06:02:00-04:00,4.3993000984191895,4.400199890136719,4.39870023727417,4.400199890136719,4.400199890136719,4,0.0,0.0
2026-10-06 06:03:00-04:00,4.399600028991699,4.401199817657471,4.399600028991699,4.4004998207092285,4.4004998207092285,9,0.0,0.0
2026-10-06 06:04:00-04:00,4.402599811553955,4.404399871826172,4.402299880981445,4.4028000831604,4.4028000831604,20,0.0,0.0
2026-10-06 06:05:00-04:00,4.403500080108643,4.406799793243408,4.402500152587891,4.402500152587891,4.402500152587891,11,0.0,0.0
2026-10-06 06:06:00-04:00,4.402200222015381,4.4029998779296875,4.4008002281188965,4.4029998779296875,4.4029998779296875,5,0.0,0.0
2026-10-06 06:09:00-04:00,4.40310001373291,4.40310001373291,4.40310001373291,4.40310001373291,4.40310001373291,1,0.0,0.0
2026-10-06 06:10:00-04:00,4.400000095367432,4.4039998054504395,4.400000095367432,4.4039998054504395,4.4039998054504395,7,0.0,0.0
2026-10-06 06:11:00-04:00,4.404799938201904,4.408100128173828,4.404799938201904,4.408100128173828,4.408100128173828,39,0.0,0.0
2026-10-06 06:12:00-04:00,4.410699844360352,4.414299964904785,4.400400161743164,4.406599998474121,4.406599998474121,71,0.0,0.0
2026-10-06 06:13:00-04:00,4.406300067901611,4.406300067901611,4.403200149536133,4.403200149536133,4.403200149536133,3,0.0,0.0
2026-10-06 06:14:00-04:00,4.402400016784668,4.406300067901611,4.402200222015381,4.406300067901611,4.406300067901611,10,0.0,0.0
2026-10-06 06:15:00-04:00,4.4096999168396,4.414400100708008,4.4096999168396,4.414400100708008,4.414400100708008,10,0.0,0.0
2026-10-06 06:16:00-04:00,4.4166998863220215,4.4166998863220215,4.415200233459473,4.416299819946289,4.416299819946289,12,0.0,0.0
2026-10-06 06:17:00-04:00,4.417699813842773,4.4197001457214355,4.417699813842773,4.419099807739258,4.419099807739258,4,0.0,0.0
2026-10-06 06:18:00-04:00,4.417500019073486,4.417500019073486,4.416100025177002,4.416100025177002,4.416100025177002,11,0.0,0.0
2026-10-06 06:19:00-04:00,4.4145002365112305,4.4145002365112305,4.4145002365112305,4.4145002365112305,4.4145002365112305,3,0.0,0.0
2026-10-06 06:20:00-04:00,4.4141998291015625,4.4141998291015625,4.40939998626709,4.40939998626709,4.40939998626709,5,0.0,0.0
2026-10-06 06:21:00-04:00,4.409900188446045,4.409900188446045,4.409900188446045,4.409900188446045,4.409900188446045,2,0.0,0.0
2026-10-06 06:22:00-04:00,4.412300109863281,4.412899971008301,4.412300109863281,4.412899971008301,4.412899971008301,9,0.0,0.0
2026-10-06 06:24:00-04:00,4.419000148773193,4.419000148773193,4.419000148773193,4.419000148773193,4.419000148773193,2,0.0,0.0
2026-10-06 06:25:00-04:00,4.417399883270264,4.417399883270264,4.417399883270264,4.417399883270264,4.417399883270264,15,0.0,0.0
2026-10-06 06:26:00-04:00,4.415299892425537,4.416299819946289,4.415299892425537,4.416299819946289,4.416299819946289,2,0.0,0.0
2026-10-06 06:27:00-04:00,4.4191999435424805,4.4191999435424805,4.408400058746338,4.4085001945495605,4.4085001945495605,56,0.0,0.0
2026-10-06 06:28:00-04:00,4.408999919891357,4.410099983215332,4.408299922943115,4.4085001945495605,4.4085001945495605,15,0.0,0.0
2026-10-06 06:29:00-04:00,4.40310001373291,4.4070000648498535,4.4019999504089355,4.4070000648498535,4.4070000648498535,19,0.0,0.0
2026-10-06 06:30:00-04:00,4.404200077056885,4.404200077056885,4.397600173950195,4.400599956512451,4.400599956512451,70,0.0,0.0
2026-10-06 06:31:00-04:00,4.39900016784668,4.400599956512451,4.394800186157227,4.394800186157227,4.394800186157227,37,0.0,0.0
2026-10-06 06:32:00-04:00,4.395400047302246,4.399400234222412,4.395400047302246,4.399400234222412,4.399400234222412,14,0.0,0.0
2026-10-06 06:33:00-04:00,4.39769983291626,4.39769983291626,4.394800186157227,4.394800186157227,4.394800186157227,24,0.0,0.0
2026-10-06 06:34:00-04:00,4.3958001136779785,4.395899772644043,4.394899845123291,4.395899772644043,4.395899772644043,4,0.0,0.0
2026-10-06 06:35:00-04:00,4.39709997177124,4.398600101470947,4.3927998542785645,4.3927998542785645,4.3927998542785645,17,0.0,0.0
2026-10-06 06:36:00-04:00,4.39109992980957,4.393400192260742,4.390699863433838,4.392099857330322,4.392099857330322,16,0.0,0.0
2026-10-06 06:37:00-04:00,4.39300012588501,4.394199848175049,4.392099857330322,4.392099857330322,4.392099857330322,11,0.0,0.0
2026-10-06 06:38:00-04:00,4.390399932861328,4.392099857330322,4.390399932861328,4.392099857330322,4.392099857330322,5,0.0,0.0
2026-10-06 06:39:00-04:00,4.392199993133545,4.392199993133545,4.391300201416016,4.391300201416016,4.391300201416016,3,0.0,0.0
2026-10-06 06:40:00-04:00,4.389900207519531,4.389900207519531,4.389900207519531,4.389900207519531,4.389900207519531,10,0.0,0.0
2026-10-06 06:41:00-04:00,4.39109992980957,4.39109992980957,4.390200138092041,4.390200138092041,4.390200138092041,9,0.0,0.0
2026-10-06 06:42:00-04:00,4.392099857330322,4.392099857330322,4.392099857330322,4.392099857330322,4.392099857330322,1,0.0,0.0
2026-10-06 06:43:00-04:00,4.389999866485596,4.390900135040283,4.389999866485596,4.390900135040283,4.390900135040283,15,0.0,0.0
2026-10-06 06:44:00-04:00,4.38700008392334,4.3871002197265625,4.3796000480651855,4.380799770355225,4.380799770355225,14,0.0,0.0
2026-10-06 06:45:00-04:00,4.380899906158447,4.384099960327148,4.380899906158447,4.383999824523926,4.383999824523926,7,0.0,0.0
2026-10-06 06:46:00-04:00,4.384900093078613,4.388199806213379,4.384900093078613,4.3871002197265625,4.3871002197265625,15,0.0,0.0
2026-10-06 06:48:00-04:00,4.38700008392334,4.3907999992370605,4.38539981842041,4.3907999992370605,4.3907999992370605,70,0.0,0.0
2026-10-06 06:49:00-04:00,4.386099815368652,4.386099815368652,4.384799957275391,4.38539981842041,4.38539981842041,9,0.0,0.0
2026-10-06 06:50:00-04:00,4.387700080871582,4.392499923706055,4.387700080871582,4.392499923706055,4.392499923706055,2,0.0,0.0
2026-10-06 06:51:00-04:00,4.389400005340576,4.389400005340576,4.383299827575684,4.386000156402588,4.386000156402588,13,0.0,0.0
2026-10-06 06:52:00-04:00,4.385799884796143,4.385799884796143,4.385799884796143,4.385799884796143,4.385799884796143,1,0.0,0.0
2026-10-06 06:53:00-04:00,4.388899803161621,4.388899803161621,4.387400150299072,4.387400150299072,4.387400150299072,5,0.0,0.0
2026-10-06 06:54:00-04:00,4.388599872589111,4.388700008392334,4.3846001625061035,4.388599872589111,4.388599872589111,24,0.0,0.0
2026-10-06 06:55:00-04:00,4.387199878692627,4.388299942016602,4.387199878692627,4.388299942016602,4.388299942016602,2,0.0,0.0
2026-10-06 06:56:00-04:00,4.385900020599365,4.391900062561035,4.384900093078613,4.391900062561035,4.391900062561035,23,0.0,0.0
2026-10-06 06:57:00-04:00,4.392199993133545,4.396500110626221,4.392199993133545,4.395599842071533,4.395599842071533,29,0.0,0.0
2026-10-06 06:58:00-04:00,4.399600028991699,4.399600028991699,4.396999835968018,4.397799968719482,4.397799968719482,44,0.0,0.0
2026-10-06 06:59:00-04:00,4.396100044250488,4.397299766540527,4.396100044250488,4.397299766540527,4.397299766540527,7,0.0,0.0
2026-10-06 07:00:00-04:00,4.396100044250488,4.4019999504089355,4.395500183105469,4.401400089263916,4.401400089263916,42,0.0,0.0
2026-10-06 07:01:00-04:00,4.399400234222412,4.399400234222412,4.396900177001953,4.398499965667725,4.398499965667725,24,0.0,0.0
2026-10-06 07:02:00-04:00,4.398200035095215,4.399400234222412,4.393499851226807,4.395400047302246,4.395400047302246,67,0.0,0.0
2026-10-06 07:03:00-04:00,4.393599987030029,4.39709997177124,4.393599987030029,4.39709997177124,4.39709997177124,27,0.0,0.0
2026-10-06 07:04:00-04:00,4.396100044250488,4.400000095367432,4.396100044250488,4.397799968719482,4.397799968719482,35,0.0,0.0
2026-10-06 07:05:00-04:00,4.396200180053711,4.399199962615967,4.395899772644043,4.3983001708984375,4.3983001708984375,22,0.0,0.0
2026-10-06 07:06:00-04:00,4.397299766540527,4.405900001525879,4.397299766540527,4.40339994430542,4.40339994430542,63,0.0,0.0
2026-10-06 07:07:00-04:00,4.404099941253662,4.406300067901611,4.403800010681152,4.406300067901611,4.406300067901611,21,0.0,0.0
2026-10-06 07:08:00-04:00,4.405600070953369,4.405600070953369,4.402299880981445,4.404900074005127,4.404900074005127,17,0.0,0.0
2026-10-06 07:09:00-04:00,4.401899814605713,4.406199932098389,4.401899814605713,4.406199932098389,4.406199932098389,5,0.0,0.0
2026-10-06 07:10:00-04:00,4.404099941253662,4.40500020980835,4.404099941253662,4.40500020980835,4.40500020980835,4,0.0,0.0
2026-10-06 07:11:00-04:00,4.406000137329102,4.406000137329102,4.404099941253662,4.405200004577637,4.405200004577637,7,0.0,0.0
2026-10-06 07:12:00-04:00,4.402200222015381,4.402200222015381,4.400400161743164,4.400599956512451,4.400599956512451,12,0.0,0.0
2026-10-06 07:13:00-04:00,4.402100086212158,4.406000137329102,4.399899959564209,4.404900074005127,4.404900074005127,79,0.0,0.0
2026-10-06 07:14:00-04:00,4.406199932098389,4.406499862670898,4.403500080108643,4.403500080108643,4.403500080108643,8,0.0,0.0
2026-10-06 07:15:00-04:00,4.399099826812744,4.401299953460693,4.398900032043457,4.401299953460693,4.401299953460693,18,0.0,0.0
2026-10-06 07:16:00-04:00,4.4028000831604,4.4028000831604,4.398600101470947,4.398600101470947,4.398600101470947,7,0.0,0.0
2026-10-06 07:17:00-04:00,4.400300025939941,4.400300025939941,4.399099826812744,4.400000095367432,4.400000095367432,15,0.0,0.0
2026-10-06 07:18:00-04:00,4.400700092315674,4.401400089263916,4.399499893188477,4.399499893188477,4.399499893188477,28,0.0,0.0
2026-10-06 07:19:00-04:00,4.399499893188477,4.404799938201904,4.3979997634887695,4.402699947357178,4.402699947357178,11,0.0,0.0
2026-10-06 07:20:00-04:00,4.403299808502197,4.403299808502197,4.403299808502197,4.403299808502197,4.403299808502197,2,0.0,0.0
2026-10-06 07:21:00-04:00,4.4039998054504395,4.406499862670898,4.4039998054504395,4.405600070953369,4.405600070953369,10,0.0,0.0
2026-10-06 07:22:00-04:00,4.405099868774414,4.405300140380859,4.404200077056885,4.404200077056885,4.404200077056885,12,0.0,0.0
2026-10-06 07:23:00-04:00,4.4008002281188965,4.403800010681152,4.399899959564209,4.40339994430542,4.40339994430542,32,0.0,0.0
2026-10-06 07:24:00-04:00,4.40369987487793,4.410099983215332,4.40369987487793,4.4039998054504395,4.4039998054504395,35,0.0,0.0
2026-10-06 07:25:00-04:00,4.4045000076293945,4.406199932098389,4.402100086212158,4.402100086212158,4.402100086212158,48,0.0,0.0
2026-10-06 07:26:00-04:00,4.4019999504089355,4.405399799346924,4.401800155639648,4.405399799346924,4.405399799346924,17,0.0,0.0
2026-10-06 07:27:00-04:00,4.404900074005127,4.40500020980835,4.402500152587891,4.404699802398682,4.404699802398682,54,0.0,0.0
2026-10-06 07:28:00-04:00,4.402500152587891,4.402500152587891,4.400000095367432,4.400000095367432,4.400000095367432,6,0.0,0.0
2026-10-06 07:29:00-04:00,4.399199962615967,4.4008002281188965,4.399199962615967,4.4008002281188965,4.4008002281188965,8,0.0,0.0
2026-10-06 07:30:00-04:00,4.400000095367432,4.400000095367432,4.397500038146973,4.397600173950195,4.397600173950195,32,0.0,0.0
2026-10-06 07:31:00-04:00,4.398600101470947,4.400100231170654,4.397500038146973,4.397500038146973,4.397500038146973,21,0.0,0.0
2026-10-06 07:32:00-04:00,4.397299766540527,4.397299766540527,4.3942999839782715,4.3942999839782715,4.3942999839782715,3,0.0,0.0
2026-10-06 07:33:00-04:00,4.3942999839782715,4.397600173950195,4.3942999839782715,4.395899772644043,4.395899772644043,11,0.0,0.0
2026-10-06 07:34:00-04:00,4.395100116729736,4.395500183105469,4.395100116729736,4.395100116729736,4.395100116729736,22,0.0,0.0
2026-10-06 07:36:00-04:00,4.399799823760986,4.4008002281188965,4.399799823760986,4.4008002281188965,4.4008002281188965,12,0.0,0.0
2026-10-06 07:38:00-04:00,4.403200149536133,4.403200149536133,4.396200180053711,4.396200180053711,4.396200180053711,35,0.0,0.0
2026-10-06 07:39:00-04:00,4.393099784851074,4.393599987030029,4.3846001625061035,4.384699821472168,4.384699821472168,60,0.0,0.0
2026-10-06 07:40:00-04:00,4.385900020599365,4.38640022277832,4.382400035858154,4.382400035858154,4.382400035858154,6,0.0,0.0
2026-10-06 07:41:00-04:00,4.383800029754639,4.38539981842041,4.383800029754639,4.38539981842041,4.38539981842041,28,0.0,0.0
2026-10-06 07:42:00-04:00,4.383399963378906,4.384200096130371,4.382400035858154,4.382400035858154,4.382400035858154,16,0.0,0.0
2026-10-06 07:43:00-04:00,4.384699821472168,4.387700080871582,4.384699821472168,4.387700080871582,4.387700080871582,7,0.0,0.0
2026-10-06 07:44:00-04:00,4.388999938964844,4.388999938964844,4.388999938964844,4.388999938964844,4.388999938964844,8,0.0,0.0
2026-10-06 07:45:00-04:00,4.390200138092041,4.390999794006348,4.389500141143799,4.390999794006348,4.390999794006348,9,0.0,0.0
2026-10-06 07:46:00-04:00,4.389999866485596,4.389999866485596,4.389999866485596,4.389999866485596,4.389999866485596,6,0.0,0.0
2026-10-06 07:47:00-04:00,4.392099857330322,4.396200180053711,4.390900135040283,4.390900135040283,4.390900135040283,15,0.0,0.0
2026-10-06 07:48:00-04:00,4.392000198364258,4.395199775695801,4.390900135040283,4.394700050354004,4.394700050354004,74,0.0,0.0
2026-10-06 07:49:00-04:00,4.394899845123291,4.396699905395508,4.394400119781494,4.396699905395508,4.396699905395508,23,0.0,0.0
2026-10-06 07:50:00-04:00,4.396599769592285,4.400300025939941,4.396599769592285,4.399600028991699,4.399600028991699,38,0.0,0.0
2026-10-06 07:51:00-04:00,4.4008002281188965,4.4008002281188965,4.397900104522705,4.3983001708984375,4.3983001708984375,10,0.0,0.0
2026-10-06 07:52:00-04:00,4.396200180053711,4.396599769592285,4.3958001136779785,4.396599769592285,4.396599769592285,23,0.0,0.0
2026-10-06 07:53:00-04:00,4.397299766540527,4.39739990234375,4.395599842071533,4.396999835968018,4.396999835968018,55,0.0,0.0
2026-10-06 07:54:00-04:00,4.401500225067139,4.4029998779296875,4.401500225067139,4.402400016784668,4.402400016784668,10,0.0,0.0
2026-10-06 07:55:00-04:00,4.402400016784668,4.402400016784668,4.400300025939941,4.400899887084961,4.400899887084961,33,0.0,0.0
2026-10-06 07:56:00-04:00,4.394999980926514,4.394999980926514,4.394999980926514,4.394999980926514,4.394999980926514,6,0.0,0.0
2026-10-06 07:57:00-04:00,4.392899990081787,4.395999908447266,4.392499923706055,4.395999908447266,4.395999908447266,58,0.0,0.0
2026-10-06 07:58:00-04:00,4.392499923706055,4.3927998542785645,4.3815999031066895,4.382999897003174,4.382999897003174,24,0.0,0.0
2026-10-06 07:59:00-04:00,4.382800102233887,4.3867998123168945,4.3815999031066895,4.3867998123168945,4.3867998123168945,16,0.0,0.0
2026-10-06 08:00:00-04:00,4.3831000328063965,4.3927001953125,4.3831000328063965,4.392499923706055,4.392499923706055,48,0.0,0.0
2026-10-06 08:01:00-04:00,4.3927001953125,4.395599842071533,4.390999794006348,4.393899917602539,4.393899917602539,74,0.0,0.0
2026-10-06 08:02:00-04:00,4.394199848175049,4.396599769592285,4.394100189208984,4.395699977874756,4.395699977874756,87,0.0,0.0
2026-10-06 08:03:00-04:00,4.395199775695801,4.395599842071533,4.3933000564575195,4.395100116729736,4.395100116729736,64,0.0,0.0
2026-10-06 08:04:00-04:00,4.3958001136779785,4.396999835968018,4.393199920654297,4.393899917602539,4.393899917602539,51,0.0,0.0
2026-10-06 08:05:00-04:00,4.394599914550781,4.397600173950195,4.393899917602539,4.394899845123291,4.394899845123291,9,0.0,0.0
2026-10-06 08:06:00-04:00,4.393799781799316,4.394400119781494,4.390999794006348,4.39169979095459,4.39169979095459,58,0.0,0.0
2026-10-06 08:07:00-04:00,4.390999794006348,4.39169979095459,4.388500213623047,4.390600204467773,4.390600204467773,78,0.0,0.0
2026-10-06 08:08:00-04:00,4.393400192260742,4.394899845123291,4.390999794006348,4.394499778747559,4.394499778747559,12,0.0,0.0
2026-10-06 08:09:00-04:00,4.393599987030029,4.397799968719482,4.393599987030029,4.397500038146973,4.397500038146973,59,0.0,0.0
2026-10-06 08:10:00-04:00,4.396299839019775,4.401599884033203,4.394999980926514,4.399600028991699,4.399600028991699,52,0.0,0.0
2026-10-06 08:11:00-04:00,4.399400234222412,4.399400234222412,4.397299766540527,4.397299766540527,4.397299766540527,8,0.0,0.0
2026-10-06 08:12:00-04:00,4.397799968719482,4.399099826812744,4.394199848175049,4.394400119781494,4.394400119781494,64,0.0,0.0
2026-10-06 08:13:00-04:00,4.396399974822998,4.40310001373291,4.396299839019775,4.4028000831604,4.4028000831604,22,0.0,0.0
2026-10-06 08:14:00-04:00,4.402400016784668,4.4085001945495605,4.402400016784668,4.4085001945495605,4.4085001945495605,45,0.0,0.0
2026-10-06 08:15:00-04:00,4.40910005569458,4.41379976272583,4.407199859619141,4.41379976272583,4.41379976272583,28,0.0,0.0
2026-10-06 08:16:00-04:00,4.412899971008301,4.41349983215332,4.408100128173828,4.4095001220703125,4.4095001220703125,30,0.0,0.0
2026-10-06 08:17:00-04:00,4.407899856567383,4.412399768829346,4.40749979019165,4.412099838256836,4.412099838256836,41,0.0,0.0
2026-10-06 08:18:00-04:00,4.412499904632568,4.417300224304199,4.412499904632568,4.4141998291015625,4.4141998291015625,28,0.0,0.0
2026-10-06 08:19:00-04:00,4.413400173187256,4.413400173187256,4.40369987487793,4.4045000076293945,4.4045000076293945,54,0.0,0.0
2026-10-06 08:20:00-04:00,4.405700206756592,4.406300067901611,4.403900146484375,4.40500020980835,4.40500020980835,14,0.0,0.0
2026-10-06 08:21:00-04:00,4.403299808502197,4.403299808502197,4.398900032043457,4.399700164794922,4.399700164794922,120,0.0,0.0
2026-10-06 08:22:00-04:00,4.398900032043457,4.401299953460693,4.396200180053711,4.396900177001953,4.396900177001953,109,0.0,0.0
2026-10-06 08:23:00-04:00,4.397799968719482,4.397799968719482,4.394000053405762,4.3958001136779785,4.3958001136779785,77,0.0,0.0
2026-10-06 08:24:00-04:00,4.395299911499023,4.39709997177124,4.393899917602539,4.396900177001953,4.396900177001953,94,0.0,0.0
2026-10-06 08:25:00-04:00,4.398399829864502,4.4004998207092285,4.390900135040283,4.390900135040283,4.390900135040283,74,0.0,0.0
2026-10-06 08:26:00-04:00,4.3902997970581055,4.412399768829346,4.3902997970581055,4.403299808502197,4.403299808502197,165,0.0,0.0
2026-10-06 08:27:00-04:00,4.405399799346924,4.405399799346924,4.398799896240234,4.401500225067139,4.401500225067139,63,0.0,0.0
2026-10-06 08:28:00-04:00,4.401899814605713,4.406000137329102,4.401899814605713,4.402599811553955,4.402599811553955,46,0.0,0.0
2026-10-06 08:29:00-04:00,4.402900218963623,4.40369987487793,4.399600028991699,4.400899887084961,4.400899887084961,36,0.0,0.0
2026-10-06 08:30:00-04:00,4.401700019836426,4.401700019836426,4.398200035095215,4.398200035095215,4.398200035095215,44,0.0,0.0
2026-10-06 08:31:00-04:00,4.397900104522705,4.406099796295166,4.397900104522705,4.406099796295166,4.406099796295166,43,0.0,0.0
2026-10-06 08:32:00-04:00,4.406000137329102,4.412399768829346,4.406000137329102,4.40939998626709,4.40939998626709,26,0.0,0.0
2026-10-06 08:33:00-04:00,4.410999774932861,4.412899971008301,4.410200119018555,4.412600040435791,4.412600040435791,24,0.0,0.0
2026-10-06 08:34:00-04:00,4.41349983215332,4.416399955749512,4.4120001792907715,4.415599822998047,4.415599822998047,73,0.0,0.0
2026-10-06 08:35:00-04:00,4.414700031280518,4.416999816894531,4.411499977111816,4.412300109863281,4.412300109863281,60,0.0,0.0
2026-10-06 08:36:00-04:00,4.406300067901611,4.408599853515625,4.403900146484375,4.406599998474121,4.406599998474121,71,0.0,0.0
2026-10-06 08:37:00-04:00,4.407400131225586,4.413000106811523,4.407400131225586,4.413000106811523,4.413000106811523,69,0.0,0.0
2026-10-06 08:38:00-04:00,4.413000106811523,4.413899898529053,4.409999847412109,4.410099983215332,4.410099983215332,32,0.0,0.0
2026-10-06 08:39:00-04:00,4.411799907684326,4.414000034332275,4.411799907684326,4.414000034332275,4.414000034332275,73,0.0,0.0
2026-10-06 08:40:00-04:00,4.414100170135498,4.414700031280518,4.409999847412109,4.411399841308594,4.411399841308594,29,0.0,0.0
2026-10-06 08:41:00-04:00,4.411200046539307,4.412899971008301,4.410900115966797,4.410900115966797,4.410900115966797,15,0.0,0.0
2026-10-06 08:42:00-04:00,4.41349983215332,4.414400100708008,4.410099983215332,4.410699844360352,4.410699844360352,22,0.0,0.0
2026-10-06 08:43:00-04:00,4.4116997718811035,4.414700031280518,4.411099910736084,4.414100170135498,4.414100170135498,14,0.0,0.0
2026-10-06 08:44:00-04:00,4.4145002365112305,4.418399810791016,4.412300109863281,4.413099765777588,4.413099765777588,30,0.0,0.0
2026-10-06 08:45:00-04:00,4.416999816894531,4.418099880218506,4.413300037384033,4.414400100708008,4.414400100708008,27,0.0,0.0
2026-10-06 08:46:00-04:00,4.4141998291015625,4.415200233459473,4.413300037384033,4.414999961853027,4.414999961853027,21,0.0,0.0
2026-10-06 08:47:00-04:00,4.415200233459473,4.418300151824951,4.414599895477295,4.418300151824951,4.418300151824951,48,0.0,0.0
2026-10-06 08:48:00-04:00,4.417500019073486,4.423600196838379,4.417500019073486,4.4207000732421875,4.4207000732421875,32,0.0,0.0
2026-10-06 08:49:00-04:00,4.419099807739258,4.428800106048584,4.415900230407715,4.417399883270264,4.417399883270264,73,0.0,0.0
2026-10-06 08:50:00-04:00,4.41480016708374,4.415999889373779,4.397299766540527,4.406000137329102,4.406000137329102,104,0.0,0.0
2026-10-06 08:51:00-04:00,4.40880012512207,4.410999774932861,4.39139986038208,4.39139986038208,4.39139986038208,119,0.0,0.0
2026-10-06 08:52:00-04:00,4.387199878692627,4.3983001708984375,4.386000156402588,4.3983001708984375,4.3983001708984375,51,0.0,0.0
2026-10-06 08:53:00-04:00,4.400100231170654,4.401800155639648,4.399199962615967,4.400300025939941,4.400300025939941,22,0.0,0.0
2026-10-06 08:54:00-04:00,4.40500020980835,4.405399799346924,4.400700092315674,4.405200004577637,4.405200004577637,30,0.0,0.0
2026-10-06 08:55:00-04:00,4.4085001945495605,4.410900115966797,4.4070000648498535,4.4070000648498535,4.4070000648498535,30,0.0,0.0
2026-10-06 08:56:00-04:00,4.405600070953369,4.406899929046631,4.4019999504089355,4.4045000076293945,4.4045000076293945,26,0.0,0.0
2026-10-06 08:57:00-04:00,4.405700206756592,4.406199932098389,4.39870023727417,4.39870023727417,4.39870023727417,19,0.0,0.0
2026-10-06 08:58:00-04:00,4.39739990234375,4.39900016784668,4.394100189208984,4.39900016784668,4.39900016784668,85,0.0,0.0
2026-10-06 08:59:00-04:00,4.398499965667725,4.403500080108643,4.397900104522705,4.403500080108643,4.403500080108643,20,0.0,0.0
2026-10-06 09:00:00-04:00,4.404900074005127,4.413599967956543,4.400899887084961,4.406499862670898,4.406499862670898,104,0.0,0.0
2026-10-06 09:01:00-04:00,4.404799938201904,4.40880012512207,4.404600143432617,4.407899856567383,4.407899856567383,41,0.0,0.0
2026-10-06 09:02:00-04:00,4.408100128173828,4.414599895477295,4.405300140380859,4.414599895477295,4.414599895477295,60,0.0,0.0
2026-10-06 09:03:00-04:00,4.414000034332275,4.4156999588012695,4.412600040435791,4.4156999588012695,4.4156999588012695,110,0.0,0.0
2026-10-06 09:04:00-04:00,4.414599895477295,4.418099880218506,4.412899971008301,4.417699813842773,4.417699813842773,50,0.0,0.0
2026-10-06 09:05:00-04:00,4.418099880218506,4.418099880218506,4.4141998291015625,4.417900085449219,4.417900085449219,49,0.0,0.0
2026-10-06 09:06:00-04:00,4.417300224304199,4.417399883270264,4.412499904632568,4.412799835205078,4.412799835205078,104,0.0,0.0
2026-10-06 09:07:00-04:00,4.413000106811523,4.421199798583984,4.412300109863281,4.421199798583984,4.421199798583984,119,0.0,0.0
2026-10-06 09:08:00-04:00,4.421299934387207,4.425300121307373,4.419600009918213,4.420000076293945,4.420000076293945,72,0.0,0.0
2026-10-06 09:09:00-04:00,4.421500205993652,4.421500205993652,4.411900043487549,4.411900043487549,4.411900043487549,57,0.0,0.0
2026-10-06 09:10:00-04:00,4.410799980163574,4.418600082397461,4.40910005569458,4.417799949645996,4.417799949645996,117,0.0,0.0
2026-10-06 09:11:00-04:00,4.415900230407715,4.426199913024902,4.414999961853027,4.426199913024902,4.426199913024902,51,0.0,0.0
2026-10-06 09:12:00-04:00,4.4253997802734375,4.43209981918335,4.423299789428711,4.43209981918335,4.43209981918335,68,0.0,0.0
2026-10-06 09:13:00-04:00,4.429500102996826,4.432000160217285,4.428400039672852,4.432000160217285,4.432000160217285,36,0.0,0.0
2026-10-06 09:14:00-04:00,4.429200172424316,4.4319000244140625,4.4253997802734375,4.429900169372559,4.429900169372559,351,0.0,0.0
2026-10-06 09:15:00-04:00,4.431399822235107,4.432499885559082,4.428199768066406,4.428199768066406,4.428199768066406,51,0.0,0.0
2026-10-06 09:16:00-04:00,4.430500030517578,4.434800148010254,4.4293999671936035,4.432799816131592,4.432799816131592,56,0.0,0.0
2026-10-06 09:17:00-04:00,4.432700157165527,4.434500217437744,4.431700229644775,4.434500217437744,4.434500217437744,47,0.0,0.0
2026-10-06 09:18:00-04:00,4.436399936676025,4.443399906158447,4.436399936676025,4.440800189971924,4.440800189971924,63,0.0,0.0
2026-10-06 09:19:00-04:00,4.441800117492676,4.441800117492676,4.436800003051758,4.439000129699707,4.439000129699707,61,0.0,0.0
2026-10-06 09:20:00-04:00,4.438300132751465,4.439599990844727,4.429900169372559,4.4319000244140625,4.4319000244140625,110,0.0,0.0
2026-10-06 09:21:00-04:00,4.430500030517578,4.434800148010254,4.430500030517578,4.432799816131592,4.432799816131592,60,0.0,0.0
2026-10-06 09:22:00-04:00,4.433000087738037,4.433000087738037,4.427700042724609,4.428999900817871,4.428999900817871,28,0.0,0.0
2026-10-06 09:23:00-04:00,4.428599834442139,4.4293999671936035,4.42710018157959,4.42710018157959,4.42710018157959,26,0.0,0.0
2026-10-06 09:24:00-04:00,4.427599906921387,4.43310022354126,4.426599979400635,4.43310022354126,4.43310022354126,65,0.0,0.0
2026-10-06 09:25:00-04:00,4.431399822235107,4.433599948883057,4.430600166320801,4.4319000244140625,4.4319000244140625,44,0.0,0.0
2026-10-06 09:26:00-04:00,4.43179988861084,4.437699794769287,4.43179988861084,4.4369001388549805,4.4369001388549805,71,0.0,0.0
2026-10-06 09:27:00-04:00,4.436399936676025,4.438899993896484,4.434700012207031,4.438799858093262,4.438799858093262,63,0.0,0.0
2026-10-06 09:28:00-04:00,4.439300060272217,4.439499855041504,4.43310022354126,4.43310022354126,4.43310022354126,62,0.0,0.0
2026-10-06 09:29:00-04:00,4.433599948883057,4.437300205230713,4.427999973297119,4.437300205230713,4.437300205230713,23,0.0,0.0
2026-10-06 09:30:00-04:00,4.436800003051758,4.4369001388549805,4.433300018310547,4.434199810028076,4.434199810028076,65,0.0,0.0
2026-10-06 09:31:00-04:00,4.433800220489502,4.434199810028076,4.428800106048584,4.428800106048584,4.428800106048584,48,0.0,0.0
2026-10-06 09:32:00-04:00,4.428599834442139,4.435299873352051,4.428599834442139,4.434999942779541,4.434999942779541,41,0.0,0.0
2026-10-06 09:33:00-04:00,4.432199954986572,4.433499813079834,4.431700229644775,4.431700229644775,4.431700229644775,25,0.0,0.0
2026-10-06 09:34:00-04:00,4.4303998947143555,4.434100151062012,4.428899765014648,4.433300018310547,4.433300018310547,34,0.0,0.0
2026-10-06 09:35:00-04:00,4.432499885559082,4.433700084686279,4.428800106048584,4.43120002746582,4.43120002746582,59,0.0,0.0
2026-10-06 09:36:00-04:00,4.430799961090088,4.434999942779541,4.430799961090088,4.434999942779541,4.434999942779541,29,0.0,0.0
2026-10-06 09:37:00-04:00,4.435500144958496,4.4369001388549805,4.432700157165527,4.433800220489502,4.433800220489502,107,0.0,0.0
2026-10-06 09:38:00-04:00,4.4344000816345215,4.434500217437744,4.431000232696533,4.434299945831299,4.434299945831299,49,0.0,0.0
2026-10-06 09:39:00-04:00,4.431099891662598,4.433899879455566,4.4309000968933105,4.43179988861084,4.43179988861084,37,0.0,0.0
2026-10-06 09:40:00-04:00,4.43149995803833,4.433899879455566,4.43149995803833,4.4334001541137695,4.4334001541137695,25,0.0,0.0
2026-10-06 09:41:00-04:00,4.434000015258789,4.434299945831299,4.429699897766113,4.431099891662598,4.431099891662598,31,0.0,0.0
2026-10-06 09:42:00-04:00,4.43149995803833,4.433899879455566,4.430600166320801,4.43179988861084,4.43179988861084,49,0.0,0.0
2026-10-06 09:43:00-04:00,4.431300163269043,4.433800220489502,4.429299831390381,4.4309000968933105,4.4309000968933105,37,0.0,0.0
2026-10-06 09:44:00-04:00,4.429900169372559,4.431600093841553,4.428999900817871,4.430799961090088,4.430799961090088,34,0.0,0.0
2026-10-06 09:45:00-04:00,4.429299831390381,4.435299873352051,4.428599834442139,4.432000160217285,4.432000160217285,278,0.0,0.0
2026-10-06 09:46:00-04:00,4.43179988861084,4.432199954986572,4.430300235748291,4.430500030517578,4.430500030517578,23,0.0,0.0
2026-10-06 09:47:00-04:00,4.43149995803833,4.431600093841553,4.427499771118164,4.430300235748291,4.430300235748291,289,0.0,0.0
2026-10-06 09:48:00-04:00,4.429800033569336,4.431399822235107,4.429599761962891,4.429900169372559,4.429900169372559,23,0.0,0.0
2026-10-06 09:49:00-04:00,4.432199954986572,4.432199954986572,4.428400039672852,4.4303998947143555,4.4303998947143555,47,0.0,0.0
2026-10-06 09:50:00-04:00,4.430200099945068,4.430500030517578,4.428899765014648,4.430500030517578,4.430500030517578,37,0.0,0.0
2026-10-06 09:51:00-04:00,4.431600093841553,4.434299945831299,4.43149995803833,4.433899879455566,4.433899879455566,36,0.0,0.0
2026-10-06 09:52:00-04:00,4.433499813079834,4.437099933624268,4.433499813079834,4.436600208282471,4.436600208282471,210,0.0,0.0
2026-10-06 09:53:00-04:00,4.438499927520752,4.439700126647949,4.430600166320801,4.433000087738037,4.433000087738037,285,0.0,0.0
2026-10-06 09:54:00-04:00,4.437099933624268,4.441999912261963,4.437099933624268,4.4405999183654785,4.4405999183654785,51,0.0,0.0
2026-10-06 09:55:00-04:00,4.440100193023682,4.440899848937988,4.433199882507324,4.4344000816345215,4.4344000816345215,34,0.0,0.0
2026-10-06 09:56:00-04:00,4.433599948883057,4.434299945831299,4.43179988861084,4.432700157165527,4.432700157165527,79,0.0,0.0
2026-10-06 09:57:00-04:00,4.431300163269043,4.432199954986572,4.425600051879883,4.425899982452393,4.425899982452393,163,0.0,0.0
2026-10-06 09:58:00-04:00,4.425600051879883,4.42609977722168,4.417799949645996,4.421000003814697,4.421000003814697,134,0.0,0.0
2026-10-06 09:59:00-04:00,4.4197001457214355,4.426599979400635,4.4197001457214355,4.426599979400635,4.426599979400635,54,0.0,0.0
2026-10-06 10:00:00-04:00,4.425099849700928,4.4293999671936035,4.425099849700928,4.428899765014648,4.428899765014648,61,0.0,0.0
2026-10-06 10:01:00-04:00,4.427800178527832,4.433599948883057,4.427800178527832,4.4303998947143555,4.4303998947143555,240,0.0,0.0
2026-10-06 10:02:00-04:00,4.426700115203857,4.428899765014648,4.422699928283691,4.422999858856201,4.422999858856201,403,0.0,0.0
2026-10-06 10:03:00-04:00,4.424300193786621,4.428299903869629,4.424300193786621,4.427000045776367,4.427000045776367,621,0.0,0.0
2026-10-06 10:04:00-04:00,4.426599979400635,4.427000045776367,4.414599895477295,4.4191999435424805,4.4191999435424805,128,0.0,0.0
2026-10-06 10:05:00-04:00,4.419099807739258,4.4207000732421875,4.411300182342529,4.412799835205078,4.412799835205078,165,0.0,0.0
2026-10-06 10:06:00-04:00,4.413700103759766,4.414999961853027,4.408899784088135,4.414999961853027,4.414999961853027,157,0.0,0.0
2026-10-06 10:07:00-04:00,4.41540002822876,4.423500061035156,4.415200233459473,4.423500061035156,4.423500061035156,204,0.0,0.0
2026-10-06 10:08:00-04:00,4.424099922180176,4.424799919128418,4.421000003814697,4.4222002029418945,4.4222002029418945,115,0.0,0.0
2026-10-06 10:09:00-04:00,4.422299861907959,4.422299861907959,4.415999889373779,4.4191999435424805,4.4191999435424805,36,0.0,0.0
2026-10-06 10:10:00-04:00,4.418900012969971,4.4232001304626465,4.417099952697754,4.421800136566162,4.421800136566162,54,0.0,0.0
2026-10-06 10:11:00-04:00,4.4222002029418945,4.426300048828125,4.4222002029418945,4.426300048828125,4.426300048828125,19,0.0,0.0
2026-10-06 10:12:00-04:00,4.42609977722168,4.427000045776367,4.423999786376953,4.426400184631348,4.426400184631348,122,0.0,0.0
2026-10-06 10:13:00-04:00,4.426400184631348,4.428999900817871,4.424600124359131,4.427499771118164,4.427499771118164,157,0.0,0.0
2026-10-06 10:14:00-04:00,4.4274001121521,4.427800178527832,4.42140007019043,4.42140007019043,4.42140007019043,18,0.0,0.0
2026-10-06 10:15:00-04:00,4.420400142669678,4.424600124359131,4.420300006866455,4.424600124359131,4.424600124359131,59,0.0,0.0
2026-10-06 10:16:00-04:00,4.424099922180176,4.427299976348877,4.422599792480469,4.427299976348877,4.427299976348877,95,0.0,0.0
2026-10-06 10:17:00-04:00,4.427199840545654,4.427199840545654,4.423999786376953,4.427000045776367,4.427000045776367,11,0.0,0.0
2026-10-06 10:18:00-04:00,4.428299903869629,4.4293999671936035,4.427999973297119,4.428999900817871,4.428999900817871,40,0.0,0.0
2026-10-06 10:19:00-04:00,4.427800178527832,4.429999828338623,4.427299976348877,4.4293999671936035,4.4293999671936035,42,0.0,0.0
2026-10-06 10:20:00-04:00,4.429699897766113,4.432499885559082,4.424799919128418,4.426499843597412,4.426499843597412,47,0.0,0.0
2026-10-06 10:21:00-04:00,4.42519998550415,4.426400184631348,4.423900127410889,4.426400184631348,4.426400184631348,15,0.0,0.0
2026-10-06 10:22:00-04:00,4.42609977722168,4.426300048828125,4.417200088500977,4.417500019073486,4.417500019073486,121,0.0,0.0
2026-10-06 10:23:00-04:00,4.417300224304199,4.4207000732421875,4.416500091552734,4.4191999435424805,4.4191999435424805,42,0.0,0.0
2026-10-06 10:24:00-04:00,4.418700218200684,4.422500133514404,4.418499946594238,4.421199798583984,4.421199798583984,77,0.0,0.0
2026-10-06 10:25:00-04:00,4.420400142669678,4.425000190734863,4.419400215148926,4.421299934387207,4.421299934387207,97,0.0,0.0
2026-10-06 10:26:00-04:00,4.420400142669678,4.422599792480469,4.4182000160217285,4.422599792480469,4.422599792480469,58,0.0,0.0
2026-10-06 10:27:00-04:00,4.421899795532227,4.428800106048584,4.42110013961792,4.428800106048584,4.428800106048584,63,0.0,0.0
2026-10-06 10:28:00-04:00,4.426499843597412,4.426700115203857,4.42549991607666,4.425899982452393,4.425899982452393,19,0.0,0.0
2026-10-06 10:29:00-04:00,4.426499843597412,4.42710018157959,4.422900199890137,4.423999786376953,4.423999786376953,40,0.0,0.0
2026-10-06 10:30:00-04:00,4.424499988555908,4.428400039672852,4.423500061035156,4.428199768066406,4.428199768066406,36,0.0,0.0
2026-10-06 10:31:00-04:00,4.428400039672852,4.430300235748291,4.428299903869629,4.430300235748291,4.430300235748291,39,0.0,0.0
2026-10-06 10:32:00-04:00,4.429900169372559,4.430600166320801,4.428500175476074,4.4293999671936035,4.4293999671936035,52,0.0,0.0
2026-10-06 10:33:00-04:00,4.430099964141846,4.431099891662598,4.4232001304626465,4.424099922180176,4.424099922180176,146,0.0,0.0
2026-10-06 10:34:00-04:00,4.4257001876831055,4.426199913024902,4.423099994659424,4.423999786376953,4.423999786376953,47,0.0,0.0
2026-10-06 10:35:00-04:00,4.422900199890137,4.429900169372559,4.422100067138672,4.428999900817871,4.428999900817871,84,0.0,0.0
2026-10-06 10:36:00-04:00,4.429500102996826,4.432499885559082,4.428400039672852,4.429500102996826,4.429500102996826,36,0.0,0.0
2026-10-06 10:37:00-04:00,4.430200099945068,4.431099891662598,4.428699970245361,4.431099891662598,4.431099891662598,257,0.0,0.0
2026-10-06 10:38:00-04:00,4.432499885559082,4.442200183868408,4.431700229644775,4.441100120544434,4.441100120544434,197,0.0,0.0
2026-10-06 10:39:00-04:00,4.440999984741211,4.440999984741211,4.436999797821045,4.43779993057251,4.43779993057251,32,0.0,0.0
2026-10-06 10:40:00-04:00,4.436800003051758,4.438499927520752,4.435699939727783,4.436299800872803,4.436299800872803,83,0.0,0.0
2026-10-06 10:41:00-04:00,4.434500217437744,4.435500144958496,4.433700084686279,4.434999942779541,4.434999942779541,82,0.0,0.0
2026-10-06 10:42:00-04:00,4.433800220489502,4.435200214385986,4.43179988861084,4.432000160217285,4.432000160217285,44,0.0,0.0
2026-10-06 10:43:00-04:00,4.4328999519348145,4.433599948883057,4.423699855804443,4.425600051879883,4.425600051879883,39,0.0,0.0
2026-10-06 10:44:00-04:00,4.427599906921387,4.428400039672852,4.423500061035156,4.4243998527526855,4.4243998527526855,18,0.0,0.0
2026-10-06 10:45:00-04:00,4.426799774169922,4.43120002746582,4.426799774169922,4.428699970245361,4.428699970245361,30,0.0,0.0
2026-10-06 10:46:00-04:00,4.4309000968933105,4.432799816131592,4.430200099945068,4.432799816131592,4.432799816131592,25,0.0,0.0
2026-10-06 10:47:00-04:00,4.4319000244140625,4.438899993896484,4.430799961090088,4.438499927520752,4.438499927520752,40,0.0,0.0
2026-10-06 10:48:00-04:00,4.43779993057251,4.445000171661377,4.437300205230713,4.437699794769287,4.437699794769287,127,0.0,0.0
2026-10-06 10:49:00-04:00,4.436200141906738,4.436200141906738,4.4303998947143555,4.431700229644775,4.431700229644775,43,0.0,0.0
2026-10-06 10:50:00-04:00,4.434199810028076,4.434199810028076,4.427000045776367,4.4293999671936035,4.4293999671936035,39,0.0,0.0
2026-10-06 10:51:00-04:00,4.428400039672852,4.428400039672852,4.422900199890137,4.424099922180176,4.424099922180176,86,0.0,0.0
2026-10-06 10:52:00-04:00,4.424099922180176,4.429699897766113,4.422999858856201,4.426400184631348,4.426400184631348,72,0.0,0.0
2026-10-06 10:53:00-04:00,4.426499843597412,4.427700042724609,4.4232001304626465,4.423399925231934,4.423399925231934,35,0.0,0.0
2026-10-06 10:54:00-04:00,4.423900127410889,4.4293999671936035,4.423900127410889,4.4293999671936035,4.4293999671936035,42,0.0,0.0
2026-10-06 10:55:00-04:00,4.430200099945068,4.433899879455566,4.429200172424316,4.4293999671936035,4.4293999671936035,37,0.0,0.0
2026-10-06 10:56:00-04:00,4.430200099945068,4.430200099945068,4.428599834442139,4.428699970245361,4.428699970245361,22,0.0,0.0
2026-10-06 10:57:00-04:00,4.430500030517578,4.431300163269043,4.427499771118164,4.428999900817871,4.428999900817871,87,0.0,0.0
2026-10-06 10:58:00-04:00,4.4278998374938965,4.427999973297119,4.42140007019043,4.4243998527526855,4.4243998527526855,94,0.0,0.0
2026-10-06 10:59:00-04:00,4.422999858856201,4.422999858856201,4.421500205993652,4.421999931335449,4.421999931335449,7,0.0,0.0
2026-10-06 11:00:00-04:00,4.421899795532227,4.422900199890137,4.417699813842773,4.418700218200684,4.418700218200684,70,0.0,0.0
2026-10-06 11:01:00-04:00,4.419600009918213,4.4207000732421875,4.416600227355957,4.416800022125244,4.416800022125244,55,0.0,0.0
2026-10-06 11:02:00-04:00,4.416600227355957,4.4232001304626465,4.413300037384033,4.414000034332275,4.414000034332275,103,0.0,0.0
2026-10-06 11:03:00-04:00,4.4145002365112305,4.41510009765625,4.412199974060059,4.412199974060059,4.412199974060059,28,0.0,0.0
2026-10-06 11:04:00-04:00,4.412799835205078,4.415500164031982,4.411200046539307,4.415500164031982,4.415500164031982,63,0.0,0.0
2026-10-06 11:05:00-04:00,4.4141998291015625,4.415200233459473,4.412399768829346,4.415200233459473,4.415200233459473,52,0.0,0.0
2026-10-06 11:06:00-04:00,4.41540002822876,4.419099807739258,4.41540002822876,4.418000221252441,4.418000221252441,24,0.0,0.0
2026-10-06 11:07:00-04:00,4.417300224304199,4.427499771118164,4.416600227355957,4.427299976348877,4.427299976348877,74,0.0,0.0
2026-10-06 11:08:00-04:00,4.42710018157959,4.42710018157959,4.424699783325195,4.424699783325195,4.424699783325195,11,0.0,0.0
2026-10-06 11:09:00-04:00,4.425099849700928,4.428800106048584,4.423999786376953,4.427199840545654,4.427199840545654,24,0.0,0.0
2026-10-06 11:10:00-04:00,4.426300048828125,4.427700042724609,4.426199913024902,4.426599979400635,4.426599979400635,16,0.0,0.0
2026-10-06 11:11:00-04:00,4.422900199890137,4.422900199890137,4.42080020904541,4.42080020904541,4.42080020904541,18,0.0,0.0
2026-10-06 11:12:00-04:00,4.419400215148926,4.421899795532227,4.418900012969971,4.4197998046875,4.4197998046875,33,0.0,0.0
2026-10-06 11:13:00-04:00,4.419899940490723,4.42579984664917,4.419899940490723,4.423500061035156,4.423500061035156,41,0.0,0.0
2026-10-06 11:14:00-04:00,4.4222002029418945,4.422900199890137,4.419099807739258,4.4191999435424805,4.4191999435424805,39,0.0,0.0
2026-10-06 11:15:00-04:00,4.419899940490723,4.420300006866455,4.4166998863220215,4.4191999435424805,4.4191999435424805,16,0.0,0.0
2026-10-06 11:16:00-04:00,4.421500205993652,4.425099849700928,4.421500205993652,4.423999786376953,4.423999786376953,11,0.0,0.0
2026-10-06 11:17:00-04:00,4.421800136566162,4.422900199890137,4.421800136566162,4.421800136566162,4.421800136566162,9,0.0,0.0
2026-10-06 11:18:00-04:00,4.423299789428711,4.424300193786621,4.42080020904541,4.422399997711182,4.422399997711182,18,0.0,0.0
2026-10-06 11:19:00-04:00,4.4217000007629395,4.4217000007629395,4.413899898529053,4.413899898529053,4.413899898529053,46,0.0,0.0
2026-10-06 11:20:00-04:00,4.412700176239014,4.421000003814697,4.412700176239014,4.416399955749512,4.416399955749512,34,0.0,0.0
2026-10-06 11:21:00-04:00,4.414100170135498,4.414299964904785,4.412700176239014,4.414299964904785,4.414299964904785,57,0.0,0.0
2026-10-06 11:22:00-04:00,4.411499977111816,4.41480016708374,4.411200046539307,4.41480016708374,4.41480016708374,20,0.0,0.0
2026-10-06 11:23:00-04:00,4.409999847412109,4.413000106811523,4.409999847412109,4.413000106811523,4.413000106811523,79,0.0,0.0
2026-10-06 11:24:00-04:00,4.412099838256836,4.421299934387207,4.412099838256836,4.419000148773193,4.419000148773193,60,0.0,0.0
2026-10-06 11:25:00-04:00,4.419899940490723,4.422100067138672,4.418000221252441,4.421999931335449,4.421999931335449,26,0.0,0.0
2026-10-06 11:26:00-04:00,4.426300048828125,4.426300048828125,4.420199871063232,4.420300006866455,4.420300006866455,14,0.0,0.0
2026-10-06 11:27:00-04:00,4.422500133514404,4.425000190734863,4.418000221252441,4.420300006866455,4.420300006866455,36,0.0,0.0
2026-10-06 11:28:00-04:00,4.420000076293945,4.421599864959717,4.418000221252441,4.42110013961792,4.42110013961792,38,0.0,0.0
2026-10-06 11:29:00-04:00,4.4217000007629395,4.433300018310547,4.4217000007629395,4.430200099945068,4.430200099945068,99,0.0,0.0
2026-10-06 11:30:00-04:00,4.429299831390381,4.429299831390381,4.424200057983398,4.4274001121521,4.4274001121521,76,0.0,0.0
2026-10-06 11:31:00-04:00,4.428199768066406,4.43120002746582,4.425000190734863,4.425000190734863,4.425000190734863,56,0.0,0.0
2026-10-06 11:32:00-04:00,4.426599979400635,4.434999942779541,4.426599979400635,4.434999942779541,4.434999942779541,79,0.0,0.0
2026-10-06 11:33:00-04:00,4.435699939727783,4.439000129699707,4.432499885559082,4.434899806976318,4.434899806976318,91,0.0,0.0
2026-10-06 11:34:00-04:00,4.436800003051758,4.440800189971924,4.436500072479248,4.440700054168701,4.440700054168701,46,0.0,0.0
2026-10-06 11:35:00-04:00,4.44350004196167,4.447199821472168,4.437699794769287,4.439000129699707,4.439000129699707,88,0.0,0.0
2026-10-06 11:36:00-04:00,4.439599990844727,4.44320011138916,4.439499855041504,4.44189977645874,4.44189977645874,31,0.0,0.0
2026-10-06 11:37:00-04:00,4.440999984741211,4.442500114440918,4.439700126647949,4.441400051116943,4.441400051116943,17,0.0,0.0
2026-10-06 11:38:00-04:00,4.439899921417236,4.444499969482422,4.439899921417236,4.444499969482422,4.444499969482422,24,0.0,0.0
2026-10-06 11:39:00-04:00,4.440899848937988,4.443600177764893,4.440000057220459,4.4430999755859375,4.4430999755859375,44,0.0,0.0
2026-10-06 11:40:00-04:00,4.443999767303467,4.445799827575684,4.437900066375732,4.438799858093262,4.438799858093262,151,0.0,0.0
2026-10-06 11:41:00-04:00,4.439300060272217,4.440899848937988,4.435999870300293,4.435999870300293,4.435999870300293,23,0.0,0.0
2026-10-06 11:42:00-04:00,4.4355998039245605,4.437900066375732,4.432700157165527,4.435500144958496,4.435500144958496,62,0.0,0.0
2026-10-06 11:43:00-04:00,4.435100078582764,4.436699867248535,4.434000015258789,4.4355998039245605,4.4355998039245605,17,0.0,0.0
2026-10-06 11:44:00-04:00,4.434999942779541,4.434999942779541,4.430600166320801,4.432400226593018,4.432400226593018,78,0.0,0.0
2026-10-06 11:45:00-04:00,4.433199882507324,4.440899848937988,4.4328999519348145,4.439599990844727,4.439599990844727,76,0.0,0.0
2026-10-06 11:46:00-04:00,4.438399791717529,4.441100120544434,4.43779993057251,4.439199924468994,4.439199924468994,40,0.0,0.0
2026-10-06 11:47:00-04:00,4.440400123596191,4.441400051116943,4.43779993057251,4.438300132751465,4.438300132751465,48,0.0,0.0
2026-10-06 11:48:00-04:00,4.434199810028076,4.434800148010254,4.434199810028076,4.434800148010254,4.434800148010254,3,0.0,0.0
2026-10-06 11:49:00-04:00,4.434100151062012,4.434100151062012,4.43179988861084,4.432400226593018,4.432400226593018,14,0.0,0.0
2026-10-06 11:50:00-04:00,4.43310022354126,4.442500114440918,4.4319000244140625,4.440400123596191,4.440400123596191,113,0.0,0.0
2026-10-06 11:51:00-04:00,4.441699981689453,4.444300174713135,4.440899848937988,4.441299915313721,4.441299915313721,22,0.0,0.0
2026-10-06 11:52:00-04:00,4.440299987792969,4.440499782562256,4.434899806976318,4.434899806976318,4.434899806976318,51,0.0,0.0
2026-10-06 11:53:00-04:00,4.433199882507324,4.43720006942749,4.429900169372559,4.429900169372559,4.429900169372559,110,0.0,0.0
2026-10-06 11:54:00-04:00,4.429900169372559,4.432400226593018,4.428599834442139,4.432400226593018,4.432400226593018,60,0.0,0.0
2026-10-06 11:55:00-04:00,4.432600021362305,4.435999870300293,4.430699825286865,4.435999870300293,4.435999870300293,19,0.0,0.0
2026-10-06 11:56:00-04:00,4.438199996948242,4.440000057220459,4.437099933624268,4.438600063323975,4.438600063323975,16,0.0,0.0
2026-10-06 11:57:00-04:00,4.437699794769287,4.4394001960754395,4.437399864196777,4.4394001960754395,4.4394001960754395,45,0.0,0.0
2026-10-06 11:58:00-04:00,4.4390997886657715,4.440899848937988,4.4390997886657715,4.440800189971924,4.440800189971924,27,0.0,0.0
2026-10-06 11:59:00-04:00,4.442800045013428,4.445499897003174,4.442800045013428,4.445300102233887,4.445300102233887,11,0.0,0.0
2026-10-06 12:00:00-04:00,4.446700096130371,4.448999881744385,4.441199779510498,4.4481000900268555,4.4481000900268555,83,0.0,0.0
2026-10-06 12:01:00-04:00,4.448699951171875,4.448999881744385,4.446499824523926,4.446499824523926,4.446499824523926,127,0.0,0.0
2026-10-06 12:02:00-04:00,4.445199966430664,4.446899890899658,4.4446001052856445,4.446400165557861,4.446400165557861,19,0.0,0.0
2026-10-06 12:03:00-04:00,4.447000026702881,4.44980001449585,4.446899890899658,4.448800086975098,4.448800086975098,19,0.0,0.0
2026-10-06 12:04:00-04:00,4.449999809265137,4.454100131988525,4.449399948120117,4.452899932861328,4.452899932861328,91,0.0,0.0
2026-10-06 12:05:00-04:00,4.452099800109863,4.454100131988525,4.4506001472473145,4.4506001472473145,4.4506001472473145,36,0.0,0.0
2026-10-06 12:06:00-04:00,4.451000213623047,4.4567999839782715,4.4475998878479,4.4567999839782715,4.4567999839782715,49,0.0,0.0
2026-10-06 12:07:00-04:00,4.456299781799316,4.456399917602539,4.452899932861328,4.4558000564575195,4.4558000564575195,31,0.0,0.0
2026-10-06 12:08:00-04:00,4.456699848175049,4.466000080108643,4.454999923706055,4.4618000984191895,4.4618000984191895,58,0.0,0.0
2026-10-06 12:09:00-04:00,4.462399959564209,4.468400001525879,4.461699962615967,4.465799808502197,4.465799808502197,77,0.0,0.0
2026-10-06 12:10:00-04:00,4.46589994430542,4.466599941253662,4.4552001953125,4.463200092315674,4.463200092315674,90,0.0,0.0
2026-10-06 12:11:00-04:00,4.4633002281188965,4.464399814605713,4.461400032043457,4.462299823760986,4.462299823760986,42,0.0,0.0
2026-10-06 12:12:00-04:00,4.460700035095215,4.464799880981445,4.460299968719482,4.4629998207092285,4.4629998207092285,32,0.0,0.0
2026-10-06 12:13:00-04:00,4.463799953460693,4.466300010681152,4.461900234222412,4.466000080108643,4.466000080108643,61,0.0,0.0
2026-10-06 12:14:00-04:00,4.4664998054504395,4.468100070953369,4.4654998779296875,4.466899871826172,4.466899871826172,28,0.0,0.0
2026-10-06 12:15:00-04:00,4.467299938201904,4.478600025177002,4.466700077056885,4.474999904632568,4.474999904632568,124,0.0,0.0
2026-10-06 12:16:00-04:00,4.475500106811523,4.477499961853027,4.474899768829346,4.477399826049805,4.477399826049805,8,0.0,0.0
2026-10-06 12:17:00-04:00,4.474999904632568,4.4770002365112305,4.473100185394287,4.474999904632568,4.474999904632568,31,0.0,0.0
2026-10-06 12:18:00-04:00,4.475599765777588,4.475599765777588,4.467100143432617,4.468200206756592,4.468200206756592,44,0.0,0.0
2026-10-06 12:19:00-04:00,4.46750020980835,4.46750020980835,4.46750020980835,4.46750020980835,4.46750020980835,2,0.0,0.0
2026-10-06 12:20:00-04:00,4.468599796295166,4.4730000495910645,4.468599796295166,4.47189998626709,4.47189998626709,93,0.0,0.0
2026-10-06 12:21:00-04:00,4.473100185394287,4.476799964904785,4.473100185394287,4.476799964904785,4.476799964904785,57,0.0,0.0
2026-10-06 12:22:00-04:00,4.477099895477295,4.482600212097168,4.477099895477295,4.482600212097168,4.482600212097168,38,0.0,0.0
2026-10-06 12:23:00-04:00,4.482699871063232,4.483799934387207,4.480999946594238,4.481800079345703,4.481800079345703,43,0.0,0.0
2026-10-06 12:24:00-04:00,4.482399940490723,4.485300064086914,4.482399940490723,4.485300064086914,4.485300064086914,13,0.0,0.0
2026-10-06 12:25:00-04:00,4.487599849700928,4.48859977722168,4.484300136566162,4.486299991607666,4.486299991607666,73,0.0,0.0
2026-10-06 12:26:00-04:00,4.487599849700928,4.48769998550415,4.486100196838379,4.486700057983398,4.486700057983398,29,0.0,0.0
2026-10-06 12:27:00-04:00,4.48859977722168,4.494800090789795,4.488399982452393,4.492800235748291,4.492800235748291,59,0.0,0.0
2026-10-06 12:28:00-04:00,4.492599964141846,4.498600006103516,4.492599964141846,4.498600006103516,4.498600006103516,82,0.0,0.0
2026-10-06 12:29:00-04:00,4.499300003051758,4.500500202178955,4.496799945831299,4.498199939727783,4.498199939727783,145,0.0,0.0
2026-10-06 12:30:00-04:00,4.498700141906738,4.5,4.496699810028076,4.497900009155273,4.497900009155273,71,0.0,0.0
2026-10-06 12:31:00-04:00,4.494999885559082,4.497300148010254,4.493599891662598,4.495699882507324,4.495699882507324,46,0.0,0.0
2026-10-06 12:32:00-04:00,4.495800018310547,4.497900009155273,4.495800018310547,4.497499942779541,4.497499942779541,13,0.0,0.0
2026-10-06 12:33:00-04:00,4.498300075531006,4.499199867248535,4.496099948883057,4.499199867248535,4.499199867248535,53,0.0,0.0
2026-10-06 12:34:00-04:00,4.496600151062012,4.5030999183654785,4.496600151062012,4.502699851989746,4.502699851989746,161,0.0,0.0
2026-10-06 12:35:00-04:00,4.50570011138916,4.506700038909912,4.496500015258789,4.502200126647949,4.502200126647949,259,0.0,0.0
2026-10-06 12:36:00-04:00,4.503200054168701,4.503300189971924,4.501699924468994,4.501800060272217,4.501800060272217,16,0.0,0.0
2026-10-06 12:37:00-04:00,4.502099990844727,4.503499984741211,4.501699924468994,4.5030999183654785,4.5030999183654785,82,0.0,0.0
2026-10-06 12:38:00-04:00,4.504000186920166,4.507999897003174,4.501399993896484,4.502200126647949,4.502200126647949,100,0.0,0.0
2026-10-06 12:39:00-04:00,4.5030999183654785,4.514599800109863,4.502299785614014,4.513700008392334,4.513700008392334,351,0.0,0.0
2026-10-06 12:40:00-04:00,4.514999866485596,4.520299911499023,4.508200168609619,4.508200168609619,4.508200168609619,502,0.0,0.0
2026-10-06 12:41:00-04:00,4.5142998695373535,4.514699935913086,4.506499767303467,4.507400035858154,4.507400035858154,227,0.0,0.0
2026-10-06 12:42:00-04:00,4.507400035858154,4.507400035858154,4.504499912261963,4.506800174713135,4.506800174713135,64,0.0,0.0
2026-10-06 12:43:00-04:00,4.5065999031066895,4.509699821472168,4.5065999031066895,4.509300231933594,4.509300231933594,18,0.0,0.0
2026-10-06 12:44:00-04:00,4.510200023651123,4.510300159454346,4.504000186920166,4.504000186920166,4.504000186920166,30,0.0,0.0
2026-10-06 12:45:00-04:00,4.505099773406982,4.507699966430664,4.5040998458862305,4.50540018081665,4.50540018081665,28,0.0,0.0
2026-10-06 12:46:00-04:00,4.504899978637695,4.505499839782715,4.503600120544434,4.504700183868408,4.504700183868408,13,0.0,0.0
2026-10-06 12:47:00-04:00,4.50600004196167,4.5081000328063965,4.505499839782715,4.506899833679199,4.506899833679199,28,0.0,0.0
2026-10-06 12:48:00-04:00,4.507400035858154,4.513000011444092,4.506700038909912,4.512199878692627,4.512199878692627,22,0.0,0.0
2026-10-06 12:49:00-04:00,4.509699821472168,4.511300086975098,4.507199764251709,4.511199951171875,4.511199951171875,31,0.0,0.0
2026-10-06 12:50:00-04:00,4.512899875640869,4.516300201416016,4.509500026702881,4.509500026702881,4.509500026702881,67,0.0,0.0
2026-10-06 12:51:00-04:00,4.51200008392334,4.514999866485596,4.511600017547607,4.513400077819824,4.513400077819824,52,0.0,0.0
2026-10-06 12:52:00-04:00,4.513899803161621,4.515100002288818,4.509900093078613,4.509900093078613,4.509900093078613,71,0.0,0.0
2026-10-06 12:53:00-04:00,4.510300159454346,4.514500141143799,4.510300159454346,4.514500141143799,4.514500141143799,18,0.0,0.0
2026-10-06 12:54:00-04:00,4.515200138092041,4.515900135040283,4.513700008392334,4.515200138092041,4.515200138092041,17,0.0,0.0
2026-10-06 12:55:00-04:00,4.513999938964844,4.527299880981445,4.513999938964844,4.523600101470947,4.523600101470947,139,0.0,0.0
2026-10-06 12:56:00-04:00,4.524099826812744,4.52869987487793,4.524099826812744,4.527599811553955,4.527599811553955,43,0.0,0.0
2026-10-06 12:57:00-04:00,4.527500152587891,4.531000137329102,4.5269999504089355,4.529900074005127,4.529900074005127,92,0.0,0.0
2026-10-06 12:58:00-04:00,4.528200149536133,4.528200149536133,4.525400161743164,4.527599811553955,4.527599811553955,47,0.0,0.0
2026-10-06 12:59:00-04:00,4.525400161743164,4.525400161743164,4.521699905395508,4.521699905395508,4.521699905395508,12,0.0,0.0
2026-10-06 13:00:00-04:00,4.52239990234375,4.534999847412109,4.52239990234375,4.534299850463867,4.534299850463867,103,0.0,0.0
2026-10-06 13:01:00-04:00,4.534900188446045,4.53980016708374,4.53380012512207,4.537799835205078,4.537799835205078,105,0.0,0.0
2026-10-06 13:02:00-04:00,4.537300109863281,4.53980016708374,4.536900043487549,4.53980016708374,4.53980016708374,20,0.0,0.0
2026-10-06 13:03:00-04:00,4.5391998291015625,4.5395002365112305,4.537499904632568,4.538899898529053,4.538899898529053,20,0.0,0.0
2026-10-06 13:04:00-04:00,4.537600040435791,4.537600040435791,4.532700061798096,4.534800052642822,4.534800052642822,22,0.0,0.0
2026-10-06 13:05:00-04:00,4.533999919891357,4.53879976272583,4.5329999923706055,4.538700103759766,4.538700103759766,29,0.0,0.0
2026-10-06 13:06:00-04:00,4.5395002365112305,4.543900012969971,4.53879976272583,4.542399883270264,4.542399883270264,66,0.0,0.0
2026-10-06 13:07:00-04:00,4.543099880218506,4.547599792480469,4.542399883270264,4.5432000160217285,4.5432000160217285,122,0.0,0.0
2026-10-06 13:08:00-04:00,4.542699813842773,4.542699813842773,4.538400173187256,4.538599967956543,4.538599967956543,23,0.0,0.0
2026-10-06 13:09:00-04:00,4.539599895477295,4.539700031280518,4.536499977111816,4.5370001792907715,4.5370001792907715,16,0.0,0.0
2026-10-06 13:10:00-04:00,4.537899971008301,4.538700103759766,4.531899929046631,4.537799835205078,4.537799835205078,58,0.0,0.0
2026-10-06 13:11:00-04:00,4.537499904632568,4.538400173187256,4.533100128173828,4.535900115966797,4.535900115966797,62,0.0,0.0
2026-10-06 13:12:00-04:00,4.535299777984619,4.538899898529053,4.532199859619141,4.537099838256836,4.537099838256836,78,0.0,0.0
2026-10-06 13:13:00-04:00,4.537300109863281,4.537399768829346,4.536499977111816,4.537099838256836,4.537099838256836,28,0.0,0.0
2026-10-06 13:14:00-04:00,4.536200046539307,4.5366997718811035,4.534599781036377,4.535600185394287,4.535600185394287,8,0.0,0.0
2026-10-06 13:15:00-04:00,4.535399913787842,4.540299892425537,4.535399913787842,4.538599967956543,4.538599967956543,38,0.0,0.0
2026-10-06 13:16:00-04:00,4.53849983215332,4.539899826049805,4.53849983215332,4.539400100708008,4.539400100708008,19,0.0,0.0
2026-10-06 13:17:00-04:00,4.539000034332275,4.539400100708008,4.531799793243408,4.537700176239014,4.537700176239014,78,0.0,0.0
2026-10-06 13:18:00-04:00,4.537300109863281,4.54010009765625,4.537199974060059,4.53879976272583,4.53879976272583,32,0.0,0.0
2026-10-06 13:19:00-04:00,4.541200160980225,4.542799949645996,4.5406999588012695,4.542799949645996,4.542799949645996,11,0.0,0.0
2026-10-06 13:20:00-04:00,4.541999816894531,4.545499801635742,4.538400173187256,4.538400173187256,4.538400173187256,87,0.0,0.0
2026-10-06 13:21:00-04:00,4.539599895477295,4.53980016708374,4.538300037384033,4.53849983215332,4.53849983215332,32,0.0,0.0
2026-10-06 13:22:00-04:00,4.5370001792907715,4.543499946594238,4.535999774932861,4.537399768829346,4.537399768829346,65,0.0,0.0
2026-10-06 13:23:00-04:00,4.538599967956543,4.550300121307373,4.538300037384033,4.547500133514404,4.547500133514404,276,0.0,0.0
2026-10-06 13:24:00-04:00,4.549600124359131,4.552700042724609,4.547299861907959,4.5507001876831055,4.5507001876831055,76,0.0,0.0
2026-10-06 13:25:00-04:00,4.551599979400635,4.553800106048584,4.548500061035156,4.548500061035156,4.548500061035156,53,0.0,0.0
2026-10-06 13:26:00-04:00,4.549799919128418,4.555799961090088,4.549499988555908,4.5553998947143555,4.5553998947143555,165,0.0,0.0
2026-10-06 13:27:00-04:00,4.5553998947143555,4.559100151062012,4.553599834442139,4.558599948883057,4.558599948883057,57,0.0,0.0
2026-10-06 13:28:00-04:00,4.5578999519348145,4.559800148010254,4.553699970245361,4.553699970245361,4.553699970245361,33,0.0,0.0
2026-10-06 13:29:00-04:00,4.554800033569336,4.555699825286865,4.552999973297119,4.552999973297119,4.552999973297119,25,0.0,0.0
2026-10-06 13:30:00-04:00,4.5528998374938965,4.55679988861084,4.552800178527832,4.556399822235107,4.556399822235107,39,0.0,0.0
2026-10-06 13:31:00-04:00,4.555799961090088,4.5584001541137695,4.555200099945068,4.557300090789795,4.557300090789795,20,0.0,0.0
2026-10-06 13:32:00-04:00,4.554299831390381,4.554299831390381,4.55079984664917,4.553899765014648,4.553899765014648,61,0.0,0.0
2026-10-06 13:33:00-04:00,4.553899765014648,4.557400226593018,4.553800106048584,4.5559000968933105,4.5559000968933105,151,0.0,0.0
2026-10-06 13:34:00-04:00,4.555200099945068,4.55679988861084,4.5518999099731445,4.556000232696533,4.556000232696533,75,0.0,0.0
2026-10-06 13:35:00-04:00,4.55679988861084,4.55679988861084,4.554100036621094,4.554900169372559,4.554900169372559,40,0.0,0.0
2026-10-06 13:36:00-04:00,4.5543999671936035,4.557300090789795,4.552199840545654,4.552199840545654,4.552199840545654,52,0.0,0.0
2026-10-06 13:37:00-04:00,4.551199913024902,4.552199840545654,4.546899795532227,4.546899795532227,4.546899795532227,14,0.0,0.0
2026-10-06 13:38:00-04:00,4.546599864959717,4.546999931335449,4.5416998863220215,4.542699813842773,4.542699813842773,208,0.0,0.0
2026-10-06 13:39:00-04:00,4.542099952697754,4.546199798583984,4.542099952697754,4.546000003814697,4.546000003814697,63,0.0,0.0
2026-10-06 13:40:00-04:00,4.546899795532227,4.547500133514404,4.54010009765625,4.54010009765625,4.54010009765625,43,0.0,0.0
2026-10-06 13:41:00-04:00,4.54010009765625,4.540500164031982,4.535699844360352,4.540299892425537,4.540299892425537,29,0.0,0.0
2026-10-06 13:42:00-04:00,4.5432000160217285,4.5441999435424805,4.543000221252441,4.543799877166748,4.543799877166748,7,0.0,0.0
2026-10-06 13:43:00-04:00,4.543499946594238,4.5457000732421875,4.5406999588012695,4.543499946594238,4.543499946594238,23,0.0,0.0
2026-10-06 13:44:00-04:00,4.5441999435424805,4.5441999435424805,4.542900085449219,4.542900085449219,4.542900085449219,6,0.0,0.0
2026-10-06 13:45:00-04:00,4.544300079345703,4.544300079345703,4.543399810791016,4.543399810791016,4.543399810791016,21,0.0,0.0
2026-10-06 13:46:00-04:00,4.543499946594238,4.547500133514404,4.543000221252441,4.5457000732421875,4.5457000732421875,27,0.0,0.0
2026-10-06 13:47:00-04:00,4.547800064086914,4.552299976348877,4.547800064086914,4.552299976348877,4.552299976348877,39,0.0,0.0
2026-10-06 13:48:00-04:00,4.551400184631348,4.551499843597412,4.5467000007629395,4.5467000007629395,4.5467000007629395,38,0.0,0.0
2026-10-06 13:49:00-04:00,4.546999931335449,4.5493998527526855,4.546999931335449,4.546999931335449,4.546999931335449,29,0.0,0.0
2026-10-06 13:50:00-04:00,4.546000003814697,4.546000003814697,4.541999816894531,4.545199871063232,4.545199871063232,72,0.0,0.0
2026-10-06 13:51:00-04:00,4.544600009918213,4.545300006866455,4.543799877166748,4.545000076293945,4.545000076293945,24,0.0,0.0
2026-10-06 13:52:00-04:00,4.54449987411499,4.54449987411499,4.544000148773193,4.544099807739258,4.544099807739258,25,0.0,0.0
2026-10-06 13:53:00-04:00,4.543600082397461,4.5447001457214355,4.543000221252441,4.5447001457214355,4.5447001457214355,25,0.0,0.0
2026-10-06 13:54:00-04:00,4.546500205993652,4.550000190734863,4.546199798583984,4.548500061035156,4.548500061035156,22,0.0,0.0
2026-10-06 13:55:00-04:00,4.5457000732421875,4.547500133514404,4.542799949645996,4.5441999435424805,4.5441999435424805,29,0.0,0.0
2026-10-06 13:56:00-04:00,4.545199871063232,4.546800136566162,4.544600009918213,4.546000003814697,4.546000003814697,27,0.0,0.0
2026-10-06 13:57:00-04:00,4.547699928283691,4.5482001304626465,4.546899795532227,4.5482001304626465,4.5482001304626465,33,0.0,0.0
2026-10-06 13:58:00-04:00,4.549499988555908,4.549499988555908,4.5472002029418945,4.548900127410889,4.548900127410889,23,0.0,0.0
2026-10-06 13:59:00-04:00,4.549099922180176,4.550899982452393,4.549099922180176,4.550899982452393,4.550899982452393,21,0.0,0.0
2026-10-06 14:00:00-04:00,4.551400184631348,4.5609002113342285,4.55019998550415,4.557300090789795,4.557300090789795,241,0.0,0.0
2026-10-06 14:01:00-04:00,4.558000087738037,4.559599876403809,4.554699897766113,4.556099891662598,4.556099891662598,41,0.0,0.0
2026-10-06 14:02:00-04:00,4.557000160217285,4.557799816131592,4.556099891662598,4.557600021362305,4.557600021362305,23,0.0,0.0
2026-10-06 14:03:00-04:00,4.557199954986572,4.558599948883057,4.5569000244140625,4.558599948883057,4.558599948883057,21,0.0,0.0
2026-10-06 14:04:00-04:00,4.559299945831299,4.561399936676025,4.558000087738037,4.559599876403809,4.559599876403809,42,0.0,0.0
2026-10-06 14:05:00-04:00,4.559899806976318,4.559899806976318,4.554800033569336,4.555500030517578,4.555500030517578,31,0.0,0.0
2026-10-06 14:06:00-04:00,4.5559000968933105,4.5569000244140625,4.555099964141846,4.5569000244140625,4.5569000244140625,35,0.0,0.0
2026-10-06 14:07:00-04:00,4.556399822235107,4.558899879455566,4.554599761962891,4.554900169372559,4.554900169372559,49,0.0,0.0
2026-10-06 14:08:00-04:00,4.55679988861084,4.557000160217285,4.552000045776367,4.552499771118164,4.552499771118164,32,0.0,0.0
2026-10-06 14:09:00-04:00,4.552499771118164,4.553800106048584,4.548900127410889,4.553800106048584,4.553800106048584,60,0.0,0.0
2026-10-06 14:10:00-04:00,4.552299976348877,4.554599761962891,4.548099994659424,4.548999786376953,4.548999786376953,45,0.0,0.0
2026-10-06 14:11:00-04:00,4.549699783325195,4.551199913024902,4.547699928283691,4.551199913024902,4.551199913024902,32,0.0,0.0
2026-10-06 14:12:00-04:00,4.55079984664917,4.554599761962891,4.55079984664917,4.553100109100342,4.553100109100342,32,0.0,0.0
2026-10-06 14:13:00-04:00,4.553599834442139,4.553899765014648,4.5524001121521,4.553199768066406,4.553199768066406,66,0.0,0.0
2026-10-06 14:14:00-04:00,4.553699970245361,4.555500030517578,4.553100109100342,4.554900169372559,4.554900169372559,65,0.0,0.0
2026-10-06 14:15:00-04:00,4.554599761962891,4.557000160217285,4.551499843597412,4.551499843597412,4.551499843597412,49,0.0,0.0
2026-10-06 14:16:00-04:00,4.55109977722168,4.55649995803833,4.55109977722168,4.55649995803833,4.55649995803833,117,0.0,0.0
2026-10-06 14:17:00-04:00,4.555799961090088,4.556700229644775,4.554100036621094,4.5543999671936035,4.5543999671936035,27,0.0,0.0
2026-10-06 14:18:00-04:00,4.555799961090088,4.558499813079834,4.554800033569336,4.555600166320801,4.555600166320801,48,0.0,0.0
2026-10-06 14:19:00-04:00,4.554999828338623,4.563700199127197,4.554800033569336,4.562399864196777,4.562399864196777,94,0.0,0.0
2026-10-06 14:20:00-04:00,4.563199996948242,4.563600063323975,4.558300018310547,4.559299945831299,4.559299945831299,62,0.0,0.0
2026-10-06 14:21:00-04:00,4.559899806976318,4.559899806976318,4.555200099945068,4.5578999519348145,4.5578999519348145,57,0.0,0.0
2026-10-06 14:22:00-04:00,4.558000087738037,4.559199810028076,4.557600021362305,4.559199810028076,4.559199810028076,39,0.0,0.0
2026-10-06 14:23:00-04:00,4.559299945831299,4.574399948120117,4.559000015258789,4.574399948120117,4.574399948120117,137,0.0,0.0
2026-10-06 14:24:00-04:00,4.5742998123168945,4.576000213623047,4.572400093078613,4.575799942016602,4.575799942016602,149,0.0,0.0
2026-10-06 14:25:00-04:00,4.57480001449585,4.576499938964844,4.573500156402588,4.575200080871582,4.575200080871582,117,0.0,0.0
2026-10-06 14:26:00-04:00,4.575099945068359,4.575900077819824,4.569799900054932,4.570499897003174,4.570499897003174,111,0.0,0.0
2026-10-06 14:27:00-04:00,4.570099830627441,4.570799827575684,4.564700126647949,4.5655999183654785,4.5655999183654785,263,0.0,0.0
2026-10-06 14:28:00-04:00,4.565400123596191,4.571899890899658,4.5619001388549805,4.569300174713135,4.569300174713135,634,0.0,0.0
2026-10-06 14:29:00-04:00,4.570099830627441,4.572199821472168,4.568999767303467,4.571899890899658,4.571899890899658,839,0.0,0.0
2026-10-06 14:30:00-04:00,4.571899890899658,4.575699806213379,4.571300029754639,4.571800231933594,4.571800231933594,140,0.0,0.0
2026-10-06 14:31:00-04:00,4.571899890899658,4.573999881744385,4.569799900054932,4.571499824523926,4.571499824523926,76,0.0,0.0
2026-10-06 14:32:00-04:00,4.570499897003174,4.572500228881836,4.567399978637695,4.567399978637695,4.567399978637695,230,0.0,0.0
2026-10-06 14:33:00-04:00,4.568399906158447,4.569699764251709,4.568399906158447,4.569499969482422,4.569499969482422,47,0.0,0.0
2026-10-06 14:34:00-04:00,4.568600177764893,4.570499897003174,4.568600177764893,4.570499897003174,4.570499897003174,43,0.0,0.0
2026-10-06 14:35:00-04:00,4.570400238037109,4.571599960327148,4.568699836730957,4.570499897003174,4.570499897003174,33,0.0,0.0
2026-10-06 14:36:00-04:00,4.571400165557861,4.572000026702881,4.569900035858154,4.569900035858154,4.569900035858154,5,0.0,0.0
2026-10-06 14:37:00-04:00,4.5696001052856445,4.570199966430664,4.569499969482422,4.569499969482422,4.569499969482422,10,0.0,0.0
2026-10-06 14:38:00-04:00,4.568900108337402,4.568900108337402,4.567800045013428,4.567999839782715,4.567999839782715,7,0.0,0.0
2026-10-06 14:39:00-04:00,4.568699836730957,4.570300102233887,4.568600177764893,4.569699764251709,4.569699764251709,8,0.0,0.0
2026-10-06 14:40:00-04:00,4.571000099182129,4.573400020599365,4.570799827575684,4.573400020599365,4.573400020599365,7,0.0,0.0
2026-10-06 14:41:00-04:00,4.571800231933594,4.572000026702881,4.571000099182129,4.571000099182129,4.571000099182129,10,0.0,0.0
2026-10-06 14:42:00-04:00,4.570199966430664,4.570199966430664,4.568999767303467,4.569699764251709,4.569699764251709,37,0.0,0.0
2026-10-06 14:43:00-04:00,4.568600177764893,4.568999767303467,4.567500114440918,4.567500114440918,4.567500114440918,15,0.0,0.0
2026-10-06 14:44:00-04:00,4.5680999755859375,4.570499897003174,4.5680999755859375,4.568399906158447,4.568399906158447,21,0.0,0.0
2026-10-06 14:45:00-04:00,4.569300174713135,4.569900035858154,4.567999839782715,4.568600177764893,4.568600177764893,15,0.0,0.0
2026-10-06 14:46:00-04:00,4.569900035858154,4.571199893951416,4.569300174713135,4.569300174713135,4.569300174713135,4,0.0,0.0
2026-10-06 14:47:00-04:00,4.567299842834473,4.567299842834473,4.566800117492676,4.566800117492676,4.566800117492676,14,0.0,0.0
2026-10-06 14:48:00-04:00,4.566199779510498,4.5665998458862305,4.564300060272217,4.5644001960754395,4.5644001960754395,15,0.0,0.0
2026-10-06 14:49:00-04:00,4.563499927520752,4.563499927520752,4.560299873352051,4.561999797821045,4.561999797821045,46,0.0,0.0
2026-10-06 14:50:00-04:00,4.56279993057251,4.563399791717529,4.56279993057251,4.563399791717529,4.563399791717529,20,0.0,0.0
2026-10-06 14:51:00-04:00,4.563600063323975,4.566400051116943,4.563600063323975,4.566400051116943,4.566400051116943,9,0.0,0.0
2026-10-06 14:52:00-04:00,4.56820011138916,4.56820011138916,4.567399978637695,4.567399978637695,4.567399978637695,4,0.0,0.0
2026-10-06 14:53:00-04:00,4.56850004196167,4.568600177764893,4.56689977645874,4.568399906158447,4.568399906158447,12,0.0,0.0
2026-10-06 14:54:00-04:00,4.570499897003174,4.5721001625061035,4.570000171661377,4.571000099182129,4.571000099182129,6,0.0,0.0
2026-10-06 14:55:00-04:00,4.570499897003174,4.574999809265137,4.570499897003174,4.573999881744385,4.573999881744385,23,0.0,0.0
2026-10-06 14:56:00-04:00,4.57450008392334,4.576000213623047,4.5721001625061035,4.572199821472168,4.572199821472168,42,0.0,0.0
2026-10-06 14:57:00-04:00,4.573400020599365,4.573400020599365,4.573299884796143,4.573299884796143,4.573299884796143,2,0.0,0.0
2026-10-06 14:58:00-04:00,4.572700023651123,4.57420015335083,4.572700023651123,4.57420015335083,4.57420015335083,47,0.0,0.0
2026-10-06 14:59:00-04:00,4.57420015335083,4.575099945068359,4.573500156402588,4.573699951171875,4.573699951171875,17,0.0,0.0
2026-10-06 15:00:00-04:00,4.573299884796143,4.5746002197265625,4.573299884796143,4.5742998123168945,4.5742998123168945,21,0.0,0.0
2026-10-06 15:01:00-04:00,4.572500228881836,4.572500228881836,4.572500228881836,4.572500228881836,4.572500228881836,1,0.0,0.0
2026-10-06 15:02:00-04:00,4.573599815368652,4.573699951171875,4.572199821472168,4.572199821472168,4.572199821472168,6,0.0,0.0
2026-10-06 15:03:00-04:00,4.573599815368652,4.573599815368652,4.573599815368652,4.573599815368652,4.573599815368652,1,0.0,0.0
2026-10-06 15:04:00-04:00,4.5725998878479,4.57450008392334,4.5725998878479,4.57450008392334,4.57450008392334,3,0.0,0.0
2026-10-06 15:06:00-04:00,4.575399875640869,4.581099987030029,4.575399875640869,4.577099800109863,4.577099800109863,42,0.0,0.0
2026-10-06 15:08:00-04:00,4.577300071716309,4.581699848175049,4.577300071716309,4.581699848175049,4.581699848175049,11,0.0,0.0
2026-10-06 15:09:00-04:00,4.583199977874756,4.584400177001953,4.5817999839782715,4.581900119781494,4.581900119781494,6,0.0,0.0
2026-10-06 15:11:00-04:00,4.581099987030029,4.581399917602539,4.581099987030029,4.581399917602539,4.581399917602539,11,0.0,0.0
2026-10-06 15:12:00-04:00,4.578999996185303,4.579999923706055,4.578999996185303,4.579999923706055,4.579999923706055,10,0.0,0.0
2026-10-06 15:13:00-04:00,4.579999923706055,4.579999923706055,4.578700065612793,4.578700065612793,4.578700065612793,5,0.0,0.0
2026-10-06 15:14:00-04:00,4.5767998695373535,4.5767998695373535,4.576600074768066,4.5767998695373535,4.5767998695373535,12,0.0,0.0
2026-10-06 15:15:00-04:00,4.5767998695373535,4.576900005340576,4.574699878692627,4.574699878692627,4.574699878692627,8,0.0,0.0
2026-10-06 15:16:00-04:00,4.574900150299072,4.5767998695373535,4.574900150299072,4.5767998695373535,4.5767998695373535,9,0.0,0.0
2026-10-06 15:17:00-04:00,4.576399803161621,4.576399803161621,4.576399803161621,4.576399803161621,4.576399803161621,1,0.0,0.0
2026-10-06 15:18:00-04:00,4.578100204467773,4.5817999839782715,4.578000068664551,4.580100059509277,4.580100059509277,37,0.0,0.0
2026-10-06 15:19:00-04:00,4.5802998542785645,4.5802998542785645,4.579899787902832,4.579899787902832,4.579899787902832,17,0.0,0.0
2026-10-06 15:20:00-04:00,4.57919979095459,4.581999778747559,4.578999996185303,4.580599784851074,4.580599784851074,42,0.0,0.0
2026-10-06 15:21:00-04:00,4.580100059509277,4.580100059509277,4.57889986038208,4.57889986038208,4.57889986038208,9,0.0,0.0
2026-10-06 15:22:00-04:00,4.579699993133545,4.579699993133545,4.57889986038208,4.57889986038208,4.57889986038208,7,0.0,0.0
2026-10-06 15:24:00-04:00,4.576000213623047,4.5767998695373535,4.576000213623047,4.5767998695373535,4.5767998695373535,19,0.0,0.0
2026-10-06 15:25:00-04:00,4.576000213623047,4.576399803161621,4.573699951171875,4.573800086975098,4.573800086975098,90,0.0,0.0
2026-10-06 15:26:00-04:00,4.573699951171875,4.573999881744385,4.573299884796143,4.573400020599365,4.573400020599365,6,0.0,0.0
2026-10-06 15:27:00-04:00,4.57390022277832,4.578499794006348,4.57390022277832,4.575399875640869,4.575399875640869,17,0.0,0.0
2026-10-06 15:28:00-04:00,4.576000213623047,4.576000213623047,4.5756001472473145,4.5756001472473145,4.5756001472473145,3,0.0,0.0
2026-10-06 15:29:00-04:00,4.575399875640869,4.575399875640869,4.575399875640869,4.575399875640869,4.575399875640869,1,0.0,0.0
2026-10-06 15:30:00-04:00,4.576900005340576,4.577300071716309,4.576099872589111,4.577099800109863,4.577099800109863,8,0.0,0.0
2026-10-06 15:31:00-04:00,4.577000141143799,4.577000141143799,4.575799942016602,4.575799942016602,4.575799942016602,2,0.0,0.0
2026-10-06 15:32:00-04:00,4.575500011444092,4.575699806213379,4.575500011444092,4.575699806213379,4.575699806213379,3,0.0,0.0
2026-10-06 15:33:00-04:00,4.576300144195557,4.577199935913086,4.576300144195557,4.577000141143799,4.577000141143799,11,0.0,0.0
2026-10-06 15:35:00-04:00,4.57859992980957,4.57859992980957,4.57859992980957,4.57859992980957,4.57859992980957,2,0.0,0.0
2026-10-06 15:36:00-04:00,4.579699993133545,4.581600189208984,4.578700065612793,4.580900192260742,4.580900192260742,33,0.0,0.0
2026-10-06 15:37:00-04:00,4.5802998542785645,4.5802998542785645,4.5802998542785645,4.5802998542785645,4.5802998542785645,1,0.0,0.0
2026-10-06 15:39:00-04:00,4.5802001953125,4.581500053405762,4.579999923706055,4.5802998542785645,4.5802998542785645,17,0.0,0.0
2026-10-06 15:40:00-04:00,4.581999778747559,4.581999778747559,4.580900192260742,4.580900192260742,4.580900192260742,3,0.0,0.0
2026-10-06 15:43:00-04:00,4.579800128936768,4.58050012588501,4.579599857330322,4.58050012588501,4.58050012588501,11,0.0,0.0
2026-10-06 15:44:00-04:00,4.58050012588501,4.58050012588501,4.579699993133545,4.579899787902832,4.579899787902832,24,0.0,0.0
2026-10-06 15:45:00-04:00,4.583499908447266,4.58459997177124,4.582900047302246,4.584400177001953,4.584400177001953,38,0.0,0.0
2026-10-06 15:47:00-04:00,4.584799766540527,4.584799766540527,4.584799766540527,4.584799766540527,4.584799766540527,1,0.0,0.0
2026-10-06 15:48:00-04:00,4.5854997634887695,4.5854997634887695,4.5854997634887695,4.5854997634887695,4.5854997634887695,3,0.0,0.0
2026-10-06 15:49:00-04:00,4.584700107574463,4.588699817657471,4.584700107574463,4.588600158691406,4.588600158691406,113,0.0,0.0
2026-10-06 15:50:00-04:00,4.588600158691406,4.588900089263916,4.586599826812744,4.587900161743164,4.587900161743164,51,0.0,0.0
2026-10-06 15:51:00-04:00,4.587800025939941,4.5920000076293945,4.587800025939941,4.591800212860107,4.591800212860107,112,0.0,0.0
2026-10-06 15:52:00-04:00,4.592700004577637,4.599299907684326,4.5920000076293945,4.597099781036377,4.597099781036377,113,0.0,0.0
2026-10-06 15:53:00-04:00,4.596199989318848,4.600500106811523,4.595600128173828,4.599899768829346,4.599899768829346,64,0.0,0.0
2026-10-06 15:54:00-04:00,4.5991997718811035,4.600100040435791,4.5991997718811035,4.599999904632568,4.599999904632568,9,0.0,0.0
2026-10-06 15:55:00-04:00,4.601399898529053,4.601399898529053,4.600599765777588,4.600599765777588,4.600599765777588,5,0.0,0.0
2026-10-06 15:56:00-04:00,4.599999904632568,4.600599765777588,4.599699974060059,4.600299835205078,4.600299835205078,62,0.0,0.0
2026-10-06 15:57:00-04:00,4.5980000495910645,4.598899841308594,4.597599983215332,4.598499774932861,4.598499774932861,3,0.0,0.0
2026-10-06 15:58:00-04:00,4.597799777984619,4.598400115966797,4.597799777984619,4.598400115966797,4.598400115966797,5,0.0,0.0
2026-10-06 15:59:00-04:00,4.595600128173828,4.597799777984619,4.595600128173828,4.595900058746338,4.595900058746338,16,0.0,0.0
2026-10-06 16:00:00-04:00,4.596199989318848,4.6016998291015625,4.596199989318848,4.6016998291015625,4.6016998291015625,24,0.0,0.0
2026-10-06 16:01:00-04:00,4.602399826049805,4.602399826049805,4.60129976272583,4.60129976272583,4.60129976272583,14,0.0,0.0
2026-10-06 16:02:00-04:00,4.601399898529053,4.601600170135498,4.601399898529053,4.601600170135498,4.601600170135498,5,0.0,0.0
2026-10-06 16:03:00-04:00,4.601099967956543,4.6031999588012695,4.599899768829346,4.599899768829346,4.599899768829346,51,0.0,0.0
2026-10-06 16:04:00-04:00,4.598199844360352,4.599699974060059,4.598199844360352,4.599699974060059,4.599699974060059,9,0.0,0.0
2026-10-06 16:05:00-04:00,4.599999904632568,4.600200176239014,4.599800109863281,4.600200176239014,4.600200176239014,10,0.0,0.0
2026-10-06 16:07:00-04:00,4.59660005569458,4.599999904632568,4.59660005569458,4.599999904632568,4.599999904632568,38,0.0,0.0
2026-10-06 16:08:00-04:00,4.599299907684326,4.599299907684326,4.598599910736084,4.598599910736084,4.598599910736084,8,0.0,0.0
2026-10-06 16:09:00-04:00,4.599999904632568,4.602399826049805,4.599999904632568,4.602399826049805,4.602399826049805,24,0.0,0.0
2026-10-06 16:10:00-04:00,4.60290002822876,4.60290002822876,4.602700233459473,4.602700233459473,4.602700233459473,4,0.0,0.0
2026-10-06 16:11:00-04:00,4.602799892425537,4.6041998863220215,4.602799892425537,4.603099822998047,4.603099822998047,6,0.0,0.0
2026-10-06 16:12:00-04:00,4.603099822998047,4.604000091552734,4.6016998291015625,4.6016998291015625,4.6016998291015625,8,0.0,0.0
2026-10-06 16:13:00-04:00,4.600800037384033,4.600800037384033,4.5991997718811035,4.5991997718811035,4.5991997718811035,9,0.0,0.0
2026-10-06 16:15:00-04:00,4.5980000495910645,4.5980000495910645,4.5980000495910645,4.5980000495910645,4.5980000495910645,17,0.0,0.0
2026-10-06 16:16:00-04:00,4.596700191497803,4.596700191497803,4.59660005569458,4.59660005569458,4.59660005569458,3,0.0,0.0
2026-10-06 16:17:00-04:00,4.59660005569458,4.596700191497803,4.59660005569458,4.596700191497803,4.596700191497803,43,0.0,0.0
2026-10-06 16:19:00-04:00,4.596799850463867,4.598100185394287,4.596099853515625,4.598100185394287,4.598100185394287,9,0.0,0.0
2026-10-06 16:21:00-04:00,4.59660005569458,4.59660005569458,4.595300197601318,4.595300197601318,4.595300197601318,5,0.0,0.0
2026-10-06 16:22:00-04:00,4.597400188446045,4.597400188446045,4.597400188446045,4.597400188446045,4.597400188446045,3,0.0,0.0
2026-10-06 16:23:00-04:00,4.594399929046631,4.594399929046631,4.594399929046631,4.594399929046631,4.594399929046631,2,0.0,0.0
2026-10-06 16:24:00-04:00,4.5954999923706055,4.595900058746338,4.5954999923706055,4.595900058746338,4.595900058746338,89,0.0,0.0
2026-10-06 16:25:00-04:00,4.594699859619141,4.595300197601318,4.594699859619141,4.595300197601318,4.595300197601318,66,0.0,0.0
2026-10-06 16:26:00-04:00,4.597799777984619,4.597799777984619,4.594799995422363,4.59499979019165,4.59499979019165,128,0.0,0.0
2026-10-06 16:28:00-04:00,4.59499979019165,4.59499979019165,4.59499979019165,4.59499979019165,4.59499979019165,4,0.0,0.0
2026-10-06 16:29:00-04:00,4.595799922943115,4.595799922943115,4.594699859619141,4.595200061798096,4.595200061798096,19,0.0,0.0
2026-10-06 16:30:00-04:00,4.594200134277344,4.594200134277344,4.593999862670898,4.594200134277344,4.594200134277344,23,0.0,0.0
2026-10-06 16:31:00-04:00,4.595399856567383,4.596399784088135,4.594200134277344,4.594600200653076,4.594600200653076,71,0.0,0.0
2026-10-06 16:32:00-04:00,4.594600200653076,4.596399784088135,4.594600200653076,4.595099925994873,4.595099925994873,14,0.0,0.0
2026-10-06 16:33:00-04:00,4.595099925994873,4.596399784088135,4.595099925994873,4.596399784088135,4.596399784088135,14,0.0,0.0
2026-10-06 16:34:00-04:00,4.598100185394287,4.599400043487549,4.598100185394287,4.599400043487549,4.599400043487549,4,0.0,0.0
2026-10-06 16:35:00-04:00,4.598800182342529,4.598800182342529,4.597099781036377,4.597099781036377,4.597099781036377,3,0.0,0.0
2026-10-06 16:36:00-04:00,4.596799850463867,4.596799850463867,4.596799850463867,4.596799850463867,4.596799850463867,2,0.0,0.0
2026-10-06 16:37:00-04:00,4.5960001945495605,4.596099853515625,4.595099925994873,4.596099853515625,4.596099853515625,11,0.0,0.0
2026-10-06 16:38:00-04:00,4.595099925994873,4.595099925994873,4.595099925994873,4.595099925994873,4.595099925994873,13,0.0,0.0
2026-10-06 16:39:00-04:00,4.5971999168396,4.5971999168396,4.5971999168396,4.5971999168396,4.5971999168396,5,0.0,0.0
2026-10-06 16:40:00-04:00,4.599800109863281,4.602399826049805,4.599800109863281,4.601399898529053,4.601399898529053,93,0.0,0.0
2026-10-06 16:41:00-04:00,4.601399898529053,4.601399898529053,4.60129976272583,4.60129976272583,4.60129976272583,80,0.0,0.0
2026-10-06 16:42:00-04:00,4.603099822998047,4.6082000732421875,4.603099822998047,4.606599807739258,4.606599807739258,143,0.0,0.0
2026-10-06 16:43:00-04:00,4.602399826049805,4.602399826049805,4.602399826049805,4.602399826049805,4.602399826049805,12,0.0,0.0
2026-10-06 16:44:00-04:00,4.600500106811523,4.600500106811523,4.600500106811523,4.600500106811523,4.600500106811523,7,0.0,0.0
2026-10-06 16:45:00-04:00,4.6031999588012695,4.6031999588012695,4.601099967956543,4.601600170135498,4.601600170135498,5,0.0,0.0
2026-10-06 16:46:00-04:00,4.599999904632568,4.600800037384033,4.598499774932861,4.600200176239014,4.600200176239014,18,0.0,0.0
2026-10-06 16:47:00-04:00,4.5995001792907715,4.600500106811523,4.5991997718811035,4.600200176239014,4.600200176239014,5,0.0,0.0
2026-10-06 16:48:00-04:00,4.598999977111816,4.600900173187256,4.597499847412109,4.597599983215332,4.597599983215332,12,0.0,0.0
2026-10-06 16:49:00-04:00,4.595799922943115,4.595799922943115,4.595799922943115,4.595799922943115,4.595799922943115,1,0.0,0.0
2026-10-06 16:50:00-04:00,4.598199844360352,4.598199844360352,4.598199844360352,4.598199844360352,4.598199844360352,2,0.0,0.0
2026-10-06 16:52:00-04:00,4.596199989318848,4.596199989318848,4.596199989318848,4.596199989318848,4.596199989318848,7,0.0,0.0
2026-10-06 16:53:00-04:00,4.596499919891357,4.598999977111816,4.596499919891357,4.598999977111816,4.598999977111816,20,0.0,0.0
2026-10-06 16:54:00-04:00,4.598199844360352,4.600800037384033,4.598199844360352,4.600500106811523,4.600500106811523,28,0.0,0.0
2026-10-06 16:55:00-04:00,4.600900173187256,4.600900173187256,4.600299835205078,4.600900173187256,4.600900173187256,25,0.0,0.0
2026-10-06 16:56:00-04:00,4.6006999015808105,4.6006999015808105,4.599699974060059,4.599899768829346,4.599899768829346,19,0.0,0.0
2026-10-06 16:57:00-04:00,4.598599910736084,4.599999904632568,4.598599910736084,4.599999904632568,4.599999904632568,4,0.0,0.0
2026-10-06 16:58:00-04:00,4.599899768829346,4.601799964904785,4.599800109863281,4.600800037384033,4.600800037384033,23,0.0,0.0
2026-10-06 16:59:00-04:00,4.600800037384033,4.601799964904785,4.599999904632568,4.600599765777588,4.600599765777588,20,0.0,0.0
2026-10-06 18:00:00-04:00,4.604000091552734,4.604000091552734,4.587200164794922,4.587299823760986,4.587299823760986,0,0.0,0.0
2026-10-06 18:01:00-04:00,4.593500137329102,4.593500137329102,4.593200206756592,4.593200206756592,4.593200206756592,5,0.0,0.0
2026-10-06 18:02:00-04:00,4.591599941253662,4.592400074005127,4.588099956512451,4.588099956512451,4.588099956512451,12,0.0,0.0
2026-10-06 18:04:00-04:00,4.589900016784668,4.589900016784668,4.589900016784668,4.589900016784668,4.589900016784668,2,0.0,0.0
2026-10-06 18:07:00-04:00,4.589900016784668,4.589900016784668,4.589900016784668,4.589900016784668,4.589900016784668,4,0.0,0.0
2026-10-06 18:09:00-04:00,4.589099884033203,4.589099884033203,4.587399959564209,4.587399959564209,4.587399959564209,5,0.0,0.0
2026-10-06 18:14:00-04:00,4.588799953460693,4.588799953460693,4.588799953460693,4.588799953460693,4.588799953460693,1,0.0,0.0
2026-10-06 18:16:00-04:00,4.587800025939941,4.587800025939941,4.587800025939941,4.587800025939941,4.587800025939941,1,0.0,0.0
2026-10-06 18:17:00-04:00,4.587200164794922,4.589600086212158,4.587200164794922,4.589600086212158,4.589600086212158,3,0.0,0.0
2026-10-06 18:22:00-04:00,4.589900016784668,4.589900016784668,4.5894999504089355,4.5894999504089355,4.5894999504089355,6,0.0,0.0
2026-10-06 18:29:00-04:00,4.586999893188477,4.586999893188477,4.586999893188477,4.586999893188477,4.586999893188477,1,0.0,0.0
2026-10-06 18:33:00-04:00,4.587100028991699,4.587100028991699,4.587100028991699,4.587100028991699,4.587100028991699,2,0.0,0.0
2026-10-06 18:35:00-04:00,4.587500095367432,4.5883002281188965,4.587500095367432,4.5883002281188965,4.5883002281188965,7,0.0,0.0
2026-10-06 18:37:00-04:00,4.58650016784668,4.58650016784668,4.58650016784668,4.58650016784668,4.58650016784668,2,0.0,0.0
2026-10-06 18:38:00-04:00,4.586699962615967,4.587299823760986,4.586699962615967,4.587299823760986,4.587299823760986,4,0.0,0.0
2026-10-06 18:39:00-04:00,4.586900234222412,4.586900234222412,4.586400032043457,4.586900234222412,4.586900234222412,4,0.0,0.0
2026-10-06 18:40:00-04:00,4.584400177001953,4.584400177001953,4.584400177001953,4.584400177001953,4.584400177001953,4,0.0,0.0
2026-10-06 18:52:00-04:00,4.586900234222412,4.586900234222412,4.585700035095215,4.586900234222412,4.586900234222412,3,0.0,0.0
2026-10-06 18:53:00-04:00,4.586400032043457,4.587600231170654,4.586400032043457,4.587600231170654,4.587600231170654,2,0.0,0.0
2026-10-06 18:54:00-04:00,4.587500095367432,4.587500095367432,4.586900234222412,4.587399959564209,4.587399959564209,4,0.0,0.0
2026-10-06 18:56:00-04:00,4.586999893188477,4.586999893188477,4.586999893188477,4.586999893188477,4.586999893188477,0,0.0,0.0
2026-10-06 19:03:00-04:00,4.590400218963623,4.590400218963623,4.590400218963623,4.590400218963623,4.590400218963623,81,0.0,0.0
2026-10-06 19:04:00-04:00,4.5920000076293945,4.5920000076293945,4.5920000076293945,4.5920000076293945,4.5920000076293945,1,0.0,0.0
2026-10-06 19:06:00-04:00,4.593299865722656,4.593299865722656,4.593299865722656,4.593299865722656,4.593299865722656,2,0.0,0.0
2026-10-06 19:07:00-04:00,4.589600086212158,4.589600086212158,4.589600086212158,4.589600086212158,4.589600086212158,1,0.0,0.0
2026-10-06 19:08:00-04:00,4.593999862670898,4.5960001945495605,4.5914998054504395,4.595900058746338,4.595900058746338,6,0.0,0.0
2026-10-06 19:09:00-04:00,4.592899799346924,4.592899799346924,4.592899799346924,4.592899799346924,4.592899799346924,1,0.0,0.0
2026-10-06 19:11:00-04:00,4.592199802398682,4.592199802398682,4.592199802398682,4.592199802398682,4.592199802398682,2,0.0,0.0
2026-10-06 19:12:00-04:00,4.59089994430542,4.591000080108643,4.59089994430542,4.591000080108643,4.591000080108643,2,0.0,0.0
2026-10-06 19:15:00-04:00,4.589200019836426,4.589200019836426,4.589200019836426,4.589200019836426,4.589200019836426,1,0.0,0.0
2026-10-06 19:17:00-04:00,4.592400074005127,4.592400074005127,4.592400074005127,4.592400074005127,4.592400074005127,1,0.0,0.0
2026-10-06 19:18:00-04:00,4.589200019836426,4.589200019836426,4.589200019836426,4.589200019836426,4.589200019836426,1,0.0,0.0
2026-10-06 19:19:00-04:00,4.592199802398682,4.592299938201904,4.592199802398682,4.592299938201904,4.592299938201904,3,0.0,0.0
2026-10-06 19:21:00-04:00,4.589300155639648,4.589300155639648,4.589300155639648,4.589300155639648,4.589300155639648,4,0.0,0.0
2026-10-06 19:23:00-04:00,4.592899799346924,4.592899799346924,4.592899799346924,4.592899799346924,4.592899799346924,1,0.0,0.0
2026-10-06 19:24:00-04:00,4.588699817657471,4.592700004577637,4.588699817657471,4.592700004577637,4.592700004577637,5,0.0,0.0
2026-10-06 19:25:00-04:00,4.590099811553955,4.590099811553955,4.590099811553955,4.590099811553955,4.590099811553955,0,0.0,0.0
2026-10-06 19:35:00-04:00,4.596499919891357,4.596499919891357,4.5960001945495605,4.5960001945495605,4.5960001945495605,115,0.0,0.0
2026-10-06 19:37:00-04:00,4.595099925994873,4.595099925994873,4.59499979019165,4.59499979019165,4.59499979019165,3,0.0,0.0
2026-10-06 19:40:00-04:00,4.5954999923706055,4.5954999923706055,4.5954999923706055,4.5954999923706055,4.5954999923706055,1,0.0,0.0
2026-10-06 19:45:00-04:00,4.597099781036377,4.597099781036377,4.597099781036377,4.597099781036377,4.597099781036377,1,0.0,0.0
2026-10-06 19:49:00-04:00,4.597899913787842,4.600200176239014,4.597899913787842,4.600200176239014,4.600200176239014,9,0.0,0.0
2026-10-06 19:50:00-04:00,4.599999904632568,4.60290002822876,4.599999904632568,4.602799892425537,4.602799892425537,4,0.0,0.0
2026-10-06 19:51:00-04:00,4.598800182342529,4.598800182342529,4.59630012512207,4.59630012512207,4.59630012512207,4,0.0,0.0
2026-10-06 19:53:00-04:00,4.59660005569458,4.59660005569458,4.59660005569458,4.59660005569458,4.59660005569458,1,0.0,0.0
2026-10-06 19:55:00-04:00,4.598800182342529,4.598800182342529,4.598800182342529,4.598800182342529,4.598800182342529,3,0.0,0.0
2026-10-06 19:56:00-04:00,4.601200103759766,4.6020002365112305,4.600299835205078,4.600299835205078,4.600299835205078,5,0.0,0.0
2026-10-06 19:57:00-04:00,4.6016998291015625,4.6016998291015625,4.6016998291015625,4.6016998291015625,4.6016998291015625,1,0.0,0.0
2026-10-06 19:58:00-04:00,4.595799922943115,4.595799922943115,4.595799922943115,4.595799922943115,4.595799922943115,1,0.0,0.0
2026-10-06 19:59:00-04:00,4.597599983215332,4.597599983215332,4.59660005569458,4.59660005569458,4.59660005569458,5,0.0,0.0
2026-10-06 20:00:00-04:00,4.598199844360352,4.602700233459473,4.598199844360352,4.602700233459473,4.602700233459473,10,0.0,0.0
2026-10-06 20:01:00-04:00,4.601799964904785,4.606599807739258,4.60129976272583,4.606599807739258,4.606599807739258,13,0.0,0.0
2026-10-06 20:02:00-04:00,4.5991997718811035,4.599599838256836,4.5991997718811035,4.599599838256836,4.599599838256836,2,0.0,0.0
2026-10-06 20:03:00-04:00,4.605100154876709,4.605100154876709,4.604400157928467,4.605000019073486,4.605000019073486,9,0.0,0.0
2026-10-06 20:06:00-04:00,4.604400157928467,4.604400157928467,4.601600170135498,4.601600170135498,4.601600170135498,5,0.0,0.0
2026-10-06 20:07:00-04:00,4.604599952697754,4.604599952697754,4.600900173187256,4.600900173187256,4.600900173187256,3,0.0,0.0
2026-10-06 20:08:00-04:00,4.603300094604492,4.603300094604492,4.603300094604492,4.603300094604492,4.603300094604492,3,0.0,0.0
2026-10-06 20:09:00-04:00,4.604899883270264,4.604899883270264,4.604899883270264,4.604899883270264,4.604899883270264,1,0.0,0.0
2026-10-06 20:10:00-04:00,4.604800224304199,4.604800224304199,4.604700088500977,4.604700088500977,4.604700088500977,3,0.0,0.0
2026-10-06 20:11:00-04:00,4.600900173187256,4.600900173187256,4.600800037384033,4.600800037384033,4.600800037384033,2,0.0,0.0
2026-10-06 20:14:00-04:00,4.602200031280518,4.603099822998047,4.6020002365112305,4.603099822998047,4.603099822998047,41,0.0,0.0
2026-10-06 20:15:00-04:00,4.604700088500977,4.6082000732421875,4.604700088500977,4.6082000732421875,4.6082000732421875,17,0.0,0.0
2026-10-06 20:17:00-04:00,4.609600067138672,4.609799861907959,4.608699798583984,4.608699798583984,4.608699798583984,10,0.0,0.0
2026-10-06 20:24:00-04:00,4.616300106048584,4.617300033569336,4.614500045776367,4.617300033569336,4.617300033569336,53,0.0,0.0
2026-10-06 20:26:00-04:00,4.614500045776367,4.614500045776367,4.614500045776367,4.614500045776367,4.614500045776367,1,0.0,0.0
2026-10-06 20:27:00-04:00,4.616399765014648,4.623199939727783,4.616399765014648,4.619999885559082,4.619999885559082,43,0.0,0.0
2026-10-06 20:28:00-04:00,4.618800163269043,4.620200157165527,4.617700099945068,4.620200157165527,4.620200157165527,6,0.0,0.0
2026-10-06 20:29:00-04:00,4.619200229644775,4.621099948883057,4.619200229644775,4.621099948883057,4.621099948883057,7,0.0,0.0
2026-10-06 20:30:00-04:00,4.622900009155273,4.622900009155273,4.620299816131592,4.620299816131592,4.620299816131592,3,0.0,0.0
2026-10-06 20:31:00-04:00,4.621200084686279,4.621200084686279,4.619500160217285,4.621099948883057,4.621099948883057,5,0.0,0.0
2026-10-06 20:32:00-04:00,4.618500232696533,4.6219000816345215,4.618500232696533,4.620299816131592,4.620299816131592,5,0.0,0.0
2026-10-06 20:33:00-04:00,4.620999813079834,4.620999813079834,4.619900226593018,4.6209001541137695,4.6209001541137695,3,0.0,0.0
2026-10-06 20:34:00-04:00,4.616600036621094,4.616600036621094,4.616600036621094,4.616600036621094,4.616600036621094,1,0.0,0.0
2026-10-06 20:35:00-04:00,4.615900039672852,4.6168999671936035,4.613999843597412,4.614099979400635,4.614099979400635,6,0.0,0.0
2026-10-06 20:36:00-04:00,4.6168999671936035,4.617000102996826,4.614099979400635,4.614099979400635,4.614099979400635,9,0.0,0.0
2026-10-06 20:37:00-04:00,4.6149001121521,4.6149001121521,4.6149001121521,4.6149001121521,4.6149001121521,1,0.0,0.0
2026-10-06 20:38:00-04:00,4.613999843597412,4.613999843597412,4.613999843597412,4.613999843597412,4.613999843597412,6,0.0,0.0
2026-10-06 20:39:00-04:00,4.61269998550415,4.61269998550415,4.610400199890137,4.611599922180176,4.611599922180176,5,0.0,0.0
2026-10-06 20:40:00-04:00,4.610400199890137,4.610899925231934,4.608799934387207,4.608799934387207,4.608799934387207,29,0.0,0.0
2026-10-06 20:41:00-04:00,4.607699871063232,4.607800006866455,4.607699871063232,4.607800006866455,4.607800006866455,3,0.0,0.0
2026-10-06 20:42:00-04:00,4.604000091552734,4.605299949645996,4.603700160980225,4.604000091552734,4.604000091552734,6,0.0,0.0
2026-10-06 20:43:00-04:00,4.604100227355957,4.605999946594238,4.604100227355957,4.604300022125244,4.604300022125244,5,0.0,0.0
2026-10-06 20:44:00-04:00,4.605299949645996,4.605299949645996,4.605299949645996,4.605299949645996,4.605299949645996,1,0.0,0.0
2026-10-06 20:45:00-04:00,4.602099895477295,4.602099895477295,4.601500034332275,4.601799964904785,4.601799964904785,4,0.0,0.0
2026-10-06 20:47:00-04:00,4.598599910736084,4.601500034332275,4.598599910736084,4.601500034332275,4.601500034332275,4,0.0,0.0
2026-10-06 20:48:00-04:00,4.601500034332275,4.6031999588012695,4.601500034332275,4.6031999588012695,4.6031999588012695,5,0.0,0.0
2026-10-06 20:49:00-04:00,4.603499889373779,4.606599807739258,4.603499889373779,4.606599807739258,4.606599807739258,5,0.0,0.0
2026-10-06 20:50:00-04:00,4.608099937438965,4.608699798583984,4.605299949645996,4.607800006866455,4.607800006866455,14,0.0,0.0
2026-10-06 20:51:00-04:00,4.605199813842773,4.605199813842773,4.605100154876709,4.605100154876709,4.605100154876709,2,0.0,0.0
2026-10-06 20:52:00-04:00,4.604700088500977,4.604700088500977,4.603799819946289,4.603799819946289,4.603799819946289,2,0.0,0.0
2026-10-06 20:53:00-04:00,4.604400157928467,4.605000019073486,4.6031999588012695,4.603400230407715,4.603400230407715,4,0.0,0.0
2026-10-06 20:54:00-04:00,4.60290002822876,4.60290002822876,4.60290002822876,4.60290002822876,4.60290002822876,3,0.0,0.0
2026-10-06 20:56:00-04:00,4.603400230407715,4.606900215148926,4.603400230407715,4.605599880218506,4.605599880218506,4,0.0,0.0
2026-10-06 20:57:00-04:00,4.607999801635742,4.607999801635742,4.605800151824951,4.605800151824951,4.605800151824951,2,0.0,0.0
2026-10-06 20:58:00-04:00,4.608699798583984,4.608699798583984,4.606599807739258,4.607900142669678,4.607900142669678,3,0.0,0.0
2026-10-06 20:59:00-04:00,4.609600067138672,4.611800193786621,4.609600067138672,4.611800193786621,4.611800193786621,4,0.0,0.0
2026-10-06 21:00:00-04:00,4.6184000968933105,4.619699954986572,4.618299961090088,4.619699954986572,4.619699954986572,11,0.0,0.0
2026-10-06 21:01:00-04:00,4.622300148010254,4.622300148010254,4.622300148010254,4.622300148010254,4.622300148010254,1,0.0,0.0
2026-10-06 21:02:00-04:00,4.624499797821045,4.624499797821045,4.622700214385986,4.622700214385986,4.622700214385986,4,0.0,0.0
2026-10-06 21:03:00-04:00,4.6230998039245605,4.6230998039245605,4.6230998039245605,4.6230998039245605,4.6230998039245605,1,0.0,0.0
2026-10-06 21:04:00-04:00,4.622000217437744,4.622000217437744,4.6203999519348145,4.622000217437744,4.622000217437744,4,0.0,0.0
2026-10-06 21:06:00-04:00,4.624000072479248,4.624000072479248,4.624000072479248,4.624000072479248,4.624000072479248,1,0.0,0.0
2026-10-06 21:07:00-04:00,4.625,4.625,4.6244001388549805,4.6244001388549805,4.6244001388549805,4,0.0,0.0
2026-10-06 21:13:00-04:00,4.625,4.625899791717529,4.625,4.625899791717529,4.625899791717529,4,0.0,0.0
2026-10-06 21:15:00-04:00,4.631499767303467,4.631499767303467,4.631499767303467,4.631499767303467,4.631499767303467,3,0.0,0.0
2026-10-06 21:16:00-04:00,4.6290998458862305,4.6290998458862305,4.6290998458862305,4.6290998458862305,4.6290998458862305,3,0.0,0.0
2026-10-06 21:19:00-04:00,4.627999782562256,4.627999782562256,4.627999782562256,4.627999782562256,4.627999782562256,3,0.0,0.0
2026-10-06 21:20:00-04:00,4.6265997886657715,4.6265997886657715,4.626399993896484,4.626399993896484,4.626399993896484,6,0.0,0.0
2026-10-06 21:22:00-04:00,4.629300117492676,4.62939977645874,4.629300117492676,4.62939977645874,4.62939977645874,71,0.0,0.0
2026-10-06 21:23:00-04:00,4.634399890899658,4.634500026702881,4.634399890899658,4.634500026702881,4.634500026702881,4,0.0,0.0
2026-10-06 21:24:00-04:00,4.634399890899658,4.634500026702881,4.632900238037109,4.633200168609619,4.633200168609619,28,0.0,0.0
2026-10-06 21:25:00-04:00,4.633699893951416,4.636099815368652,4.633699893951416,4.636099815368652,4.636099815368652,6,0.0,0.0
2026-10-06 21:26:00-04:00,4.63539981842041,4.6417999267578125,4.63539981842041,4.64169979095459,4.64169979095459,22,0.0,0.0
2026-10-06 21:27:00-04:00,4.640500068664551,4.640500068664551,4.640500068664551,4.640500068664551,4.640500068664551,4,0.0,0.0
2026-10-06 21:29:00-04:00,4.6381001472473145,4.638599872589111,4.6381001472473145,4.638599872589111,4.638599872589111,4,0.0,0.0
2026-10-06 21:30:00-04:00,4.636300086975098,4.639800071716309,4.636300086975098,4.638000011444092,4.638000011444092,15,0.0,0.0
2026-10-06 21:32:00-04:00,4.6350998878479,4.6350998878479,4.6350998878479,4.6350998878479,4.6350998878479,4,0.0,0.0
2026-10-06 21:33:00-04:00,4.638000011444092,4.638000011444092,4.6367998123168945,4.638000011444092,4.638000011444092,1,0.0,0.0
2026-10-06 21:34:00-04:00,4.640100002288818,4.640100002288818,4.640100002288818,4.640100002288818,4.640100002288818,14,0.0,0.0
2026-10-06 21:35:00-04:00,4.640600204467773,4.640600204467773,4.640600204467773,4.640600204467773,4.640600204467773,2,0.0,0.0
2026-10-06 21:36:00-04:00,4.638999938964844,4.638999938964844,4.638999938964844,4.638999938964844,4.638999938964844,6,0.0,0.0
2026-10-06 21:42:00-04:00,4.6315999031066895,4.6315999031066895,4.63040018081665,4.63040018081665,4.63040018081665,3,0.0,0.0
2026-10-06 21:43:00-04:00,4.6305999755859375,4.6305999755859375,4.630499839782715,4.630499839782715,4.630499839782715,4,0.0,0.0
2026-10-06 21:45:00-04:00,4.6296000480651855,4.63100004196167,4.6296000480651855,4.63100004196167,4.63100004196167,4,0.0,0.0
2026-10-06 21:48:00-04:00,4.634200096130371,4.634500026702881,4.633299827575684,4.633299827575684,4.633299827575684,7,0.0,0.0
2026-10-06 21:50:00-04:00,4.636499881744385,4.638299942016602,4.636499881744385,4.638299942016602,4.638299942016602,3,0.0,0.0
2026-10-06 21:51:00-04:00,4.637800216674805,4.642899990081787,4.637800216674805,4.642099857330322,4.642099857330322,10,0.0,0.0
2026-10-06 21:52:00-04:00,4.639500141143799,4.639500141143799,4.639500141143799,4.639500141143799,4.639500141143799,1,0.0,0.0
2026-10-06 21:53:00-04:00,4.642099857330322,4.642099857330322,4.638999938964844,4.638999938964844,4.638999938964844,6,0.0,0.0
2026-10-06 21:54:00-04:00,4.640200138092041,4.640999794006348,4.638999938964844,4.640999794006348,4.640999794006348,10,0.0,0.0
2026-10-06 21:55:00-04:00,4.639999866485596,4.639999866485596,4.637599945068359,4.637599945068359,4.637599945068359,4,0.0,0.0
2026-10-06 21:57:00-04:00,4.637700080871582,4.639400005340576,4.637700080871582,4.639400005340576,4.639400005340576,2,0.0,0.0
2026-10-06 21:58:00-04:00,4.642499923706055,4.642499923706055,4.642499923706055,4.642499923706055,4.642499923706055,1,0.0,0.0
2026-10-06 22:03:00-04:00,4.6442999839782715,4.6442999839782715,4.6427998542785645,4.6427998542785645,4.6427998542785645,3,0.0,0.0
2026-10-06 22:04:00-04:00,4.637899875640869,4.638299942016602,4.637800216674805,4.638299942016602,4.638299942016602,4,0.0,0.0
2026-10-06 22:05:00-04:00,4.640500068664551,4.640500068664551,4.640500068664551,4.640500068664551,4.640500068664551,1,0.0,0.0
2026-10-06 22:07:00-04:00,4.636099815368652,4.636099815368652,4.636099815368652,4.636099815368652,4.636099815368652,1,0.0,0.0
2026-10-06 22:13:00-04:00,4.635000228881836,4.635000228881836,4.635000228881836,4.635000228881836,4.635000228881836,2,0.0,0.0
2026-10-06 22:17:00-04:00,4.640200138092041,4.640200138092041,4.640200138092041,4.640200138092041,4.640200138092041,6,0.0,0.0
2026-10-06 22:18:00-04:00,4.638599872589111,4.639999866485596,4.638599872589111,4.639999866485596,4.639999866485596,4,0.0,0.0
2026-10-06 22:19:00-04:00,4.638999938964844,4.641300201416016,4.638999938964844,4.641300201416016,4.641300201416016,6,0.0,0.0
2026-10-06 22:22:00-04:00,4.63730001449585,4.63730001449585,4.63730001449585,4.63730001449585,4.63730001449585,1,0.0,0.0
2026-10-06 22:24:00-04:00,4.636000156402588,4.636000156402588,4.636000156402588,4.636000156402588,4.636000156402588,1,0.0,0.0
2026-10-06 22:25:00-04:00,4.638899803161621,4.638899803161621,4.637499809265137,4.637499809265137,4.637499809265137,5,0.0,0.0
2026-10-06 22:26:00-04:00,4.636300086975098,4.637499809265137,4.636300086975098,4.637499809265137,4.637499809265137,7,0.0,0.0
2026-10-06 22:29:00-04:00,4.637800216674805,4.637800216674805,4.635900020599365,4.635900020599365,4.635900020599365,5,0.0,0.0
2026-10-06 22:37:00-04:00,4.634300231933594,4.6356000900268555,4.634099960327148,4.6346001625061035,4.6346001625061035,9,0.0,0.0
2026-10-06 22:38:00-04:00,4.635200023651123,4.635200023651123,4.635200023651123,4.635200023651123,4.635200023651123,1,0.0,0.0
2026-10-06 22:39:00-04:00,4.635300159454346,4.636099815368652,4.6350998878479,4.636099815368652,4.636099815368652,6,0.0,0.0
2026-10-06 22:42:00-04:00,4.632400035858154,4.633800029754639,4.632400035858154,4.633800029754639,4.633800029754639,5,0.0,0.0
2026-10-06 22:43:00-04:00,4.633999824523926,4.633999824523926,4.633999824523926,4.633999824523926,4.633999824523926,1,0.0,0.0
2026-10-06 22:45:00-04:00,4.632199764251709,4.632199764251709,4.629899978637695,4.63129997253418,4.63129997253418,10,0.0,0.0
2026-10-06 22:46:00-04:00,4.627099990844727,4.627099990844727,4.627099990844727,4.627099990844727,4.627099990844727,1,0.0,0.0
2026-10-06 22:47:00-04:00,4.627299785614014,4.627299785614014,4.627299785614014,4.627299785614014,4.627299785614014,1,0.0,0.0
2026-10-06 22:48:00-04:00,4.6269001960754395,4.6269001960754395,4.624499797821045,4.625400066375732,4.625400066375732,10,0.0,0.0
2026-10-06 22:53:00-04:00,4.6305999755859375,4.6305999755859375,4.63040018081665,4.63040018081665,4.63040018081665,2,0.0,0.0
2026-10-06 22:58:00-04:00,4.63100004196167,4.631499767303467,4.63100004196167,4.631499767303467,4.631499767303467,3,0.0,0.0
2026-10-06 22:59:00-04:00,4.63129997253418,4.63129997253418,4.63070011138916,4.63070011138916,4.63070011138916,3,0.0,0.0
2026-10-06 23:00:00-04:00,4.628799915313721,4.634399890899658,4.628799915313721,4.633699893951416,4.633699893951416,27,0.0,0.0
2026-10-06 23:01:00-04:00,4.634300231933594,4.634300231933594,4.634300231933594,4.634300231933594,4.634300231933594,1,0.0,0.0
2026-10-06 23:02:00-04:00,4.6346001625061035,4.636899948120117,4.6346001625061035,4.636899948120117,4.636899948120117,3,0.0,0.0
2026-10-06 23:03:00-04:00,4.6346001625061035,4.6346001625061035,4.6346001625061035,4.6346001625061035,4.6346001625061035,1,0.0,0.0
2026-10-06 23:07:00-04:00,4.6346001625061035,4.6346001625061035,4.633800029754639,4.634300231933594,4.634300231933594,6,0.0,0.0
2026-10-06 23:09:00-04:00,4.638000011444092,4.638000011444092,4.638000011444092,4.638000011444092,4.638000011444092,1,0.0,0.0
2026-10-06 23:11:00-04:00,4.637499809265137,4.637599945068359,4.63640022277832,4.63640022277832,4.63640022277832,5,0.0,0.0
2026-10-06 23:12:00-04:00,4.63539981842041,4.63539981842041,4.63539981842041,4.63539981842041,4.63539981842041,0,0.0,0.0
2026-10-06 23:14:00-04:00,4.639599800109863,4.639699935913086,4.639599800109863,4.639699935913086,4.639699935913086,953,0.0,0.0
2026-10-06 23:16:00-04:00,4.640900135040283,4.64169979095459,4.640500068664551,4.640500068664551,4.640500068664551,6,0.0,0.0
2026-10-06 23:17:00-04:00,4.639800071716309,4.639800071716309,4.639800071716309,4.639800071716309,4.639800071716309,1,0.0,0.0
2026-10-06 23:19:00-04:00,4.639200210571289,4.639200210571289,4.63730001449585,4.63730001449585,4.63730001449585,4,0.0,0.0
2026-10-06 23:20:00-04:00,4.636300086975098,4.636300086975098,4.632299900054932,4.632299900054932,4.632299900054932,3,0.0,0.0
2026-10-06 23:23:00-04:00,4.632800102233887,4.632800102233887,4.632699966430664,4.632699966430664,4.632699966430664,3,0.0,0.0
2026-10-06 23:26:00-04:00,4.634699821472168,4.635000228881836,4.634699821472168,4.635000228881836,4.635000228881836,4,0.0,0.0
2026-10-06 23:27:00-04:00,4.633200168609619,4.633200168609619,4.633200168609619,4.633200168609619,4.633200168609619,1,0.0,0.0
2026-10-06 23:31:00-04:00,4.634699821472168,4.6356000900268555,4.634699821472168,4.6356000900268555,4.6356000900268555,9,0.0,0.0
2026-10-06 23:32:00-04:00,4.634699821472168,4.634699821472168,4.634699821472168,4.634699821472168,4.634699821472168,1,0.0,0.0
2026-10-06 23:33:00-04:00,4.63539981842041,4.636899948120117,4.63539981842041,4.635700225830078,4.635700225830078,7,0.0,0.0
2026-10-06 23:34:00-04:00,4.639400005340576,4.639400005340576,4.639400005340576,4.639400005340576,4.639400005340576,2,0.0,0.0
2026-10-06 23:35:00-04:00,4.640999794006348,4.640999794006348,4.637899875640869,4.637899875640869,4.637899875640869,5,0.0,0.0
2026-10-06 23:38:00-04:00,4.636499881744385,4.636499881744385,4.636099815368652,4.636099815368652,4.636099815368652,5,0.0,0.0
2026-10-06 23:39:00-04:00,4.638299942016602,4.638299942016602,4.638299942016602,4.638299942016602,4.638299942016602,1,0.0,0.0
2026-10-06 23:41:00-04:00,4.6381001472473145,4.6381001472473145,4.638000011444092,4.638000011444092,4.638000011444092,5,0.0,0.0
2026-10-06 23:42:00-04:00,4.637899875640869,4.637899875640869,4.6356000900268555,4.636300086975098,4.636300086975098,51,0.0,0.0
2026-10-06 23:43:00-04:00,4.63670015335083,4.637599945068359,4.636600017547607,4.636600017547607,4.636600017547607,6,0.0,0.0
2026-10-06 23:44:00-04:00,4.635900020599365,4.635900020599365,4.635900020599365,4.635900020599365,4.635900020599365,25,0.0,0.0
2026-10-06 23:49:00-04:00,4.631400108337402,4.631999969482422,4.631400108337402,4.631800174713135,4.631800174713135,16,0.0,0.0
2026-10-06 23:50:00-04:00,4.632999897003174,4.633900165557861,4.632999897003174,4.633900165557861,4.633900165557861,3,0.0,0.0
2026-10-06 23:51:00-04:00,4.6350998878479,4.636899948120117,4.6350998878479,4.6356000900268555,4.6356000900268555,5,0.0,0.0
2026-10-06 23:52:00-04:00,4.638400077819824,4.638400077819824,4.634900093078613,4.634900093078613,4.634900093078613,2,0.0,0.0
2026-10-06 23:57:00-04:00,4.639599800109863,4.639599800109863,4.637700080871582,4.637700080871582,4.637700080871582,2,0.0,0.0
2026-10-06 23:58:00-04:00,4.640399932861328,4.640399932861328,4.639500141143799,4.639599800109863,4.639599800109863,6,0.0,0.0
2026-10-07 00:00:00-04:00,4.639800071716309,4.64169979095459,4.639800071716309,4.640100002288818,4.640100002288818,72,0.0,0.0
2026-10-07 00:04:00-04:00,4.639500141143799,4.639500141143799,4.6371002197265625,4.6371002197265625,4.6371002197265625,5,0.0,0.0
2026-10-07 00:06:00-04:00,4.637899875640869,4.639200210571289,4.637800216674805,4.639200210571289,4.639200210571289,5,0.0,0.0
2026-10-07 00:07:00-04:00,4.638700008392334,4.639500141143799,4.637800216674805,4.639500141143799,4.639500141143799,3,0.0,0.0
2026-10-07 00:08:00-04:00,4.6381001472473145,4.6381001472473145,4.638000011444092,4.638000011444092,4.638000011444092,2,0.0,0.0
2026-10-07 00:17:00-04:00,4.638000011444092,4.640200138092041,4.638000011444092,4.640100002288818,4.640100002288818,20,0.0,0.0
2026-10-07 00:18:00-04:00,4.646500110626221,4.646500110626221,4.643099784851074,4.643099784851074,4.643099784851074,12,0.0,0.0
2026-10-07 00:19:00-04:00,4.642000198364258,4.644700050354004,4.642000198364258,4.644700050354004,4.644700050354004,9,0.0,0.0
2026-10-07 00:21:00-04:00,4.644800186157227,4.644800186157227,4.644800186157227,4.644800186157227,4.644800186157227,6,0.0,0.0
2026-10-07 00:22:00-04:00,4.64139986038208,4.64139986038208,4.64139986038208,4.64139986038208,4.64139986038208,1,0.0,0.0
2026-10-07 00:24:00-04:00,4.640699863433838,4.644100189208984,4.639999866485596,4.644100189208984,4.644100189208984,34,0.0,0.0
2026-10-07 00:25:00-04:00,4.644199848175049,4.644199848175049,4.644199848175049,4.644199848175049,4.644199848175049,2,0.0,0.0
2026-10-07 00:27:00-04:00,4.645899772644043,4.645899772644043,4.645899772644043,4.645899772644043,4.645899772644043,1,0.0,0.0
2026-10-07 00:28:00-04:00,4.645899772644043,4.646500110626221,4.645899772644043,4.646500110626221,4.646500110626221,2,0.0,0.0
2026-10-07 00:30:00-04:00,4.644199848175049,4.644199848175049,4.644199848175049,4.644199848175049,4.644199848175049,1,0.0,0.0
2026-10-07 00:31:00-04:00,4.645100116729736,4.646500110626221,4.645100116729736,4.645899772644043,4.645899772644043,9,0.0,0.0
2026-10-07 00:32:00-04:00,4.644499778747559,4.644499778747559,4.644499778747559,4.644499778747559,4.644499778747559,1,0.0,0.0
2026-10-07 00:43:00-04:00,4.644000053405762,4.644000053405762,4.644000053405762,4.644000053405762,4.644000053405762,1,0.0,0.0
2026-10-07 00:44:00-04:00,4.643400192260742,4.644700050354004,4.643400192260742,4.644700050354004,4.644700050354004,3,0.0,0.0
2026-10-07 00:49:00-04:00,4.643400192260742,4.643400192260742,4.643400192260742,4.643400192260742,4.643400192260742,1,0.0,0.0
2026-10-07 00:53:00-04:00,4.644100189208984,4.644100189208984,4.639999866485596,4.639999866485596,4.639999866485596,14,0.0,0.0
2026-10-07 00:54:00-04:00,4.639999866485596,4.642000198364258,4.639999866485596,4.641300201416016,4.641300201416016,28,0.0,0.0
2026-10-07 00:55:00-04:00,4.642600059509277,4.642600059509277,4.642600059509277,4.642600059509277,4.642600059509277,1,0.0,0.0
2026-10-07 00:58:00-04:00,4.642300128936768,4.642300128936768,4.642300128936768,4.642300128936768,4.642300128936768,1,0.0,0.0
2026-10-07 00:59:00-04:00,4.645599842071533,4.645599842071533,4.645599842071533,4.645599842071533,4.645599842071533,2,0.0,0.0
2026-10-07 01:00:00-04:00,4.643700122833252,4.643700122833252,4.643700122833252,4.643700122833252,4.643700122833252,1,0.0,0.0
2026-10-07 01:01:00-04:00,4.644999980926514,4.6458001136779785,4.644999980926514,4.6458001136779785,4.6458001136779785,8,0.0,0.0
2026-10-07 01:04:00-04:00,4.6458001136779785,4.6458001136779785,4.645699977874756,4.645699977874756,4.645699977874756,2,0.0,0.0
2026-10-07 01:05:00-04:00,4.644599914550781,4.646299839019775,4.644599914550781,4.646299839019775,4.646299839019775,13,0.0,0.0
2026-10-07 01:10:00-04:00,4.647799968719482,4.647799968719482,4.647799968719482,4.647799968719482,4.647799968719482,8,0.0,0.0
2026-10-07 01:11:00-04:00,4.650000095367432,4.650000095367432,4.649199962615967,4.649799823760986,4.649799823760986,9,0.0,0.0
2026-10-07 01:13:00-04:00,4.64769983291626,4.64769983291626,4.639999866485596,4.642099857330322,4.642099857330322,89,0.0,0.0
2026-10-07 01:14:00-04:00,4.64109992980957,4.64300012588501,4.640999794006348,4.64300012588501,4.64300012588501,15,0.0,0.0
2026-10-07 01:16:00-04:00,4.644999980926514,4.647900104522705,4.644100189208984,4.647900104522705,4.647900104522705,13,0.0,0.0
2026-10-07 01:17:00-04:00,4.646900177001953,4.646900177001953,4.645400047302246,4.6458001136779785,4.6458001136779785,8,0.0,0.0
2026-10-07 01:18:00-04:00,4.648399829864502,4.648399829864502,4.648399829864502,4.648399829864502,4.648399829864502,2,0.0,0.0
2026-10-07 01:20:00-04:00,4.64870023727417,4.6508002281188965,4.6479997634887695,4.6508002281188965,4.6508002281188965,16,0.0,0.0
2026-10-07 01:21:00-04:00,4.651199817657471,4.651199817657471,4.651199817657471,4.651199817657471,4.651199817657471,1,0.0,0.0
2026-10-07 01:22:00-04:00,4.651400089263916,4.653600215911865,4.651400089263916,4.65310001373291,4.65310001373291,7,0.0,0.0
2026-10-07 01:23:00-04:00,4.6529998779296875,4.65369987487793,4.652200222015381,4.652200222015381,4.652200222015381,13,0.0,0.0
2026-10-07 01:25:00-04:00,4.650899887084961,4.650899887084961,4.650899887084961,4.650899887084961,4.650899887084961,2,0.0,0.0
2026-10-07 01:28:00-04:00,4.651400089263916,4.651400089263916,4.651199817657471,4.651400089263916,4.651400089263916,28,0.0,0.0
2026-10-07 01:29:00-04:00,4.6528000831604,4.6528000831604,4.6528000831604,4.6528000831604,4.6528000831604,5,0.0,0.0
2026-10-07 01:32:00-04:00,4.6539998054504395,4.65500020980835,4.6539998054504395,4.65500020980835,4.65500020980835,2,0.0,0.0
2026-10-07 01:33:00-04:00,4.655600070953369,4.657700061798096,4.655300140380859,4.656899929046631,4.656899929046631,29,0.0,0.0
2026-10-07 01:34:00-04:00,4.65500020980835,4.65500020980835,4.65500020980835,4.65500020980835,4.65500020980835,3,0.0,0.0
2026-10-07 01:36:00-04:00,4.654200077056885,4.654200077056885,4.654099941253662,4.654099941253662,4.654099941253662,4,0.0,0.0
2026-10-07 01:40:00-04:00,4.656499862670898,4.6645002365112305,4.656499862670898,4.660600185394287,4.660600185394287,30,0.0,0.0
2026-10-07 01:41:00-04:00,4.660900115966797,4.666200160980225,4.660099983215332,4.665900230407715,4.665900230407715,45,0.0,0.0
2026-10-07 01:42:00-04:00,4.660900115966797,4.660900115966797,4.659599781036377,4.660699844360352,4.660699844360352,11,0.0,0.0
2026-10-07 01:43:00-04:00,4.658599853515625,4.659900188446045,4.6585001945495605,4.6585001945495605,4.6585001945495605,13,0.0,0.0
2026-10-07 01:44:00-04:00,4.65939998626709,4.65939998626709,4.657299995422363,4.657299995422363,4.657299995422363,12,0.0,0.0
2026-10-07 01:45:00-04:00,4.650100231170654,4.650100231170654,4.650100231170654,4.650100231170654,4.650100231170654,3,0.0,0.0
2026-10-07 01:46:00-04:00,4.651100158691406,4.651100158691406,4.651100158691406,4.651100158691406,4.651100158691406,1,0.0,0.0
2026-10-07 01:47:00-04:00,4.650100231170654,4.650100231170654,4.648399829864502,4.648399829864502,4.648399829864502,2,0.0,0.0
2026-10-07 01:48:00-04:00,4.648200035095215,4.649700164794922,4.646999835968018,4.649700164794922,4.649700164794922,7,0.0,0.0
2026-10-07 01:49:00-04:00,4.64709997177124,4.64709997177124,4.64709997177124,4.64709997177124,4.64709997177124,2,0.0,0.0
2026-10-07 01:50:00-04:00,4.650400161743164,4.650400161743164,4.650400161743164,4.650400161743164,4.650400161743164,2,0.0,0.0
2026-10-07 01:51:00-04:00,4.64900016784668,4.6493000984191895,4.647500038146973,4.648900032043457,4.648900032043457,8,0.0,0.0
2026-10-07 01:53:00-04:00,4.650199890136719,4.650199890136719,4.645999908447266,4.646900177001953,4.646900177001953,31,0.0,0.0
2026-10-07 01:54:00-04:00,4.648600101470947,4.64870023727417,4.648600101470947,4.64870023727417,4.64870023727417,3,0.0,0.0
2026-10-07 01:55:00-04:00,4.645999908447266,4.647500038146973,4.645999908447266,4.645999908447266,4.645999908447266,36,0.0,0.0
2026-10-07 01:56:00-04:00,4.64739990234375,4.647799968719482,4.64739990234375,4.647799968719482,4.647799968719482,2,0.0,0.0
2026-10-07 01:57:00-04:00,4.648900032043457,4.648900032043457,4.6479997634887695,4.6479997634887695,4.6479997634887695,4,0.0,0.0
2026-10-07 01:58:00-04:00,4.652100086212158,4.652100086212158,4.652100086212158,4.652100086212158,4.652100086212158,58,0.0,0.0
2026-10-07 02:00:00-04:00,4.650100231170654,4.65500020980835,4.650000095367432,4.654900074005127,4.654900074005127,8,0.0,0.0
2026-10-07 02:01:00-04:00,4.661399841308594,4.661399841308594,4.661300182342529,4.661300182342529,4.661300182342529,5,0.0,0.0
2026-10-07 02:02:00-04:00,4.662499904632568,4.665599822998047,4.662499904632568,4.662600040435791,4.662600040435791,24,0.0,0.0
2026-10-07 02:03:00-04:00,4.65749979019165,4.664599895477295,4.65749979019165,4.664599895477295,4.664599895477295,6,0.0,0.0
2026-10-07 02:04:00-04:00,4.670000076293945,4.672299861907959,4.670000076293945,4.672299861907959,4.672299861907959,5,0.0,0.0
2026-10-07 02:05:00-04:00,4.672900199890137,4.672900199890137,4.67110013961792,4.672299861907959,4.672299861907959,6,0.0,0.0
2026-10-07 02:06:00-04:00,4.673099994659424,4.673099994659424,4.670400142669678,4.670400142669678,4.670400142669678,4,0.0,0.0
2026-10-07 02:07:00-04:00,4.668799877166748,4.670400142669678,4.668300151824951,4.669400215148926,4.669400215148926,10,0.0,0.0
2026-10-07 02:08:00-04:00,4.669300079345703,4.669300079345703,4.668799877166748,4.668799877166748,4.668799877166748,2,0.0,0.0
2026-10-07 02:10:00-04:00,4.6682000160217285,4.6682000160217285,4.667300224304199,4.667300224304199,4.667300224304199,4,0.0,0.0
2026-10-07 02:11:00-04:00,4.664599895477295,4.668399810791016,4.664100170135498,4.668399810791016,4.668399810791016,9,0.0,0.0
2026-10-07 02:12:00-04:00,4.667699813842773,4.671299934387207,4.667300224304199,4.669099807739258,4.669099807739258,10,0.0,0.0
2026-10-07 02:13:00-04:00,4.672900199890137,4.672900199890137,4.672900199890137,4.672900199890137,4.672900199890137,5,0.0,0.0
2026-10-07 02:14:00-04:00,4.675099849700928,4.677199840545654,4.675099849700928,4.677199840545654,4.677199840545654,7,0.0,0.0
2026-10-07 02:15:00-04:00,4.67710018157959,4.67710018157959,4.676700115203857,4.676700115203857,4.676700115203857,3,0.0,0.0
2026-10-07 02:16:00-04:00,4.673799991607666,4.673799991607666,4.670199871063232,4.6717000007629395,4.6717000007629395,8,0.0,0.0
2026-10-07 02:17:00-04:00,4.670400142669678,4.670400142669678,4.670400142669678,4.670400142669678,4.670400142669678,1,0.0,0.0
2026-10-07 02:18:00-04:00,4.673399925231934,4.676300048828125,4.673399925231934,4.67549991607666,4.67549991607666,11,0.0,0.0
2026-10-07 02:19:00-04:00,4.674799919128418,4.6778998374938965,4.674799919128418,4.6778998374938965,4.6778998374938965,7,0.0,0.0
2026-10-07 02:20:00-04:00,4.679200172424316,4.680799961090088,4.679200172424316,4.680799961090088,4.680799961090088,10,0.0,0.0
2026-10-07 02:21:00-04:00,4.6803998947143555,4.6803998947143555,4.6774001121521,4.678500175476074,4.678500175476074,20,0.0,0.0
2026-10-07 02:22:00-04:00,4.677800178527832,4.677800178527832,4.67549991607666,4.67549991607666,4.67549991607666,7,0.0,0.0
2026-10-07 02:23:00-04:00,4.676700115203857,4.677700042724609,4.676599979400635,4.677700042724609,4.677700042724609,6,0.0,0.0
2026-10-07 02:24:00-04:00,4.679299831390381,4.680099964141846,4.678599834442139,4.678599834442139,4.678599834442139,4,0.0,0.0
2026-10-07 02:25:00-04:00,4.678599834442139,4.678599834442139,4.678599834442139,4.678599834442139,4.678599834442139,1,0.0,0.0
2026-10-07 02:26:00-04:00,4.676700115203857,4.678899765014648,4.676000118255615,4.678199768066406,4.678199768066406,20,0.0,0.0
2026-10-07 02:27:00-04:00,4.678999900817871,4.679699897766113,4.678500175476074,4.679699897766113,4.679699897766113,5,0.0,0.0
2026-10-07 02:28:00-04:00,4.678599834442139,4.678599834442139,4.675899982452393,4.676199913024902,4.676199913024902,10,0.0,0.0
2026-10-07 02:29:00-04:00,4.676300048828125,4.6774001121521,4.673500061035156,4.673500061035156,4.673500061035156,10,0.0,0.0
2026-10-07 02:30:00-04:00,4.67080020904541,4.671800136566162,4.667699813842773,4.671800136566162,4.671800136566162,7,0.0,0.0
2026-10-07 02:31:00-04:00,4.67140007019043,4.676300048828125,4.67140007019043,4.673799991607666,4.673799991607666,16,0.0,0.0
2026-10-07 02:33:00-04:00,4.667300224304199,4.667300224304199,4.667300224304199,4.667300224304199,4.667300224304199,1,0.0,0.0
2026-10-07 02:34:00-04:00,4.667600154876709,4.669099807739258,4.667600154876709,4.669099807739258,4.669099807739258,6,0.0,0.0
2026-10-07 02:35:00-04:00,4.667200088500977,4.669099807739258,4.667200088500977,4.668600082397461,4.668600082397461,7,0.0,0.0
2026-10-07 02:36:00-04:00,4.669099807739258,4.669099807739258,4.6666998863220215,4.6666998863220215,4.6666998863220215,6,0.0,0.0
2026-10-07 02:38:00-04:00,4.668799877166748,4.668799877166748,4.668799877166748,4.668799877166748,4.668799877166748,2,0.0,0.0
2026-10-07 02:39:00-04:00,4.667300224304199,4.667399883270264,4.667300224304199,4.667300224304199,4.667300224304199,26,0.0,0.0
2026-10-07 02:40:00-04:00,4.667500019073486,4.667500019073486,4.667500019073486,4.667500019073486,4.667500019073486,2,0.0,0.0
2026-10-07 02:41:00-04:00,4.66949987411499,4.670199871063232,4.668499946594238,4.668499946594238,4.668499946594238,7,0.0,0.0
2026-10-07 02:44:00-04:00,4.666100025177002,4.666100025177002,4.666100025177002,4.666100025177002,4.666100025177002,9,0.0,0.0
2026-10-07 02:46:00-04:00,4.660600185394287,4.661900043487549,4.660200119018555,4.661900043487549,4.661900043487549,32,0.0,0.0
2026-10-07 02:47:00-04:00,4.662700176239014,4.662700176239014,4.662700176239014,4.662700176239014,4.662700176239014,4,0.0,0.0
2026-10-07 02:48:00-04:00,4.664000034332275,4.6691999435424805,4.662700176239014,4.669099807739258,4.669099807739258,21,0.0,0.0
2026-10-07 02:49:00-04:00,4.670100212097168,4.670100212097168,4.665299892425537,4.6656999588012695,4.6656999588012695,8,0.0,0.0
2026-10-07 02:50:00-04:00,4.666399955749512,4.671299934387207,4.666399955749512,4.668300151824951,4.668300151824951,13,0.0,0.0
2026-10-07 02:54:00-04:00,4.667900085449219,4.667900085449219,4.667900085449219,4.667900085449219,4.667900085449219,3,0.0,0.0
2026-10-07 02:55:00-04:00,4.6666998863220215,4.6666998863220215,4.6666998863220215,4.6666998863220215,4.6666998863220215,2,0.0,0.0
2026-10-07 02:56:00-04:00,4.663700103759766,4.665299892425537,4.663700103759766,4.665299892425537,4.665299892425537,6,0.0,0.0
2026-10-07 02:57:00-04:00,4.669899940490723,4.670499801635742,4.669899940490723,4.670499801635742,4.670499801635742,9,0.0,0.0
2026-10-07 02:58:00-04:00,4.6697001457214355,4.6697998046875,4.6697001457214355,4.6697998046875,4.6697998046875,2,0.0,0.0
2026-10-07 02:59:00-04:00,4.673299789428711,4.673299789428711,4.672299861907959,4.672299861907959,4.672299861907959,5,0.0,0.0
2026-10-07 03:00:00-04:00,4.676000118255615,4.6768999099731445,4.6757001876831055,4.676300048828125,4.676300048828125,6,0.0,0.0
2026-10-07 03:01:00-04:00,4.676799774169922,4.679999828338623,4.676199913024902,4.677999973297119,4.677999973297119,23,0.0,0.0
2026-10-07 03:02:00-04:00,4.677499771118164,4.677499771118164,4.667200088500977,4.667200088500977,4.667200088500977,27,0.0,0.0
2026-10-07 03:03:00-04:00,4.663700103759766,4.667399883270264,4.663700103759766,4.667300224304199,4.667300224304199,5,0.0,0.0
2026-10-07 03:04:00-04:00,4.664400100708008,4.66480016708374,4.664400100708008,4.66480016708374,4.66480016708374,4,0.0,0.0
2026-10-07 03:05:00-04:00,4.668300151824951,4.67110013961792,4.664000034332275,4.664299964904785,4.664299964904785,8,0.0,0.0
2026-10-07 03:07:00-04:00,4.661600112915039,4.662700176239014,4.661300182342529,4.661300182342529,4.661300182342529,5,0.0,0.0
2026-10-07 03:08:00-04:00,4.6645002365112305,4.6645002365112305,4.660299777984619,4.660299777984619,4.660299777984619,9,0.0,0.0
2026-10-07 03:09:00-04:00,4.659999847412109,4.659999847412109,4.658699989318848,4.659999847412109,4.659999847412109,7,0.0,0.0
2026-10-07 03:10:00-04:00,4.659200191497803,4.659200191497803,4.656300067901611,4.656799793243408,4.656799793243408,10,0.0,0.0
2026-10-07 03:11:00-04:00,4.653200149536133,4.6554999351501465,4.653200149536133,4.655200004577637,4.655200004577637,7,0.0,0.0
2026-10-07 03:12:00-04:00,4.651800155639648,4.65339994430542,4.651599884033203,4.65339994430542,4.65339994430542,11,0.0,0.0
2026-10-07 03:13:00-04:00,4.65369987487793,4.654799938201904,4.65369987487793,4.654799938201904,4.654799938201904,4,0.0,0.0
2026-10-07 03:15:00-04:00,4.651700019836426,4.653800010681152,4.651700019836426,4.653800010681152,4.653800010681152,6,0.0,0.0
2026-10-07 03:16:00-04:00,4.65939998626709,4.65939998626709,4.658899784088135,4.658899784088135,4.658899784088135,2,0.0,0.0
2026-10-07 03:17:00-04:00,4.657299995422363,4.657299995422363,4.656799793243408,4.656899929046631,4.656899929046631,8,0.0,0.0
2026-10-07 03:18:00-04:00,4.656700134277344,4.656700134277344,4.656700134277344,4.656700134277344,4.656700134277344,2,0.0,0.0
2026-10-07 03:19:00-04:00,4.658299922943115,4.659299850463867,4.655700206756592,4.655700206756592,4.655700206756592,10,0.0,0.0
2026-10-07 03:20:00-04:00,4.654600143432617,4.654600143432617,4.654600143432617,4.654600143432617,4.654600143432617,1,0.0,0.0
2026-10-07 03:21:00-04:00,4.655700206756592,4.655700206756592,4.654399871826172,4.654399871826172,4.654399871826172,3,0.0,0.0
2026-10-07 03:22:00-04:00,4.653200149536133,4.653200149536133,4.64900016784668,4.649099826812744,4.649099826812744,31,0.0,0.0
2026-10-07 03:23:00-04:00,4.646999835968018,4.6519999504089355,4.646999835968018,4.6519999504089355,4.6519999504089355,10,0.0,0.0
2026-10-07 03:24:00-04:00,4.653200149536133,4.653299808502197,4.6528000831604,4.653200149536133,4.653200149536133,2,0.0,0.0
2026-10-07 03:25:00-04:00,4.655799865722656,4.65749979019165,4.654200077056885,4.6554999351501465,4.6554999351501465,16,0.0,0.0
2026-10-07 03:26:00-04:00,4.655700206756592,4.655700206756592,4.655399799346924,4.655399799346924,4.655399799346924,3,0.0,0.0
2026-10-07 03:28:00-04:00,4.65369987487793,4.65369987487793,4.652900218963623,4.652900218963623,4.652900218963623,20,0.0,0.0
2026-10-07 03:29:00-04:00,4.65880012512207,4.65880012512207,4.65880012512207,4.65880012512207,4.65880012512207,4,0.0,0.0
2026-10-07 03:30:00-04:00,4.6616997718811035,4.6616997718811035,4.658100128173828,4.6595001220703125,4.6595001220703125,14,0.0,0.0
2026-10-07 03:31:00-04:00,4.6616997718811035,4.6616997718811035,4.65880012512207,4.661499977111816,4.661499977111816,8,0.0,0.0
2026-10-07 03:32:00-04:00,4.6595001220703125,4.660900115966797,4.657599925994873,4.657599925994873,4.657599925994873,12,0.0,0.0
2026-10-07 03:33:00-04:00,4.654399871826172,4.654399871826172,4.652299880981445,4.6539998054504395,4.6539998054504395,4,0.0,0.0
2026-10-07 03:34:00-04:00,4.6545000076293945,4.65880012512207,4.6545000076293945,4.657899856567383,4.657899856567383,14,0.0,0.0
2026-10-07 03:36:00-04:00,4.658199787139893,4.658199787139893,4.657400131225586,4.657400131225586,4.657400131225586,2,0.0,0.0
2026-10-07 03:38:00-04:00,4.657199859619141,4.661499977111816,4.657199859619141,4.661499977111816,4.661499977111816,11,0.0,0.0
2026-10-07 03:39:00-04:00,4.664100170135498,4.6641998291015625,4.663099765777588,4.663300037384033,4.663300037384033,7,0.0,0.0
2026-10-07 03:40:00-04:00,4.6595001220703125,4.6595001220703125,4.6595001220703125,4.6595001220703125,4.6595001220703125,2,0.0,0.0
2026-10-07 03:41:00-04:00,4.660900115966797,4.660900115966797,4.658599853515625,4.6596999168396,4.6596999168396,9,0.0,0.0
2026-10-07 03:43:00-04:00,4.661900043487549,4.668700218200684,4.661900043487549,4.668300151824951,4.668300151824951,32,0.0,0.0
2026-10-07 03:44:00-04:00,4.667699813842773,4.675600051879883,4.666800022125244,4.672299861907959,4.672299861907959,74,0.0,0.0
2026-10-07 03:45:00-04:00,4.672399997711182,4.672399997711182,4.670400142669678,4.6707000732421875,4.6707000732421875,5,0.0,0.0
2026-10-07 03:46:00-04:00,4.669300079345703,4.670499801635742,4.669300079345703,4.670499801635742,4.670499801635742,3,0.0,0.0
2026-10-07 03:47:00-04:00,4.67080020904541,4.672299861907959,4.669000148773193,4.671599864959717,4.671599864959717,18,0.0,0.0
2026-10-07 03:48:00-04:00,4.671199798583984,4.671199798583984,4.669899940490723,4.669899940490723,4.669899940490723,4,0.0,0.0
2026-10-07 03:49:00-04:00,4.674300193786621,4.674300193786621,4.674300193786621,4.674300193786621,4.674300193786621,2,0.0,0.0
2026-10-07 03:50:00-04:00,4.678599834442139,4.686699867248535,4.6778998374938965,4.686200141906738,4.686200141906738,101,0.0,0.0
2026-10-07 03:51:00-04:00,4.685699939727783,4.7042999267578125,4.685699939727783,4.688199996948242,4.688199996948242,79,0.0,0.0
2026-10-07 03:52:00-04:00,4.690800189971924,4.7027997970581055,4.690800189971924,4.701600074768066,4.701600074768066,24,0.0,0.0
2026-10-07 03:53:00-04:00,4.69920015335083,4.712500095367432,4.69920015335083,4.704999923706055,4.704999923706055,198,0.0,0.0
2026-10-07 03:54:00-04:00,4.707200050354004,4.711999893188477,4.703400135040283,4.711999893188477,4.711999893188477,28,0.0,0.0
2026-10-07 03:55:00-04:00,4.708700180053711,4.708700180053711,4.698599815368652,4.698599815368652,4.698599815368652,43,0.0,0.0
2026-10-07 03:56:00-04:00,4.693900108337402,4.695700168609619,4.691500186920166,4.695400238037109,4.695400238037109,12,0.0,0.0
2026-10-07 03:57:00-04:00,4.68779993057251,4.689000129699707,4.683800220489502,4.685100078582764,4.685100078582764,11,0.0,0.0
2026-10-07 03:58:00-04:00,4.681000232696533,4.684100151062012,4.6666998863220215,4.668799877166748,4.668799877166748,169,0.0,0.0
2026-10-07 03:59:00-04:00,4.668700218200684,4.6697001457214355,4.6641998291015625,4.665599822998047,4.665599822998047,24,0.0,0.0
2026-10-07 04:00:00-04:00,4.666399955749512,4.668000221252441,4.662799835205078,4.667300224304199,4.667300224304199,24,0.0,0.0
2026-10-07 04:01:00-04:00,4.667200088500977,4.667399883270264,4.666200160980225,4.667399883270264,4.667399883270264,10,0.0,0.0
2026-10-07 04:02:00-04:00,4.67140007019043,4.671500205993652,4.67140007019043,4.671500205993652,4.671500205993652,2,0.0,0.0
2026-10-07 04:03:00-04:00,4.6697001457214355,4.6697001457214355,4.667500019073486,4.667500019073486,4.667500019073486,2,0.0,0.0
2026-10-07 04:04:00-04:00,4.665999889373779,4.665999889373779,4.661799907684326,4.661799907684326,4.661799907684326,6,0.0,0.0
2026-10-07 04:05:00-04:00,4.6616997718811035,4.664999961853027,4.6616997718811035,4.664999961853027,4.664999961853027,12,0.0,0.0
2026-10-07 04:06:00-04:00,4.670199871063232,4.670199871063232,4.668700218200684,4.668700218200684,4.668700218200684,2,0.0,0.0
2026-10-07 04:07:00-04:00,4.675000190734863,4.676400184631348,4.671899795532227,4.671899795532227,4.671899795532227,19,0.0,0.0
2026-10-07 04:08:00-04:00,4.670300006866455,4.670300006866455,4.666500091552734,4.666500091552734,4.666500091552734,6,0.0,0.0
2026-10-07 04:09:00-04:00,4.666800022125244,4.667300224304199,4.666500091552734,4.666500091552734,4.666500091552734,3,0.0,0.0
2026-10-07 04:10:00-04:00,4.666299819946289,4.667399883270264,4.664100170135498,4.664100170135498,4.664100170135498,13,0.0,0.0
2026-10-07 04:11:00-04:00,4.666200160980225,4.666200160980225,4.665299892425537,4.665299892425537,4.665299892425537,2,0.0,0.0
2026-10-07 04:12:00-04:00,4.666500091552734,4.666500091552734,4.660900115966797,4.660900115966797,4.660900115966797,16,0.0,0.0
2026-10-07 04:14:00-04:00,4.6631999015808105,4.669099807739258,4.6631999015808105,4.669099807739258,4.669099807739258,16,0.0,0.0
2026-10-07 04:15:00-04:00,4.671299934387207,4.6793999671936035,4.671299934387207,4.678299903869629,4.678299903869629,44,0.0,0.0
2026-10-07 04:16:00-04:00,4.676199913024902,4.676199913024902,4.670199871063232,4.670400142669678,4.670400142669678,12,0.0,0.0
2026-10-07 04:17:00-04:00,4.668399810791016,4.668399810791016,4.666800022125244,4.666800022125244,4.666800022125244,7,0.0,0.0
2026-10-07 04:18:00-04:00,4.663700103759766,4.66540002822876,4.663400173187256,4.66540002822876,4.66540002822876,5,0.0,0.0
2026-10-07 04:19:00-04:00,4.668000221252441,4.669600009918213,4.668000221252441,4.669000148773193,4.669000148773193,16,0.0,0.0
2026-10-07 04:20:00-04:00,4.665200233459473,4.666900157928467,4.661099910736084,4.664400100708008,4.664400100708008,11,0.0,0.0
2026-10-07 04:21:00-04:00,4.662899971008301,4.662899971008301,4.662600040435791,4.662600040435791,4.662600040435791,3,0.0,0.0
2026-10-07 04:22:00-04:00,4.65749979019165,4.661099910736084,4.65749979019165,4.661099910736084,4.661099910736084,8,0.0,0.0
2026-10-07 04:23:00-04:00,4.65910005569458,4.6620001792907715,4.656799793243408,4.6616997718811035,4.6616997718811035,33,0.0,0.0
2026-10-07 04:24:00-04:00,4.667099952697754,4.672599792480469,4.666399955749512,4.672599792480469,4.672599792480469,9,0.0,0.0
2026-10-07 04:25:00-04:00,4.6757001876831055,4.6757001876831055,4.67519998550415,4.67519998550415,4.67519998550415,21,0.0,0.0
2026-10-07 04:26:00-04:00,4.676000118255615,4.67609977722168,4.6743998527526855,4.6753997802734375,4.6753997802734375,10,0.0,0.0
2026-10-07 04:27:00-04:00,4.672900199890137,4.673500061035156,4.672599792480469,4.673500061035156,4.673500061035156,8,0.0,0.0
2026-10-07 04:28:00-04:00,4.674799919128418,4.674799919128418,4.673099994659424,4.673099994659424,4.673099994659424,3,0.0,0.0
2026-10-07 04:29:00-04:00,4.6753997802734375,4.6753997802734375,4.675099849700928,4.67519998550415,4.67519998550415,3,0.0,0.0
2026-10-07 04:30:00-04:00,4.678500175476074,4.685500144958496,4.677999973297119,4.683199882507324,4.683199882507324,34,0.0,0.0
2026-10-07 04:31:00-04:00,4.68310022354126,4.685200214385986,4.6809000968933105,4.6809000968933105,4.6809000968933105,18,0.0,0.0
2026-10-07 04:32:00-04:00,4.683800220489502,4.684100151062012,4.682199954986572,4.684100151062012,4.684100151062012,9,0.0,0.0
2026-10-07 04:33:00-04:00,4.685100078582764,4.688300132751465,4.685100078582764,4.687900066375732,4.687900066375732,4,0.0,0.0
2026-10-07 04:34:00-04:00,4.688399791717529,4.688700199127197,4.6844000816345215,4.6844000816345215,4.6844000816345215,36,0.0,0.0
2026-10-07 04:35:00-04:00,4.688399791717529,4.690400123596191,4.688399791717529,4.689599990844727,4.689599990844727,3,0.0,0.0
2026-10-07 04:36:00-04:00,4.690499782562256,4.700500011444092,4.6880998611450195,4.697000026702881,4.697000026702881,44,0.0,0.0
2026-10-07 04:37:00-04:00,4.697199821472168,4.69950008392334,4.692699909210205,4.692699909210205,4.692699909210205,14,0.0,0.0
2026-10-07 04:38:00-04:00,4.694300174713135,4.698400020599365,4.692699909210205,4.695000171661377,4.695000171661377,27,0.0,0.0
2026-10-07 04:39:00-04:00,4.695099830627441,4.695099830627441,4.693299770355225,4.693999767303467,4.693999767303467,4,0.0,0.0
2026-10-07 04:40:00-04:00,4.693399906158447,4.693399906158447,4.6930999755859375,4.6930999755859375,4.6930999755859375,3,0.0,0.0
2026-10-07 04:41:00-04:00,4.69189977645874,4.693399906158447,4.69189977645874,4.693399906158447,4.693399906158447,4,0.0,0.0
2026-10-07 04:42:00-04:00,4.690800189971924,4.691100120544434,4.689899921417236,4.689899921417236,4.689899921417236,4,0.0,0.0
2026-10-07 04:43:00-04:00,4.690999984741211,4.690999984741211,4.688899993896484,4.6894001960754395,4.6894001960754395,5,0.0,0.0
2026-10-07 04:44:00-04:00,4.690899848937988,4.690899848937988,4.690800189971924,4.690800189971924,4.690800189971924,4,0.0,0.0
2026-10-07 04:45:00-04:00,4.694499969482422,4.694499969482422,4.693299770355225,4.693299770355225,4.693299770355225,3,0.0,0.0
2026-10-07 04:46:00-04:00,4.694200038909912,4.696899890899658,4.694200038909912,4.696300029754639,4.696300029754639,6,0.0,0.0
2026-10-07 04:47:00-04:00,4.692699909210205,4.6971001625061035,4.692699909210205,4.696199893951416,4.696199893951416,7,0.0,0.0
2026-10-07 04:48:00-04:00,4.696300029754639,4.696300029754639,4.695000171661377,4.695000171661377,4.695000171661377,5,0.0,0.0
2026-10-07 04:49:00-04:00,4.690899848937988,4.692699909210205,4.690899848937988,4.692699909210205,4.692699909210205,3,0.0,0.0
2026-10-07 04:50:00-04:00,4.69320011138916,4.695700168609619,4.69320011138916,4.69379997253418,4.69379997253418,8,0.0,0.0
2026-10-07 04:51:00-04:00,4.6971001625061035,4.69920015335083,4.696700096130371,4.696700096130371,4.696700096130371,12,0.0,0.0
2026-10-07 04:52:00-04:00,4.699100017547607,4.700699806213379,4.698200225830078,4.698200225830078,4.698200225830078,8,0.0,0.0
2026-10-07 04:53:00-04:00,4.698200225830078,4.698200225830078,4.697999954223633,4.697999954223633,4.697999954223633,6,0.0,0.0
2026-10-07 04:54:00-04:00,4.700099945068359,4.700300216674805,4.700099945068359,4.700300216674805,4.700300216674805,2,0.0,0.0
2026-10-07 04:55:00-04:00,4.702600002288818,4.703000068664551,4.69890022277832,4.69890022277832,4.69890022277832,38,0.0,0.0
2026-10-07 04:56:00-04:00,4.699699878692627,4.701200008392334,4.698999881744385,4.700500011444092,4.700500011444092,11,0.0,0.0
2026-10-07 04:57:00-04:00,4.700500011444092,4.700500011444092,4.700500011444092,4.700500011444092,4.700500011444092,2,0.0,0.0
2026-10-07 04:58:00-04:00,4.702199935913086,4.70959997177124,4.701200008392334,4.707200050354004,4.707200050354004,31,0.0,0.0
2026-10-07 04:59:00-04:00,4.706999778747559,4.707300186157227,4.706900119781494,4.707099914550781,4.707099914550781,14,0.0,0.0
2026-10-07 05:00:00-04:00,4.703499794006348,4.704899787902832,4.7027997970581055,4.704899787902832,4.704899787902832,10,0.0,0.0
2026-10-07 05:01:00-04:00,4.703100204467773,4.703100204467773,4.698599815368652,4.701099872589111,4.701099872589111,8,0.0,0.0
2026-10-07 05:02:00-04:00,4.70389986038208,4.704899787902832,4.702600002288818,4.702600002288818,4.702600002288818,9,0.0,0.0
2026-10-07 05:03:00-04:00,4.7058000564575195,4.7129998207092285,4.705699920654297,4.712900161743164,4.712900161743164,111,0.0,0.0
2026-10-07 05:04:00-04:00,4.715199947357178,4.717700004577637,4.7129998207092285,4.71619987487793,4.71619987487793,41,0.0,0.0
2026-10-07 05:05:00-04:00,4.719699859619141,4.71999979019165,4.7154998779296875,4.717700004577637,4.717700004577637,13,0.0,0.0
2026-10-07 05:06:00-04:00,4.716899871826172,4.720799922943115,4.716899871826172,4.720200061798096,4.720200061798096,9,0.0,0.0
2026-10-07 05:07:00-04:00,4.71999979019165,4.733500003814697,4.71999979019165,4.731900215148926,4.731900215148926,102,0.0,0.0
2026-10-07 05:08:00-04:00,4.731100082397461,4.731200218200684,4.7291998863220215,4.7291998863220215,4.7291998863220215,11,0.0,0.0
2026-10-07 05:09:00-04:00,4.727200031280518,4.729100227355957,4.72599983215332,4.727200031280518,4.727200031280518,25,0.0,0.0
2026-10-07 05:10:00-04:00,4.72760009765625,4.72760009765625,4.724999904632568,4.725399971008301,4.725399971008301,9,0.0,0.0
2026-10-07 05:11:00-04:00,4.7256999015808105,4.7256999015808105,4.7256999015808105,4.7256999015808105,4.7256999015808105,7,0.0,0.0
2026-10-07 05:12:00-04:00,4.7291998863220215,4.729400157928467,4.726799964904785,4.726799964904785,4.726799964904785,9,0.0,0.0
2026-10-07 05:13:00-04:00,4.729599952697754,4.729599952697754,4.7270002365112305,4.727399826049805,4.727399826049805,8,0.0,0.0
2026-10-07 05:14:00-04:00,4.729599952697754,4.731299877166748,4.729599952697754,4.731299877166748,4.731299877166748,5,0.0,0.0
2026-10-07 05:15:00-04:00,4.731299877166748,4.732699871063232,4.731299877166748,4.731500148773193,4.731500148773193,11,0.0,0.0
2026-10-07 05:17:00-04:00,4.731299877166748,4.731299877166748,4.728400230407715,4.728400230407715,4.728400230407715,7,0.0,0.0
2026-10-07 05:18:00-04:00,4.731800079345703,4.734099864959717,4.731800079345703,4.732399940490723,4.732399940490723,15,0.0,0.0
2026-10-07 05:19:00-04:00,4.730299949645996,4.730299949645996,4.728400230407715,4.728400230407715,4.728400230407715,11,0.0,0.0
2026-10-07 05:20:00-04:00,4.72599983215332,4.735000133514404,4.72599983215332,4.732100009918213,4.732100009918213,25,0.0,0.0
2026-10-07 05:21:00-04:00,4.7342000007629395,4.735000133514404,4.7307000160217285,4.730899810791016,4.730899810791016,19,0.0,0.0
2026-10-07 05:22:00-04:00,4.731599807739258,4.731599807739258,4.7291998863220215,4.7291998863220215,4.7291998863220215,10,0.0,0.0
2026-10-07 05:23:00-04:00,4.7270002365112305,4.727200031280518,4.722799777984619,4.723199844360352,4.723199844360352,14,0.0,0.0
2026-10-07 05:24:00-04:00,4.7220001220703125,4.722099781036377,4.720399856567383,4.720399856567383,4.720399856567383,17,0.0,0.0
2026-10-07 05:25:00-04:00,4.722899913787842,4.722899913787842,4.722799777984619,4.722799777984619,4.722799777984619,2,0.0,0.0
2026-10-07 05:26:00-04:00,4.723800182342529,4.723800182342529,4.71999979019165,4.71999979019165,4.71999979019165,10,0.0,0.0
2026-10-07 05:27:00-04:00,4.7195000648498535,4.7195000648498535,4.7144999504089355,4.7153000831604,4.7153000831604,26,0.0,0.0
2026-10-07 05:28:00-04:00,4.7153000831604,4.7164998054504395,4.7153000831604,4.7164998054504395,4.7164998054504395,6,0.0,0.0
2026-10-07 05:29:00-04:00,4.717599868774414,4.72130012512207,4.717599868774414,4.72130012512207,4.72130012512207,8,0.0,0.0
2026-10-07 05:30:00-04:00,4.724899768829346,4.724899768829346,4.723999977111816,4.723999977111816,4.723999977111816,3,0.0,0.0
2026-10-07 05:31:00-04:00,4.726600170135498,4.7266998291015625,4.723199844360352,4.723199844360352,4.723199844360352,8,0.0,0.0
2026-10-07 05:32:00-04:00,4.723100185394287,4.723100185394287,4.718299865722656,4.7220001220703125,4.7220001220703125,18,0.0,0.0
2026-10-07 05:35:00-04:00,4.726200103759766,4.726200103759766,4.725299835205078,4.726200103759766,4.726200103759766,6,0.0,0.0
2026-10-07 05:36:00-04:00,4.728400230407715,4.728400230407715,4.728400230407715,4.728400230407715,4.728400230407715,6,0.0,0.0
2026-10-07 05:38:00-04:00,4.728400230407715,4.728400230407715,4.728400230407715,4.728400230407715,4.728400230407715,6,0.0,0.0
2026-10-07 05:39:00-04:00,4.728799819946289,4.728899955749512,4.728799819946289,4.728899955749512,4.728899955749512,5,0.0,0.0
2026-10-07 05:41:00-04:00,4.730999946594238,4.730999946594238,4.730999946594238,4.730999946594238,4.730999946594238,1,0.0,0.0
2026-10-07 05:42:00-04:00,4.731900215148926,4.73330020904541,4.731800079345703,4.73330020904541,4.73330020904541,7,0.0,0.0
2026-10-07 05:43:00-04:00,4.731800079345703,4.731800079345703,4.731800079345703,4.731800079345703,4.731800079345703,4,0.0,0.0
2026-10-07 05:44:00-04:00,4.729499816894531,4.730000019073486,4.729499816894531,4.730000019073486,4.730000019073486,4,0.0,0.0
2026-10-07 05:45:00-04:00,4.730500221252441,4.730500221252441,4.730500221252441,4.730500221252441,4.730500221252441,7,0.0,0.0
2026-10-07 05:46:00-04:00,4.7316999435424805,4.7316999435424805,4.731200218200684,4.731299877166748,4.731299877166748,19,0.0,0.0
2026-10-07 05:47:00-04:00,4.731100082397461,4.732100009918213,4.731100082397461,4.732100009918213,4.732100009918213,3,0.0,0.0
2026-10-07 05:48:00-04:00,4.73330020904541,4.739200115203857,4.7332000732421875,4.739200115203857,4.739200115203857,14,0.0,0.0
2026-10-07 05:49:00-04:00,4.739999771118164,4.7434000968933105,4.738100051879883,4.739999771118164,4.739999771118164,41,0.0,0.0
2026-10-07 05:50:00-04:00,4.743500232696533,4.743500232696533,4.742800235748291,4.742800235748291,4.742800235748291,3,0.0,0.0
2026-10-07 05:51:00-04:00,4.741700172424316,4.744999885559082,4.741700172424316,4.743599891662598,4.743599891662598,9,0.0,0.0
2026-10-07 05:52:00-04:00,4.746600151062012,4.747499942779541,4.7459001541137695,4.7459001541137695,4.7459001541137695,12,0.0,0.0
2026-10-07 05:53:00-04:00,4.7480998039245605,4.75,4.745100021362305,4.745800018310547,4.745800018310547,34,0.0,0.0
2026-10-07 05:54:00-04:00,4.747300148010254,4.748700141906738,4.747300148010254,4.748000144958496,4.748000144958496,20,0.0,0.0
2026-10-07 05:55:00-04:00,4.748799800872803,4.748799800872803,4.746200084686279,4.746200084686279,4.746200084686279,6,0.0,0.0
2026-10-07 05:57:00-04:00,4.747900009155273,4.749300003051758,4.7453999519348145,4.7453999519348145,4.7453999519348145,30,0.0,0.0
2026-10-07 05:58:00-04:00,4.7434000968933105,4.7453999519348145,4.741700172424316,4.744800090789795,4.744800090789795,41,0.0,0.0
2026-10-07 06:00:00-04:00,4.7453999519348145,4.747799873352051,4.7453999519348145,4.7459001541137695,4.7459001541137695,14,0.0,0.0
2026-10-07 06:01:00-04:00,4.745299816131592,4.745299816131592,4.742599964141846,4.743100166320801,4.743100166320801,32,0.0,0.0
2026-10-07 06:02:00-04:00,4.746300220489502,4.746300220489502,4.742599964141846,4.7434000968933105,4.7434000968933105,22,0.0,0.0
2026-10-07 06:04:00-04:00,4.743299961090088,4.7434000968933105,4.739500045776367,4.739500045776367,4.739500045776367,10,0.0,0.0
2026-10-07 06:05:00-04:00,4.741300106048584,4.742099761962891,4.738699913024902,4.7399001121521,4.7399001121521,10,0.0,0.0
2026-10-07 06:06:00-04:00,4.739500045776367,4.73960018157959,4.737800121307373,4.737800121307373,4.737800121307373,10,0.0,0.0
2026-10-07 06:07:00-04:00,4.7378997802734375,4.7382001876831055,4.73769998550415,4.73769998550415,4.73769998550415,5,0.0,0.0
2026-10-07 06:08:00-04:00,4.739699840545654,4.743899822235107,4.739200115203857,4.742800235748291,4.742800235748291,54,0.0,0.0
2026-10-07 06:09:00-04:00,4.739799976348877,4.741199970245361,4.739299774169922,4.741199970245361,4.741199970245361,4,0.0,0.0
2026-10-07 06:10:00-04:00,4.7418999671936035,4.743100166320801,4.7418999671936035,4.743100166320801,4.743100166320801,5,0.0,0.0
2026-10-07 06:11:00-04:00,4.740499973297119,4.741000175476074,4.739799976348877,4.740600109100342,4.740600109100342,8,0.0,0.0
2026-10-07 06:12:00-04:00,4.742499828338623,4.744500160217285,4.740600109100342,4.744500160217285,4.744500160217285,32,0.0,0.0
2026-10-07 06:13:00-04:00,4.741600036621094,4.74370002746582,4.741499900817871,4.741499900817871,4.741499900817871,18,0.0,0.0
2026-10-07 06:14:00-04:00,4.741499900817871,4.741700172424316,4.73960018157959,4.741700172424316,4.741700172424316,23,0.0,0.0
2026-10-07 06:15:00-04:00,4.7428998947143555,4.7428998947143555,4.73859977722168,4.73859977722168,4.73859977722168,7,0.0,0.0
2026-10-07 06:16:00-04:00,4.733699798583984,4.733699798583984,4.730000019073486,4.730199813842773,4.730199813842773,18,0.0,0.0
2026-10-07 06:17:00-04:00,4.730299949645996,4.730500221252441,4.7270002365112305,4.728000164031982,4.728000164031982,8,0.0,0.0
2026-10-07 06:18:00-04:00,4.728600025177002,4.731299877166748,4.728600025177002,4.731299877166748,4.731299877166748,8,0.0,0.0
2026-10-07 06:19:00-04:00,4.7291998863220215,4.729499816894531,4.72760009765625,4.72760009765625,4.72760009765625,7,0.0,0.0
2026-10-07 06:20:00-04:00,4.725500106811523,4.732100009918213,4.725500106811523,4.732100009918213,4.732100009918213,2,0.0,0.0
2026-10-07 06:23:00-04:00,4.730800151824951,4.730800151824951,4.730800151824951,4.730800151824951,4.730800151824951,1,0.0,0.0
2026-10-07 06:24:00-04:00,4.730299949645996,4.730299949645996,4.730299949645996,4.730299949645996,4.730299949645996,1,0.0,0.0
2026-10-07 06:25:00-04:00,4.7316999435424805,4.7316999435424805,4.728700160980225,4.728700160980225,4.728700160980225,7,0.0,0.0
2026-10-07 06:26:00-04:00,4.723400115966797,4.723400115966797,4.723400115966797,4.723400115966797,4.723400115966797,2,0.0,0.0
2026-10-07 06:27:00-04:00,4.725599765777588,4.7266998291015625,4.725599765777588,4.7266998291015625,4.7266998291015625,8,0.0,0.0
2026-10-07 06:28:00-04:00,4.727799892425537,4.727799892425537,4.727799892425537,4.727799892425537,4.727799892425537,3,0.0,0.0
2026-10-07 06:29:00-04:00,4.729000091552734,4.731200218200684,4.729000091552734,4.731200218200684,4.731200218200684,5,0.0,0.0
2026-10-07 06:30:00-04:00,4.730000019073486,4.730800151824951,4.730000019073486,4.730599880218506,4.730599880218506,7,0.0,0.0
2026-10-07 06:31:00-04:00,4.730299949645996,4.730500221252441,4.728600025177002,4.728600025177002,4.728600025177002,27,0.0,0.0
2026-10-07 06:32:00-04:00,4.725599765777588,4.725599765777588,4.7241997718811035,4.7241997718811035,4.7241997718811035,6,0.0,0.0
2026-10-07 06:33:00-04:00,4.727799892425537,4.734000205993652,4.724400043487549,4.727099895477295,4.727099895477295,158,0.0,0.0
2026-10-07 06:34:00-04:00,4.729300022125244,4.729400157928467,4.729300022125244,4.729400157928467,4.729400157928467,8,0.0,0.0
2026-10-07 06:35:00-04:00,4.7281999588012695,4.73199987411499,4.723800182342529,4.723800182342529,4.723800182342529,38,0.0,0.0
2026-10-07 06:36:00-04:00,4.723299980163574,4.726200103759766,4.723299980163574,4.726200103759766,4.726200103759766,5,0.0,0.0
2026-10-07 06:39:00-04:00,4.724400043487549,4.724400043487549,4.724400043487549,4.724400043487549,4.724400043487549,1,0.0,0.0
2026-10-07 06:40:00-04:00,4.725599765777588,4.7291998863220215,4.723599910736084,4.7291998863220215,4.7291998863220215,8,0.0,0.0
2026-10-07 06:41:00-04:00,4.7291998863220215,4.7291998863220215,4.7291998863220215,4.7291998863220215,4.7291998863220215,3,0.0,0.0
2026-10-07 06:42:00-04:00,4.729400157928467,4.737100124359131,4.726200103759766,4.735099792480469,4.735099792480469,21,0.0,0.0
2026-10-07 06:43:00-04:00,4.736299991607666,4.73859977722168,4.734799861907959,4.738500118255615,4.738500118255615,14,0.0,0.0
2026-10-07 06:44:00-04:00,4.734099864959717,4.734099864959717,4.73390007019043,4.73390007019043,4.73390007019043,2,0.0,0.0
2026-10-07 06:45:00-04:00,4.736999988555908,4.736999988555908,4.734399795532227,4.734399795532227,4.734399795532227,2,0.0,0.0
2026-10-07 06:46:00-04:00,4.735499858856201,4.738699913024902,4.733699798583984,4.73390007019043,4.73390007019043,14,0.0,0.0
2026-10-07 06:47:00-04:00,4.734399795532227,4.734399795532227,4.734399795532227,4.734399795532227,4.734399795532227,22,0.0,0.0
2026-10-07 06:48:00-04:00,4.7316999435424805,4.7316999435424805,4.730000019073486,4.730000019073486,4.730000019073486,3,0.0,0.0
2026-10-07 06:49:00-04:00,4.730599880218506,4.730599880218506,4.730599880218506,4.730599880218506,4.730599880218506,36,0.0,0.0
2026-10-07 06:51:00-04:00,4.731100082397461,4.732800006866455,4.730899810791016,4.732800006866455,4.732800006866455,8,0.0,0.0
2026-10-07 06:52:00-04:00,4.736400127410889,4.737800121307373,4.734300136566162,4.734300136566162,4.734300136566162,7,0.0,0.0
2026-10-07 06:53:00-04:00,4.733799934387207,4.735000133514404,4.733799934387207,4.734300136566162,4.734300136566162,56,0.0,0.0
2026-10-07 06:54:00-04:00,4.736599922180176,4.737199783325195,4.734799861907959,4.737199783325195,4.737199783325195,10,0.0,0.0
2026-10-07 06:55:00-04:00,4.733099937438965,4.733099937438965,4.733099937438965,4.733099937438965,4.733099937438965,1,0.0,0.0
2026-10-07 06:57:00-04:00,4.731599807739258,4.731599807739258,4.730899810791016,4.730899810791016,4.730899810791016,3,0.0,0.0
2026-10-07 06:58:00-04:00,4.731400012969971,4.731400012969971,4.728499889373779,4.728499889373779,4.728499889373779,21,0.0,0.0
2026-10-07 06:59:00-04:00,4.729300022125244,4.729300022125244,4.728600025177002,4.728600025177002,4.728600025177002,2,0.0,0.0
2026-10-07 07:00:00-04:00,4.72790002822876,4.731900215148926,4.72760009765625,4.730100154876709,4.730100154876709,23,0.0,0.0
2026-10-07 07:01:00-04:00,4.729000091552734,4.729000091552734,4.728899955749512,4.728899955749512,4.728899955749512,3,0.0,0.0
2026-10-07 07:02:00-04:00,4.726500034332275,4.731299877166748,4.726500034332275,4.731299877166748,4.731299877166748,8,0.0,0.0
2026-10-07 07:03:00-04:00,4.729499816894531,4.729499816894531,4.726200103759766,4.726399898529053,4.726399898529053,16,0.0,0.0
2026-10-07 07:04:00-04:00,4.725500106811523,4.726099967956543,4.722599983215332,4.722599983215332,4.722599983215332,30,0.0,0.0
2026-10-07 07:05:00-04:00,4.722400188446045,4.722400188446045,4.722400188446045,4.722400188446045,4.722400188446045,2,0.0,0.0
2026-10-07 07:06:00-04:00,4.723199844360352,4.723199844360352,4.721700191497803,4.721700191497803,4.721700191497803,8,0.0,0.0
2026-10-07 07:08:00-04:00,4.722499847412109,4.722499847412109,4.718999862670898,4.718999862670898,4.718999862670898,55,0.0,0.0
2026-10-07 07:09:00-04:00,4.718500137329102,4.718500137329102,4.71589994430542,4.71589994430542,4.71589994430542,13,0.0,0.0
2026-10-07 07:10:00-04:00,4.717700004577637,4.717700004577637,4.712900161743164,4.715199947357178,4.715199947357178,65,0.0,0.0
2026-10-07 07:11:00-04:00,4.716400146484375,4.717400074005127,4.716400146484375,4.716599941253662,4.716599941253662,8,0.0,0.0
2026-10-07 07:12:00-04:00,4.716700077056885,4.716700077056885,4.716700077056885,4.716700077056885,4.716700077056885,2,0.0,0.0
2026-10-07 07:13:00-04:00,4.714799880981445,4.715400218963623,4.714399814605713,4.715400218963623,4.715400218963623,3,0.0,0.0
2026-10-07 07:14:00-04:00,4.719699859619141,4.72160005569458,4.719699859619141,4.721199989318848,4.721199989318848,15,0.0,0.0
2026-10-07 07:15:00-04:00,4.723400115966797,4.725599765777588,4.723299980163574,4.723299980163574,4.723299980163574,45,0.0,0.0
2026-10-07 07:16:00-04:00,4.722499847412109,4.722499847412109,4.718599796295166,4.718599796295166,4.718599796295166,12,0.0,0.0
2026-10-07 07:17:00-04:00,4.717800140380859,4.718500137329102,4.7170000076293945,4.718500137329102,4.718500137329102,11,0.0,0.0
2026-10-07 07:18:00-04:00,4.717400074005127,4.7179999351501465,4.71619987487793,4.717199802398682,4.717199802398682,9,0.0,0.0
2026-10-07 07:19:00-04:00,4.718200206756592,4.721700191497803,4.71560001373291,4.721700191497803,4.721700191497803,44,0.0,0.0
2026-10-07 07:20:00-04:00,4.720099925994873,4.720799922943115,4.718999862670898,4.719900131225586,4.719900131225586,8,0.0,0.0
2026-10-07 07:21:00-04:00,4.720799922943115,4.721700191497803,4.719099998474121,4.719099998474121,4.719099998474121,7,0.0,0.0
2026-10-07 07:22:00-04:00,4.718999862670898,4.719099998474121,4.718999862670898,4.719099998474121,4.719099998474121,4,0.0,0.0
2026-10-07 07:23:00-04:00,4.720300197601318,4.7210001945495605,4.720300197601318,4.7210001945495605,4.7210001945495605,5,0.0,0.0
2026-10-07 07:24:00-04:00,4.724299907684326,4.728700160980225,4.724299907684326,4.728700160980225,4.728700160980225,5,0.0,0.0
2026-10-07 07:25:00-04:00,4.728300094604492,4.742700099945068,4.728300094604492,4.741600036621094,4.741600036621094,68,0.0,0.0
2026-10-07 07:26:00-04:00,4.740200042724609,4.747600078582764,4.739799976348877,4.744800090789795,4.744800090789795,60,0.0,0.0
2026-10-07 07:27:00-04:00,4.741000175476074,4.74459981918335,4.740900039672852,4.74429988861084,4.74429988861084,13,0.0,0.0
2026-10-07 07:28:00-04:00,4.7444000244140625,4.744800090789795,4.736100196838379,4.737299919128418,4.737299919128418,33,0.0,0.0
2026-10-07 07:29:00-04:00,4.736499786376953,4.736499786376953,4.724999904632568,4.731900215148926,4.731900215148926,51,0.0,0.0
2026-10-07 07:30:00-04:00,4.730800151824951,4.744999885559082,4.730800151824951,4.740799903869629,4.740799903869629,55,0.0,0.0
2026-10-07 07:31:00-04:00,4.736499786376953,4.741099834442139,4.729700088500977,4.729700088500977,4.729700088500977,74,0.0,0.0
2026-10-07 07:32:00-04:00,4.729899883270264,4.730299949645996,4.729000091552734,4.730299949645996,4.730299949645996,7,0.0,0.0
2026-10-07 07:34:00-04:00,4.730500221252441,4.730500221252441,4.729000091552734,4.729000091552734,4.729000091552734,5,0.0,0.0
2026-10-07 07:35:00-04:00,4.729000091552734,4.732800006866455,4.729000091552734,4.731500148773193,4.731500148773193,92,0.0,0.0
2026-10-07 07:38:00-04:00,4.731100082397461,4.731500148773193,4.729599952697754,4.731500148773193,4.731500148773193,24,0.0,0.0
2026-10-07 07:40:00-04:00,4.727499961853027,4.727499961853027,4.724599838256836,4.724599838256836,4.724599838256836,5,0.0,0.0
2026-10-07 07:41:00-04:00,4.721199989318848,4.723599910736084,4.721199989318848,4.723599910736084,4.723599910736084,29,0.0,0.0
2026-10-07 07:43:00-04:00,4.71619987487793,4.71619987487793,4.711599826812744,4.711599826812744,4.711599826812744,63,0.0,0.0
2026-10-07 07:44:00-04:00,4.711699962615967,4.711699962615967,4.7067999839782715,4.7067999839782715,4.7067999839782715,52,0.0,0.0
2026-10-07 07:45:00-04:00,4.707699775695801,4.713399887084961,4.707699775695801,4.713399887084961,4.713399887084961,22,0.0,0.0
2026-10-07 07:46:00-04:00,4.712200164794922,4.714799880981445,4.712200164794922,4.714399814605713,4.714399814605713,37,0.0,0.0
2026-10-07 07:47:00-04:00,4.717400074005127,4.718400001525879,4.717400074005127,4.717700004577637,4.717700004577637,33,0.0,0.0
2026-10-07 07:48:00-04:00,4.716000080108643,4.716599941253662,4.715199947357178,4.715199947357178,4.715199947357178,8,0.0,0.0
2026-10-07 07:49:00-04:00,4.71619987487793,4.7170000076293945,4.714600086212158,4.716700077056885,4.716700077056885,14,0.0,0.0
2026-10-07 07:50:00-04:00,4.71750020980835,4.7210001945495605,4.716599941253662,4.717199802398682,4.717199802398682,27,0.0,0.0
2026-10-07 07:51:00-04:00,4.720399856567383,4.721199989318848,4.720399856567383,4.721099853515625,4.721099853515625,17,0.0,0.0
2026-10-07 07:53:00-04:00,4.718400001525879,4.718400001525879,4.711400032043457,4.711400032043457,4.711400032043457,9,0.0,0.0
2026-10-07 07:54:00-04:00,4.710700035095215,4.710700035095215,4.696199893951416,4.7027997970581055,4.7027997970581055,64,0.0,0.0
2026-10-07 07:55:00-04:00,4.705699920654297,4.705699920654297,4.702199935913086,4.702600002288818,4.702600002288818,32,0.0,0.0
2026-10-07 07:56:00-04:00,4.699100017547607,4.699100017547607,4.695499897003174,4.695499897003174,4.695499897003174,10,0.0,0.0
2026-10-07 07:57:00-04:00,4.699900150299072,4.702499866485596,4.698400020599365,4.702499866485596,4.702499866485596,16,0.0,0.0
2026-10-07 07:58:00-04:00,4.702899932861328,4.702899932861328,4.692999839782715,4.692999839782715,4.692999839782715,110,0.0,0.0
2026-10-07 07:59:00-04:00,4.695300102233887,4.6996002197265625,4.689599990844727,4.696499824523926,4.696499824523926,38,0.0,0.0
2026-10-07 08:00:00-04:00,4.698200225830078,4.700200080871582,4.697800159454346,4.700200080871582,4.700200080871582,71,0.0,0.0
2026-10-07 08:01:00-04:00,4.700300216674805,4.700300216674805,4.697700023651123,4.699100017547607,4.699100017547607,14,0.0,0.0
2026-10-07 08:02:00-04:00,4.699100017547607,4.701700210571289,4.699100017547607,4.700399875640869,4.700399875640869,54,0.0,0.0
2026-10-07 08:03:00-04:00,4.6996002197265625,4.700099945068359,4.695300102233887,4.700099945068359,4.700099945068359,284,0.0,0.0
2026-10-07 08:04:00-04:00,4.700900077819824,4.701700210571289,4.699100017547607,4.700300216674805,4.700300216674805,38,0.0,0.0
2026-10-07 08:05:00-04:00,4.699999809265137,4.699999809265137,4.693900108337402,4.694300174713135,4.694300174713135,24,0.0,0.0
2026-10-07 08:06:00-04:00,4.694300174713135,4.694300174713135,4.694300174713135,4.694300174713135,4.694300174713135,10,0.0,0.0
2026-10-07 08:07:00-04:00,4.69350004196167,4.696899890899658,4.692999839782715,4.695700168609619,4.695700168609619,35,0.0,0.0
2026-10-07 08:08:00-04:00,4.697000026702881,4.6981000900268555,4.696499824523926,4.69789981842041,4.69789981842041,22,0.0,0.0
2026-10-07 08:09:00-04:00,4.695400238037109,4.695400238037109,4.695400238037109,4.695400238037109,4.695400238037109,27,0.0,0.0
2026-10-07 08:10:00-04:00,4.694200038909912,4.696199893951416,4.693299770355225,4.6940999031066895,4.6940999031066895,27,0.0,0.0
2026-10-07 08:11:00-04:00,4.692599773406982,4.695700168609619,4.692500114440918,4.695700168609619,4.695700168609619,4,0.0,0.0
2026-10-07 08:12:00-04:00,4.696899890899658,4.699100017547607,4.695300102233887,4.6956000328063965,4.6956000328063965,15,0.0,0.0
2026-10-07 08:13:00-04:00,4.697000026702881,4.69890022277832,4.695799827575684,4.695799827575684,4.695799827575684,10,0.0,0.0
2026-10-07 08:14:00-04:00,4.696199893951416,4.697199821472168,4.694300174713135,4.697199821472168,4.697199821472168,9,0.0,0.0
2026-10-07 08:15:00-04:00,4.6975998878479,4.6975998878479,4.69350004196167,4.69350004196167,4.69350004196167,17,0.0,0.0
2026-10-07 08:16:00-04:00,4.694699764251709,4.695000171661377,4.692800045013428,4.692800045013428,4.692800045013428,12,0.0,0.0
2026-10-07 08:17:00-04:00,4.69379997253418,4.6940999031066895,4.692299842834473,4.692399978637695,4.692399978637695,6,0.0,0.0
2026-10-07 08:18:00-04:00,4.691999912261963,4.699699878692627,4.691500186920166,4.698599815368652,4.698599815368652,50,0.0,0.0
2026-10-07 08:19:00-04:00,4.700699806213379,4.707900047302246,4.700699806213379,4.706900119781494,4.706900119781494,13,0.0,0.0
2026-10-07 08:20:00-04:00,4.706500053405762,4.706500053405762,4.688399791717529,4.701700210571289,4.701700210571289,196,0.0,0.0
2026-10-07 08:21:00-04:00,4.704699993133545,4.71120023727417,4.704699993133545,4.71120023727417,4.71120023727417,29,0.0,0.0
2026-10-07 08:22:00-04:00,4.710299968719482,4.711999893188477,4.708799839019775,4.711999893188477,4.711999893188477,76,0.0,0.0
2026-10-07 08:23:00-04:00,4.709700107574463,4.710700035095215,4.709700107574463,4.71019983291626,4.71019983291626,14,0.0,0.0
2026-10-07 08:24:00-04:00,4.708499908447266,4.715199947357178,4.708499908447266,4.714600086212158,4.714600086212158,31,0.0,0.0
2026-10-07 08:25:00-04:00,4.716000080108643,4.717400074005127,4.714900016784668,4.716899871826172,4.716899871826172,64,0.0,0.0
2026-10-07 08:26:00-04:00,4.717700004577637,4.725900173187256,4.717700004577637,4.724699974060059,4.724699974060059,167,0.0,0.0
2026-10-07 08:27:00-04:00,4.7270002365112305,4.730500221252441,4.72629976272583,4.728300094604492,4.728300094604492,134,0.0,0.0
2026-10-07 08:28:00-04:00,4.730599880218506,4.7382001876831055,4.729700088500977,4.732800006866455,4.732800006866455,81,0.0,0.0
2026-10-07 08:29:00-04:00,4.7322001457214355,4.732800006866455,4.723899841308594,4.724599838256836,4.724599838256836,35,0.0,0.0
2026-10-07 08:30:00-04:00,4.724100112915039,4.724599838256836,4.722300052642822,4.724599838256836,4.724599838256836,22,0.0,0.0
2026-10-07 08:31:00-04:00,4.723700046539307,4.723700046539307,4.719699859619141,4.720699787139893,4.720699787139893,121,0.0,0.0
2026-10-07 08:32:00-04:00,4.722099781036377,4.722099781036377,4.718900203704834,4.719799995422363,4.719799995422363,52,0.0,0.0
2026-10-07 08:33:00-04:00,4.718599796295166,4.718599796295166,4.715099811553955,4.71619987487793,4.71619987487793,61,0.0,0.0
2026-10-07 08:34:00-04:00,4.71589994430542,4.716400146484375,4.713099956512451,4.713099956512451,4.713099956512451,22,0.0,0.0
2026-10-07 08:35:00-04:00,4.714000225067139,4.715400218963623,4.711299896240234,4.711299896240234,4.711299896240234,39,0.0,0.0
2026-10-07 08:36:00-04:00,4.713600158691406,4.713600158691406,4.712100028991699,4.712100028991699,4.712100028991699,12,0.0,0.0
2026-10-07 08:37:00-04:00,4.7133002281188965,4.713399887084961,4.708499908447266,4.709799766540527,4.709799766540527,37,0.0,0.0
2026-10-07 08:38:00-04:00,4.709799766540527,4.710299968719482,4.709700107574463,4.709700107574463,4.709700107574463,19,0.0,0.0
2026-10-07 08:39:00-04:00,4.707600116729736,4.709400177001953,4.707499980926514,4.7083001136779785,4.7083001136779785,61,0.0,0.0
2026-10-07 08:40:00-04:00,4.710100173950195,4.71019983291626,4.706600189208984,4.706600189208984,4.706600189208984,34,0.0,0.0
2026-10-07 08:41:00-04:00,4.7052001953125,4.7052001953125,4.701099872589111,4.702700138092041,4.702700138092041,65,0.0,0.0
2026-10-07 08:42:00-04:00,4.703000068664551,4.70419979095459,4.6981000900268555,4.6981000900268555,4.6981000900268555,59,0.0,0.0
2026-10-07 08:43:00-04:00,4.698299884796143,4.700799942016602,4.698200225830078,4.700799942016602,4.700799942016602,18,0.0,0.0
2026-10-07 08:44:00-04:00,4.701300144195557,4.705900192260742,4.701300144195557,4.705900192260742,4.705900192260742,32,0.0,0.0
2026-10-07 08:45:00-04:00,4.708799839019775,4.710899829864502,4.708799839019775,4.7104997634887695,4.7104997634887695,67,0.0,0.0
2026-10-07 08:46:00-04:00,4.711400032043457,4.714300155639648,4.707600116729736,4.710100173950195,4.710100173950195,26,0.0,0.0
2026-10-07 08:47:00-04:00,4.708199977874756,4.708199977874756,4.702499866485596,4.702700138092041,4.702700138092041,24,0.0,0.0
2026-10-07 08:48:00-04:00,4.703100204467773,4.7032999992370605,4.699999809265137,4.701099872589111,4.701099872589111,29,0.0,0.0
2026-10-07 08:49:00-04:00,4.701300144195557,4.702199935913086,4.701300144195557,4.702199935913086,4.702199935913086,15,0.0,0.0
2026-10-07 08:50:00-04:00,4.702300071716309,4.707799911499023,4.701900005340576,4.706399917602539,4.706399917602539,47,0.0,0.0
2026-10-07 08:51:00-04:00,4.7052001953125,4.706999778747559,4.703999996185303,4.703999996185303,4.703999996185303,11,0.0,0.0
2026-10-07 08:52:00-04:00,4.704599857330322,4.707900047302246,4.702899932861328,4.707900047302246,4.707900047302246,25,0.0,0.0
2026-10-07 08:53:00-04:00,4.710000038146973,4.710299968719482,4.7052001953125,4.7052001953125,4.7052001953125,54,0.0,0.0
2026-10-07 08:54:00-04:00,4.704400062561035,4.710700035095215,4.70359992980957,4.709700107574463,4.709700107574463,164,0.0,0.0
2026-10-07 08:55:00-04:00,4.708099842071533,4.713600158691406,4.708099842071533,4.713600158691406,4.713600158691406,34,0.0,0.0
2026-10-07 08:56:00-04:00,4.714700222015381,4.723400115966797,4.714399814605713,4.72130012512207,4.72130012512207,139,0.0,0.0
2026-10-07 08:57:00-04:00,4.721499919891357,4.725599765777588,4.721199989318848,4.7241997718811035,4.7241997718811035,111,0.0,0.0
2026-10-07 08:58:00-04:00,4.724599838256836,4.724800109863281,4.719699859619141,4.719799995422363,4.719799995422363,43,0.0,0.0
2026-10-07 08:59:00-04:00,4.721199989318848,4.7256999015808105,4.721199989318848,4.725399971008301,4.725399971008301,25,0.0,0.0
2026-10-07 09:00:00-04:00,4.72160005569458,4.724400043487549,4.714399814605713,4.716599941253662,4.716599941253662,138,0.0,0.0
2026-10-07 09:01:00-04:00,4.713600158691406,4.7153000831604,4.709700107574463,4.710100173950195,4.710100173950195,103,0.0,0.0
2026-10-07 09:02:00-04:00,4.710299968719482,4.7104997634887695,4.707699775695801,4.707699775695801,4.707699775695801,81,0.0,0.0
2026-10-07 09:03:00-04:00,4.704899787902832,4.708399772644043,4.703499794006348,4.706200122833252,4.706200122833252,61,0.0,0.0
2026-10-07 09:04:00-04:00,4.707200050354004,4.70989990234375,4.704100131988525,4.707900047302246,4.707900047302246,119,0.0,0.0
2026-10-07 09:05:00-04:00,4.708099842071533,4.712900161743164,4.7067999839782715,4.708000183105469,4.708000183105469,62,0.0,0.0
2026-10-07 09:06:00-04:00,4.707499980926514,4.710700035095215,4.706099987030029,4.708799839019775,4.708799839019775,55,0.0,0.0
2026-10-07 09:07:00-04:00,4.709099769592285,4.71750020980835,4.709099769592285,4.71750020980835,4.71750020980835,62,0.0,0.0
2026-10-07 09:08:00-04:00,4.717899799346924,4.720900058746338,4.717899799346924,4.71999979019165,4.71999979019165,61,0.0,0.0
2026-10-07 09:09:00-04:00,4.720799922943115,4.723299980163574,4.718999862670898,4.720200061798096,4.720200061798096,42,0.0,0.0
2026-10-07 09:10:00-04:00,4.720200061798096,4.7221999168396,4.717400074005127,4.718800067901611,4.718800067901611,63,0.0,0.0
2026-10-07 09:11:00-04:00,4.717800140380859,4.718500137329102,4.7153000831604,4.717100143432617,4.717100143432617,31,0.0,0.0
2026-10-07 09:12:00-04:00,4.717899799346924,4.718500137329102,4.7153000831604,4.718500137329102,4.718500137329102,119,0.0,0.0
2026-10-07 09:13:00-04:00,4.719399929046631,4.722300052642822,4.718699932098389,4.72130012512207,4.72130012512207,80,0.0,0.0
2026-10-07 09:14:00-04:00,4.720900058746338,4.721199989318848,4.716400146484375,4.716400146484375,4.716400146484375,22,0.0,0.0
2026-10-07 09:15:00-04:00,4.71750020980835,4.721799850463867,4.712600231170654,4.721799850463867,4.721799850463867,62,0.0,0.0
2026-10-07 09:16:00-04:00,4.72130012512207,4.723499774932861,4.719200134277344,4.719200134277344,4.719200134277344,63,0.0,0.0
2026-10-07 09:17:00-04:00,4.718599796295166,4.719600200653076,4.7154998779296875,4.716100215911865,4.716100215911865,73,0.0,0.0
2026-10-07 09:18:00-04:00,4.716700077056885,4.719200134277344,4.715400218963623,4.718999862670898,4.718999862670898,41,0.0,0.0
2026-10-07 09:19:00-04:00,4.719299793243408,4.720699787139893,4.7179999351501465,4.71999979019165,4.71999979019165,48,0.0,0.0
2026-10-07 09:20:00-04:00,4.719900131225586,4.719900131225586,4.7133002281188965,4.71560001373291,4.71560001373291,102,0.0,0.0
2026-10-07 09:21:00-04:00,4.717199802398682,4.719299793243408,4.717199802398682,4.718999862670898,4.718999862670898,37,0.0,0.0
2026-10-07 09:22:00-04:00,4.718800067901611,4.71999979019165,4.717299938201904,4.71999979019165,4.71999979019165,44,0.0,0.0
2026-10-07 09:23:00-04:00,4.720399856567383,4.720399856567383,4.717299938201904,4.719299793243408,4.719299793243408,39,0.0,0.0
2026-10-07 09:24:00-04:00,4.717899799346924,4.720300197601318,4.714200019836426,4.720300197601318,4.720300197601318,92,0.0,0.0
2026-10-07 09:25:00-04:00,4.7210001945495605,4.724699974060059,4.720799922943115,4.72160005569458,4.72160005569458,56,0.0,0.0
2026-10-07 09:26:00-04:00,4.722300052642822,4.729599952697754,4.718299865722656,4.729599952697754,4.729599952697754,111,0.0,0.0
2026-10-07 09:27:00-04:00,4.731100082397461,4.7382001876831055,4.730100154876709,4.7322001457214355,4.7322001457214355,185,0.0,0.0
2026-10-07 09:28:00-04:00,4.731800079345703,4.734899997711182,4.7307000160217285,4.734799861907959,4.734799861907959,43,0.0,0.0
2026-10-07 09:29:00-04:00,4.733500003814697,4.734000205993652,4.726799964904785,4.728000164031982,4.728000164031982,65,0.0,0.0
2026-10-07 09:30:00-04:00,4.7291998863220215,4.74429988861084,4.7291998863220215,4.744100093841553,4.744100093841553,217,0.0,0.0
2026-10-07 09:31:00-04:00,4.744500160217285,4.750500202178955,4.743199825286865,4.747200012207031,4.747200012207031,328,0.0,0.0
2026-10-07 09:32:00-04:00,4.747900009155273,4.747900009155273,4.739699840545654,4.74560022354126,4.74560022354126,148,0.0,0.0
2026-10-07 09:33:00-04:00,4.744699954986572,4.750400066375732,4.741300106048584,4.749100208282471,4.749100208282471,80,0.0,0.0
2026-10-07 09:34:00-04:00,4.749000072479248,4.750999927520752,4.744800090789795,4.747300148010254,4.747300148010254,100,0.0,0.0
2026-10-07 09:35:00-04:00,4.746600151062012,4.749899864196777,4.7459001541137695,4.749800205230713,4.749800205230713,114,0.0,0.0
2026-10-07 09:36:00-04:00,4.749100208282471,4.749100208282471,4.742300033569336,4.7428998947143555,4.7428998947143555,101,0.0,0.0
2026-10-07 09:37:00-04:00,4.744699954986572,4.7484002113342285,4.743100166320801,4.747099876403809,4.747099876403809,43,0.0,0.0
2026-10-07 09:38:00-04:00,4.74970006942749,4.756999969482422,4.749199867248535,4.7565999031066895,4.7565999031066895,106,0.0,0.0
2026-10-07 09:39:00-04:00,4.7581000328063965,4.758600234985352,4.749300003051758,4.749899864196777,4.749899864196777,113,0.0,0.0
2026-10-07 09:40:00-04:00,4.750899791717529,4.756700038909912,4.750899791717529,4.752900123596191,4.752900123596191,30,0.0,0.0
2026-10-07 09:41:00-04:00,4.754700183868408,4.757299900054932,4.753799915313721,4.756999969482422,4.756999969482422,174,0.0,0.0
2026-10-07 09:42:00-04:00,4.757900238037109,4.758500099182129,4.752900123596191,4.758500099182129,4.758500099182129,134,0.0,0.0
2026-10-07 09:43:00-04:00,4.757800102233887,4.760300159454346,4.757400035858154,4.759399890899658,4.759399890899658,66,0.0,0.0
2026-10-07 09:44:00-04:00,4.758800029754639,4.759500026702881,4.7581000328063965,4.758800029754639,4.758800029754639,81,0.0,0.0
2026-10-07 09:45:00-04:00,4.757699966430664,4.758900165557861,4.753600120544434,4.754499912261963,4.754499912261963,114,0.0,0.0
2026-10-07 09:46:00-04:00,4.754499912261963,4.7600998878479,4.75439977645874,4.755199909210205,4.755199909210205,240,0.0,0.0
2026-10-07 09:47:00-04:00,4.757199764251709,4.7581000328063965,4.754000186920166,4.75570011138916,4.75570011138916,110,0.0,0.0
2026-10-07 09:48:00-04:00,4.7546000480651855,4.758299827575684,4.753900051116943,4.756800174713135,4.756800174713135,190,0.0,0.0
2026-10-07 09:49:00-04:00,4.755000114440918,4.755000114440918,4.7484002113342285,4.7484002113342285,4.7484002113342285,94,0.0,0.0
2026-10-07 09:50:00-04:00,4.7434000968933105,4.746300220489502,4.740200042724609,4.742700099945068,4.742700099945068,78,0.0,0.0
2026-10-07 09:51:00-04:00,4.74370002746582,4.746300220489502,4.740699768066406,4.741499900817871,4.741499900817871,46,0.0,0.0
2026-10-07 09:52:00-04:00,4.741099834442139,4.7428998947143555,4.739200115203857,4.739500045776367,4.739500045776367,63,0.0,0.0
2026-10-07 09:53:00-04:00,4.740900039672852,4.743000030517578,4.740699768066406,4.742099761962891,4.742099761962891,24,0.0,0.0
2026-10-07 09:54:00-04:00,4.743500232696533,4.745100021362305,4.741499900817871,4.745100021362305,4.745100021362305,29,0.0,0.0
2026-10-07 09:55:00-04:00,4.744500160217285,4.745100021362305,4.742000102996826,4.743000030517578,4.743000030517578,53,0.0,0.0
2026-10-07 09:56:00-04:00,4.742400169372559,4.750500202178955,4.738699913024902,4.750400066375732,4.750400066375732,180,0.0,0.0
2026-10-07 09:57:00-04:00,4.751399993896484,4.753300189971924,4.744699954986572,4.744699954986572,4.744699954986572,46,0.0,0.0
2026-10-07 09:58:00-04:00,4.74560022354126,4.747900009155273,4.743800163269043,4.746399879455566,4.746399879455566,76,0.0,0.0
2026-10-07 09:59:00-04:00,4.74429988861084,4.747600078582764,4.744200229644775,4.747600078582764,4.747600078582764,45,0.0,0.0
2026-10-07 10:00:00-04:00,4.745999813079834,4.745999813079834,4.727700233459473,4.727700233459473,4.727700233459473,207,0.0,0.0
2026-10-07 10:01:00-04:00,4.728300094604492,4.730100154876709,4.725399971008301,4.725599765777588,4.725599765777588,106,0.0,0.0
2026-10-07 10:02:00-04:00,4.725399971008301,4.72629976272583,4.72189998626709,4.7230000495910645,4.7230000495910645,109,0.0,0.0
2026-10-07 10:03:00-04:00,4.722599983215332,4.730100154876709,4.722599983215332,4.730100154876709,4.730100154876709,115,0.0,0.0
2026-10-07 10:04:00-04:00,4.732999801635742,4.737100124359131,4.732699871063232,4.734099864959717,4.734099864959717,83,0.0,0.0
2026-10-07 10:05:00-04:00,4.735000133514404,4.738900184631348,4.732100009918213,4.7322998046875,4.7322998046875,163,0.0,0.0
2026-10-07 10:06:00-04:00,4.732500076293945,4.73859977722168,4.732500076293945,4.73859977722168,4.73859977722168,141,0.0,0.0
2026-10-07 10:07:00-04:00,4.736800193786621,4.737599849700928,4.734000205993652,4.735599994659424,4.735599994659424,77,0.0,0.0
2026-10-07 10:08:00-04:00,4.734799861907959,4.736100196838379,4.731200218200684,4.732100009918213,4.732100009918213,70,0.0,0.0
2026-10-07 10:09:00-04:00,4.73199987411499,4.7357001304626465,4.731900215148926,4.734600067138672,4.734600067138672,152,0.0,0.0
2026-10-07 10:10:00-04:00,4.735599994659424,4.741300106048584,4.735000133514404,4.7399001121521,4.7399001121521,137,0.0,0.0
2026-10-07 10:11:00-04:00,4.739699840545654,4.744699954986572,4.738999843597412,4.743800163269043,4.743800163269043,102,0.0,0.0
2026-10-07 10:12:00-04:00,4.744999885559082,4.744999885559082,4.738100051879883,4.738100051879883,4.738100051879883,78,0.0,0.0
2026-10-07 10:13:00-04:00,4.73799991607666,4.740499973297119,4.737599849700928,4.7399001121521,4.7399001121521,91,0.0,0.0
2026-10-07 10:14:00-04:00,4.737599849700928,4.73859977722168,4.736999988555908,4.737800121307373,4.737800121307373,67,0.0,0.0
2026-10-07 10:15:00-04:00,4.738999843597412,4.741199970245361,4.73769998550415,4.73829984664917,4.73829984664917,120,0.0,0.0
2026-10-07 10:16:00-04:00,4.737500190734863,4.741600036621094,4.737500190734863,4.741099834442139,4.741099834442139,55,0.0,0.0
2026-10-07 10:17:00-04:00,4.742199897766113,4.742700099945068,4.740200042724609,4.741199970245361,4.741199970245361,147,0.0,0.0
2026-10-07 10:18:00-04:00,4.740200042724609,4.740300178527832,4.7332000732421875,4.7342000007629395,4.7342000007629395,97,0.0,0.0
2026-10-07 10:19:00-04:00,4.734300136566162,4.7382001876831055,4.7342000007629395,4.736700057983398,4.736700057983398,47,0.0,0.0
2026-10-07 10:20:00-04:00,4.735400199890137,4.7403998374938965,4.735400199890137,4.7382001876831055,4.7382001876831055,132,0.0,0.0
2026-10-07 10:21:00-04:00,4.737199783325195,4.737800121307373,4.735400199890137,4.736400127410889,4.736400127410889,34,0.0,0.0
2026-10-07 10:22:00-04:00,4.737400054931641,4.73859977722168,4.734799861907959,4.737400054931641,4.737400054931641,66,0.0,0.0
2026-10-07 10:23:00-04:00,4.73799991607666,4.73799991607666,4.732699871063232,4.734899997711182,4.734899997711182,50,0.0,0.0
2026-10-07 10:24:00-04:00,4.735199928283691,4.736800193786621,4.732999801635742,4.732999801635742,4.732999801635742,72,0.0,0.0
2026-10-07 10:25:00-04:00,4.734099864959717,4.734799861907959,4.723700046539307,4.723700046539307,4.723700046539307,82,0.0,0.0
2026-10-07 10:26:00-04:00,4.723599910736084,4.731800079345703,4.719699859619141,4.72730016708374,4.72730016708374,161,0.0,0.0
2026-10-07 10:27:00-04:00,4.726500034332275,4.727099895477295,4.723100185394287,4.724100112915039,4.724100112915039,30,0.0,0.0
2026-10-07 10:28:00-04:00,4.7230000495910645,4.726200103759766,4.7210001945495605,4.726200103759766,4.726200103759766,178,0.0,0.0
2026-10-07 10:29:00-04:00,4.726399898529053,4.740799903869629,4.726399898529053,4.740499973297119,4.740499973297119,154,0.0,0.0
2026-10-07 10:30:00-04:00,4.733500003814697,4.736599922180176,4.726200103759766,4.728300094604492,4.728300094604492,255,0.0,0.0
2026-10-07 10:31:00-04:00,4.727799892425537,4.727799892425537,4.712399959564209,4.712399959564209,4.712399959564209,181,0.0,0.0
2026-10-07 10:32:00-04:00,4.711999893188477,4.7129998207092285,4.703999996185303,4.708099842071533,4.708099842071533,464,0.0,0.0
2026-10-07 10:33:00-04:00,4.703999996185303,4.703999996185303,4.690999984741211,4.703100204467773,4.703100204467773,305,0.0,0.0
2026-10-07 10:34:00-04:00,4.701900005340576,4.704800128936768,4.692299842834473,4.6996002197265625,4.6996002197265625,142,0.0,0.0
2026-10-07 10:35:00-04:00,4.698999881744385,4.706299781799316,4.696000099182129,4.696000099182129,4.696000099182129,244,0.0,0.0
2026-10-07 10:36:00-04:00,4.696499824523926,4.698299884796143,4.693900108337402,4.696100234985352,4.696100234985352,102,0.0,0.0
2026-10-07 10:37:00-04:00,4.695899963378906,4.700500011444092,4.695899963378906,4.698500156402588,4.698500156402588,69,0.0,0.0
2026-10-07 10:38:00-04:00,4.698599815368652,4.698599815368652,4.692999839782715,4.692999839782715,4.692999839782715,76,0.0,0.0
2026-10-07 10:39:00-04:00,4.691999912261963,4.700200080871582,4.69189977645874,4.700200080871582,4.700200080871582,50,0.0,0.0
2026-10-07 10:40:00-04:00,4.69980001449585,4.706200122833252,4.695000171661377,4.702700138092041,4.702700138092041,116,0.0,0.0
2026-10-07 10:41:00-04:00,4.700200080871582,4.704400062561035,4.6956000328063965,4.704100131988525,4.704100131988525,118,0.0,0.0
2026-10-07 10:42:00-04:00,4.7052998542785645,4.71589994430542,4.704500198364258,4.712200164794922,4.712200164794922,147,0.0,0.0
2026-10-07 10:43:00-04:00,4.713200092315674,4.7164998054504395,4.711100101470947,4.7144999504089355,4.7144999504089355,50,0.0,0.0
2026-10-07 10:44:00-04:00,4.7164998054504395,4.725500106811523,4.716400146484375,4.724400043487549,4.724400043487549,222,0.0,0.0
2026-10-07 10:45:00-04:00,4.723299980163574,4.723299980163574,4.719600200653076,4.720799922943115,4.720799922943115,42,0.0,0.0
2026-10-07 10:46:00-04:00,4.722799777984619,4.7342000007629395,4.720900058746338,4.731599807739258,4.731599807739258,362,0.0,0.0
2026-10-07 10:47:00-04:00,4.7281999588012695,4.7322001457214355,4.725599765777588,4.731800079345703,4.731800079345703,121,0.0,0.0
2026-10-07 10:48:00-04:00,4.732699871063232,4.738100051879883,4.732699871063232,4.735599994659424,4.735599994659424,44,0.0,0.0
2026-10-07 10:49:00-04:00,4.738999843597412,4.741499900817871,4.727399826049805,4.7307000160217285,4.7307000160217285,144,0.0,0.0
2026-10-07 10:50:00-04:00,4.731900215148926,4.73360013961792,4.723899841308594,4.725100040435791,4.725100040435791,94,0.0,0.0
2026-10-07 10:51:00-04:00,4.724400043487549,4.724400043487549,4.718299865722656,4.718299865722656,4.718299865722656,93,0.0,0.0
2026-10-07 10:52:00-04:00,4.717700004577637,4.722799777984619,4.713699817657471,4.722799777984619,4.722799777984619,52,0.0,0.0
2026-10-07 10:53:00-04:00,4.7230000495910645,4.726600170135498,4.72130012512207,4.7220001220703125,4.7220001220703125,81,0.0,0.0
2026-10-07 10:54:00-04:00,4.724999904632568,4.725500106811523,4.723599910736084,4.724800109863281,4.724800109863281,37,0.0,0.0
2026-10-07 10:55:00-04:00,4.723700046539307,4.724699974060059,4.719799995422363,4.719799995422363,4.719799995422363,32,0.0,0.0
2026-10-07 10:56:00-04:00,4.716899871826172,4.718800067901611,4.7154998779296875,4.718800067901611,4.718800067901611,88,0.0,0.0
2026-10-07 10:57:00-04:00,4.7195000648498535,4.720300197601318,4.717800140380859,4.718599796295166,4.718599796295166,37,0.0,0.0
2026-10-07 10:58:00-04:00,4.718900203704834,4.72130012512207,4.717700004577637,4.7195000648498535,4.7195000648498535,113,0.0,0.0
2026-10-07 10:59:00-04:00,4.718299865722656,4.719900131225586,4.712699890136719,4.714600086212158,4.714600086212158,29,0.0,0.0
2026-10-07 11:00:00-04:00,4.7153000831604,4.71619987487793,4.711999893188477,4.7153000831604,4.7153000831604,153,0.0,0.0
2026-10-07 11:01:00-04:00,4.716599941253662,4.720900058746338,4.715799808502197,4.716400146484375,4.716400146484375,56,0.0,0.0
2026-10-07 11:02:00-04:00,4.716599941253662,4.7204999923706055,4.7144999504089355,4.7204999923706055,4.7204999923706055,82,0.0,0.0
2026-10-07 11:03:00-04:00,4.721799850463867,4.722099781036377,4.714200019836426,4.719699859619141,4.719699859619141,68,0.0,0.0
2026-10-07 11:04:00-04:00,4.72130012512207,4.7245001792907715,4.713200092315674,4.713200092315674,4.713200092315674,63,0.0,0.0
2026-10-07 11:05:00-04:00,4.710299968719482,4.714000225067139,4.7042999267578125,4.714000225067139,4.714000225067139,135,0.0,0.0
2026-10-07 11:06:00-04:00,4.713699817657471,4.7164998054504395,4.7104997634887695,4.711900234222412,4.711900234222412,57,0.0,0.0
2026-10-07 11:07:00-04:00,4.711900234222412,4.713799953460693,4.709099769592285,4.709099769592285,4.709099769592285,47,0.0,0.0
2026-10-07 11:08:00-04:00,4.706999778747559,4.706999778747559,4.701000213623047,4.701900005340576,4.701900005340576,107,0.0,0.0
2026-10-07 11:09:00-04:00,4.7017998695373535,4.706399917602539,4.69950008392334,4.700699806213379,4.700699806213379,58,0.0,0.0
2026-10-07 11:10:00-04:00,4.702899932861328,4.706399917602539,4.700900077819824,4.705699920654297,4.705699920654297,42,0.0,0.0
2026-10-07 11:11:00-04:00,4.705699920654297,4.707900047302246,4.701099872589111,4.707499980926514,4.707499980926514,89,0.0,0.0
2026-10-07 11:12:00-04:00,4.705100059509277,4.707600116729736,4.70359992980957,4.706900119781494,4.706900119781494,44,0.0,0.0
2026-10-07 11:13:00-04:00,4.706699848175049,4.707300186157227,4.700900077819824,4.703800201416016,4.703800201416016,201,0.0,0.0
2026-10-07 11:14:00-04:00,4.705599784851074,4.712399959564209,4.704699993133545,4.710299968719482,4.710299968719482,73,0.0,0.0
2026-10-07 11:15:00-04:00,4.7104997634887695,4.711100101470947,4.70419979095459,4.704899787902832,4.704899787902832,72,0.0,0.0
2026-10-07 11:16:00-04:00,4.704999923706055,4.707099914550781,4.704100131988525,4.706900119781494,4.706900119781494,137,0.0,0.0
2026-10-07 11:17:00-04:00,4.705999851226807,4.710000038146973,4.704100131988525,4.705900192260742,4.705900192260742,65,0.0,0.0
2026-10-07 11:18:00-04:00,4.706699848175049,4.715199947357178,4.7052998542785645,4.713699817657471,4.713699817657471,97,0.0,0.0
2026-10-07 11:19:00-04:00,4.712900161743164,4.714099884033203,4.707300186157227,4.711900234222412,4.711900234222412,52,0.0,0.0
2026-10-07 11:20:00-04:00,4.713699817657471,4.715000152587891,4.7104997634887695,4.7104997634887695,4.7104997634887695,54,0.0,0.0
2026-10-07 11:21:00-04:00,4.708099842071533,4.712699890136719,4.706200122833252,4.712699890136719,4.712699890136719,44,0.0,0.0
2026-10-07 11:22:00-04:00,4.710899829864502,4.714300155639648,4.710899829864502,4.712600231170654,4.712600231170654,31,0.0,0.0
2026-10-07 11:23:00-04:00,4.7108001708984375,4.713699817657471,4.7108001708984375,4.713699817657471,4.713699817657471,30,0.0,0.0
2026-10-07 11:24:00-04:00,4.712299823760986,4.715799808502197,4.710899829864502,4.713500022888184,4.713500022888184,87,0.0,0.0
2026-10-07 11:25:00-04:00,4.7133002281188965,4.713399887084961,4.708600044250488,4.71019983291626,4.71019983291626,55,0.0,0.0
2026-10-07 11:26:00-04:00,4.708600044250488,4.7104997634887695,4.706900119781494,4.708799839019775,4.708799839019775,35,0.0,0.0
2026-10-07 11:27:00-04:00,4.7058000564575195,4.711699962615967,4.704500198364258,4.711699962615967,4.711699962615967,56,0.0,0.0
2026-10-07 11:28:00-04:00,4.707300186157227,4.7083001136779785,4.706099987030029,4.706699848175049,4.706699848175049,30,0.0,0.0
2026-10-07 11:29:00-04:00,4.706399917602539,4.713099956512451,4.706399917602539,4.71019983291626,4.71019983291626,150,0.0,0.0
2026-10-07 11:30:00-04:00,4.7093000411987305,4.711599826812744,4.70419979095459,4.70419979095459,4.70419979095459,144,0.0,0.0
2026-10-07 11:31:00-04:00,4.704699993133545,4.705699920654297,4.700200080871582,4.700200080871582,4.700200080871582,34,0.0,0.0
2026-10-07 11:32:00-04:00,4.701300144195557,4.702000141143799,4.697800159454346,4.702000141143799,4.702000141143799,70,0.0,0.0
2026-10-07 11:33:00-04:00,4.702400207519531,4.709499835968018,4.701300144195557,4.707300186157227,4.707300186157227,129,0.0,0.0
2026-10-07 11:34:00-04:00,4.708799839019775,4.710000038146973,4.70550012588501,4.706900119781494,4.706900119781494,47,0.0,0.0
2026-10-07 11:35:00-04:00,4.7052998542785645,4.7052998542785645,4.698699951171875,4.699699878692627,4.699699878692627,36,0.0,0.0
2026-10-07 11:36:00-04:00,4.698500156402588,4.702199935913086,4.696100234985352,4.701900005340576,4.701900005340576,60,0.0,0.0
2026-10-07 11:37:00-04:00,4.700500011444092,4.703400135040283,4.69890022277832,4.701399803161621,4.701399803161621,39,0.0,0.0
2026-10-07 11:38:00-04:00,4.701700210571289,4.70359992980957,4.699900150299072,4.702499866485596,4.702499866485596,50,0.0,0.0
2026-10-07 11:39:00-04:00,4.702099800109863,4.702099800109863,4.69290018081665,4.69290018081665,4.69290018081665,186,0.0,0.0
2026-10-07 11:40:00-04:00,4.691999912261963,4.695400238037109,4.691299915313721,4.695300102233887,4.695300102233887,76,0.0,0.0
2026-10-07 11:41:00-04:00,4.695099830627441,4.699999809265137,4.695000171661377,4.6981000900268555,4.6981000900268555,133,0.0,0.0
2026-10-07 11:42:00-04:00,4.693399906158447,4.693699836730957,4.691299915313721,4.69189977645874,4.69189977645874,214,0.0,0.0
2026-10-07 11:43:00-04:00,4.691500186920166,4.6915998458862305,4.684000015258789,4.690000057220459,4.690000057220459,78,0.0,0.0
2026-10-07 11:44:00-04:00,4.690700054168701,4.69189977645874,4.685100078582764,4.685299873352051,4.685299873352051,64,0.0,0.0
2026-10-07 11:45:00-04:00,4.685500144958496,4.685500144958496,4.67609977722168,4.676799774169922,4.676799774169922,92,0.0,0.0
2026-10-07 11:46:00-04:00,4.674499988555908,4.676000118255615,4.671199798583984,4.676000118255615,4.676000118255615,214,0.0,0.0
2026-10-07 11:47:00-04:00,4.674300193786621,4.675000190734863,4.6717000007629395,4.672999858856201,4.672999858856201,55,0.0,0.0
2026-10-07 11:48:00-04:00,4.672500133514404,4.678400039672852,4.67080020904541,4.673600196838379,4.673600196838379,71,0.0,0.0
2026-10-07 11:49:00-04:00,4.67110013961792,4.679200172424316,4.67110013961792,4.67710018157959,4.67710018157959,86,0.0,0.0
2026-10-07 11:50:00-04:00,4.6743998527526855,4.6743998527526855,4.6691999435424805,4.670100212097168,4.670100212097168,113,0.0,0.0
2026-10-07 11:51:00-04:00,4.670499801635742,4.673099994659424,4.668000221252441,4.671999931335449,4.671999931335449,235,0.0,0.0
2026-10-07 11:52:00-04:00,4.673099994659424,4.674099922180176,4.670000076293945,4.671899795532227,4.671899795532227,90,0.0,0.0
2026-10-07 11:53:00-04:00,4.671999931335449,4.678800106048584,4.669899940490723,4.678199768066406,4.678199768066406,77,0.0,0.0
2026-10-07 11:54:00-04:00,4.675899982452393,4.676300048828125,4.668300151824951,4.671599864959717,4.671599864959717,111,0.0,0.0
2026-10-07 11:55:00-04:00,4.66949987411499,4.66949987411499,4.665900230407715,4.667500019073486,4.667500019073486,127,0.0,0.0
2026-10-07 11:56:00-04:00,4.667600154876709,4.667900085449219,4.662300109863281,4.665500164031982,4.665500164031982,184,0.0,0.0
2026-10-07 11:57:00-04:00,4.6645002365112305,4.6645002365112305,4.650400161743164,4.654099941253662,4.654099941253662,344,0.0,0.0
2026-10-07 11:58:00-04:00,4.653900146484375,4.656300067901611,4.652900218963623,4.653600215911865,4.653600215911865,285,0.0,0.0
2026-10-07 11:59:00-04:00,4.6529998779296875,4.656799793243408,4.651800155639648,4.652699947357178,4.652699947357178,60,0.0,0.0
2026-10-07 12:00:00-04:00,4.654300212860107,4.654399871826172,4.640200138092041,4.643099784851074,4.643099784851074,223,0.0,0.0
2026-10-07 12:01:00-04:00,4.642499923706055,4.660200119018555,4.642199993133545,4.659999847412109,4.659999847412109,396,0.0,0.0
2026-10-07 12:02:00-04:00,4.65910005569458,4.662899971008301,4.645100116729736,4.645500183105469,4.645500183105469,98,0.0,0.0
2026-10-07 12:03:00-04:00,4.646500110626221,4.647799968719482,4.639999866485596,4.644000053405762,4.644000053405762,308,0.0,0.0
2026-10-07 12:04:00-04:00,4.64139986038208,4.643899917602539,4.639999866485596,4.639999866485596,4.639999866485596,211,0.0,0.0
2026-10-07 12:05:00-04:00,4.639999866485596,4.64139986038208,4.635900020599365,4.635900020599365,4.635900020599365,403,0.0,0.0
2026-10-07 12:06:00-04:00,4.634300231933594,4.635799884796143,4.626399993896484,4.628399848937988,4.628399848937988,184,0.0,0.0
2026-10-07 12:07:00-04:00,4.628300189971924,4.632500171661377,4.626500129699707,4.631499767303467,4.631499767303467,118,0.0,0.0
2026-10-07 12:08:00-04:00,4.632800102233887,4.632900238037109,4.629499912261963,4.63040018081665,4.63040018081665,107,0.0,0.0
2026-10-07 12:09:00-04:00,4.630499839782715,4.6321001052856445,4.6209001541137695,4.6209001541137695,4.6209001541137695,123,0.0,0.0
2026-10-07 12:10:00-04:00,4.621399879455566,4.622099876403809,4.61899995803833,4.61959981918335,4.61959981918335,98,0.0,0.0
2026-10-07 12:11:00-04:00,4.621399879455566,4.627600193023682,4.620699882507324,4.626399993896484,4.626399993896484,84,0.0,0.0
2026-10-07 12:12:00-04:00,4.625899791717529,4.6367998123168945,4.624000072479248,4.635000228881836,4.635000228881836,95,0.0,0.0
2026-10-07 12:13:00-04:00,4.635200023651123,4.638999938964844,4.631499767303467,4.636099815368652,4.636099815368652,120,0.0,0.0
2026-10-07 12:14:00-04:00,4.637700080871582,4.640500068664551,4.636899948120117,4.640500068664551,4.640500068664551,167,0.0,0.0
2026-10-07 12:15:00-04:00,4.641900062561035,4.642000198364258,4.637599945068359,4.640200138092041,4.640200138092041,41,0.0,0.0
2026-10-07 12:16:00-04:00,4.641200065612793,4.646999835968018,4.641200065612793,4.646999835968018,4.646999835968018,61,0.0,0.0
2026-10-07 12:17:00-04:00,4.644700050354004,4.650000095367432,4.644700050354004,4.649600028991699,4.649600028991699,68,0.0,0.0
2026-10-07 12:18:00-04:00,4.650000095367432,4.657199859619141,4.650000095367432,4.655099868774414,4.655099868774414,148,0.0,0.0
2026-10-07 12:19:00-04:00,4.654399871826172,4.654399871826172,4.6433000564575195,4.644499778747559,4.644499778747559,72,0.0,0.0
2026-10-07 12:20:00-04:00,4.645400047302246,4.654300212860107,4.644599914550781,4.652900218963623,4.652900218963623,183,0.0,0.0
2026-10-07 12:21:00-04:00,4.652400016784668,4.65369987487793,4.64769983291626,4.648200035095215,4.648200035095215,64,0.0,0.0
2026-10-07 12:22:00-04:00,4.648399829864502,4.648399829864502,4.643599987030029,4.643700122833252,4.643700122833252,58,0.0,0.0
2026-10-07 12:23:00-04:00,4.642099857330322,4.642099857330322,4.638999938964844,4.640600204467773,4.640600204467773,53,0.0,0.0
2026-10-07 12:24:00-04:00,4.642000198364258,4.643799781799316,4.637400150299072,4.637400150299072,4.637400150299072,76,0.0,0.0
2026-10-07 12:25:00-04:00,4.63700008392334,4.638299942016602,4.635700225830078,4.637199878692627,4.637199878692627,88,0.0,0.0
2026-10-07 12:26:00-04:00,4.637499809265137,4.644899845123291,4.637499809265137,4.644700050354004,4.644700050354004,30,0.0,0.0
2026-10-07 12:27:00-04:00,4.644000053405762,4.647900104522705,4.644000053405762,4.647799968719482,4.647799968719482,36,0.0,0.0
2026-10-07 12:28:00-04:00,4.646599769592285,4.646599769592285,4.644599914550781,4.644599914550781,4.644599914550781,26,0.0,0.0
2026-10-07 12:29:00-04:00,4.646100044250488,4.650000095367432,4.645599842071533,4.650000095367432,4.650000095367432,64,0.0,0.0
2026-10-07 12:30:00-04:00,4.651700019836426,4.654600143432617,4.650599956512451,4.652900218963623,4.652900218963623,53,0.0,0.0
2026-10-07 12:31:00-04:00,4.652100086212158,4.653900146484375,4.651800155639648,4.653900146484375,4.653900146484375,51,0.0,0.0
2026-10-07 12:32:00-04:00,4.65310001373291,4.654600143432617,4.651199817657471,4.6528000831604,4.6528000831604,49,0.0,0.0
2026-10-07 12:33:00-04:00,4.654300212860107,4.654600143432617,4.649700164794922,4.650899887084961,4.650899887084961,43,0.0,0.0
2026-10-07 12:34:00-04:00,4.649700164794922,4.650000095367432,4.648600101470947,4.650000095367432,4.650000095367432,29,0.0,0.0
2026-10-07 12:35:00-04:00,4.6519999504089355,4.652699947357178,4.650000095367432,4.6519999504089355,4.6519999504089355,59,0.0,0.0
2026-10-07 12:36:00-04:00,4.652299880981445,4.663099765777588,4.652299880981445,4.663099765777588,4.663099765777588,193,0.0,0.0
2026-10-07 12:37:00-04:00,4.662600040435791,4.662600040435791,4.660099983215332,4.660099983215332,4.660099983215332,47,0.0,0.0
2026-10-07 12:38:00-04:00,4.658899784088135,4.65939998626709,4.654799938201904,4.65939998626709,4.65939998626709,68,0.0,0.0
2026-10-07 12:39:00-04:00,4.660399913787842,4.660900115966797,4.656099796295166,4.656099796295166,4.656099796295166,65,0.0,0.0
2026-10-07 12:40:00-04:00,4.656599998474121,4.656599998474121,4.6528000831604,4.6528000831604,4.6528000831604,44,0.0,0.0
2026-10-07 12:41:00-04:00,4.654099941253662,4.654600143432617,4.652699947357178,4.652900218963623,4.652900218963623,29,0.0,0.0
2026-10-07 12:42:00-04:00,4.65310001373291,4.655099868774414,4.652100086212158,4.654799938201904,4.654799938201904,77,0.0,0.0
2026-10-07 12:43:00-04:00,4.657599925994873,4.658699989318848,4.657100200653076,4.65749979019165,4.65749979019165,66,0.0,0.0
2026-10-07 12:44:00-04:00,4.6579999923706055,4.658199787139893,4.6545000076293945,4.6545000076293945,4.6545000076293945,15,0.0,0.0
2026-10-07 12:45:00-04:00,4.653500080108643,4.6545000076293945,4.652200222015381,4.6545000076293945,4.6545000076293945,29,0.0,0.0
2026-10-07 12:46:00-04:00,4.653600215911865,4.6545000076293945,4.647600173950195,4.6539998054504395,4.6539998054504395,66,0.0,0.0
2026-10-07 12:47:00-04:00,4.651899814605713,4.652599811553955,4.648399829864502,4.6504998207092285,4.6504998207092285,101,0.0,0.0
2026-10-07 12:48:00-04:00,4.650400161743164,4.651500225067139,4.649600028991699,4.649600028991699,4.649600028991699,28,0.0,0.0
2026-10-07 12:49:00-04:00,4.64739990234375,4.648900032043457,4.638400077819824,4.639800071716309,4.639800071716309,187,0.0,0.0
2026-10-07 12:50:00-04:00,4.6381001472473145,4.640900135040283,4.633999824523926,4.633999824523926,4.633999824523926,117,0.0,0.0
2026-10-07 12:51:00-04:00,4.633800029754639,4.633900165557861,4.626399993896484,4.629199981689453,4.629199981689453,136,0.0,0.0
2026-10-07 12:52:00-04:00,4.627399921417236,4.630499839782715,4.625400066375732,4.627200126647949,4.627200126647949,117,0.0,0.0
2026-10-07 12:53:00-04:00,4.627099990844727,4.629499912261963,4.626399993896484,4.626399993896484,4.626399993896484,89,0.0,0.0
2026-10-07 12:54:00-04:00,4.625899791717529,4.625899791717529,4.619999885559082,4.6209001541137695,4.6209001541137695,63,0.0,0.0
2026-10-07 12:55:00-04:00,4.6209001541137695,4.622300148010254,4.61899995803833,4.619999885559082,4.619999885559082,42,0.0,0.0
2026-10-07 12:56:00-04:00,4.6203999519348145,4.6203999519348145,4.615300178527832,4.615600109100342,4.615600109100342,62,0.0,0.0
2026-10-07 12:57:00-04:00,4.614500045776367,4.622200012207031,4.613399982452393,4.6168999671936035,4.6168999671936035,0,0.0,0.0
