date,Open,High,Low,Close,Adj Close,Volume,Dividends,Stock Splits
2023-01-03,69.2300033569336,69.2300033569336,69.2300033569336,69.2300033569336,69.2300033569336,0,0.0,0.0
2023-01-04,68.75,68.75,68.75,68.75,68.75,0,0.0,0.0
2023-01-05,68.80999755859375,68.80999755859375,68.80999755859375,68.80999755859375,68.80999755859375,0,0.0,0.0
2023-01-06,69.1500015258789,69.1500015258789,69.1500015258789,69.1500015258789,69.1500015258789,0,0.0,0.0
2023-01-09,70.19999694824219,70.19999694824219,70.19999694824219,70.19999694824219,70.19999694824219,0,0.0,0.0
2023-01-10,69.91000366210938,69.91000366210938,69.91000366210938,69.91000366210938,69.91000366210938,0,0.0,0.0
2023-01-11,70.76000213623047,70.76000213623047,70.76000213623047,70.76000213623047,70.76000213623047,0,0.0,0.0
2023-01-12,70.83999633789062,70.83999633789062,70.83999633789062,70.83999633789062,70.83999633789062,0,0.0,0.0
2023-01-13,71.13999938964844,71.13999938964844,71.13999938964844,71.13999938964844,71.13999938964844,0,0.0,0.0
2023-01-17,70.1500015258789,70.1500015258789,70.1500015258789,70.1500015258789,70.1500015258789,0,0.0,0.0
2023-01-18,69.94000244140625,69.94000244140625,69.94000244140625,69.94000244140625,69.94000244140625,0,0.0,0.0
2023-01-19,70.55000305175781,70.55000305175781,70.55000305175781,70.55000305175781,70.55000305175781,0,0.0,0.0
2023-01-20,70.95999908447266,70.95999908447266,70.95999908447266,70.95999908447266,70.95999908447266,0,0.0,0.0
2023-01-23,71.44999694824219,71.44999694824219,71.44999694824219,71.44999694824219,71.44999694824219,0,0.0,0.0
2023-01-24,70.55000305175781,70.55000305175781,70.55000305175781,70.55000305175781,70.55000305175781,0,0.0,0.0
2023-01-25,70.19999694824219,70.19999694824219,70.19999694824219,70.19999694824219,70.19999694824219,0,0.0,0.0
2023-01-26,70.16000366210938,70.16000366210938,70.16000366210938,70.16000366210938,70.16000366210938,0,0.0,0.0
2023-01-27,69.6500015258789,69.6500015258789,69.6500015258789,69.6500015258789,69.6500015258789,0,0.0,0.0
2023-01-30,69.55000305175781,69.55000305175781,69.55000305175781,69.55000305175781,69.55000305175781,0,0.0,0.0
2023-01-31,70.5,70.5,70.5,70.5,70.5,0,0.0,0.0
2023-02-01,69.47000122070312,69.47000122070312,69.47000122070312,69.47000122070312,69.47000122070312,0,0.0,0.0
2023-02-02,69.44999694824219,69.44999694824219,69.44999694824219,69.44999694824219,69.44999694824219,0,0.0,0.0
2023-02-03,68.08999633789062,68.08999633789062,68.08999633789062,68.08999633789062,68.08999633789062,0,0.0,0.0
2023-02-06,68.52999877929688,68.52999877929688,68.52999877929688,68.52999877929688,68.52999877929688,0,0.0,0.0
2023-02-07,69.05000305175781,69.05000305175781,69.05000305175781,69.05000305175781,69.05000305175781,0,0.0,0.0
2023-02-08,69.69999694824219,69.69999694824219,69.69999694824219,69.69999694824219,69.69999694824219,0,0.0,0.0
2023-02-09,69.31999969482422,69.31999969482422,69.31999969482422,69.31999969482422,69.31999969482422,0,0.0,0.0
2023-02-10,69.9800033569336,69.9800033569336,69.9800033569336,69.9800033569336,69.9800033569336,0,0.0,0.0
2023-02-13,70.51000213623047,70.51000213623047,70.51000213623047,70.51000213623047,70.51000213623047,0,0.0,0.0
2023-02-14,70.44000244140625,70.44000244140625,70.44000244140625,70.44000244140625,70.44000244140625,0,0.0,0.0
2023-02-15,70.73999786376953,70.73999786376953,70.73999786376953,70.73999786376953,70.73999786376953,0,0.0,0.0
2023-02-16,70.91000366210938,70.91000366210938,70.91000366210938,70.91000366210938,70.91000366210938,0,0.0,0.0
2023-02-17,69.9800033569336,69.9800033569336,69.9800033569336,69.9800033569336,69.9800033569336,0,0.0,0.0
2023-02-21,70.33000183105469,70.33000183105469,70.33000183105469,70.33000183105469,70.33000183105469,0,0.0,0.0
2023-02-22,70.06999969482422,70.06999969482422,70.06999969482422,70.06999969482422,70.06999969482422,0,0.0,0.0
2023-02-23,69.9000015258789,69.9000015258789,69.9000015258789,69.9000015258789,69.9000015258789,0,0.0,0.0
2023-02-24,69.62999725341797,69.62999725341797,69.62999725341797,69.62999725341797,69.62999725341797,0,0.0,0.0
2023-02-27,68.72000122070312,68.72000122070312,68.72000122070312,68.72000122070312,68.72000122070312,0,0.0,0.0
2023-02-28,68.23999786376953,68.23999786376953,68.23999786376953,68.23999786376953,68.23999786376953,0,0.0,0.0
2023-03-01,68.66999816894531,68.66999816894531,68.66999816894531,68.66999816894531,68.66999816894531,0,0.0,0.0
2023-03-02,68.72000122070312,68.72000122070312,68.72000122070312,68.72000122070312,68.72000122070312,0,0.0,0.0
2023-03-03,69.5199966430664,69.5199966430664,69.5199966430664,69.5199966430664,69.5199966430664,0,0.0,0.0
2023-03-06,69.70999908447266,69.70999908447266,69.70999908447266,69.70999908447266,69.70999908447266,0,0.0,0.0
2023-03-07,68.5,68.5,68.5,68.5,68.5,0,0.0,0.0
2023-03-08,68.58999633789062,68.58999633789062,68.58999633789062,68.58999633789062,68.58999633789062,0,0.0,0.0
2023-03-09,68.3499984741211,68.3499984741211,68.3499984741211,68.3499984741211,68.3499984741211,0,0.0,0.0
2023-03-10,68.41999816894531,68.41999816894531,68.41999816894531,68.41999816894531,68.41999816894531,0,0.0,0.0
2023-03-13,67.83999633789062,67.83999633789062,67.83999633789062,67.83999633789062,67.83999633789062,0,0.0,0.0
2023-03-14,67.26000213623047,67.26000213623047,67.26000213623047,67.26000213623047,67.26000213623047,0,0.0,0.0
2023-03-15,66.5,66.5,66.5,66.5,66.5,0,0.0,0.0
2023-03-16,67.36000061035156,67.36000061035156,67.36000061035156,67.36000061035156,67.36000061035156,0,0.0,0.0
2023-03-17,67.41000366210938,67.41000366210938,67.41000366210938,67.41000366210938,67.41000366210938,0,0.0,0.0
2023-03-20,67.7300033569336,67.7300033569336,67.7300033569336,67.7300033569336,67.7300033569336,0,0.0,0.0
2023-03-21,67.66999816894531,67.66999816894531,67.66999816894531,67.66999816894531,67.66999816894531,0,0.0,0.0
2023-03-22,68.04000091552734,68.04000091552734,68.04000091552734,68.04000091552734,68.04000091552734,0,0.0,0.0
2023-03-23,68.0,68.0,68.0,68.0,68.0,0,0.0,0.0
2023-03-24,67.81999969482422,67.81999969482422,67.81999969482422,67.81999969482422,67.81999969482422,0,0.0,0.0
2023-03-27,68.94000244140625,68.94000244140625,68.94000244140625,68.94000244140625,68.94000244140625,0,0.0,0.0
2023-03-28,68.98999786376953,68.98999786376953,68.98999786376953,68.98999786376953,68.98999786376953,0,0.0,0.0
2023-03-29,68.83000183105469,68.83000183105469,68.83000183105469,68.83000183105469,68.83000183105469,0,0.0,0.0
2023-03-30,68.44999694824219,68.44999694824219,68.44999694824219,68.44999694824219,68.44999694824219,0,0.0,0.0
2023-03-31,68.58000183105469,68.58000183105469,68.58000183105469,68.58000183105469,68.58000183105469,0,0.0,0.0
2023-04-03,68.80999755859375,68.80999755859375,68.80999755859375,68.80999755859375,68.80999755859375,0,0.0,0.0
2023-04-04,68.7699966430664,68.7699966430664,68.7699966430664,68.7699966430664,68.7699966430664,0,0.0,0.0
2023-04-05,69.12000274658203,69.12000274658203,69.12000274658203,69.12000274658203,69.12000274658203,0,0.0,0.0
2023-04-06,68.9800033569336,68.9800033569336,68.9800033569336,68.9800033569336,68.9800033569336,0,0.0,0.0
2023-04-10,68.5199966430664,68.5199966430664,68.5199966430664,68.5199966430664,68.5199966430664,0,0.0,0.0
2023-04-11,68.91999816894531,68.91999816894531,68.91999816894531,68.91999816894531,68.91999816894531,0,0.0,0.0
2023-04-12,69.55999755859375,69.55999755859375,69.55999755859375,69.55999755859375,69.55999755859375,0,0.0,0.0
2023-04-13,69.51000213623047,69.51000213623047,69.51000213623047,69.51000213623047,69.51000213623047,0,0.0,0.0
2023-04-14,69.66000366210938,69.66000366210938,69.66000366210938,69.66000366210938,69.66000366210938,0,0.0,0.0
2023-04-17,69.5,69.5,69.5,69.5,69.5,0,0.0,0.0
2023-04-18,69.91000366210938,69.91000366210938,69.91000366210938,69.91000366210938,69.91000366210938,0,0.0,0.0
2023-04-19,69.44000244140625,69.44000244140625,69.44000244140625,69.44000244140625,69.44000244140625,0,0.0,0.0
2023-04-20,68.69999694824219,68.69999694824219,68.69999694824219,68.69999694824219,68.69999694824219,0,0.0,0.0
2023-04-21,69.91999816894531,69.91999816894531,69.91999816894531,69.91999816894531,69.91999816894531,0,0.0,0.0
2023-04-24,70.33999633789062,70.33999633789062,70.33999633789062,70.33999633789062,70.33999633789062,0,0.0,0.0
2023-04-25,69.0999984741211,69.0999984741211,69.0999984741211,69.0999984741211,69.0999984741211,0,0.0,0.0
2023-04-26,68.69999694824219,68.69999694824219,68.69999694824219,68.69999694824219,68.69999694824219,0,0.0,0.0
2023-04-27,68.30000305175781,68.30000305175781,68.30000305175781,68.30000305175781,68.30000305175781,0,0.0,0.0
2023-04-28,69.51000213623047,69.51000213623047,69.51000213623047,69.51000213623047,69.51000213623047,0,0.0,0.0
2023-05-01,68.81999969482422,68.81999969482422,68.81999969482422,68.81999969482422,68.81999969482422,0,0.0,0.0
2023-05-02,67.94000244140625,67.94000244140625,67.94000244140625,67.94000244140625,67.94000244140625,0,0.0,0.0
2023-05-03,66.8499984741211,66.8499984741211,66.8499984741211,66.8499984741211,66.8499984741211,0,0.0,0.0
2023-05-04,66.1500015258789,66.1500015258789,66.1500015258789,66.1500015258789,66.1500015258789,0,0.0,0.0
2023-05-05,67.36000061035156,67.36000061035156,67.36000061035156,67.36000061035156,67.36000061035156,0,0.0,0.0
2023-05-08,68.37999725341797,68.37999725341797,68.37999725341797,68.37999725341797,68.37999725341797,0,0.0,0.0
2023-05-09,68.91999816894531,68.91999816894531,68.91999816894531,68.91999816894531,68.91999816894531,0,0.0,0.0
2023-05-10,68.66000366210938,68.66000366210938,68.66000366210938,68.66000366210938,68.66000366210938,0,0.0,0.0
2023-05-11,67.51000213623047,67.51000213623047,67.51000213623047,67.51000213623047,67.51000213623047,0,0.0,0.0
2023-05-12,67.25,67.25,67.25,67.25,67.25,0,0.0,0.0
2023-05-15,67.80999755859375,67.80999755859375,67.80999755859375,67.80999755859375,67.80999755859375,0,0.0,0.0
2023-05-16,67.66000366210938,67.66000366210938,67.66000366210938,67.66000366210938,67.66000366210938,0,0.0,0.0
2023-05-17,68.88999938964844,68.88999938964844,68.88999938964844,68.88999938964844,68.88999938964844,0,0.0,0.0
2023-05-18,68.73999786376953,68.73999786376953,68.73999786376953,68.73999786376953,68.73999786376953,0,0.0,0.0
2023-05-19,67.55999755859375,67.55999755859375,67.55999755859375,67.55999755859375,67.55999755859375,0,0.0,0.0
2023-05-22,67.45999908447266,67.45999908447266,67.45999908447266,67.45999908447266,67.45999908447266,0,0.0,0.0
2023-05-23,67.94000244140625,67.94000244140625,67.94000244140625,67.94000244140625,67.94000244140625,0,0.0,0.0
2023-05-24,68.55999755859375,68.55999755859375,68.55999755859375,68.55999755859375,68.55999755859375,0,0.0,0.0
2023-05-25,67.37000274658203,67.37000274658203,67.37000274658203,67.37000274658203,67.37000274658203,0,0.0,0.0
2023-05-26,68.08999633789062,68.08999633789062,68.08999633789062,68.08999633789062,68.08999633789062,0,0.0,0.0
2023-05-30,66.5999984741211,66.5999984741211,66.5999984741211,66.5999984741211,66.5999984741211,0,0.0,0.0
2023-05-31,66.11000061035156,66.11000061035156,66.11000061035156,66.11000061035156,66.11000061035156,0,0.0,0.0
2023-06-01,66.73999786376953,66.73999786376953,66.73999786376953,66.73999786376953,66.73999786376953,0,0.0,0.0
2023-06-02,67.5199966430664,67.5199966430664,67.5199966430664,67.5199966430664,67.5199966430664,0,0.0,0.0
2023-06-05,67.11000061035156,67.11000061035156,67.11000061035156,67.11000061035156,67.11000061035156,0,0.0,0.0
2023-06-06,66.86000061035156,66.86000061035156,66.86000061035156,66.86000061035156,66.86000061035156,0,0.0,0.0
2023-06-07,67.22000122070312,67.22000122070312,67.22000122070312,67.22000122070312,67.22000122070312,0,0.0,0.0
2023-06-08,66.44999694824219,66.44999694824219,66.44999694824219,66.44999694824219,66.44999694824219,0,0.0,0.0
2023-06-09,66.55999755859375,66.55999755859375,66.55999755859375,66.55999755859375,66.55999755859375,0,0.0,0.0
2023-06-12,65.47000122070312,65.47000122070312,65.47000122070312,65.47000122070312,65.47000122070312,0,0.0,0.0
2023-06-13,67.1500015258789,67.1500015258789,67.1500015258789,67.1500015258789,67.1500015258789,0,0.0,0.0
2023-06-14,66.51000213623047,66.51000213623047,66.51000213623047,66.51000213623047,66.51000213623047,0,0.0,0.0
2023-06-15,68.04000091552734,68.04000091552734,68.04000091552734,68.04000091552734,68.04000091552734,0,0.0,0.0
2023-06-16,68.48999786376953,68.48999786376953,68.48999786376953,68.48999786376953,68.48999786376953,0,0.0,0.0
2023-06-20,68.1500015258789,68.1500015258789,68.1500015258789,68.1500015258789,68.1500015258789,0,0.0,0.0
2023-06-21,68.69999694824219,68.69999694824219,68.69999694824219,68.69999694824219,68.69999694824219,0,0.0,0.0
2023-06-22,67.38999938964844,67.38999938964844,67.38999938964844,67.38999938964844,67.38999938964844,0,0.0,0.0
2023-06-23,67.04000091552734,67.04000091552734,67.04000091552734,67.04000091552734,67.04000091552734,0,0.0,0.0
2023-06-26,67.29000091552734,67.29000091552734,67.29000091552734,67.29000091552734,67.29000091552734,0,0.0,0.0
2023-06-27,67.3499984741211,67.3499984741211,67.3499984741211,67.3499984741211,67.3499984741211,0,0.0,0.0
2023-06-28,67.66999816894531,67.66999816894531,67.66999816894531,67.66999816894531,67.66999816894531,0,0.0,0.0
2023-06-29,67.56999969482422,67.56999969482422,67.56999969482422,67.56999969482422,67.56999969482422,0,0.0,0.0
2023-06-30,68.02999877929688,68.02999877929688,68.02999877929688,68.02999877929688,68.02999877929688,0,0.0,0.0
2023-07-03,66.9800033569336,66.9800033569336,66.9800033569336,66.9800033569336,66.9800033569336,0,0.0,0.0
2023-07-05,68.19999694824219,68.19999694824219,68.19999694824219,68.19999694824219,68.19999694824219,0,0.0,0.0
2023-07-06,67.7300033569336,67.7300033569336,67.7300033569336,67.7300033569336,67.7300033569336,0,0.0,0.0
2023-07-07,68.0999984741211,68.0999984741211,68.0999984741211,68.0999984741211,68.0999984741211,0,0.0,0.0
2023-07-10,68.56999969482422,68.56999969482422,68.56999969482422,68.56999969482422,68.56999969482422,0,0.0,0.0
2023-07-11,69.27999877929688,69.27999877929688,69.27999877929688,69.27999877929688,69.27999877929688,0,0.0,0.0
2023-07-12,69.5199966430664,69.5199966430664,69.5199966430664,69.5199966430664,69.5199966430664,0,0.0,0.0
2023-07-13,70.06999969482422,70.06999969482422,70.06999969482422,70.06999969482422,70.06999969482422,0,0.0,0.0
2023-07-14,69.33999633789062,69.33999633789062,69.33999633789062,69.33999633789062,69.33999633789062,0,0.0,0.0
2023-07-17,69.44000244140625,69.44000244140625,69.44000244140625,69.44000244140625,69.44000244140625,0,0.0,0.0
2023-07-18,70.01000213623047,70.01000213623047,70.01000213623047,70.01000213623047,70.01000213623047,0,0.0,0.0
2023-07-19,70.5199966430664,70.5199966430664,70.5199966430664,70.5199966430664,70.5199966430664,0,0.0,0.0
2023-07-20,70.43000030517578,70.43000030517578,70.43000030517578,70.43000030517578,70.43000030517578,0,0.0,0.0
2023-07-21,70.87000274658203,70.87000274658203,70.87000274658203,70.87000274658203,70.87000274658203,0,0.0,0.0
2023-07-24,71.45999908447266,71.45999908447266,71.45999908447266,71.45999908447266,71.45999908447266,0,0.0,0.0
2023-07-25,71.5,71.5,71.5,71.5,71.5,0,0.0,0.0
2023-07-26,71.4000015258789,71.4000015258789,71.4000015258789,71.4000015258789,71.4000015258789,0,0.0,0.0
2023-07-27,71.83000183105469,71.83000183105469,71.83000183105469,71.83000183105469,71.83000183105469,0,0.0,0.0
2023-07-28,72.27999877929688,72.27999877929688,72.27999877929688,72.27999877929688,72.27999877929688,0,0.0,0.0
2023-07-31,72.55000305175781,72.55000305175781,72.55000305175781,72.55000305175781,72.55000305175781,0,0.0,0.0
2023-08-01,72.23999786376953,72.23999786376953,72.23999786376953,72.23999786376953,72.23999786376953,0,0.0,0.0
2023-08-02,71.1500015258789,71.1500015258789,71.1500015258789,71.1500015258789,71.1500015258789,0,0.0,0.0
2023-08-03,72.0999984741211,72.0999984741211,72.0999984741211,72.0999984741211,72.0999984741211,0,0.0,0.0
2023-08-04,72.70999908447266,72.70999908447266,72.70999908447266,72.70999908447266,72.70999908447266,0,0.0,0.0
2023-08-07,72.83999633789062,72.83999633789062,72.83999633789062,72.83999633789062,72.83999633789062,0,0.0,0.0
2023-08-08,73.33999633789062,73.33999633789062,73.33999633789062,73.33999633789062,73.33999633789062,0,0.0,0.0
2023-08-09,73.63999938964844,73.63999938964844,73.63999938964844,73.63999938964844,73.63999938964844,0,0.0,0.0
2023-08-10,73.12999725341797,73.12999725341797,73.12999725341797,73.12999725341797,73.12999725341797,0,0.0,0.0
2023-08-11,72.91999816894531,72.91999816894531,72.91999816894531,72.91999816894531,72.91999816894531,0,0.0,0.0
2023-08-14,72.77999877929688,72.77999877929688,72.77999877929688,72.77999877929688,72.77999877929688,0,0.0,0.0
2023-08-15,72.30000305175781,72.30000305175781,72.30000305175781,72.30000305175781,72.30000305175781,0,0.0,0.0
2023-08-16,72.31999969482422,72.31999969482422,72.31999969482422,72.31999969482422,72.31999969482422,0,0.0,0.0
2023-08-17,72.66000366210938,72.66000366210938,72.66000366210938,72.66000366210938,72.66000366210938,0,0.0,0.0
2023-08-18,73.08999633789062,73.08999633789062,73.08999633789062,73.08999633789062,73.08999633789062,0,0.0,0.0
2023-08-21,73.19999694824219,73.19999694824219,73.19999694824219,73.19999694824219,73.19999694824219,0,0.0,0.0
2023-08-22,73.12000274658203,73.12000274658203,73.12000274658203,73.12000274658203,73.12000274658203,0,0.0,0.0
2023-08-23,72.7699966430664,72.7699966430664,72.7699966430664,72.7699966430664,72.7699966430664,0,0.0,0.0
2023-08-24,72.18000030517578,72.18000030517578,72.18000030517578,72.18000030517578,72.18000030517578,0,0.0,0.0
2023-08-25,72.58000183105469,72.58000183105469,72.58000183105469,72.58000183105469,72.58000183105469,0,0.0,0.0
2023-08-28,72.37000274658203,72.37000274658203,72.37000274658203,72.37000274658203,72.37000274658203,0,0.0,0.0
2023-08-29,72.94999694824219,72.94999694824219,72.94999694824219,72.94999694824219,72.94999694824219,0,0.0,0.0
2023-08-30,72.86000061035156,72.86000061035156,72.86000061035156,72.86000061035156,72.86000061035156,0,0.0,0.0
2023-08-31,73.22000122070312,73.22000122070312,73.22000122070312,73.22000122070312,73.22000122070312,0,0.0,0.0
2023-09-01,73.91999816894531,73.91999816894531,73.91999816894531,73.91999816894531,73.91999816894531,0,0.0,0.0
2023-09-05,74.33000183105469,74.33000183105469,74.33000183105469,74.33000183105469,74.33000183105469,0,0.0,0.0
2023-09-06,74.29000091552734,74.29000091552734,74.29000091552734,74.29000091552734,74.29000091552734,0,0.0,0.0
2023-09-07,74.58999633789062,74.58999633789062,74.58999633789062,74.58999633789062,74.58999633789062,0,0.0,0.0
2023-09-08,74.37999725341797,74.37999725341797,74.37999725341797,74.37999725341797,74.37999725341797,0,0.0,0.0
2023-09-11,74.5,74.5,74.5,74.5,74.5,0,0.0,0.0
2023-09-12,74.58000183105469,74.58000183105469,74.58000183105469,74.58000183105469,74.58000183105469,0,0.0,0.0
2023-09-13,74.48999786376953,74.48999786376953,74.48999786376953,74.48999786376953,74.48999786376953,0,0.0,0.0
2023-09-14,74.80000305175781,74.80000305175781,74.80000305175781,74.80000305175781,74.80000305175781,0,0.0,0.0
2023-09-15,74.36000061035156,74.36000061035156,74.36000061035156,74.36000061035156,74.36000061035156,0,0.0,0.0
2023-09-18,74.81999969482422,74.81999969482422,74.81999969482422,74.81999969482422,74.81999969482422,0,0.0,0.0
2023-09-19,74.94000244140625,74.94000244140625,74.94000244140625,74.94000244140625,74.94000244140625,0,0.0,0.0
2023-09-20,75.08999633789062,75.08999633789062,75.08999633789062,75.08999633789062,75.08999633789062,0,0.0,0.0
2023-09-21,75.31999969482422,75.31999969482422,75.31999969482422,75.31999969482422,75.31999969482422,0,0.0,0.0
2023-09-22,74.44999694824219,74.44999694824219,74.44999694824219,74.44999694824219,74.44999694824219,0,0.0,0.0
2023-09-25,74.76000213623047,74.76000213623047,74.76000213623047,74.76000213623047,74.76000213623047,0,0.0,0.0
2023-09-26,74.9000015258789,74.9000015258789,74.9000015258789,74.9000015258789,74.9000015258789,0,0.0,0.0
2023-09-27,75.16999816894531,75.16999816894531,75.16999816894531,75.16999816894531,75.16999816894531,0,0.0,0.0
2023-09-28,75.23999786376953,75.23999786376953,75.23999786376953,75.23999786376953,75.23999786376953,0,0.0,0.0
2023-09-29,74.97000122070312,74.97000122070312,74.97000122070312,74.97000122070312,74.97000122070312,0,0.0,0.0
2023-10-02,74.8499984741211,74.8499984741211,74.8499984741211,74.8499984741211,74.8499984741211,0,0.0,0.0
2023-10-03,74.77999877929688,74.77999877929688,74.77999877929688,74.77999877929688,74.77999877929688,0,0.0,0.0
2023-10-04,71.93000030517578,71.93000030517578,71.93000030517578,71.93000030517578,71.93000030517578,0,0.0,0.0
2023-10-05,70.9800033569336,70.9800033569336,70.9800033569336,70.9800033569336,70.9800033569336,0,0.0,0.0
2023-10-06,71.06999969482422,71.06999969482422,71.06999969482422,71.06999969482422,71.06999969482422,0,0.0,0.0
2023-10-09,72.05000305175781,72.05000305175781,72.05000305175781,72.05000305175781,72.05000305175781,0,0.0,0.0
2023-10-10,72.87000274658203,72.87000274658203,72.87000274658203,72.87000274658203,72.87000274658203,0,0.0,0.0
2023-10-11,73.25,73.25,73.25,73.25,73.25,0,0.0,0.0
2023-10-12,73.36000061035156,73.36000061035156,73.36000061035156,73.36000061035156,73.36000061035156,0,0.0,0.0
2023-10-13,74.77999877929688,74.77999877929688,74.77999877929688,74.77999877929688,74.77999877929688,0,0.0,0.0
2023-10-16,75.0999984741211,75.0999984741211,75.0999984741211,75.0999984741211,75.0999984741211,0,0.0,0.0
2023-10-17,75.30999755859375,75.30999755859375,75.30999755859375,75.30999755859375,75.30999755859375,0,0.0,0.0
2023-10-18,75.61000061035156,75.61000061035156,75.61000061035156,75.61000061035156,75.61000061035156,0,0.0,0.0
2023-10-19,75.18000030517578,75.18000030517578,75.18000030517578,75.18000030517578,75.18000030517578,0,0.0,0.0
2023-10-20,74.76000213623047,74.76000213623047,74.76000213623047,74.76000213623047,74.76000213623047,0,0.0,0.0
2023-10-23,74.31999969482422,74.31999969482422,74.31999969482422,74.31999969482422,74.31999969482422,0,0.0,0.0
2023-10-24,74.01000213623047,74.01000213623047,74.01000213623047,74.01000213623047,74.01000213623047,0,0.0,0.0
2023-10-25,74.80000305175781,74.80000305175781,74.80000305175781,74.80000305175781,74.80000305175781,0,0.0,0.0
2023-10-26,74.36000061035156,74.36000061035156,74.36000061035156,74.36000061035156,74.36000061035156,0,0.0,0.0
2023-10-27,75.0199966430664,75.0199966430664,75.0199966430664,75.0199966430664,75.0199966430664,0,0.0,0.0
2023-10-30,74.20999908447266,74.20999908447266,74.20999908447266,74.20999908447266,74.20999908447266,0,0.0,0.0
2023-10-31,73.93000030517578,73.93000030517578,73.93000030517578,73.93000030517578,73.93000030517578,0,0.0,0.0
2023-11-01,73.58999633789062,73.58999633789062,73.58999633789062,73.58999633789062,73.58999633789062,0,0.0,0.0
2023-11-02,74.31999969482422,74.31999969482422,74.31999969482422,74.31999969482422,74.31999969482422,0,0.0,0.0
2023-11-03,73.5999984741211,73.5999984741211,73.5999984741211,73.5999984741211,73.5999984741211,0,0.0,0.0
2023-11-06,74.1500015258789,74.1500015258789,74.1500015258789,74.1500015258789,74.1500015258789,0,0.0,0.0
2023-11-07,72.0,72.0,72.0,72.0,72.0,0,0.0,0.0
2023-11-08,71.0199966430664,71.0199966430664,71.0199966430664,71.0199966430664,71.0199966430664,0,0.0,0.0
2023-11-09,71.47000122070312,71.47000122070312,71.47000122070312,71.47000122070312,71.47000122070312,0,0.0,0.0
2023-11-10,72.2699966430664,72.2699966430664,72.2699966430664,72.2699966430664,72.2699966430664,0,0.0,0.0
2023-11-13,72.86000061035156,72.86000061035156,72.86000061035156,72.86000061035156,72.86000061035156,0,0.0,0.0
2023-11-14,72.47000122070312,72.47000122070312,72.47000122070312,72.47000122070312,72.47000122070312,0,0.0,0.0
2023-11-15,72.19000244140625,72.19000244140625,72.19000244140625,72.19000244140625,72.19000244140625,0,0.0,0.0
2023-11-16,70.36000061035156,70.36000061035156,70.36000061035156,70.36000061035156,70.36000061035156,0,0.0,0.0
2023-11-17,72.19000244140625,72.19000244140625,72.19000244140625,72.19000244140625,72.19000244140625,0,0.0,0.0
2023-11-20,72.98999786376953,72.98999786376953,72.98999786376953,72.98999786376953,72.98999786376953,0,0.0,0.0
2023-11-21,72.83999633789062,72.83999633789062,72.83999633789062,72.83999633789062,72.83999633789062,0,0.0,0.0
2023-11-22,72.36000061035156,72.36000061035156,72.36000061035156,72.36000061035156,72.36000061035156,0,0.0,0.0
2023-11-24,71.62999725341797,71.62999725341797,71.62999725341797,71.62999725341797,71.62999725341797,0,0.0,0.0
2023-11-27,71.25,71.25,71.25,71.25,71.25,0,0.0,0.0
2023-11-28,71.91000366210938,71.91000366210938,71.91000366210938,71.91000366210938,71.91000366210938,0,0.0,0.0
2023-11-29,72.58999633789062,72.58999633789062,72.58999633789062,72.58999633789062,72.58999633789062,0,0.0,0.0
2023-11-30,71.4800033569336,71.4800033569336,71.4800033569336,71.4800033569336,71.4800033569336,0,0.0,0.0
2023-12-01,70.76000213623047,70.76000213623047,70.76000213623047,70.76000213623047,70.76000213623047,0,0.0,0.0
2023-12-04,71.0,71.0,71.0,71.0,71.0,0,0.0,0.0
2023-12-05,70.48999786376953,70.48999786376953,70.48999786376953,70.48999786376953,70.48999786376953,0,0.0,0.0
2023-12-06,69.58000183105469,69.58000183105469,69.58000183105469,69.58000183105469,69.58000183105469,0,0.0,0.0
2023-12-07,69.6500015258789,69.6500015258789,69.6500015258789,69.6500015258789,69.6500015258789,0,0.0,0.0
2023-12-08,70.44999694824219,70.44999694824219,70.44999694824219,70.44999694824219,70.44999694824219,0,0.0,0.0
2023-12-11,70.83000183105469,70.83000183105469,70.83000183105469,70.83000183105469,70.83000183105469,0,0.0,0.0
2023-12-12,69.5999984741211,69.5999984741211,69.5999984741211,69.5999984741211,69.5999984741211,0,0.0,0.0
2023-12-13,70.33999633789062,70.33999633789062,70.33999633789062,70.33999633789062,70.33999633789062,0,0.0,0.0
2023-12-14,71.5,71.5,71.5,71.5,71.5,0,0.0,0.0
2023-12-15,71.4000015258789,71.4000015258789,71.4000015258789,71.4000015258789,71.4000015258789,0,0.0,0.0
2023-12-18,71.76000213623047,71.76000213623047,71.76000213623047,71.76000213623047,71.76000213623047,0,0.0,0.0
2023-12-19,72.18000030517578,72.18000030517578,72.18000030517578,72.18000030517578,72.18000030517578,0,0.0,0.0
2023-12-20,71.91999816894531,71.91999816894531,71.91999816894531,71.91999816894531,71.91999816894531,0,0.0,0.0
2023-12-21,71.36000061035156,71.36000061035156,71.36000061035156,71.36000061035156,71.36000061035156,0,0.0,0.0
2023-12-22,70.66999816894531,70.66999816894531,70.66999816894531,70.66999816894531,70.66999816894531,0,0.0,0.0
2023-12-26,71.29000091552734,71.29000091552734,71.29000091552734,71.29000091552734,71.29000091552734,0,0.0,0.0
2023-12-27,70.98999786376953,70.98999786376953,70.98999786376953,70.98999786376953,70.98999786376953,0,0.0,0.0
2023-12-28,69.93000030517578,69.93000030517578,69.93000030517578,69.93000030517578,69.93000030517578,0,0.0,0.0
2023-12-29,69.70999908447266,69.70999908447266,69.70999908447266,69.70999908447266,69.70999908447266,0,0.0,0.0
2024-01-02,69.5999984741211,69.5999984741211,69.5999984741211,69.5999984741211,69.5999984741211,0,0.0,0.0
2024-01-03,70.77999877929688,70.77999877929688,70.77999877929688,70.77999877929688,70.77999877929688,0,0.0,0.0
2024-01-04,70.18000030517578,70.18000030517578,70.18000030517578,70.18000030517578,70.18000030517578,0,0.0,0.0
2024-01-05,70.54000091552734,70.54000091552734,70.54000091552734,70.54000091552734,70.54000091552734,0,0.0,0.0
2024-01-08,69.56999969482422,69.56999969482422,69.56999969482422,69.56999969482422,69.56999969482422,0,0.0,0.0
2024-01-09,69.9000015258789,69.9000015258789,69.9000015258789,69.9000015258789,69.9000015258789,0,0.0,0.0
2024-01-10,69.62999725341797,69.62999725341797,69.62999725341797,69.62999725341797,69.62999725341797,0,0.0,0.0
2024-01-11,70.05000305175781,70.05000305175781,70.05000305175781,70.05000305175781,70.05000305175781,0,0.0,0.0
2024-01-12,70.9000015258789,70.9000015258789,70.9000015258789,70.9000015258789,70.9000015258789,0,0.0,0.0
2024-01-16,70.4800033569336,70.4800033569336,70.4800033569336,70.4800033569336,70.4800033569336,0,0.0,0.0
2024-01-17,70.27999877929688,70.27999877929688,70.27999877929688,70.27999877929688,70.27999877929688,0,0.0,0.0
2024-01-18,70.73999786376953,70.73999786376953,70.73999786376953,70.73999786376953,70.73999786376953,0,0.0,0.0
2024-01-19,70.27999877929688,70.27999877929688,70.27999877929688,70.27999877929688,70.27999877929688,0,0.0,0.0
2024-01-22,71.30000305175781,71.30000305175781,71.30000305175781,71.30000305175781,71.30000305175781,0,0.0,0.0
2024-01-23,71.18000030517578,71.18000030517578,71.18000030517578,71.18000030517578,71.18000030517578,0,0.0,0.0
2024-01-24,71.43000030517578,71.43000030517578,71.43000030517578,71.43000030517578,71.43000030517578,0,0.0,0.0
2024-01-25,72.12000274658203,72.12000274658203,72.12000274658203,72.12000274658203,72.12000274658203,0,0.0,0.0
2024-01-26,72.76000213623047,72.76000213623047,72.76000213623047,72.76000213623047,72.76000213623047,0,0.0,0.0
2024-01-29,72.01000213623047,72.01000213623047,72.01000213623047,72.01000213623047,72.01000213623047,0,0.0,0.0
2024-01-30,72.56999969482422,72.56999969482422,72.56999969482422,72.56999969482422,72.56999969482422,0,0.0,0.0
2024-01-31,71.63999938964844,71.63999938964844,71.63999938964844,71.63999938964844,71.63999938964844,0,0.0,0.0
2024-02-01,70.41999816894531,70.41999816894531,70.41999816894531,70.41999816894531,70.41999816894531,0,0.0,0.0
2024-02-02,69.8499984741211,69.8499984741211,69.8499984741211,69.8499984741211,69.8499984741211,0,0.0,0.0
2024-02-05,70.41000366210938,70.41000366210938,70.41000366210938,70.41000366210938,70.41000366210938,0,0.0,0.0
2024-02-06,70.31999969482422,70.31999969482422,70.31999969482422,70.31999969482422,70.31999969482422,0,0.0,0.0
2024-02-07,70.61000061035156,70.61000061035156,70.61000061035156,70.61000061035156,70.61000061035156,0,0.0,0.0
2024-02-08,71.44000244140625,71.44000244140625,71.44000244140625,71.44000244140625,71.44000244140625,0,0.0,0.0
2024-02-09,71.9000015258789,71.9000015258789,71.9000015258789,71.9000015258789,71.9000015258789,0,0.0,0.0
2024-02-12,72.05999755859375,72.05999755859375,72.05999755859375,72.05999755859375,72.05999755859375,0,0.0,0.0
2024-02-13,72.23999786376953,72.23999786376953,72.23999786376953,72.23999786376953,72.23999786376953,0,0.0,0.0
2024-02-14,71.7699966430664,71.7699966430664,71.7699966430664,71.7699966430664,71.7699966430664,0,0.0,0.0
2024-02-15,72.08000183105469,72.08000183105469,72.08000183105469,72.08000183105469,72.08000183105469,0,0.0,0.0
2024-02-16,72.2699966430664,72.2699966430664,72.2699966430664,72.2699966430664,72.2699966430664,0,0.0,0.0
2024-02-20,71.30000305175781,71.30000305175781,71.30000305175781,71.30000305175781,71.30000305175781,0,0.0,0.0
2024-02-21,71.44000244140625,71.44000244140625,71.44000244140625,71.44000244140625,71.44000244140625,0,0.0,0.0
2024-02-22,71.6500015258789,71.6500015258789,71.6500015258789,71.6500015258789,71.6500015258789,0,0.0,0.0
2024-02-23,71.16999816894531,71.16999816894531,71.16999816894531,71.16999816894531,71.16999816894531,0,0.0,0.0
2024-02-26,71.33999633789062,71.33999633789062,71.33999633789062,71.33999633789062,71.33999633789062,0,0.0,0.0
2024-02-27,71.61000061035156,71.61000061035156,71.61000061035156,71.61000061035156,71.61000061035156,0,0.0,0.0
2024-02-28,71.44999694824219,71.44999694824219,71.44999694824219,71.44999694824219,71.44999694824219,0,0.0,0.0
2024-02-29,71.30000305175781,71.30000305175781,71.30000305175781,71.30000305175781,71.30000305175781,0,0.0,0.0
2024-03-01,71.47000122070312,71.47000122070312,71.47000122070312,71.47000122070312,71.47000122070312,0,0.0,0.0
2024-03-04,71.94000244140625,71.94000244140625,71.94000244140625,71.94000244140625,71.94000244140625,0,0.0,0.0
2024-03-05,71.36000061035156,71.36000061035156,71.36000061035156,71.36000061035156,71.36000061035156,0,0.0,0.0
2024-03-06,71.37000274658203,71.37000274658203,71.37000274658203,71.37000274658203,71.37000274658203,0,0.0,0.0
2024-03-07,71.61000061035156,71.61000061035156,71.61000061035156,71.61000061035156,71.61000061035156,0,0.0,0.0
2024-03-08,71.2300033569336,71.2300033569336,71.2300033569336,71.2300033569336,71.2300033569336,0,0.0,0.0
2024-03-11,71.7300033569336,71.7300033569336,71.7300033569336,71.7300033569336,71.7300033569336,0,0.0,0.0
2024-03-12,71.56999969482422,71.56999969482422,71.56999969482422,71.56999969482422,71.56999969482422,0,0.0,0.0
2024-03-13,72.4000015258789,72.4000015258789,72.4000015258789,72.4000015258789,72.4000015258789,0,0.0,0.0
2024-03-14,72.66999816894531,72.66999816894531,72.66999816894531,72.66999816894531,72.66999816894531,0,0.0,0.0
2024-03-15,73.05999755859375,73.05999755859375,73.05999755859375,73.05999755859375,73.05999755859375,0,0.0,0.0
2024-03-18,73.30999755859375,73.30999755859375,73.30999755859375,73.30999755859375,73.30999755859375,0,0.0,0.0
2024-03-19,73.55999755859375,73.55999755859375,73.55999755859375,73.55999755859375,73.55999755859375,0,0.0,0.0
2024-03-20,73.22000122070312,73.22000122070312,73.22000122070312,73.22000122070312,73.22000122070312,0,0.0,0.0
2024-03-21,73.13999938964844,73.13999938964844,73.13999938964844,73.13999938964844,73.13999938964844,0,0.0,0.0
2024-03-22,72.80999755859375,72.80999755859375,72.80999755859375,72.80999755859375,72.80999755859375,0,0.0,0.0
2024-03-25,73.33999633789062,73.33999633789062,73.33999633789062,73.33999633789062,73.33999633789062,0,0.0,0.0
2024-03-26,73.26000213623047,73.26000213623047,73.26000213623047,73.26000213623047,73.26000213623047,0,0.0,0.0
2024-03-27,73.25,73.25,73.25,73.25,73.25,0,0.0,0.0
2024-03-28,73.68000030517578,73.68000030517578,73.68000030517578,73.68000030517578,73.68000030517578,0,0.0,0.0
2024-04-01,73.69000244140625,73.69000244140625,73.69000244140625,73.69000244140625,73.69000244140625,0,0.0,0.0
2024-04-02,73.87000274658203,73.87000274658203,73.87000274658203,73.87000274658203,73.87000274658203,0,0.0,0.0
2024-04-03,74.22000122070312,74.22000122070312,74.22000122070312,74.22000122070312,74.22000122070312,0,0.0,0.0
2024-04-04,74.43000030517578,74.43000030517578,74.43000030517578,74.43000030517578,74.43000030517578,0,0.0,0.0
2024-04-05,74.38999938964844,74.38999938964844,74.38999938964844,74.38999938964844,74.38999938964844,0,0.0,0.0
2024-04-08,74.30000305175781,74.30000305175781,74.30000305175781,74.30000305175781,74.30000305175781,0,0.0,0.0
2024-04-09,73.87000274658203,73.87000274658203,73.87000274658203,73.87000274658203,73.87000274658203,0,0.0,0.0
2024-04-10,74.19000244140625,74.19000244140625,74.19000244140625,74.19000244140625,74.19000244140625,0,0.0,0.0
2024-04-11,74.36000061035156,74.36000061035156,74.36000061035156,74.36000061035156,74.36000061035156,0,0.0,0.0
2024-04-12,74.88999938964844,74.88999938964844,74.88999938964844,74.88999938964844,74.88999938964844,0,0.0,0.0
2024-04-15,75.11000061035156,75.11000061035156,75.11000061035156,75.11000061035156,75.11000061035156,0,0.0,0.0
2024-04-16,75.43000030517578,75.43000030517578,75.43000030517578,75.43000030517578,75.43000030517578,0,0.0,0.0
2024-04-17,74.25,74.25,74.25,74.25,74.25,0,0.0,0.0
2024-04-18,74.0999984741211,74.0999984741211,74.0999984741211,74.0999984741211,74.0999984741211,0,0.0,0.0
2024-04-19,73.87000274658203,73.87000274658203,73.87000274658203,73.87000274658203,73.87000274658203,0,0.0,0.0
2024-04-22,73.69999694824219,73.69999694824219,73.69999694824219,73.69999694824219,73.69999694824219,0,0.0,0.0
2024-04-23,74.18000030517578,74.18000030517578,74.18000030517578,74.18000030517578,74.18000030517578,0,0.0,0.0
2024-04-24,74.44000244140625,74.44000244140625,74.44000244140625,74.44000244140625,74.44000244140625,0,0.0,0.0
2024-04-25,74.63999938964844,74.63999938964844,74.63999938964844,74.63999938964844,74.63999938964844,0,0.0,0.0
2024-04-26,74.8499984741211,74.8499984741211,74.8499984741211,74.8499984741211,74.8499984741211,0,0.0,0.0
2024-04-29,74.4000015258789,74.4000015258789,74.4000015258789,74.4000015258789,74.4000015258789,0,0.0,0.0
2024-04-30,74.04000091552734,74.04000091552734,74.04000091552734,74.04000091552734,74.04000091552734,0,0.0,0.0
2024-05-01,72.37000274658203,72.37000274658203,72.37000274658203,72.37000274658203,72.37000274658203,0,0.0,0.0
2024-05-02,72.88999938964844,72.88999938964844,72.88999938964844,72.88999938964844,72.88999938964844,0,0.0,0.0
2024-05-03,73.08000183105469,73.08000183105469,73.08000183105469,73.08000183105469,73.08000183105469,0,0.0,0.0
2024-05-06,73.43000030517578,73.43000030517578,73.43000030517578,73.43000030517578,73.43000030517578,0,0.0,0.0
2024-05-07,73.08999633789062,73.08999633789062,73.08999633789062,73.08999633789062,73.08999633789062,0,0.0,0.0
2024-05-08,72.79000091552734,72.79000091552734,72.79000091552734,72.79000091552734,72.79000091552734,0,0.0,0.0
2024-05-09,72.9800033569336,72.9800033569336,72.9800033569336,72.9800033569336,72.9800033569336,0,0.0,0.0
2024-05-10,72.51000213623047,72.51000213623047,72.51000213623047,72.51000213623047,72.51000213623047,0,0.0,0.0
2024-05-13,72.81999969482422,72.81999969482422,72.81999969482422,72.81999969482422,72.81999969482422,0,0.0,0.0
2024-05-14,72.81999969482422,72.81999969482422,72.81999969482422,72.81999969482422,72.81999969482422,0,0.0,0.0
2024-05-15,72.98999786376953,72.98999786376953,72.98999786376953,72.98999786376953,72.98999786376953,0,0.0,0.0
2024-05-16,73.30999755859375,73.30999755859375,73.30999755859375,73.30999755859375,73.30999755859375,0,0.0,0.0
2024-05-17,73.7300033569336,73.7300033569336,73.7300033569336,73.7300033569336,73.7300033569336,0,0.0,0.0
2024-05-20,73.98999786376953,73.98999786376953,73.98999786376953,73.98999786376953,73.98999786376953,0,0.0,0.0
2024-05-21,73.77999877929688,73.77999877929688,73.77999877929688,73.77999877929688,73.77999877929688,0,0.0,0.0
2024-05-22,72.94999694824219,72.94999694824219,72.94999694824219,72.94999694824219,72.94999694824219,0,0.0,0.0
2024-05-23,72.69999694824219,72.69999694824219,72.69999694824219,72.69999694824219,72.69999694824219,0,0.0,0.0
2024-05-24,72.88999938964844,72.88999938964844,72.88999938964844,72.88999938964844,72.88999938964844,0,0.0,0.0
2024-05-28,73.91999816894531,73.91999816894531,73.91999816894531,73.91999816894531,73.91999816894531,0,0.0,0.0
2024-05-29,73.68000030517578,73.68000030517578,73.68000030517578,73.68000030517578,73.68000030517578,0,0.0,0.0
2024-05-30,73.0199966430664,73.0199966430664,73.0199966430664,73.0199966430664,73.0199966430664,0,0.0,0.0
2024-05-31,73.37999725341797,73.37999725341797,73.37999725341797,73.37999725341797,73.37999725341797,0,0.0,0.0
2024-06-03,72.02999877929688,72.02999877929688,72.02999877929688,72.02999877929688,72.02999877929688,0,0.0,0.0
2024-06-04,70.87000274658203,70.87000274658203,70.87000274658203,70.87000274658203,70.87000274658203,0,0.0,0.0
2024-06-05,70.91999816894531,70.91999816894531,70.91999816894531,70.91999816894531,70.91999816894531,0,0.0,0.0
2024-06-06,71.68000030517578,71.68000030517578,71.68000030517578,71.68000030517578,71.68000030517578,0,0.0,0.0
2024-06-07,72.05999755859375,72.05999755859375,72.05999755859375,72.05999755859375,72.05999755859375,0,0.0,0.0
2024-06-10,73.04000091552734,73.04000091552734,73.04000091552734,73.04000091552734,73.04000091552734,0,0.0,0.0
2024-06-11,73.48999786376953,73.48999786376953,73.48999786376953,73.48999786376953,73.48999786376953,0,0.0,0.0
2024-06-12,73.6500015258789,73.6500015258789,73.6500015258789,73.6500015258789,73.6500015258789,0,0.0,0.0
2024-06-13,73.61000061035156,73.61000061035156,73.61000061035156,73.61000061035156,73.61000061035156,0,0.0,0.0
2024-06-14,73.31999969482422,73.31999969482422,73.31999969482422,73.31999969482422,73.31999969482422,0,0.0,0.0
2024-06-17,73.30000305175781,73.30000305175781,73.30000305175781,73.30000305175781,73.30000305175781,0,0.0,0.0
2024-06-18,74.16000366210938,74.16000366210938,74.16000366210938,74.16000366210938,74.16000366210938,0,0.0,0.0
2024-06-20,74.41000366210938,74.41000366210938,74.41000366210938,74.41000366210938,74.41000366210938,0,0.0,0.0
2024-06-21,73.9800033569336,73.9800033569336,73.9800033569336,73.9800033569336,73.9800033569336,0,0.0,0.0
2024-06-24,74.62000274658203,74.62000274658203,74.62000274658203,74.62000274658203,74.62000274658203,0,0.0,0.0
2024-06-25,74.29000091552734,74.29000091552734,74.29000091552734,74.29000091552734,74.29000091552734,0,0.0,0.0
2024-06-26,74.61000061035156,74.61000061035156,74.61000061035156,74.61000061035156,74.61000061035156,0,0.0,0.0
2024-06-27,74.56999969482422,74.56999969482422,74.56999969482422,74.56999969482422,74.56999969482422,0,0.0,0.0
2024-06-28,74.37000274658203,74.37000274658203,74.37000274658203,74.37000274658203,74.37000274658203,0,0.0,0.0
2024-07-01,75.2300033569336,75.2300033569336,75.2300033569336,75.2300033569336,75.2300033569336,0,0.0,0.0
2024-07-02,75.19999694824219,75.19999694824219,75.19999694824219,75.19999694824219,75.19999694824219,0,0.0,0.0
2024-07-03,75.75,75.75,75.75,75.75,75.75,0,0.0,0.0
2024-07-05,75.27999877929688,75.27999877929688,75.27999877929688,75.27999877929688,75.27999877929688,0,0.0,0.0
2024-07-08,75.20999908447266,75.20999908447266,75.20999908447266,75.20999908447266,75.20999908447266,0,0.0,0.0
2024-07-09,74.38999938964844,74.38999938964844,74.38999938964844,74.38999938964844,74.38999938964844,0,0.0,0.0
2024-07-10,74.38999938964844,74.38999938964844,74.38999938964844,74.38999938964844,74.38999938964844,0,0.0,0.0
2024-07-11,74.30999755859375,74.30999755859375,74.30999755859375,74.30999755859375,74.30999755859375,0,0.0,0.0
2024-07-12,74.27999877929688,74.27999877929688,74.27999877929688,74.27999877929688,74.27999877929688,0,0.0,0.0
2024-07-15,74.06999969482422,74.06999969482422,74.06999969482422,74.06999969482422,74.06999969482422,0,0.0,0.0
2024-07-16,73.51000213623047,73.51000213623047,73.51000213623047,73.51000213623047,73.51000213623047,0,0.0,0.0
2024-07-17,73.91000366210938,73.91000366210938,73.91000366210938,73.91000366210938,73.91000366210938,0,0.0,0.0
2024-07-18,74.02999877929688,74.02999877929688,74.02999877929688,74.02999877929688,74.02999877929688,0,0.0,0.0
2024-07-19,72.66999816894531,72.66999816894531,72.66999816894531,72.66999816894531,72.66999816894531,0,0.0,0.0
2024-07-22,72.98999786376953,72.98999786376953,72.98999786376953,72.98999786376953,72.98999786376953,0,0.0,0.0
2024-07-23,71.9800033569336,71.9800033569336,71.9800033569336,71.9800033569336,71.9800033569336,0,0.0,0.0
2024-07-24,72.48999786376953,72.48999786376953,72.48999786376953,72.48999786376953,72.48999786376953,0,0.0,0.0
2024-07-25,72.8499984741211,72.8499984741211,72.8499984741211,72.8499984741211,72.8499984741211,0,0.0,0.0
2024-07-26,72.37999725341797,72.37999725341797,72.37999725341797,72.37999725341797,72.37999725341797,0,0.0,0.0
2024-07-29,72.0,72.0,72.0,72.0,72.0,0,0.0,0.0
2024-07-30,71.62999725341797,71.62999725341797,71.62999725341797,71.62999725341797,71.62999725341797,0,0.0,0.0
2024-07-31,72.72000122070312,72.72000122070312,72.72000122070312,72.72000122070312,72.72000122070312,0,0.0,0.0
2024-08-01,72.04000091552734,72.04000091552734,72.04000091552734,72.04000091552734,72.04000091552734,0,0.0,0.0
2024-08-02,70.55000305175781,70.55000305175781,70.55000305175781,70.55000305175781,70.55000305175781,0,0.0,0.0
2024-08-05,70.76000213623047,70.76000213623047,70.76000213623047,70.76000213623047,70.76000213623047,0,0.0,0.0
2024-08-06,70.43000030517578,70.43000030517578,70.43000030517578,70.43000030517578,70.43000030517578,0,0.0,0.0
2024-08-07,71.19000244140625,71.19000244140625,71.19000244140625,71.19000244140625,71.19000244140625,0,0.0,0.0
2024-08-08,71.79000091552734,71.79000091552734,71.79000091552734,71.79000091552734,71.79000091552734,0,0.0,0.0
2024-08-09,72.08000183105469,72.08000183105469,72.08000183105469,72.08000183105469,72.08000183105469,0,0.0,0.0
2024-08-12,73.45999908447266,73.45999908447266,73.45999908447266,73.45999908447266,73.45999908447266,0,0.0,0.0
2024-08-13,72.66000366210938,72.66000366210938,72.66000366210938,72.66000366210938,72.66000366210938,0,0.0,0.0
2024-08-14,72.36000061035156,72.36000061035156,72.36000061035156,72.36000061035156,72.36000061035156,0,0.0,0.0
2024-08-15,72.88999938964844,72.88999938964844,72.88999938964844,72.88999938964844,72.88999938964844,0,0.0,0.0
2024-08-16,72.19999694824219,72.19999694824219,72.19999694824219,72.19999694824219,72.19999694824219,0,0.0,0.0
2024-08-19,71.41999816894531,71.41999816894531,71.41999816894531,71.41999816894531,71.41999816894531,0,0.0,0.0
2024-08-20,70.83000183105469,70.83000183105469,70.83000183105469,70.83000183105469,70.83000183105469,0,0.0,0.0
2024-08-21,70.3499984741211,70.3499984741211,70.3499984741211,70.3499984741211,70.3499984741211,0,0.0,0.0
2024-08-22,70.7699966430664,70.7699966430664,70.7699966430664,70.7699966430664,70.7699966430664,0,0.0,0.0
2024-08-23,71.69000244140625,71.69000244140625,71.69000244140625,71.69000244140625,71.69000244140625,0,0.0,0.0
2024-08-26,72.52999877929688,72.52999877929688,72.52999877929688,72.52999877929688,72.52999877929688,0,0.0,0.0
2024-08-27,71.86000061035156,71.86000061035156,71.86000061035156,71.86000061035156,71.86000061035156,0,0.0,0.0
2024-08-28,71.20999908447266,71.20999908447266,71.20999908447266,71.20999908447266,71.20999908447266,0,0.0,0.0
2024-08-29,71.94000244140625,71.94000244140625,71.94000244140625,71.94000244140625,71.94000244140625,0,0.0,0.0
2024-08-30,71.0199966430664,71.0199966430664,71.0199966430664,71.0199966430664,71.0199966430664,0,0.0,0.0
2024-09-03,69.70999908447266,69.70999908447266,69.70999908447266,69.70999908447266,69.70999908447266,0,0.0,0.0
2024-09-04,69.48999786376953,69.48999786376953,69.48999786376953,69.48999786376953,69.48999786376953,0,0.0,0.0
2024-09-05,69.87999725341797,69.87999725341797,69.87999725341797,69.87999725341797,69.87999725341797,0,0.0,0.0
2024-09-06,69.37000274658203,69.37000274658203,69.37000274658203,69.37000274658203,69.37000274658203,0,0.0,0.0
2024-09-09,69.48999786376953,69.48999786376953,69.48999786376953,69.48999786376953,69.48999786376953,0,0.0,0.0
2024-09-10,67.87000274658203,67.87000274658203,67.87000274658203,67.87000274658203,67.87000274658203,0,0.0,0.0
2024-09-11,68.62000274658203,68.62000274658203,68.62000274658203,68.62000274658203,68.62000274658203,0,0.0,0.0
2024-09-12,69.43000030517578,69.43000030517578,69.43000030517578,69.43000030517578,69.43000030517578,0,0.0,0.0
2024-09-13,69.01000213623047,69.01000213623047,69.01000213623047,69.01000213623047,69.01000213623047,0,0.0,0.0
2024-09-16,69.66999816894531,69.66999816894531,69.66999816894531,69.66999816894531,69.66999816894531,0,0.0,0.0
2024-09-17,70.19999694824219,70.19999694824219,70.19999694824219,70.19999694824219,70.19999694824219,0,0.0,0.0
2024-09-18,70.11000061035156,70.11000061035156,70.11000061035156,70.11000061035156,70.11000061035156,0,0.0,0.0
2024-09-19,70.51000213623047,70.51000213623047,70.51000213623047,70.51000213623047,70.51000213623047,0,0.0,0.0
2024-09-20,70.44000244140625,70.44000244140625,70.44000244140625,70.44000244140625,70.44000244140625,0,0.0,0.0
2024-09-23,70.48999786376953,70.48999786376953,70.48999786376953,70.48999786376953,70.48999786376953,0,0.0,0.0
2024-09-24,71.30999755859375,71.30999755859375,71.30999755859375,71.30999755859375,71.30999755859375,0,0.0,0.0
2024-09-25,70.58999633789062,70.58999633789062,70.58999633789062,70.58999633789062,70.58999633789062,0,0.0,0.0
2024-09-26,69.93000030517578,69.93000030517578,69.93000030517578,69.93000030517578,69.93000030517578,0,0.0,0.0
2024-09-27,70.02999877929688,70.02999877929688,70.02999877929688,70.02999877929688,70.02999877929688,0,0.0,0.0
2024-09-30,70.30000305175781,70.30000305175781,70.30000305175781,70.30000305175781,70.30000305175781,0,0.0,0.0
2024-10-01,71.43000030517578,71.43000030517578,71.43000030517578,71.43000030517578,71.43000030517578,0,0.0,0.0
2024-10-02,71.3499984741211,71.3499984741211,71.3499984741211,71.3499984741211,71.3499984741211,0,0.0,0.0
2024-10-03,73.2300033569336,73.2300033569336,73.2300033569336,73.2300033569336,73.2300033569336,0,0.0,0.0
2024-10-04,72.88999938964844,72.88999938964844,72.88999938964844,72.88999938964844,72.88999938964844,0,0.0,0.0
2024-10-07,74.47000122070312,74.47000122070312,74.47000122070312,74.47000122070312,74.47000122070312,0,0.0,0.0
2024-10-08,72.9800033569336,72.9800033569336,72.9800033569336,72.9800033569336,72.9800033569336,0,0.0,0.0
2024-10-09,72.36000061035156,72.36000061035156,72.36000061035156,72.36000061035156,72.36000061035156,0,0.0,0.0
2024-10-10,73.33000183105469,73.33000183105469,73.33000183105469,73.33000183105469,73.33000183105469,0,0.0,0.0
2024-10-11,73.37999725341797,73.37999725341797,73.37999725341797,73.37999725341797,73.37999725341797,0,0.0,0.0
2024-10-14,72.83999633789062,72.83999633789062,72.83999633789062,72.83999633789062,72.83999633789062,0,0.0,0.0
2024-10-15,70.86000061035156,70.86000061035156,70.86000061035156,70.86000061035156,70.86000061035156,0,0.0,0.0
2024-10-16,70.4000015258789,70.4000015258789,70.4000015258789,70.4000015258789,70.4000015258789,0,0.0,0.0
2024-10-17,70.62999725341797,70.62999725341797,70.62999725341797,70.62999725341797,70.62999725341797,0,0.0,0.0
2024-10-18,69.94000244140625,69.94000244140625,69.94000244140625,69.94000244140625,69.94000244140625,0,0.0,0.0
2024-10-21,70.66000366210938,70.66000366210938,70.66000366210938,70.66000366210938,70.66000366210938,0,0.0,0.0
2024-10-22,71.5999984741211,71.5999984741211,71.5999984741211,71.5999984741211,71.5999984741211,0,0.0,0.0
2024-10-23,70.77999877929688,70.77999877929688,70.77999877929688,70.77999877929688,70.77999877929688,0,0.0,0.0
2024-10-24,70.6500015258789,70.6500015258789,70.6500015258789,70.6500015258789,70.6500015258789,0,0.0,0.0
2024-10-25,71.54000091552734,71.54000091552734,71.54000091552734,71.54000091552734,71.54000091552734,0,0.0,0.0
2024-10-28,68.77999877929688,68.77999877929688,68.77999877929688,68.77999877929688,68.77999877929688,0,0.0,0.0
2024-10-29,68.80000305175781,68.80000305175781,68.80000305175781,68.80000305175781,68.80000305175781,0,0.0,0.0
2024-10-30,69.58999633789062,69.58999633789062,69.58999633789062,69.58999633789062,69.58999633789062,0,0.0,0.0
2024-10-31,69.62999725341797,69.62999725341797,69.62999725341797,69.62999725341797,69.62999725341797,0,0.0,0.0
2024-11-01,69.87000274658203,69.87000274658203,69.87000274658203,69.87000274658203,69.87000274658203,0,0.0,0.0
2024-11-04,70.43000030517578,70.43000030517578,70.43000030517578,70.43000030517578,70.43000030517578,0,0.0,0.0
2024-11-05,70.62999725341797,70.62999725341797,70.62999725341797,70.62999725341797,70.62999725341797,0,0.0,0.0
2024-11-06,70.5199966430664,70.5199966430664,70.5199966430664,70.5199966430664,70.5199966430664,0,0.0,0.0
2024-11-07,70.94999694824219,70.94999694824219,70.94999694824219,70.94999694824219,70.94999694824219,0,0.0,0.0
2024-11-08,70.27999877929688,70.27999877929688,70.27999877929688,70.27999877929688,70.27999877929688,0,0.0,0.0
2024-11-11,69.20999908447266,69.20999908447266,69.20999908447266,69.20999908447266,69.20999908447266,0,0.0,0.0
2024-11-12,69.05999755859375,69.05999755859375,69.05999755859375,69.05999755859375,69.05999755859375,0,0.0,0.0
2024-11-13,69.06999969482422,69.06999969482422,69.06999969482422,69.06999969482422,69.06999969482422,0,0.0,0.0
2024-11-14,68.98999786376953,68.98999786376953,68.98999786376953,68.98999786376953,68.98999786376953,0,0.0,0.0
2024-11-15,68.12000274658203,68.12000274658203,68.12000274658203,68.12000274658203,68.12000274658203,0,0.0,0.0
2024-11-18,69.69999694824219,69.69999694824219,69.69999694824219,69.69999694824219,69.69999694824219,0,0.0,0.0
2024-11-19,70.0,70.0,70.0,70.0,70.0,0,0.0,0.0
2024-11-20,69.58000183105469,69.58000183105469,69.58000183105469,69.58000183105469,69.58000183105469,0,0.0,0.0
2024-11-21,69.83999633789062,69.83999633789062,69.83999633789062,69.83999633789062,69.83999633789062,0,0.0,0.0
2024-11-22,70.33000183105469,70.33000183105469,70.33000183105469,70.33000183105469,70.33000183105469,0,0.0,0.0
2024-11-25,69.01000213623047,69.01000213623047,69.01000213623047,69.01000213623047,69.01000213623047,0,0.0,0.0
2024-11-26,69.19000244140625,69.19000244140625,69.19000244140625,69.19000244140625,69.19000244140625,0,0.0,0.0
2024-11-27,68.95999908447266,68.95999908447266,68.95999908447266,68.95999908447266,68.95999908447266,0,0.0,0.0
2024-11-29,68.58999633789062,68.58999633789062,68.58999633789062,68.58999633789062,68.58999633789062,0,0.0,0.0
2024-12-02,68.62999725341797,68.62999725341797,68.62999725341797,68.62999725341797,68.62999725341797,0,0.0,0.0
2024-12-03,69.62000274658203,69.62000274658203,69.62000274658203,69.62000274658203,69.62000274658203,0,0.0,0.0
2024-12-04,68.68000030517578,68.68000030517578,68.68000030517578,68.68000030517578,68.68000030517578,0,0.0,0.0
2024-12-05,68.51000213623047,68.51000213623047,68.51000213623047,68.51000213623047,68.51000213623047,0,0.0,0.0
2024-12-06,68.19999694824219,68.19999694824219,68.19999694824219,68.19999694824219,68.19999694824219,0,0.0,0.0
2024-12-09,68.97000122070312,68.97000122070312,68.97000122070312,68.97000122070312,68.97000122070312,0,0.0,0.0
2024-12-10,68.87000274658203,68.87000274658203,68.87000274658203,68.87000274658203,68.87000274658203,0,0.0,0.0
2024-12-11,69.27999877929688,69.27999877929688,69.27999877929688,69.27999877929688,69.27999877929688,0,0.0,0.0
2024-12-12,69.37000274658203,69.37000274658203,69.37000274658203,69.37000274658203,69.37000274658203,0,0.0,0.0
2024-12-13,69.80000305175781,69.80000305175781,69.80000305175781,69.80000305175781,69.80000305175781,0,0.0,0.0
2024-12-16,69.51000213623047,69.51000213623047,69.51000213623047,69.51000213623047,69.51000213623047,0,0.0,0.0
2024-12-17,68.95999908447266,68.95999908447266,68.95999908447266,68.95999908447266,68.95999908447266,0,0.0,0.0
2024-12-18,68.77999877929688,68.77999877929688,68.77999877929688,68.77999877929688,68.77999877929688,0,0.0,0.0
2024-12-19,68.33000183105469,68.33000183105469,68.33000183105469,68.33000183105469,68.33000183105469,0,0.0,0.0
2024-12-20,68.44999694824219,68.44999694824219,68.44999694824219,68.44999694824219,68.44999694824219,0,0.0,0.0
2024-12-23,68.44999694824219,68.44999694824219,68.44999694824219,68.44999694824219,68.44999694824219,0,0.0,0.0
2024-12-24,68.91999816894531,68.91999816894531,68.91999816894531,68.91999816894531,68.91999816894531,0,0.0,0.0
2024-12-26,68.5999984741211,68.5999984741211,68.5999984741211,68.5999984741211,68.5999984741211,0,0.0,0.0
2024-12-27,68.87000274658203,68.87000274658203,68.87000274658203,68.87000274658203,68.87000274658203,0,0.0,0.0
2024-12-30,69.18000030517578,69.18000030517578,69.18000030517578,69.18000030517578,69.18000030517578,0,0.0,0.0
2024-12-31,69.6500015258789,69.6500015258789,69.6500015258789,69.6500015258789,69.6500015258789,0,0.0,0.0
2025-01-02,70.16000366210938,70.16000366210938,70.16000366210938,70.16000366210938,70.16000366210938,0,0.0,0.0
2025-01-03,70.25,70.25,70.25,70.25,70.25,0,0.0,0.0
2025-01-06,70.37999725341797,70.37999725341797,70.37999725341797,70.37999725341797,70.37999725341797,1,0.0,0.0
2025-01-07,70.58000183105469,70.58000183105469,70.58000183105469,70.58000183105469,70.58000183105469,1,0.0,0.0
2025-01-08,70.1500015258789,70.1500015258789,70.1500015258789,70.1500015258789,70.1500015258789,0,0.0,0.0
2025-01-09,70.26000213623047,70.26000213623047,70.26000213623047,70.26000213623047,70.26000213623047,0,0.0,0.0
2025-01-10,70.83000183105469,70.83000183105469,70.83000183105469,70.83000183105469,70.83000183105469,0,0.0,0.0
2025-01-13,70.55000305175781,70.55000305175781,70.55000305175781,70.55000305175781,70.55000305175781,0,0.0,0.0
2025-01-14,70.94000244140625,70.94000244140625,70.94000244140625,70.94000244140625,70.94000244140625,0,0.0,0.0
2025-01-15,71.37000274658203,71.37000274658203,71.37000274658203,71.37000274658203,71.37000274658203,0,0.0,0.0
2025-01-16,70.81999969482422,70.81999969482422,70.81999969482422,70.81999969482422,70.81999969482422,0,0.0,0.0
2025-01-17,70.68000030517578,70.68000030517578,70.68000030517578,70.68000030517578,70.68000030517578,0,0.0,0.0
2025-01-21,70.76000213623047,70.76000213623047,70.76000213623047,70.76000213623047,70.76000213623047,0,0.0,0.0
2025-01-22,70.73999786376953,70.73999786376953,70.73999786376953,70.73999786376953,70.73999786376953,0,0.0,0.0
2025-01-23,70.73999786376953,70.73999786376953,70.73999786376953,70.73999786376953,70.73999786376953,0,0.0,0.0
2025-01-24,70.47000122070312,70.47000122070312,70.47000122070312,70.47000122070312,70.47000122070312,0,0.0,0.0
2025-01-27,69.55000305175781,69.55000305175781,69.55000305175781,69.55000305175781,69.55000305175781,0,0.0,0.0
2025-01-28,69.26000213623047,69.26000213623047,69.26000213623047,69.26000213623047,69.26000213623047,0,0.0,0.0
2025-01-29,68.95999908447266,68.95999908447266,68.95999908447266,68.95999908447266,68.95999908447266,0,0.0,0.0
2025-01-30,69.0199966430664,69.0199966430664,69.0199966430664,69.0199966430664,69.0199966430664,0,0.0,0.0
2025-01-31,68.91999816894531,68.91999816894531,68.91999816894531,68.91999816894531,68.91999816894531,0,0.0,0.0
2025-02-03,68.87999725341797,68.87999725341797,68.87999725341797,68.87999725341797,68.87999725341797,0,0.0,0.0
2025-02-04,69.33999633789062,69.33999633789062,69.33999633789062,69.33999633789062,69.33999633789062,0,0.0,0.0
2025-02-05,68.69000244140625,68.69000244140625,68.69000244140625,68.69000244140625,68.69000244140625,0,0.0,0.0
2025-02-06,68.88999938964844,68.88999938964844,68.88999938964844,68.88999938964844,68.88999938964844,0,0.0,0.0
2025-02-07,69.16000366210938,69.16000366210938,69.16000366210938,69.16000366210938,69.16000366210938,0,0.0,0.0
2025-02-10,69.6500015258789,69.6500015258789,69.6500015258789,69.6500015258789,69.6500015258789,10,0.0,0.0
2025-02-11,70.5999984741211,70.5999984741211,70.5999984741211,70.5999984741211,70.5999984741211,0,0.0,0.0
2025-02-12,69.5999984741211,69.5999984741211,69.5999984741211,69.5999984741211,69.5999984741211,0,0.0,0.0
2025-02-13,69.36000061035156,69.36000061035156,69.36000061035156,69.36000061035156,69.36000061035156,0,0.0,0.0
2025-02-14,69.43000030517578,69.43000030517578,69.43000030517578,69.43000030517578,69.43000030517578,0,0.0,0.0
2025-02-18,69.80000305175781,69.80000305175781,69.80000305175781,69.80000305175781,69.80000305175781,0,0.0,0.0
2025-02-19,69.98999786376953,69.98999786376953,69.98999786376953,69.98999786376953,69.98999786376953,0,0.0,0.0
2025-02-20,70.31999969482422,70.31999969482422,70.31999969482422,70.31999969482422,70.31999969482422,0,0.0,0.0
2025-02-21,69.12999725341797,69.12999725341797,69.12999725341797,69.12999725341797,69.12999725341797,0,0.0,0.0
2025-02-24,69.16999816894531,69.16999816894531,69.16999816894531,69.16999816894531,69.16999816894531,0,0.0,0.0
2025-02-25,68.0199966430664,68.0199966430664,68.0199966430664,68.0199966430664,68.0199966430664,0,0.0,0.0
2025-02-26,67.5199966430664,67.5199966430664,67.5199966430664,67.5199966430664,67.5199966430664,0,0.0,0.0
2025-02-27,68.22000122070312,68.22000122070312,68.22000122070312,68.22000122070312,68.22000122070312,0,0.0,0.0
2025-02-28,67.66000366210938,67.66000366210938,67.66000366210938,67.66000366210938,67.66000366210938,0,0.0,0.0
2025-03-03,67.26000213623047,67.26000213623047,67.26000213623047,67.26000213623047,67.26000213623047,0,0.0,0.0
2025-03-04,67.0999984741211,67.0999984741211,67.0999984741211,67.0999984741211,67.0999984741211,0,0.0,0.0
2025-03-05,65.97000122070312,65.97000122070312,65.97000122070312,65.97000122070312,65.97000122070312,0,0.0,0.0
2025-03-06,65.80999755859375,65.80999755859375,65.80999755859375,65.80999755859375,65.80999755859375,0,0.0,0.0
2025-03-07,66.52999877929688,66.52999877929688,66.52999877929688,66.52999877929688,66.52999877929688,0,0.0,0.0
2025-03-10,65.48999786376953,65.48999786376953,65.48999786376953,65.48999786376953,65.48999786376953,0,0.0,0.0
2025-03-11,65.58999633789062,65.58999633789062,65.58999633789062,65.58999633789062,65.58999633789062,10,0.0,0.0
2025-03-12,66.63999938964844,66.63999938964844,66.63999938964844,66.63999938964844,66.63999938964844,0,0.0,0.0
2025-03-13,66.0199966430664,66.0199966430664,66.0199966430664,66.0199966430664,66.0199966430664,0,0.0,0.0
2025-03-14,66.44000244140625,66.44000244140625,66.44000244140625,66.44000244140625,66.44000244140625,0,0.0,0.0
2025-03-17,66.81999969482422,66.81999969482422,66.81999969482422,66.81999969482422,66.81999969482422,0,0.0,0.0
2025-03-18,66.7300033569336,66.7300033569336,66.7300033569336,66.7300033569336,66.7300033569336,0,0.0,0.0
2025-03-19,66.79000091552734,66.79000091552734,66.79000091552734,66.79000091552734,66.79000091552734,10,0.0,0.0
2025-03-20,67.41999816894531,67.41999816894531,67.41999816894531,67.41999816894531,67.41999816894531,60,0.0,0.0
2025-03-21,67.30000305175781,67.30000305175781,67.30000305175781,67.30000305175781,67.30000305175781,0,0.0,0.0
2025-03-24,67.68000030517578,67.68000030517578,67.68000030517578,67.68000030517578,67.68000030517578,0,0.0,0.0
2025-03-25,67.72000122070312,67.72000122070312,67.72000122070312,67.72000122070312,67.72000122070312,0,0.0,0.0
2025-03-26,68.12999725341797,68.12999725341797,68.12999725341797,68.12999725341797,68.12999725341797,0,0.0,0.0
2025-03-27,68.44000244140625,68.44000244140625,68.44000244140625,68.44000244140625,68.44000244140625,0,0.0,0.0
2025-03-28,67.68000030517578,67.68000030517578,67.68000030517578,67.68000030517578,67.68000030517578,0,0.0,0.0
2025-03-31,68.69000244140625,68.69000244140625,68.69000244140625,68.69000244140625,68.69000244140625,0,0.0,0.0
2025-04-01,68.81999969482422,68.81999969482422,68.81999969482422,68.81999969482422,68.81999969482422,0,0.0,0.0
2025-04-02,68.95999908447266,68.95999908447266,68.95999908447266,68.95999908447266,68.95999908447266,0,0.0,0.0
2025-04-03,66.13999938964844,66.13999938964844,66.13999938964844,66.13999938964844,66.13999938964844,0,0.0,0.0
2025-04-04,63.36000061035156,63.36000061035156,63.36000061035156,63.36000061035156,63.36000061035156,0,0.0,0.0
2025-04-07,63.2599983215332,63.2599983215332,63.2599983215332,63.2599983215332,63.2599983215332,0,0.0,0.0
2025-04-08,61.939998626708984,61.939998626708984,61.939998626708984,61.939998626708984,61.939998626708984,0,0.0,0.0
2025-04-09,63.59000015258789,63.59000015258789,63.59000015258789,63.59000015258789,63.59000015258789,90,0.0,0.0
2025-04-10,62.59000015258789,62.59000015258789,62.59000015258789,62.59000015258789,62.59000015258789,32,0.0,0.0
2025-04-11,62.97999954223633,62.97999954223633,62.97999954223633,62.97999954223633,62.97999954223633,74,0.0,0.0
2025-04-14,63.54999923706055,63.54999923706055,63.54999923706055,63.54999923706055,63.54999923706055,28,0.0,0.0
2025-04-15,63.15999984741211,63.15999984741211,63.15999984741211,63.15999984741211,63.15999984741211,18,0.0,0.0
2025-04-16,63.630001068115234,63.630001068115234,63.630001068115234,63.630001068115234,63.630001068115234,8,0.0,0.0
2025-04-17,65.12000274658203,65.12000274658203,65.12000274658203,65.12000274658203,65.12000274658203,0,0.0,0.0
2025-04-21,63.880001068115234,63.880001068115234,63.880001068115234,63.880001068115234,63.880001068115234,0,0.0,0.0
2025-04-22,64.80000305175781,64.80000305175781,64.80000305175781,64.80000305175781,64.80000305175781,0,0.0,0.0
2025-04-23,64.29000091552734,64.29000091552734,64.29000091552734,64.29000091552734,64.29000091552734,0,0.0,0.0
2025-04-24,64.9000015258789,64.9000015258789,64.9000015258789,64.9000015258789,64.9000015258789,0,0.0,0.0
2025-04-25,65.11000061035156,65.11000061035156,65.11000061035156,65.11000061035156,65.11000061035156,80,0.0,0.0
2025-04-28,64.62999725341797,64.62999725341797,64.62999725341797,64.62999725341797,64.62999725341797,5,0.0,0.0
2025-04-29,63.900001525878906,63.900001525878906,63.900001525878906,63.900001525878906,63.900001525878906,0,0.0,0.0
2025-04-30,62.0,62.0,62.0,62.0,62.0,20,0.0,0.0
2025-05-01,62.63999938964844,62.63999938964844,62.63999938964844,62.63999938964844,62.63999938964844,0,0.0,0.0
2025-05-02,62.439998626708984,62.439998626708984,62.439998626708984,62.439998626708984,62.439998626708984,20,0.0,0.0
2025-05-05,61.79999923706055,61.79999923706055,61.79999923706055,61.79999923706055,61.79999923706055,0,0.0,0.0
2025-05-06,63.220001220703125,63.220001220703125,63.220001220703125,63.220001220703125,63.220001220703125,0,0.0,0.0
2025-05-07,62.380001068115234,62.380001068115234,62.380001068115234,62.380001068115234,62.380001068115234,0,0.0,0.0
2025-05-08,63.459999084472656,63.459999084472656,63.459999084472656,63.459999084472656,63.459999084472656,0,0.0,0.0
2025-05-09,63.900001525878906,63.900001525878906,63.900001525878906,63.900001525878906,63.900001525878906,0,0.0,0.0
2025-05-12,64.93000030517578,64.93000030517578,64.93000030517578,64.93000030517578,64.93000030517578,0,0.0,0.0
2025-05-13,65.80999755859375,65.80999755859375,65.80999755859375,65.80999755859375,65.80999755859375,122,0.0,0.0
2025-05-14,65.3499984741211,65.3499984741211,65.3499984741211,65.3499984741211,65.3499984741211,0,0.0,0.0
2025-05-15,64.58999633789062,64.58999633789062,64.58999633789062,64.58999633789062,64.58999633789062,0,0.0,0.0
2025-05-16,64.66999816894531,64.66999816894531,64.66999816894531,64.66999816894531,64.66999816894531,0,0.0,0.0
2025-05-19,64.37999725341797,64.37999725341797,64.37999725341797,64.37999725341797,64.37999725341797,0,0.0,0.0
2025-05-20,64.66999816894531,64.66999816894531,64.66999816894531,64.66999816894531,64.66999816894531,35,0.0,0.0
2025-05-21,64.4800033569336,64.4800033569336,64.4800033569336,64.4800033569336,64.4800033569336,0,0.0,0.0
2025-05-22,64.13999938964844,64.13999938964844,64.13999938964844,64.13999938964844,64.13999938964844,55,0.0,0.0
2025-05-23,64.29000091552734,64.29000091552734,64.29000091552734,64.29000091552734,64.29000091552734,89,0.0,0.0
2025-05-27,63.810001373291016,63.810001373291016,63.810001373291016,63.810001373291016,63.810001373291016,0,0.0,0.0
2025-05-28,64.19999694824219,64.19999694824219,64.19999694824219,64.19999694824219,64.19999694824219,0,0.0,0.0
2025-05-29,63.220001220703125,63.220001220703125,63.220001220703125,63.220001220703125,63.220001220703125,0,0.0,0.0
2025-05-30,62.810001373291016,62.810001373291016,62.810001373291016,62.810001373291016,62.810001373291016,0,0.0,0.0
2025-06-02,63.849998474121094,63.849998474121094,63.849998474121094,63.849998474121094,63.849998474121094,10,0.0,0.0
2025-06-03,64.76000213623047,64.76000213623047,64.76000213623047,64.76000213623047,64.76000213623047,0,0.0,0.0
2025-06-04,64.16999816894531,64.16999816894531,64.16999816894531,64.16999816894531,64.16999816894531,0,0.0,0.0
2025-06-05,64.4800033569336,64.4800033569336,64.4800033569336,64.4800033569336,64.4800033569336,0,0.0,0.0
2025-06-06,65.08000183105469,65.08000183105469,65.08000183105469,65.08000183105469,65.08000183105469,0,0.0,0.0
2025-06-09,65.33999633789062,65.33999633789062,65.33999633789062,65.33999633789062,65.33999633789062,0,0.0,0.0
2025-06-10,65.19000244140625,65.19000244140625,65.19000244140625,65.19000244140625,65.19000244140625,0,0.0,0.0
2025-06-11,66.55000305175781,66.55000305175781,66.55000305175781,66.55000305175781,66.55000305175781,0,0.0,0.0
2025-06-12,66.26000213623047,66.26000213623047,66.26000213623047,66.26000213623047,66.26000213623047,0,0.0,0.0
2025-06-13,67.94000244140625,67.94000244140625,67.94000244140625,67.94000244140625,67.94000244140625,5,0.0,0.0
2025-06-16,68.1500015258789,68.1500015258789,68.1500015258789,68.1500015258789,68.1500015258789,0,0.0,0.0
2025-06-17,69.55999755859375,69.55999755859375,69.55999755859375,69.55999755859375,69.55999755859375,7,0.0,0.0
2025-06-18,69.38999938964844,69.38999938964844,69.38999938964844,69.38999938964844,69.38999938964844,0,0.0,0.0
2025-06-20,69.58999633789062,69.58999633789062,69.58999633789062,69.58999633789062,69.58999633789062,125,0.0,0.0
2025-06-23,67.58999633789062,67.58999633789062,67.58999633789062,67.58999633789062,67.58999633789062,29,0.0,0.0
2025-06-24,65.4000015258789,65.4000015258789,65.4000015258789,65.4000015258789,65.4000015258789,0,0.0,0.0
2025-06-25,64.9800033569336,64.9800033569336,64.9800033569336,64.9800033569336,64.9800033569336,1,0.0,0.0
2025-06-26,65.27999877929688,65.27999877929688,65.27999877929688,65.27999877929688,65.27999877929688,0,0.0,0.0
2025-06-27,65.11000061035156,65.11000061035156,65.11000061035156,65.11000061035156,65.11000061035156,0,0.0,0.0
2025-06-30,64.93000030517578,64.93000030517578,64.93000030517578,64.93000030517578,64.93000030517578,0,0.0,0.0
2025-07-01,65.16000366210938,65.16000366210938,65.16000366210938,65.16000366210938,65.16000366210938,0,0.0,0.0
2025-07-02,65.70999908447266,65.70999908447266,65.70999908447266,65.70999908447266,65.70999908447266,0,0.0,0.0
2025-07-03,65.66000366210938,65.66000366210938,65.66000366210938,65.66000366210938,65.66000366210938,0,0.0,0.0
2025-07-07,66.22000122070312,66.22000122070312,66.22000122070312,66.22000122070312,66.22000122070312,60,0.0,0.0
2025-07-08,66.77999877929688,66.77999877929688,66.77999877929688,66.77999877929688,66.77999877929688,0,0.0,0.0
2025-07-09,66.54000091552734,66.54000091552734,66.54000091552734,66.54000091552734,66.54000091552734,0,0.0,0.0
2025-07-10,65.83000183105469,65.83000183105469,65.83000183105469,65.83000183105469,65.83000183105469,10,0.0,0.0
2025-07-11,66.87999725341797,66.87999725341797,66.87999725341797,66.87999725341797,66.87999725341797,0,0.0,0.0
2025-07-14,66.58999633789062,66.58999633789062,66.58999633789062,66.58999633789062,66.58999633789062,0,0.0,0.0
2025-07-15,66.16000366210938,66.16000366210938,66.16000366210938,66.16000366210938,66.16000366210938,0,0.0,0.0
2025-07-16,65.9800033569336,65.9800033569336,65.9800033569336,65.9800033569336,65.9800033569336,0,0.0,0.0
2025-07-17,66.58000183105469,66.58000183105469,66.58000183105469,66.58000183105469,66.58000183105469,0,0.0,0.0
2025-07-18,66.58999633789062,66.58999633789062,66.58999633789062,66.58999633789062,66.58999633789062,11,0.0,0.0
2025-07-21,66.58000183105469,66.58000183105469,66.58000183105469,66.58000183105469,66.58000183105469,0,0.0,0.0
2025-07-22,66.19999694824219,66.19999694824219,66.19999694824219,66.19999694824219,66.19999694824219,0,0.0,0.0
2025-07-23,66.27999877929688,66.27999877929688,66.27999877929688,66.27999877929688,66.27999877929688,0,0.0,0.0
2025-07-24,66.55000305175781,66.55000305175781,66.55000305175781,66.55000305175781,66.55000305175781,0,0.0,0.0
2025-07-25,65.98999786376953,65.98999786376953,65.98999786376953,65.98999786376953,65.98999786376953,0,0.0,0.0
2025-07-28,67.0999984741211,67.0999984741211,67.0999984741211,67.0999984741211,67.0999984741211,0,0.0,0.0
2025-07-29,68.16000366210938,68.16000366210938,68.16000366210938,68.16000366210938,68.16000366210938,40,0.0,0.0
2025-07-30,68.30999755859375,68.30999755859375,68.30999755859375,68.30999755859375,68.30999755859375,0,0.0,0.0
2025-07-31,67.68000030517578,67.68000030517578,67.68000030517578,67.68000030517578,67.68000030517578,0,0.0,0.0
2025-08-01,66.12000274658203,66.12000274658203,66.12000274658203,66.12000274658203,66.12000274658203,0,0.0,0.0
2025-08-04,65.9000015258789,65.9000015258789,65.9000015258789,65.9000015258789,65.9000015258789,0,0.0,0.0
2025-08-05,65.27999877929688,65.27999877929688,65.27999877929688,65.27999877929688,65.27999877929688,0,0.0,0.0
2025-08-06,64.80000305175781,64.80000305175781,64.80000305175781,64.80000305175781,64.80000305175781,0,0.0,0.0
2025-08-07,64.80999755859375,64.80999755859375,64.80999755859375,64.80999755859375,64.80999755859375,0,0.0,0.0
2025-08-08,64.69999694824219,64.69999694824219,64.69999694824219,64.69999694824219,64.69999694824219,0,0.0,0.0
2025-08-11,64.94000244140625,64.94000244140625,64.94000244140625,64.94000244140625,64.94000244140625,0,0.0,0.0
2025-08-12,64.77999877929688,64.77999877929688,64.77999877929688,64.77999877929688,64.77999877929688,0,0.0,0.0
2025-08-13,64.58000183105469,64.58000183105469,64.58000183105469,64.58000183105469,64.58000183105469,10,0.0,0.0
2025-08-14,65.0199966430664,65.0199966430664,65.0199966430664,65.0199966430664,65.0199966430664,0,0.0,0.0
2025-08-15,64.66000366210938,64.66000366210938,64.66000366210938,64.66000366210938,64.66000366210938,0,0.0,0.0
2025-08-18,65.1500015258789,65.1500015258789,65.1500015258789,65.1500015258789,65.1500015258789,56,0.0,0.0
2025-08-19,64.63999938964844,64.63999938964844,64.63999938964844,64.63999938964844,64.63999938964844,48,0.0,0.0
2025-08-20,65.30999755859375,65.30999755859375,65.30999755859375,65.30999755859375,65.30999755859375,3,0.0,0.0
2025-08-21,65.87999725341797,65.87999725341797,65.87999725341797,65.87999725341797,65.87999725341797,17,0.0,0.0
2025-08-22,65.94999694824219,65.94999694824219,65.94999694824219,65.94999694824219,65.94999694824219,0,0.0,0.0
2025-08-25,66.61000061035156,66.61000061035156,66.61000061035156,66.61000061035156,66.61000061035156,33,0.0,0.0
2025-08-26,65.54000091552734,65.54000091552734,65.54000091552734,65.54000091552734,65.54000091552734,0,0.0,0.0
2025-08-27,65.86000061035156,65.86000061035156,65.86000061035156,65.86000061035156,65.86000061035156,0,0.0,0.0
2025-08-28,66.2699966430664,66.2699966430664,66.2699966430664,66.2699966430664,66.2699966430664,95,0.0,0.0
2025-08-29,65.75,65.75,65.75,65.75,65.75,0,0.0,0.0
2025-09-02,67.23999786376953,67.23999786376953,67.23999786376953,67.23999786376953,67.23999786376953,668,0.0,0.0
2025-09-03,66.31999969482422,66.31999969482422,66.31999969482422,66.31999969482422,66.31999969482422,0,0.0,0.0
2025-09-04,65.62999725341797,65.62999725341797,65.62999725341797,65.62999725341797,65.62999725341797,0,0.0,0.0
2025-09-05,64.62000274658203,64.62000274658203,64.62000274658203,64.62000274658203,64.62000274658203,0,0.0,0.0
2025-09-08,65.18000030517578,65.18000030517578,65.18000030517578,65.18000030517578,65.18000030517578,0,0.0,0.0
2025-09-09,65.44999694824219,65.44999694824219,65.44999694824219,65.44999694824219,65.44999694824219,14,0.0,0.0
2025-09-10,66.19999694824219,66.19999694824219,66.19999694824219,66.19999694824219,66.19999694824219,0,0.0,0.0
2025-09-11,65.27999877929688,65.27999877929688,65.27999877929688,65.27999877929688,65.27999877929688,93,0.0,0.0
2025-09-12,65.5999984741211,65.5999984741211,65.5999984741211,65.5999984741211,65.5999984741211,2,0.0,0.0
2025-09-15,65.9800033569336,65.9800033569336,65.9800033569336,65.9800033569336,65.9800033569336,0,0.0,0.0
2025-09-16,66.63999938964844,66.63999938964844,66.63999938964844,66.63999938964844,66.63999938964844,158,0.0,0.0
2025-09-17,66.0199966430664,66.0199966430664,66.0199966430664,66.0199966430664,66.0199966430664,31,0.0,0.0
2025-09-18,65.62000274658203,65.62000274658203,65.62000274658203,65.62000274658203,65.62000274658203,4,0.0,0.0
2025-09-19,64.86000061035156,64.86000061035156,64.86000061035156,64.86000061035156,64.86000061035156,0,0.0,0.0
2025-09-22,64.93000030517578,64.93000030517578,64.93000030517578,64.93000030517578,64.93000030517578,123,0.0,0.0
2025-09-23,65.51000213623047,65.51000213623047,65.51000213623047,65.51000213623047,65.51000213623047,30,0.0,0.0
2025-09-24,66.12999725341797,66.12999725341797,66.12999725341797,66.12999725341797,66.12999725341797,60,0.0,0.0
2025-09-25,66.3499984741211,66.3499984741211,66.3499984741211,66.3499984741211,66.3499984741211,68,0.0,0.0
2025-09-26,66.87000274658203,66.87000274658203,66.87000274658203,66.87000274658203,66.87000274658203,0,0.0,0.0
2025-09-29,65.55000305175781,65.55000305175781,65.55000305175781,65.55000305175781,65.55000305175781,2,0.0,0.0
2025-09-30,64.81999969482422,64.81999969482422,64.81999969482422,64.81999969482422,64.81999969482422,0,0.0,0.0
2025-10-01,64.45999908447266,64.45999908447266,64.45999908447266,64.45999908447266,64.45999908447266,0,0.0,0.0
2025-10-02,63.7400016784668,63.7400016784668,63.7400016784668,63.7400016784668,63.7400016784668,12,0.0,0.0
2025-10-03,63.95000076293945,63.95000076293945,63.95000076293945,63.95000076293945,63.95000076293945,0,0.0,0.0
2025-10-06,64.6500015258789,64.6500015258789,64.6500015258789,64.6500015258789,64.6500015258789,218,0.0,0.0
2025-10-07,64.44999694824219,64.44999694824219,64.44999694824219,64.44999694824219,64.44999694824219,0,0.0,0.0
2025-10-08,64.91000366210938,64.91000366210938,64.91000366210938,64.91000366210938,64.91000366210938,3,0.0,0.0
2025-10-09,64.30000305175781,64.30000305175781,64.30000305175781,64.30000305175781,64.30000305175781,0,0.0,0.0
2025-10-10,62.540000915527344,62.540000915527344,62.540000915527344,62.540000915527344,62.540000915527344,3,0.0,0.0
2025-10-13,63.27000045776367,63.27000045776367,63.27000045776367,63.27000045776367,63.27000045776367,123,0.0,0.0
2025-10-14,62.61000061035156,62.61000061035156,62.61000061035156,62.61000061035156,62.61000061035156,178,0.0,0.0
2025-10-15,62.369998931884766,62.369998931884766,62.369998931884766,62.369998931884766,62.369998931884766,55,0.0,0.0
2025-10-16,61.599998474121094,61.599998474121094,61.599998474121094,61.599998474121094,61.599998474121094,96,0.0,0.0
2025-10-17,62.16999816894531,62.16999816894531,62.16999816894531,62.16999816894531,62.16999816894531,164,0.0,0.0
2025-10-20,62.11000061035156,62.11000061035156,62.11000061035156,62.11000061035156,62.11000061035156,23,0.0,0.0
2025-10-21,61.90999984741211,61.90999984741211,61.90999984741211,61.90999984741211,61.90999984741211,10,0.0,0.0
2025-10-22,62.70000076293945,62.70000076293945,62.70000076293945,62.70000076293945,62.70000076293945,19,0.0,0.0
2025-10-23,63.540000915527344,63.540000915527344,63.540000915527344,63.540000915527344,63.540000915527344,242,0.0,0.0
2025-10-24,63.61000061035156,63.61000061035156,63.61000061035156,63.61000061035156,63.61000061035156,228,0.0,0.0
2025-10-27,63.650001525878906,63.650001525878906,63.650001525878906,63.650001525878906,63.650001525878906,69,0.0,0.0
2025-10-28,63.439998626708984,63.439998626708984,63.439998626708984,63.439998626708984,63.439998626708984,55,0.0,0.0
2025-10-29,63.7599983215332,63.7599983215332,63.7599983215332,63.7599983215332,63.7599983215332,220,0.0,0.0
2025-10-30,63.77000045776367,63.77000045776367,63.77000045776367,63.77000045776367,63.77000045776367,63,0.0,0.0
2025-10-31,63.7400016784668,63.7400016784668,63.7400016784668,63.7400016784668,63.7400016784668,84,0.0,0.0
2025-11-03,63.9900016784668,63.9900016784668,63.9900016784668,63.9900016784668,63.9900016784668,0,0.0,0.0
2025-11-04,63.84000015258789,63.84000015258789,63.84000015258789,63.84000015258789,63.84000015258789,492,0.0,0.0
2025-11-05,63.2400016784668,63.2400016784668,63.2400016784668,63.2400016784668,63.2400016784668,17,0.0,0.0
2025-11-06,63.029998779296875,63.029998779296875,63.029998779296875,63.029998779296875,63.029998779296875,24,0.0,0.0
2025-11-07,63.310001373291016,63.310001373291016,63.310001373291016,63.310001373291016,63.310001373291016,37,0.0,0.0
2025-11-10,63.540000915527344,63.540000915527344,63.540000915527344,63.540000915527344,63.540000915527344,226,0.0,0.0
2025-11-11,64.22000122070312,64.22000122070312,64.22000122070312,64.22000122070312,64.22000122070312,51,0.0,0.0
2025-11-12,62.27000045776367,62.27000045776367,62.27000045776367,62.27000045776367,62.27000045776367,120,0.0,0.0
2025-11-13,62.27000045776367,62.27000045776367,62.27000045776367,62.27000045776367,62.27000045776367,63,0.0,0.0
2025-11-14,63.029998779296875,63.029998779296875,63.029998779296875,63.029998779296875,63.029998779296875,564,0.0,0.0
2025-11-17,62.97999954223633,62.97999954223633,62.97999954223633,62.97999954223633,62.97999954223633,22,0.0,0.0
2025-11-18,63.34000015258789,63.34000015258789,63.34000015258789,63.34000015258789,63.34000015258789,242,0.0,0.0
2025-11-19,62.04999923706055,62.04999923706055,62.04999923706055,62.04999923706055,62.04999923706055,98,0.0,0.0
2025-11-20,61.900001525878906,61.900001525878906,61.900001525878906,61.900001525878906,61.900001525878906,175,0.0,0.0
2025-11-21,61.439998626708984,61.439998626708984,61.439998626708984,61.439998626708984,61.439998626708984,127,0.0,0.0
2025-11-24,62.040000915527344,62.040000915527344,62.040000915527344,62.040000915527344,62.040000915527344,107,0.0,0.0
2025-11-25,61.52000045776367,61.52000045776367,61.52000045776367,61.52000045776367,61.52000045776367,209,0.0,0.0
2025-11-26,62.040000915527344,62.040000915527344,62.040000915527344,62.040000915527344,62.040000915527344,212,0.0,0.0
2025-11-28,61.650001525878906,61.650001525878906,61.650001525878906,61.650001525878906,61.650001525878906,5,0.0,0.0
2025-12-01,62.38999938964844,62.38999938964844,62.38999938964844,62.38999938964844,62.38999938964844,36,0.0,0.0
2025-12-02,61.72999954223633,61.72999954223633,61.72999954223633,61.72999954223633,61.72999954223633,139,0.0,0.0
2025-12-03,61.83000183105469,61.83000183105469,61.83000183105469,61.83000183105469,61.83000183105469,29,0.0,0.0
2025-12-04,62.16999816894531,62.16999816894531,62.16999816894531,62.16999816894531,62.16999816894531,72,0.0,0.0
2025-12-05,62.54999923706055,62.54999923706055,62.54999923706055,62.54999923706055,62.54999923706055,37,0.0,0.0
2025-12-08,61.630001068115234,61.630001068115234,61.630001068115234,61.630001068115234,61.630001068115234,273,0.0,0.0
2025-12-09,61.380001068115234,61.380001068115234,61.380001068115234,61.380001068115234,61.380001068115234,69,0.0,0.0
2025-12-10,61.52000045776367,61.52000045776367,61.52000045776367,61.52000045776367,61.52000045776367,104,0.0,0.0
2025-12-11,60.970001220703125,60.970001220703125,60.970001220703125,60.970001220703125,60.970001220703125,304,0.0,0.0
2025-12-12,60.68000030517578,60.68000030517578,60.68000030517578,60.68000030517578,60.68000030517578,68,0.0,0.0
2025-12-15,60.63999938964844,60.63999938964844,60.63999938964844,60.63999938964844,60.63999938964844,211,0.0,0.0
2025-12-16,59.290000915527344,59.290000915527344,59.290000915527344,59.290000915527344,59.290000915527344,176,0.0,0.0
2025-12-17,59.65999984741211,59.65999984741211,59.65999984741211,59.65999984741211,59.65999984741211,427,0.0,0.0
2025-12-18,59.650001525878906,59.650001525878906,59.650001525878906,59.650001525878906,59.650001525878906,116,0.0,0.0
2025-12-19,59.939998626708984,59.939998626708984,59.939998626708984,59.939998626708984,59.939998626708984,89,0.0,0.0
2025-12-22,60.970001220703125,60.970001220703125,60.970001220703125,60.970001220703125,60.970001220703125,154,0.0,0.0
2025-12-23,61.150001525878906,61.150001525878906,61.150001525878906,61.150001525878906,61.150001525878906,71,0.0,0.0
2025-12-24,61.27000045776367,61.27000045776367,61.27000045776367,61.27000045776367,61.27000045776367,71,0.0,0.0
2025-12-26,60.02000045776367,60.02000045776367,60.02000045776367,60.02000045776367,60.02000045776367,31,0.0,0.0
2025-12-29,60.900001525878906,60.900001525878906,60.900001525878906,60.900001525878906,60.900001525878906,107,0.0,0.0
2025-12-30,60.779998779296875,60.779998779296875,60.779998779296875,60.779998779296875,60.779998779296875,16,0.0,0.0
2025-12-31,60.22999954223633,60.22999954223633,60.22999954223633,60.22999954223633,60.22999954223633,156,0.0,0.0
2026-01-02,60.36000061035156,60.36000061035156,60.36000061035156,60.36000061035156,60.36000061035156,195,0.0,0.0
2026-01-05,60.779998779296875,60.779998779296875,60.779998779296875,60.779998779296875,60.779998779296875,281,0.0,0.0
2026-01-06,59.959999084472656,59.959999084472656,59.959999084472656,59.959999084472656,59.959999084472656,211,0.0,0.0
2026-01-07,59.380001068115234,59.380001068115234,59.380001068115234,59.380001068115234,59.380001068115234,319,0.0,0.0
2026-01-08,60.84000015258789,60.84000015258789,60.84000015258789,60.84000015258789,60.84000015258789,504,0.0,0.0
2026-01-09,61.70000076293945,61.70000076293945,61.70000076293945,61.70000076293945,61.70000076293945,395,0.0,0.0
2026-01-12,62.0099983215332,62.0099983215332,62.0099983215332,62.0099983215332,62.0099983215332,153,0.0,0.0
2026-01-13,63.0,63.0,63.0,63.0,63.0,379,0.0,0.0
2026-01-14,63.619998931884766,63.81999969482422,63.560001373291016,63.81999969482422,63.81999969482422,204,0.0,0.0
2026-01-15,62.29999923706055,62.29999923706055,61.83000183105469,61.83000183105469,61.83000183105469,77,0.0,0.0
2026-01-16,62.04999923706055,62.04999923706055,62.04999923706055,62.04999923706055,62.04999923706055,124,0.0,0.0
2026-01-20,62.689998626708984,62.689998626708984,62.2599983215332,62.689998626708984,62.689998626708984,110,0.0,0.0
2026-01-21,63.119998931884766,63.119998931884766,63.119998931884766,63.119998931884766,63.119998931884766,409,0.0,0.0
2026-01-22,62.939998626708984,62.939998626708984,62.2400016784668,62.2400016784668,62.2400016784668,155,0.0,0.0
2026-01-23,63.290000915527344,63.290000915527344,63.290000915527344,63.290000915527344,63.290000915527344,199,0.0,0.0
2026-01-26,63.279998779296875,63.279998779296875,63.279998779296875,63.279998779296875,63.279998779296875,103,0.0,0.0
2026-01-27,64.05000305175781,64.19999694824219,64.05000305175781,64.19999694824219,64.19999694824219,179,0.0,0.0
2026-01-28,64.58000183105469,64.66000366210938,64.58000183105469,64.58000183105469,64.58000183105469,561,0.0,0.0
2026-01-29,65.87999725341797,65.87999725341797,65.87999725341797,65.87999725341797,65.87999725341797,498,0.0,0.0
2026-01-30,65.80999755859375,65.80999755859375,65.80999755859375,65.80999755859375,65.80999755859375,517,0.0,0.0
2026-02-02,63.119998931884766,63.119998931884766,63.119998931884766,63.119998931884766,63.119998931884766,397,0.0,0.0
2026-02-03,64.2300033569336,64.2300033569336,64.2300033569336,64.2300033569336,64.2300033569336,272,0.0,0.0
2026-02-04,65.80000305175781,65.80000305175781,65.80000305175781,65.80000305175781,65.80000305175781,285,0.0,0.0
2026-02-05,64.25,64.58000183105469,64.25,64.58000183105469,64.58000183105469,173,0.0,0.0
2026-02-06,65.08999633789062,65.08999633789062,65.08999633789062,65.08999633789062,65.08999633789062,171,0.0,0.0
2026-02-09,65.87000274658203,65.87000274658203,65.87000274658203,65.87000274658203,65.87000274658203,283,0.0,0.0
2026-02-10,65.63999938964844,65.63999938964844,65.63999938964844,65.63999938964844,65.63999938964844,63,0.0,0.0
2026-02-11,66.01000213623047,66.01000213623047,66.01000213623047,66.01000213623047,66.01000213623047,281,0.0,0.0
2026-02-12,64.5199966430664,64.5199966430664,64.5199966430664,64.5199966430664,64.5199966430664,315,0.0,0.0
2026-02-13,64.51000213623047,64.51000213623047,64.51000213623047,64.51000213623047,64.51000213623047,207,0.0,0.0
2026-02-17,64.37000274658203,64.37000274658203,64.37000274658203,64.37000274658203,64.37000274658203,524,0.0,0.0
2026-02-18,66.19000244140625,66.19000244140625,66.19000244140625,66.19000244140625,66.19000244140625,459,0.0,0.0
2026-02-19,67.02999877929688,67.02999877929688,67.02999877929688,67.02999877929688,67.02999877929688,542,0.0,0.0
2026-02-20,67.05999755859375,67.05999755859375,67.05999755859375,67.05999755859375,67.05999755859375,153,0.0,0.0
2026-02-23,67.18000030517578,67.18000030517578,67.18000030517578,67.18000030517578,67.18000030517578,145,0.0,0.0
2026-02-24,67.1500015258789,67.1500015258789,67.1500015258789,67.1500015258789,67.1500015258789,222,0.0,0.0
2026-02-25,67.2300033569336,67.2300033569336,67.2300033569336,67.2300033569336,67.2300033569336,236,0.0,0.0
2026-02-26,67.30000305175781,67.30000305175781,67.01000213623047,67.01000213623047,67.01000213623047,435,0.0,0.0
2026-02-27,68.23999786376953,68.23999786376953,68.23999786376953,68.23999786376953,68.23999786376953,655,0.0,0.0
2026-03-02,70.16000366210938,70.16000366210938,69.41999816894531,69.41999816894531,69.41999816894531,1570,0.0,0.0
2026-03-03,71.76000213623047,71.76000213623047,69.7699966430664,69.7699966430664,69.7699966430664,2105,0.0,0.0
2026-03-04,70.04000091552734,70.04000091552734,70.04000091552734,70.04000091552734,70.04000091552734,1479,0.0,0.0
2026-03-05,71.25,71.25,71.25,71.25,71.25,1316,0.0,0.0
2026-03-06,72.5999984741211,73.30999755859375,72.5999984741211,73.30999755859375,73.30999755859375,1471,0.0,0.0
2026-03-09,78.0,78.0,73.31999969482422,75.87999725341797,75.87999725341797,3770,0.0,0.0
2026-03-10,73.41000366210938,74.22000122070312,72.9800033569336,73.81999969482422,73.81999969482422,1916,0.0,0.0
2026-03-11,74.05999755859375,76.62999725341797,74.01000213623047,76.62999725341797,76.62999725341797,1954,0.0,0.0
2026-03-12,78.19000244140625,79.23999786376953,78.0999984741211,79.23999786376953,79.23999786376953,2338,0.0,0.0
2026-03-13,79.8499984741211,80.4800033569336,78.95999908447266,80.4800033569336,80.4800033569336,1627,0.0,0.0
2026-03-16,78.95999908447266,79.36000061035156,78.95999908447266,79.2300033569336,79.2300033569336,1426,0.0,0.0
2026-03-17,81.51000213623047,81.51000213623047,80.47000122070312,81.13999938964844,81.13999938964844,1515,0.0,0.0
2026-03-18,83.30000305175781,83.62999725341797,83.30000305175781,83.38999938964844,83.38999938964844,2541,0.0,0.0
2026-03-19,84.9000015258789,84.91999816894531,83.5,83.95999908447266,83.95999908447266,5772,0.0,0.0
2026-03-20,84.62000274658203,84.62000274658203,83.81999969482422,84.62000274658203,84.62000274658203,1340,0.0,0.0
2026-03-23,85.0999984741211,85.5199966430664,79.54000091552734,79.54000091552734,79.54000091552734,3392,0.0,0.0
2026-03-24,82.45999908447266,82.45999908447266,82.45999908447266,82.45999908447266,82.45999908447266,1442,0.0,0.0
2026-03-25,80.5,81.20999908447266,80.5,81.20999908447266,81.20999908447266,813,0.0,0.0
2026-03-26,82.48999786376953,83.13999938964844,82.48999786376953,83.13999938964844,83.13999938964844,1596,0.0,0.0
2026-03-27,83.12000274658203,83.12000274658203,83.12000274658203,83.12000274658203,83.12000274658203,1990,0.0,0.0
2026-03-30,83.47000122070312,84.19999694824219,82.66999816894531,82.66999816894531,82.66999816894531,1173,0.0,0.0
2026-03-31,83.19999694824219,83.3499984741211,78.43000030517578,78.43000030517578,78.43000030517578,2404,0.0,0.0
2026-04-01,78.91999816894531,78.95999908447266,76.69000244140625,77.01000213623047,77.01000213623047,2878,0.0,0.0
2026-04-02,78.80000305175781,78.88999938964844,76.58000183105469,77.79000091552734,77.79000091552734,0,0.0,0.0
2026-04-06,77.5,79.30000305175781,77.47000122070312,79.30000305175781,79.30000305175781,1848,0.0,0.0
2026-04-07,79.62999725341797,80.61000061035156,79.25,80.61000061035156,80.61000061035156,3413,0.0,0.0
2026-04-08,78.0,79.25,78.0,79.25,79.25,4926,0.0,0.0
2026-04-09,79.0,79.23999786376953,78.9800033569336,79.23999786376953,79.23999786376953,3176,0.0,0.0
2026-04-10,80.0999984741211,80.0999984741211,80.0999984741211,80.0999984741211,80.0999984741211,2016,0.0,0.0
2026-04-13,82.08000183105469,82.08000183105469,82.08000183105469,82.08000183105469,82.08000183105469,2645,0.0,0.0
2026-04-14,82.29000091552734,82.29000091552734,80.16000366210938,80.45999908447266,80.45999908447266,1928,0.0,0.0
2026-04-15,81.41999816894531,81.41999816894531,81.27999877929688,81.27999877929688,81.27999877929688,2810,0.0,0.0
2026-04-16,81.3499984741211,81.72000122070312,80.93000030517578,81.72000122070312,81.72000122070312,2791,0.0,0.0
2026-04-17,77.58999633789062,77.58999633789062,77.58999633789062,77.58999633789062,77.58999633789062,5472,0.0,0.0
2026-04-20,79.91000366210938,79.91000366210938,79.7699966430664,79.7699966430664,79.7699966430664,3790,0.0,0.0
2026-04-21,80.61000061035156,80.83000183105469,80.61000061035156,80.75,80.75,4136,0.0,0.0
2026-04-22,81.5,82.0199966430664,81.5,81.9800033569336,81.9800033569336,3681,0.0,0.0
2026-04-23,82.58000183105469,83.70999908447266,82.51000213623047,83.61000061035156,83.61000061035156,6672,0.0,0.0
2026-04-24,83.69000244140625,84.25,82.63999938964844,83.3499984741211,83.3499984741211,6535,0.0,0.0
2026-04-27,84.68000030517578,84.68000030517578,84.31999969482422,84.54000091552734,84.54000091552734,3416,0.0,0.0
2026-04-28,86.22000122070312,86.68000030517578,84.63999938964844,84.63999938964844,84.63999938964844,5613,0.0,0.0
2026-04-29,86.12999725341797,86.12999725341797,85.12000274658203,85.12000274658203,85.12000274658203,8462,0.0,0.0
2026-04-30,85.2300033569336,85.80999755859375,85.2300033569336,85.80999755859375,85.80999755859375,8010,0.0,0.0
2026-05-01,85.45999908447266,85.45999908447266,85.45999908447266,85.45999908447266,85.45999908447266,5140,0.0,0.0
2026-05-04,88.93000030517578,89.9000015258789,88.80999755859375,89.69000244140625,89.69000244140625,8746,0.0,0.0
2026-05-05,88.38999938964844,88.38999938964844,88.38999938964844,88.38999938964844,88.38999938964844,6619,0.0,0.0
2026-05-06,87.26000213623047,87.26000213623047,83.27999877929688,83.27999877929688,83.27999877929688,14643,0.0,0.0
2026-05-07,83.19000244140625,83.61000061035156,83.19000244140625,83.61000061035156,83.61000061035156,12000,0.0,0.0
2026-05-08,85.54000091552734,85.54000091552734,85.54000091552734,85.54000091552734,85.54000091552734,8049,0.0,0.0
2026-05-11,86.4000015258789,87.69999694824219,86.4000015258789,87.69999694824219,87.69999694824219,4539,0.0,0.0
2026-05-12,89.69000244140625,89.69000244140625,89.69000244140625,89.69000244140625,89.69000244140625,4058,0.0,0.0
2026-05-13,87.7300033569336,87.7300033569336,87.7300033569336,87.7300033569336,87.7300033569336,3673,0.0,0.0
2026-05-14,86.54000091552734,87.44999694824219,86.54000091552734,87.23999786376953,87.23999786376953,3564,0.0,0.0
2026-05-15,88.36000061035156,88.87999725341797,88.36000061035156,88.87999725341797,88.87999725341797,4647,0.0,0.0
2026-05-18,89.13999938964844,90.48999786376953,89.13999938964844,90.48999786376953,90.48999786376953,8259,0.0,0.0
2026-05-19,89.63999938964844,89.63999938964844,89.63999938964844,89.63999938964844,89.63999938964844,4574,0.0,0.0
2026-05-20,86.93000030517578,86.93000030517578,86.30999755859375,86.30999755859375,86.30999755859375,8854,0.0,0.0
2026-05-21,88.1500015258789,88.69000244140625,85.66000366210938,85.95999908447266,85.95999908447266,8133,0.0,0.0
2026-05-22,87.72000122070312,87.72000122070312,86.37999725341797,86.37999725341797,86.37999725341797,6420,0.0,0.0
2026-05-26,84.54000091552734,85.0,83.9000015258789,84.94000244140625,84.94000244140625,10465,0.0,0.0
2026-05-27,83.81999969482422,83.97000122070312,83.05999755859375,83.05999755859375,83.05999755859375,7150,0.0,0.0
2026-05-28,83.69999694824219,84.5,83.69999694824219,84.47000122070312,84.47000122070312,4070,0.0,0.0
2026-05-29,83.0,83.31999969482422,82.8499984741211,82.94000244140625,82.94000244140625,6564,0.0,0.0
2026-06-01,84.44999694824219,84.87999725341797,84.22000122070312,84.87999725341797,84.87999725341797,7278,0.0,0.0
2026-06-02,84.6500015258789,85.98999786376953,84.0999984741211,85.98999786376953,85.98999786376953,5011,0.0,0.0
2026-06-03,86.62000274658203,87.0,86.55999755859375,86.91000366210938,86.91000366210938,9197,0.0,0.0
2026-06-04,86.08000183105469,86.44999694824219,85.04000091552734,85.04000091552734,85.04000091552734,6733,0.0,0.0
2026-06-05,85.55000305175781,85.55000305175781,84.12000274658203,84.12000274658203,84.12000274658203,6541,0.0,0.0
2026-06-08,86.12999725341797,86.55999755859375,85.52999877929688,85.95999908447266,85.95999908447266,8278,0.0,0.0
2026-06-09,84.4000015258789,84.58000183105469,83.0,84.58000183105469,84.58000183105469,8798,0.0,0.0
2026-06-10,84.41999816894531,86.33999633789062,84.41999816894531,85.88999938964844,85.88999938964844,7322,0.0,0.0
2026-06-11,84.62000274658203,84.87999725341797,84.62000274658203,84.62000274658203,84.62000274658203,12306,0.0,0.0
2026-06-12,83.51000213623047,83.51000213623047,81.23999786376953,81.69000244140625,81.69000244140625,7349,0.0,0.0
2026-06-15,79.4000015258789,79.4000015258789,78.8499984741211,78.87000274658203,78.87000274658203,9774,0.0,0.0
2026-06-16,77.26000213623047,77.2699966430664,76.25,76.66000366210938,76.66000366210938,12518,0.0,0.0
2026-06-17,76.88999938964844,77.30000305175781,76.25,76.72000122070312,76.72000122070312,9467,0.0,0.0
2026-06-18,75.95999908447266,76.80999755859375,74.7300033569336,76.80999755859375,76.80999755859375,6279,0.0,0.0
2026-06-22,76.26000213623047,76.66000366210938,75.19999694824219,75.36000061035156,75.36000061035156,8509,0.0,0.0
2026-06-23,75.22000122070312,75.22000122070312,74.44000244140625,75.0199966430664,75.0199966430664,3443,0.0,0.0
2026-06-24,74.44000244140625,74.44000244140625,72.41999816894531,72.72000122070312,72.72000122070312,5483,0.0,0.0
2026-06-25,72.12999725341797,74.05999755859375,71.5999984741211,74.05999755859375,74.05999755859375,5612,0.0,0.0
2026-06-26,71.5999984741211,71.8499984741211,71.43000030517578,71.8499984741211,71.8499984741211,6460,0.0,0.0
2026-06-29,72.12999725341797,72.97000122070312,72.12999725341797,72.97000122070312,72.97000122070312,6019,0.0,0.0
2026-06-30,72.5999984741211,73.30999755859375,72.4800033569336,72.4800033569336,72.4800033569336,7024,0.0,0.0
2026-07-01,72.69000244140625,72.69000244140625,71.88999938964844,72.06999969482422,72.06999969482422,7771,0.0,0.0
2026-07-02,71.33000183105469,72.30000305175781,71.33000183105469,72.30000305175781,72.30000305175781,5497,0.0,0.0
2026-07-06,72.02999877929688,72.44999694824219,71.55999755859375,72.44999694824219,72.44999694824219,6967,0.0,0.0
2026-07-07,72.70999908447266,74.81999969482422,72.62999725341797,73.75,73.75,7246,0.0,0.0
2026-07-08,74.80999755859375,77.2699966430664,74.80999755859375,76.19999694824219,76.19999694824219,22488,0.0,0.0
2026-07-09,76.86000061035156,76.86000061035156,74.9000015258789,75.22000122070312,75.22000122070312,10243,0.0,0.0
2026-07-10,74.7699966430664,75.16999816894531,74.7699966430664,75.16999816894531,75.16999816894531,8141,0.0,0.0
2026-07-13,78.02999877929688,80.20999908447266,78.02999877929688,80.20999908447266,80.20999908447266,10094,0.0,0.0
2026-07-14,80.4800033569336,80.4800033569336,80.04000091552734,80.04000091552734,80.04000091552734,31583,0.0,0.0
2026-07-15,80.26000213623047,80.66999816894531,80.1500015258789,80.1500015258789,80.1500015258789,14779,0.0,0.0
2026-07-16,80.80000305175781,80.80000305175781,79.91000366210938,79.91000366210938,79.91000366210938,9321,0.0,0.0
2026-07-17,80.63999938964844,82.0199966430664,80.62000274658203,82.0199966430664,82.0199966430664,7347,0.0,0.0
2026-07-20,83.0999984741211,83.0999984741211,81.5999984741211,82.12000274658203,82.12000274658203,14959,0.0,0.0
2026-07-21,82.51000213623047,82.51000213623047,82.51000213623047,82.51000213623047,82.51000213623047,11226,0.0,0.0
2026-07-22,82.79000091552734,83.25,82.7300033569336,83.12000274658203,83.12000274658203,28129,0.0,0.0
2026-07-23,84.0,85.13999938964844,84.0,84.83999633789062,84.83999633789062,23190,0.0,0.0
2026-07-24,84.1500015258789,84.1500015258789,83.73999786376953,83.73999786376953,83.73999786376953,18081,0.0,0.0
2026-07-27,81.44999694824219,81.44999694824219,80.70999908447266,80.70999908447266,80.70999908447266,22103,0.0,0.0
2026-07-28,79.18000030517578,79.18000030517578,77.25,77.68000030517578,77.68000030517578,18286,0.0,0.0
2026-07-29,79.25,81.95999908447266,79.0,81.95999908447266,81.95999908447266,15573,0.0,0.0
2026-07-30,81.16000366210938,81.16000366210938,79.87999725341797,80.20999908447266,80.20999908447266,17850,0.0,0.0
2026-07-31,79.86000061035156,81.75,78.9000015258789,80.58999633789062,80.58999633789062,17905,0.0,0.0
2026-08-03,77.79000091552734,78.5,77.56999969482422,77.98999786376953,77.98999786376953,21804,0.0,0.0
2026-08-04,78.18000030517578,79.58000183105469,75.63999938964844,75.97000122070312,75.97000122070312,30898,0.0,0.0
2026-08-05,75.69999694824219,76.52999877929688,75.19000244140625,75.69999694824219,75.69999694824219,24351,0.0,0.0
2026-08-06,75.7300033569336,78.02999877929688,75.29000091552734,77.55000305175781,77.55000305175781,16868,0.0,0.0
2026-08-07,78.2300033569336,78.68000030517578,77.33000183105469,78.68000030517578,78.68000030517578,15818,0.0,0.0
2026-08-10,79.25,82.56999969482422,79.08000183105469,82.56999969482422,82.56999969482422,9831,0.0,0.0
2026-08-11,82.19999694824219,83.58000183105469,81.66999816894531,82.7300033569336,82.7300033569336,16133,0.0,0.0
2026-08-12,83.33999633789062,83.33999633789062,82.30000305175781,82.91000366210938,82.91000366210938,14372,0.0,0.0
2026-08-13,82.66000366210938,82.66000366210938,81.79000091552734,81.79000091552734,81.79000091552734,14750,0.0,0.0
2026-08-14,82.87000274658203,82.87000274658203,82.5,82.63999938964844,82.63999938964844,16028,0.0,0.0
2026-08-17,83.2300033569336,85.08000183105469,82.98999786376953,85.02999877929688,85.02999877929688,15111,0.0,0.0
2026-08-18,85.33999633789062,85.97000122070312,85.33999633789062,85.58999633789062,85.58999633789062,10677,0.0,0.0
2026-08-19,86.4000015258789,86.4000015258789,85.20999908447266,85.36000061035156,85.36000061035156,14772,0.0,0.0
2026-08-20,85.43000030517578,87.05000305175781,84.80000305175781,87.0,87.0,18576,0.0,0.0
2026-08-21,86.7699966430664,87.66999816894531,86.72000122070312,87.66999816894531,87.66999816894531,12174,0.0,0.0
2026-08-24,85.54000091552734,86.61000061035156,85.54000091552734,85.95999908447266,85.95999908447266,14485,0.0,0.0
2026-08-25,86.05000305175781,86.5,81.91000366210938,83.44999694824219,83.44999694824219,18683,0.0,0.0
2026-08-26,82.4000015258789,83.62999725341797,81.5,83.37999725341797,83.37999725341797,12746,0.0,0.0
2026-08-27,82.86000061035156,84.6500015258789,82.04000091552734,84.2300033569336,84.2300033569336,17130,0.0,0.0
2026-08-28,83.7300033569336,84.19000244140625,83.29000091552734,84.16000366210938,84.16000366210938,14939,0.0,0.0
2026-08-31,85.98999786376953,86.44000244140625,85.02999877929688,86.1500015258789,86.1500015258789,17523,0.0,0.0
2026-09-01,87.0,89.0199966430664,86.79000091552734,88.66999816894531,88.66999816894531,23852,0.0,0.0
2026-09-02,89.08000183105469,89.31999969482422,88.1500015258789,88.9800033569336,88.9800033569336,27587,0.0,0.0
2026-09-03,88.5999984741211,89.16999816894531,87.77999877929688,88.31999969482422,88.31999969482422,34133,0.0,0.0
2026-09-04,88.55999755859375,89.23999786376953,87.3499984741211,89.1500015258789,89.1500015258789,18574,0.0,0.0
2026-09-08,89.5999984741211,92.11000061035156,89.1500015258789,91.30000305175781,91.30000305175781,0,0.0,0.0
