date,Open,High,Low,Close,Adj Close,Volume,Dividends,Stock Splits
2023-01-03,69.61000061035156,69.61000061035156,69.61000061035156,69.61000061035156,69.61000061035156,0,0.0,0.0
2023-01-04,69.06999969482422,69.06999969482422,69.06999969482422,69.06999969482422,69.06999969482422,0,0.0,0.0
2023-01-05,69.13999938964844,69.13999938964844,69.13999938964844,69.13999938964844,69.13999938964844,0,0.0,0.0
2023-01-06,69.47000122070312,69.47000122070312,69.47000122070312,69.47000122070312,69.47000122070312,0,0.0,0.0
2023-01-09,70.52999877929688,70.52999877929688,70.52999877929688,70.52999877929688,70.52999877929688,0,0.0,0.0
2023-01-10,70.23999786376953,70.23999786376953,70.23999786376953,70.23999786376953,70.23999786376953,0,0.0,0.0
2023-01-11,71.11000061035156,71.11000061035156,71.11000061035156,71.11000061035156,71.11000061035156,0,0.0,0.0
2023-01-12,71.20999908447266,71.20999908447266,71.20999908447266,71.20999908447266,71.20999908447266,0,0.0,0.0
2023-01-13,71.54000091552734,71.54000091552734,71.54000091552734,71.54000091552734,71.54000091552734,0,0.0,0.0
2023-01-17,70.55999755859375,70.55999755859375,70.55999755859375,70.55999755859375,70.55999755859375,0,0.0,0.0
2023-01-18,70.3499984741211,70.3499984741211,70.3499984741211,70.3499984741211,70.3499984741211,0,0.0,0.0
2023-01-19,70.95999908447266,70.95999908447266,70.95999908447266,70.95999908447266,70.95999908447266,0,0.0,0.0
2023-01-20,71.38999938964844,71.38999938964844,71.38999938964844,71.38999938964844,71.38999938964844,0,0.0,0.0
2023-01-23,71.87999725341797,71.87999725341797,71.87999725341797,71.87999725341797,71.87999725341797,0,0.0,0.0
2023-01-24,70.94999694824219,70.94999694824219,70.94999694824219,70.94999694824219,70.94999694824219,0,0.0,0.0
2023-01-25,70.5999984741211,70.5999984741211,70.5999984741211,70.5999984741211,70.5999984741211,0,0.0,0.0
2023-01-26,70.55999755859375,70.55999755859375,70.55999755859375,70.55999755859375,70.55999755859375,0,0.0,0.0
2023-01-27,70.04000091552734,70.04000091552734,70.04000091552734,70.04000091552734,70.04000091552734,0,0.0,0.0
2023-01-30,69.9000015258789,69.9000015258789,69.9000015258789,69.9000015258789,69.9000015258789,0,0.0,0.0
2023-01-31,70.86000061035156,70.86000061035156,70.86000061035156,70.86000061035156,70.86000061035156,0,0.0,0.0
2023-02-01,69.79000091552734,69.79000091552734,69.79000091552734,69.79000091552734,69.79000091552734,0,0.0,0.0
2023-02-02,69.80999755859375,69.80999755859375,69.80999755859375,69.80999755859375,69.80999755859375,0,0.0,0.0
2023-02-03,68.41999816894531,68.41999816894531,68.41999816894531,68.41999816894531,68.41999816894531,0,0.0,0.0
2023-02-06,68.87000274658203,68.87000274658203,68.87000274658203,68.87000274658203,68.87000274658203,0,0.0,0.0
2023-02-07,69.44000244140625,69.44000244140625,69.44000244140625,69.44000244140625,69.44000244140625,0,0.0,0.0
2023-02-08,70.0999984741211,70.0999984741211,70.0999984741211,70.0999984741211,70.0999984741211,0,0.0,0.0
2023-02-09,69.70999908447266,69.70999908447266,69.70999908447266,69.70999908447266,69.70999908447266,0,0.0,0.0
2023-02-10,70.38999938964844,70.38999938964844,70.38999938964844,70.38999938964844,70.38999938964844,0,0.0,0.0
2023-02-13,70.91999816894531,70.91999816894531,70.91999816894531,70.91999816894531,70.91999816894531,0,0.0,0.0
2023-02-14,70.83999633789062,70.83999633789062,70.83999633789062,70.83999633789062,70.83999633789062,0,0.0,0.0
2023-02-15,71.12999725341797,71.12999725341797,71.12999725341797,71.12999725341797,71.12999725341797,0,0.0,0.0
2023-02-16,71.30000305175781,71.30000305175781,71.30000305175781,71.30000305175781,71.30000305175781,0,0.0,0.0
2023-02-17,70.33999633789062,70.33999633789062,70.33999633789062,70.33999633789062,70.33999633789062,0,0.0,0.0
2023-02-21,70.68000030517578,70.68000030517578,70.68000030517578,70.68000030517578,70.68000030517578,0,0.0,0.0
2023-02-22,70.38999938964844,70.38999938964844,70.38999938964844,70.38999938964844,70.38999938964844,0,0.0,0.0
2023-02-23,70.2699966430664,70.2699966430664,70.2699966430664,70.2699966430664,70.2699966430664,0,0.0,0.0
2023-02-24,70.02999877929688,70.02999877929688,70.02999877929688,70.02999877929688,70.02999877929688,0,0.0,0.0
2023-02-27,69.12000274658203,69.12000274658203,69.12000274658203,69.12000274658203,69.12000274658203,0,0.0,0.0
2023-02-28,68.68000030517578,68.68000030517578,68.68000030517578,68.68000030517578,68.68000030517578,0,0.0,0.0
2023-03-01,69.12000274658203,69.12000274658203,69.12000274658203,69.12000274658203,69.12000274658203,0,0.0,0.0
2023-03-02,69.22000122070312,69.22000122070312,69.22000122070312,69.22000122070312,69.22000122070312,0,0.0,0.0
2023-03-03,70.02999877929688,70.02999877929688,70.02999877929688,70.02999877929688,70.02999877929688,0,0.0,0.0
2023-03-06,70.2300033569336,70.2300033569336,70.2300033569336,70.2300033569336,70.2300033569336,0,0.0,0.0
2023-03-07,68.97000122070312,68.97000122070312,68.97000122070312,68.97000122070312,68.97000122070312,0,0.0,0.0
2023-03-08,69.01000213623047,69.01000213623047,69.01000213623047,69.01000213623047,69.01000213623047,0,0.0,0.0
2023-03-09,68.7300033569336,68.7300033569336,68.7300033569336,68.7300033569336,68.7300033569336,0,0.0,0.0
2023-03-10,68.80000305175781,68.80000305175781,68.80000305175781,68.80000305175781,68.80000305175781,0,0.0,0.0
2023-03-13,68.22000122070312,68.22000122070312,68.22000122070312,68.22000122070312,68.22000122070312,0,0.0,0.0
2023-03-14,67.55999755859375,67.55999755859375,67.55999755859375,67.55999755859375,67.55999755859375,0,0.0,0.0
2023-03-15,66.69999694824219,66.69999694824219,66.69999694824219,66.69999694824219,66.69999694824219,0,0.0,0.0
2023-03-16,67.55999755859375,67.55999755859375,67.55999755859375,67.55999755859375,67.55999755859375,0,0.0,0.0
2023-03-17,67.58000183105469,67.58000183105469,67.58000183105469,67.58000183105469,67.58000183105469,0,0.0,0.0
2023-03-20,67.93000030517578,67.93000030517578,67.93000030517578,67.93000030517578,67.93000030517578,0,0.0,0.0
2023-03-21,67.9000015258789,67.9000015258789,67.9000015258789,67.9000015258789,67.9000015258789,0,0.0,0.0
2023-03-22,68.26000213623047,68.26000213623047,68.26000213623047,68.26000213623047,68.26000213623047,0,0.0,0.0
2023-03-23,68.22000122070312,68.22000122070312,68.22000122070312,68.22000122070312,68.22000122070312,0,0.0,0.0
2023-03-24,68.02999877929688,68.02999877929688,68.02999877929688,68.02999877929688,68.02999877929688,0,0.0,0.0
2023-03-27,69.20999908447266,69.20999908447266,69.20999908447266,69.20999908447266,69.20999908447266,0,0.0,0.0
2023-03-28,69.26000213623047,69.26000213623047,69.26000213623047,69.26000213623047,69.26000213623047,0,0.0,0.0
2023-03-29,69.0999984741211,69.0999984741211,69.0999984741211,69.0999984741211,69.0999984741211,0,0.0,0.0
2023-03-30,68.7699966430664,68.7699966430664,68.7699966430664,68.7699966430664,68.7699966430664,0,0.0,0.0
2023-03-31,68.94000244140625,68.94000244140625,68.94000244140625,68.94000244140625,68.94000244140625,0,0.0,0.0
2023-04-03,69.25,69.25,69.25,69.25,69.25,0,0.0,0.0
2023-04-04,69.19999694824219,69.19999694824219,69.19999694824219,69.19999694824219,69.19999694824219,0,0.0,0.0
2023-04-05,69.52999877929688,69.52999877929688,69.52999877929688,69.52999877929688,69.52999877929688,0,0.0,0.0
2023-04-06,69.4000015258789,69.4000015258789,69.4000015258789,69.4000015258789,69.4000015258789,0,0.0,0.0
2023-04-10,68.94999694824219,68.94999694824219,68.94999694824219,68.94999694824219,68.94999694824219,0,0.0,0.0
2023-04-11,69.37000274658203,69.37000274658203,69.37000274658203,69.37000274658203,69.37000274658203,0,0.0,0.0
2023-04-12,70.02999877929688,70.02999877929688,70.02999877929688,70.02999877929688,70.02999877929688,0,0.0,0.0
2023-04-13,69.97000122070312,69.97000122070312,69.97000122070312,69.97000122070312,69.97000122070312,0,0.0,0.0
2023-04-14,70.12999725341797,70.12999725341797,70.12999725341797,70.12999725341797,70.12999725341797,0,0.0,0.0
2023-04-17,69.94000244140625,69.94000244140625,69.94000244140625,69.94000244140625,69.94000244140625,0,0.0,0.0
2023-04-18,70.3499984741211,70.3499984741211,70.3499984741211,70.3499984741211,70.3499984741211,0,0.0,0.0
2023-04-19,69.83000183105469,69.83000183105469,69.83000183105469,69.83000183105469,69.83000183105469,0,0.0,0.0
2023-04-20,69.05999755859375,69.05999755859375,69.05999755859375,69.05999755859375,69.05999755859375,0,0.0,0.0
2023-04-21,70.2699966430664,70.2699966430664,70.2699966430664,70.2699966430664,70.2699966430664,0,0.0,0.0
2023-04-24,70.69999694824219,70.69999694824219,70.69999694824219,70.69999694824219,70.69999694824219,0,0.0,0.0
2023-04-25,69.44000244140625,69.44000244140625,69.44000244140625,69.44000244140625,69.44000244140625,0,0.0,0.0
2023-04-26,68.9800033569336,68.9800033569336,68.9800033569336,68.9800033569336,68.9800033569336,0,0.0,0.0
2023-04-27,68.58999633789062,68.58999633789062,68.58999633789062,68.58999633789062,68.58999633789062,0,0.0,0.0
2023-04-28,69.81999969482422,69.81999969482422,69.81999969482422,69.81999969482422,69.81999969482422,0,0.0,0.0
2023-05-01,69.11000061035156,69.11000061035156,69.11000061035156,69.11000061035156,69.11000061035156,0,0.0,0.0
2023-05-02,68.1500015258789,68.1500015258789,68.1500015258789,68.1500015258789,68.1500015258789,0,0.0,0.0
2023-05-03,67.0199966430664,67.0199966430664,67.0199966430664,67.0199966430664,67.0199966430664,0,0.0,0.0
2023-05-04,66.33000183105469,66.33000183105469,66.33000183105469,66.33000183105469,66.33000183105469,0,0.0,0.0
2023-05-05,67.58000183105469,67.58000183105469,67.58000183105469,67.58000183105469,67.58000183105469,0,0.0,0.0
2023-05-08,68.62000274658203,68.62000274658203,68.62000274658203,68.62000274658203,68.62000274658203,0,0.0,0.0
2023-05-09,69.16999816894531,69.16999816894531,69.16999816894531,69.16999816894531,69.16999816894531,0,0.0,0.0
2023-05-10,68.9000015258789,68.9000015258789,68.9000015258789,68.9000015258789,68.9000015258789,0,0.0,0.0
2023-05-11,67.73999786376953,67.73999786376953,67.73999786376953,67.73999786376953,67.73999786376953,0,0.0,0.0
2023-05-12,67.45999908447266,67.45999908447266,67.45999908447266,67.45999908447266,67.45999908447266,0,0.0,0.0
2023-05-15,68.04000091552734,68.04000091552734,68.04000091552734,68.04000091552734,68.04000091552734,0,0.0,0.0
2023-05-16,67.88999938964844,67.88999938964844,67.88999938964844,67.88999938964844,67.88999938964844,0,0.0,0.0
2023-05-17,69.1500015258789,69.1500015258789,69.1500015258789,69.1500015258789,69.1500015258789,0,0.0,0.0
2023-05-18,68.98999786376953,68.98999786376953,68.98999786376953,68.98999786376953,68.98999786376953,0,0.0,0.0
2023-05-19,67.83000183105469,67.83000183105469,67.83000183105469,67.83000183105469,67.83000183105469,0,0.0,0.0
2023-05-22,67.73999786376953,67.73999786376953,67.73999786376953,67.73999786376953,67.73999786376953,0,0.0,0.0
2023-05-23,68.2300033569336,68.2300033569336,68.2300033569336,68.2300033569336,68.2300033569336,0,0.0,0.0
2023-05-24,68.88999938964844,68.88999938964844,68.88999938964844,68.88999938964844,68.88999938964844,0,0.0,0.0
2023-05-25,67.66999816894531,67.66999816894531,67.66999816894531,67.66999816894531,67.66999816894531,0,0.0,0.0
2023-05-26,68.4000015258789,68.4000015258789,68.4000015258789,68.4000015258789,68.4000015258789,0,0.0,0.0
2023-05-30,66.86000061035156,66.86000061035156,66.86000061035156,66.86000061035156,66.86000061035156,0,0.0,0.0
2023-05-31,66.3499984741211,66.3499984741211,66.3499984741211,66.3499984741211,66.3499984741211,0,0.0,0.0
2023-06-01,67.02999877929688,67.02999877929688,67.02999877929688,67.02999877929688,67.02999877929688,0,0.0,0.0
2023-06-02,67.83999633789062,67.83999633789062,67.83999633789062,67.83999633789062,67.83999633789062,0,0.0,0.0
2023-06-05,67.41999816894531,67.41999816894531,67.41999816894531,67.41999816894531,67.41999816894531,0,0.0,0.0
2023-06-06,67.16999816894531,67.16999816894531,67.16999816894531,67.16999816894531,67.16999816894531,0,0.0,0.0
2023-06-07,67.52999877929688,67.52999877929688,67.52999877929688,67.52999877929688,67.52999877929688,0,0.0,0.0
2023-06-08,66.75,66.75,66.75,66.75,66.75,0,0.0,0.0
2023-06-09,66.81999969482422,66.81999969482422,66.81999969482422,66.81999969482422,66.81999969482422,0,0.0,0.0
2023-06-12,65.68000030517578,65.68000030517578,65.68000030517578,65.68000030517578,65.68000030517578,0,0.0,0.0
2023-06-13,67.37999725341797,67.37999725341797,67.37999725341797,67.37999725341797,67.37999725341797,0,0.0,0.0
2023-06-14,66.72000122070312,66.72000122070312,66.72000122070312,66.72000122070312,66.72000122070312,0,0.0,0.0
2023-06-15,68.27999877929688,68.27999877929688,68.27999877929688,68.27999877929688,68.27999877929688,0,0.0,0.0
2023-06-16,68.75,68.75,68.75,68.75,68.75,0,0.0,0.0
2023-06-20,68.4000015258789,68.4000015258789,68.4000015258789,68.4000015258789,68.4000015258789,0,0.0,0.0
2023-06-21,68.97000122070312,68.97000122070312,68.97000122070312,68.97000122070312,68.97000122070312,0,0.0,0.0
2023-06-22,67.62999725341797,67.62999725341797,67.62999725341797,67.62999725341797,67.62999725341797,0,0.0,0.0
2023-06-23,67.27999877929688,67.27999877929688,67.27999877929688,67.27999877929688,67.27999877929688,0,0.0,0.0
2023-06-26,67.54000091552734,67.54000091552734,67.54000091552734,67.54000091552734,67.54000091552734,0,0.0,0.0
2023-06-27,67.56999969482422,67.56999969482422,67.56999969482422,67.56999969482422,67.56999969482422,0,0.0,0.0
2023-06-28,67.93000030517578,67.93000030517578,67.93000030517578,67.93000030517578,67.93000030517578,0,0.0,0.0
2023-06-29,67.83000183105469,67.83000183105469,67.83000183105469,67.83000183105469,67.83000183105469,0,0.0,0.0
2023-06-30,68.27999877929688,68.27999877929688,68.27999877929688,68.27999877929688,68.27999877929688,0,0.0,0.0
2023-07-03,67.22000122070312,67.22000122070312,67.22000122070312,67.22000122070312,67.22000122070312,0,0.0,0.0
2023-07-05,68.4800033569336,68.4800033569336,68.4800033569336,68.4800033569336,68.4800033569336,0,0.0,0.0
2023-07-06,68.0199966430664,68.0199966430664,68.0199966430664,68.0199966430664,68.0199966430664,0,0.0,0.0
2023-07-07,68.41999816894531,68.41999816894531,68.41999816894531,68.41999816894531,68.41999816894531,0,0.0,0.0
2023-07-10,68.87000274658203,68.87000274658203,68.87000274658203,68.87000274658203,68.87000274658203,0,0.0,0.0
2023-07-11,69.5999984741211,69.5999984741211,69.5999984741211,69.5999984741211,69.5999984741211,0,0.0,0.0
2023-07-12,69.86000061035156,69.86000061035156,69.86000061035156,69.86000061035156,69.86000061035156,0,0.0,0.0
2023-07-13,70.44000244140625,70.44000244140625,70.44000244140625,70.44000244140625,70.44000244140625,0,0.0,0.0
2023-07-14,69.69000244140625,69.69000244140625,69.69000244140625,69.69000244140625,69.69000244140625,0,0.0,0.0
2023-07-17,69.76000213623047,69.76000213623047,69.76000213623047,69.76000213623047,69.76000213623047,0,0.0,0.0
2023-07-18,70.36000061035156,70.36000061035156,70.36000061035156,70.36000061035156,70.36000061035156,0,0.0,0.0
2023-07-19,70.87000274658203,70.87000274658203,70.87000274658203,70.87000274658203,70.87000274658203,0,0.0,0.0
2023-07-20,70.7699966430664,70.7699966430664,70.7699966430664,70.7699966430664,70.7699966430664,0,0.0,0.0
2023-07-21,71.22000122070312,71.22000122070312,71.22000122070312,71.22000122070312,71.22000122070312,0,0.0,0.0
2023-07-24,71.83999633789062,71.83999633789062,71.83999633789062,71.83999633789062,71.83999633789062,0,0.0,0.0
2023-07-25,71.88999938964844,71.88999938964844,71.88999938964844,71.88999938964844,71.88999938964844,0,0.0,0.0
2023-07-26,71.79000091552734,71.79000091552734,71.79000091552734,71.79000091552734,71.79000091552734,0,0.0,0.0
2023-07-27,72.25,72.25,72.25,72.25,72.25,0,0.0,0.0
2023-07-28,72.69999694824219,72.69999694824219,72.69999694824219,72.69999694824219,72.69999694824219,0,0.0,0.0
2023-07-31,73.0,73.0,73.0,73.0,73.0,0,0.0,0.0
2023-08-01,72.68000030517578,72.68000030517578,72.68000030517578,72.68000030517578,72.68000030517578,0,0.0,0.0
2023-08-02,71.61000061035156,71.61000061035156,71.61000061035156,71.61000061035156,71.61000061035156,0,0.0,0.0
2023-08-03,72.58999633789062,72.58999633789062,72.58999633789062,72.58999633789062,72.58999633789062,0,0.0,0.0
2023-08-04,73.19999694824219,73.19999694824219,73.19999694824219,73.19999694824219,73.19999694824219,0,0.0,0.0
2023-08-07,73.30999755859375,73.30999755859375,73.30999755859375,73.30999755859375,73.30999755859375,0,0.0,0.0
2023-08-08,73.80999755859375,73.80999755859375,73.80999755859375,73.80999755859375,73.80999755859375,0,0.0,0.0
2023-08-09,74.12999725341797,74.12999725341797,74.12999725341797,74.12999725341797,74.12999725341797,0,0.0,0.0
2023-08-10,73.61000061035156,73.61000061035156,73.61000061035156,73.61000061035156,73.61000061035156,0,0.0,0.0
2023-08-11,73.41000366210938,73.41000366210938,73.41000366210938,73.41000366210938,73.41000366210938,0,0.0,0.0
2023-08-14,73.2699966430664,73.2699966430664,73.2699966430664,73.2699966430664,73.2699966430664,0,0.0,0.0
2023-08-15,72.76000213623047,72.76000213623047,72.76000213623047,72.76000213623047,72.76000213623047,0,0.0,0.0
2023-08-16,72.76000213623047,72.76000213623047,72.76000213623047,72.76000213623047,72.76000213623047,0,0.0,0.0
2023-08-17,73.11000061035156,73.11000061035156,73.11000061035156,73.11000061035156,73.11000061035156,0,0.0,0.0
2023-08-18,73.55999755859375,73.55999755859375,73.55999755859375,73.55999755859375,73.55999755859375,0,0.0,0.0
2023-08-21,73.66000366210938,73.66000366210938,73.66000366210938,73.66000366210938,73.66000366210938,0,0.0,0.0
2023-08-22,73.56999969482422,73.56999969482422,73.56999969482422,73.56999969482422,73.56999969482422,0,0.0,0.0
2023-08-23,73.19999694824219,73.19999694824219,73.19999694824219,73.19999694824219,73.19999694824219,0,0.0,0.0
2023-08-24,72.62000274658203,72.62000274658203,72.62000274658203,72.62000274658203,72.62000274658203,0,0.0,0.0
2023-08-25,73.02999877929688,73.02999877929688,73.02999877929688,73.02999877929688,73.02999877929688,0,0.0,0.0
2023-08-28,72.81999969482422,72.81999969482422,72.81999969482422,72.81999969482422,72.81999969482422,0,0.0,0.0
2023-08-29,73.4000015258789,73.4000015258789,73.4000015258789,73.4000015258789,73.4000015258789,0,0.0,0.0
2023-08-30,73.31999969482422,73.31999969482422,73.31999969482422,73.31999969482422,73.31999969482422,0,0.0,0.0
2023-08-31,73.72000122070312,73.72000122070312,73.72000122070312,73.72000122070312,73.72000122070312,0,0.0,0.0
2023-09-01,74.41999816894531,74.41999816894531,74.41999816894531,74.41999816894531,74.41999816894531,0,0.0,0.0
2023-09-05,74.86000061035156,74.86000061035156,74.86000061035156,74.86000061035156,74.86000061035156,0,0.0,0.0
2023-09-06,74.80999755859375,74.80999755859375,74.80999755859375,74.80999755859375,74.80999755859375,0,0.0,0.0
2023-09-07,75.08999633789062,75.08999633789062,75.08999633789062,75.08999633789062,75.08999633789062,0,0.0,0.0
2023-09-08,74.91000366210938,74.91000366210938,74.91000366210938,74.91000366210938,74.91000366210938,0,0.0,0.0
2023-09-11,75.0199966430664,75.0199966430664,75.0199966430664,75.0199966430664,75.0199966430664,0,0.0,0.0
2023-09-12,75.12000274658203,75.12000274658203,75.12000274658203,75.12000274658203,75.12000274658203,0,0.0,0.0
2023-09-13,75.02999877929688,75.02999877929688,75.02999877929688,75.02999877929688,75.02999877929688,0,0.0,0.0
2023-09-14,75.37000274658203,75.37000274658203,75.37000274658203,75.37000274658203,75.37000274658203,0,0.0,0.0
2023-09-15,74.94000244140625,74.94000244140625,74.94000244140625,74.94000244140625,74.94000244140625,0,0.0,0.0
2023-09-18,75.38999938964844,75.38999938964844,75.38999938964844,75.38999938964844,75.38999938964844,0,0.0,0.0
2023-09-19,75.51000213623047,75.51000213623047,75.51000213623047,75.51000213623047,75.51000213623047,0,0.0,0.0
2023-09-20,75.62999725341797,75.62999725341797,75.62999725341797,75.62999725341797,75.62999725341797,0,0.0,0.0
2023-09-21,75.86000061035156,75.86000061035156,75.86000061035156,75.86000061035156,75.86000061035156,0,0.0,0.0
2023-09-22,74.9800033569336,74.9800033569336,74.9800033569336,74.9800033569336,74.9800033569336,0,0.0,0.0
2023-09-25,75.27999877929688,75.27999877929688,75.27999877929688,75.27999877929688,75.27999877929688,0,0.0,0.0
2023-09-26,75.44000244140625,75.44000244140625,75.44000244140625,75.44000244140625,75.44000244140625,0,0.0,0.0
2023-09-27,75.7300033569336,75.7300033569336,75.7300033569336,75.7300033569336,75.7300033569336,0,0.0,0.0
2023-09-28,75.7699966430664,75.7699966430664,75.7699966430664,75.7699966430664,75.7699966430664,0,0.0,0.0
2023-09-29,75.48999786376953,75.48999786376953,75.48999786376953,75.48999786376953,75.48999786376953,0,0.0,0.0
2023-10-02,75.36000061035156,75.36000061035156,75.36000061035156,75.36000061035156,75.36000061035156,0,0.0,0.0
2023-10-03,75.29000091552734,75.29000091552734,75.29000091552734,75.29000091552734,75.29000091552734,0,0.0,0.0
2023-10-04,72.36000061035156,72.36000061035156,72.36000061035156,72.36000061035156,72.36000061035156,0,0.0,0.0
2023-10-05,71.4000015258789,71.4000015258789,71.4000015258789,71.4000015258789,71.4000015258789,0,0.0,0.0
2023-10-06,71.5,71.5,71.5,71.5,71.5,0,0.0,0.0
2023-10-09,72.55999755859375,72.55999755859375,72.55999755859375,72.55999755859375,72.55999755859375,0,0.0,0.0
2023-10-10,73.36000061035156,73.36000061035156,73.36000061035156,73.36000061035156,73.36000061035156,0,0.0,0.0
2023-10-11,73.70999908447266,73.70999908447266,73.70999908447266,73.70999908447266,73.70999908447266,0,0.0,0.0
2023-10-12,73.81999969482422,73.81999969482422,73.81999969482422,73.81999969482422,73.81999969482422,0,0.0,0.0
2023-10-13,75.31999969482422,75.31999969482422,75.31999969482422,75.31999969482422,75.31999969482422,0,0.0,0.0
2023-10-16,75.55999755859375,75.55999755859375,75.55999755859375,75.55999755859375,75.55999755859375,0,0.0,0.0
2023-10-17,75.77999877929688,75.77999877929688,75.77999877929688,75.77999877929688,75.77999877929688,0,0.0,0.0
2023-10-18,76.0999984741211,76.0999984741211,76.0999984741211,76.0999984741211,76.0999984741211,0,0.0,0.0
2023-10-19,75.69999694824219,75.69999694824219,75.69999694824219,75.69999694824219,75.69999694824219,0,0.0,0.0
2023-10-20,75.27999877929688,75.27999877929688,75.27999877929688,75.27999877929688,75.27999877929688,0,0.0,0.0
2023-10-23,74.81999969482422,74.81999969482422,74.81999969482422,74.81999969482422,74.81999969482422,0,0.0,0.0
2023-10-24,74.5,74.5,74.5,74.5,74.5,0,0.0,0.0
2023-10-25,75.31999969482422,75.31999969482422,75.31999969482422,75.31999969482422,75.31999969482422,0,0.0,0.0
2023-10-26,74.8499984741211,74.8499984741211,74.8499984741211,74.8499984741211,74.8499984741211,0,0.0,0.0
2023-10-27,75.54000091552734,75.54000091552734,75.54000091552734,75.54000091552734,75.54000091552734,0,0.0,0.0
2023-10-30,74.6500015258789,74.6500015258789,74.6500015258789,74.6500015258789,74.6500015258789,0,0.0,0.0
2023-10-31,74.33999633789062,74.33999633789062,74.33999633789062,74.33999633789062,74.33999633789062,0,0.0,0.0
2023-11-01,74.0,74.0,74.0,74.0,74.0,0,0.0,0.0
2023-11-02,74.79000091552734,74.79000091552734,74.79000091552734,74.79000091552734,74.79000091552734,0,0.0,0.0
2023-11-03,74.04000091552734,74.04000091552734,74.04000091552734,74.04000091552734,74.04000091552734,0,0.0,0.0
2023-11-06,74.61000061035156,74.61000061035156,74.61000061035156,74.61000061035156,74.61000061035156,0,0.0,0.0
2023-11-07,72.41000366210938,72.41000366210938,72.41000366210938,72.41000366210938,72.41000366210938,0,0.0,0.0
2023-11-08,71.41000366210938,71.41000366210938,71.41000366210938,71.41000366210938,71.41000366210938,0,0.0,0.0
2023-11-09,71.8499984741211,71.8499984741211,71.8499984741211,71.8499984741211,71.8499984741211,0,0.0,0.0
2023-11-10,72.6500015258789,72.6500015258789,72.6500015258789,72.6500015258789,72.6500015258789,0,0.0,0.0
2023-11-13,73.25,73.25,73.25,73.25,73.25,0,0.0,0.0
2023-11-14,72.87999725341797,72.87999725341797,72.87999725341797,72.87999725341797,72.87999725341797,0,0.0,0.0
2023-11-15,72.58999633789062,72.58999633789062,72.58999633789062,72.58999633789062,72.58999633789062,0,0.0,0.0
2023-11-16,70.69000244140625,70.69000244140625,70.69000244140625,70.69000244140625,70.69000244140625,0,0.0,0.0
2023-11-17,72.55000305175781,72.55000305175781,72.55000305175781,72.55000305175781,72.55000305175781,0,0.0,0.0
2023-11-20,73.38999938964844,73.38999938964844,73.38999938964844,73.38999938964844,73.38999938964844,0,0.0,0.0
2023-11-21,73.23999786376953,73.23999786376953,73.23999786376953,73.23999786376953,73.23999786376953,0,0.0,0.0
2023-11-22,72.75,72.75,72.75,72.75,72.75,0,0.0,0.0
2023-11-24,72.01000213623047,72.01000213623047,72.01000213623047,72.01000213623047,72.01000213623047,0,0.0,0.0
2023-11-27,71.66000366210938,71.66000366210938,71.66000366210938,71.66000366210938,71.66000366210938,0,0.0,0.0
2023-11-28,72.30000305175781,72.30000305175781,72.30000305175781,72.30000305175781,72.30000305175781,0,0.0,0.0
2023-11-29,73.0,73.0,73.0,73.0,73.0,0,0.0,0.0
2023-11-30,71.8499984741211,71.8499984741211,71.8499984741211,71.8499984741211,71.8499984741211,0,0.0,0.0
2023-12-01,71.11000061035156,71.11000061035156,71.11000061035156,71.11000061035156,71.11000061035156,0,0.0,0.0
2023-12-04,71.36000061035156,71.36000061035156,71.36000061035156,71.36000061035156,71.36000061035156,0,0.0,0.0
2023-12-05,70.83000183105469,70.83000183105469,70.83000183105469,70.83000183105469,70.83000183105469,0,0.0,0.0
2023-12-06,69.8499984741211,69.8499984741211,69.8499984741211,69.8499984741211,69.8499984741211,0,0.0,0.0
2023-12-07,69.9000015258789,69.9000015258789,69.9000015258789,69.9000015258789,69.9000015258789,0,0.0,0.0
2023-12-08,70.69999694824219,70.69999694824219,70.69999694824219,70.69999694824219,70.69999694824219,0,0.0,0.0
2023-12-11,71.0999984741211,71.0999984741211,71.0999984741211,71.0999984741211,71.0999984741211,0,0.0,0.0
2023-12-12,69.81999969482422,69.81999969482422,69.81999969482422,69.81999969482422,69.81999969482422,0,0.0,0.0
2023-12-13,70.55999755859375,70.55999755859375,70.55999755859375,70.55999755859375,70.55999755859375,0,0.0,0.0
2023-12-14,71.75,71.75,71.75,71.75,71.75,0,0.0,0.0
2023-12-15,71.62999725341797,71.62999725341797,71.62999725341797,71.62999725341797,71.62999725341797,0,0.0,0.0
2023-12-18,72.02999877929688,72.02999877929688,72.02999877929688,72.02999877929688,72.02999877929688,0,0.0,0.0
2023-12-19,72.4800033569336,72.4800033569336,72.4800033569336,72.4800033569336,72.4800033569336,0,0.0,0.0
2023-12-20,72.22000122070312,72.22000122070312,72.22000122070312,72.22000122070312,72.22000122070312,0,0.0,0.0
2023-12-21,71.66000366210938,71.66000366210938,71.66000366210938,71.66000366210938,71.66000366210938,0,0.0,0.0
2023-12-22,70.9800033569336,70.9800033569336,70.9800033569336,70.9800033569336,70.9800033569336,0,0.0,0.0
2023-12-26,71.63999938964844,71.63999938964844,71.63999938964844,71.63999938964844,71.63999938964844,0,0.0,0.0
2023-12-27,71.33999633789062,71.33999633789062,71.33999633789062,71.33999633789062,71.33999633789062,0,0.0,0.0
2023-12-28,70.22000122070312,70.22000122070312,70.22000122070312,70.22000122070312,70.22000122070312,0,0.0,0.0
2023-12-29,70.0,70.0,70.0,70.0,70.0,0,0.0,0.0
2024-01-02,69.8499984741211,69.8499984741211,69.8499984741211,69.8499984741211,69.8499984741211,0,0.0,0.0
2024-01-03,71.08000183105469,71.08000183105469,71.08000183105469,71.08000183105469,71.08000183105469,0,0.0,0.0
2024-01-04,70.45999908447266,70.45999908447266,70.45999908447266,70.45999908447266,70.45999908447266,0,0.0,0.0
2024-01-05,70.8499984741211,70.8499984741211,70.8499984741211,70.8499984741211,70.8499984741211,0,0.0,0.0
2024-01-08,69.79000091552734,69.79000091552734,69.79000091552734,69.79000091552734,69.79000091552734,0,0.0,0.0
2024-01-09,70.1500015258789,70.1500015258789,70.1500015258789,70.1500015258789,70.1500015258789,0,0.0,0.0
2024-01-10,69.8499984741211,69.8499984741211,69.8499984741211,69.8499984741211,69.8499984741211,0,0.0,0.0
2024-01-11,70.27999877929688,70.27999877929688,70.27999877929688,70.27999877929688,70.27999877929688,0,0.0,0.0
2024-01-12,71.12999725341797,71.12999725341797,71.12999725341797,71.12999725341797,71.12999725341797,0,0.0,0.0
2024-01-16,70.72000122070312,70.72000122070312,70.72000122070312,70.72000122070312,70.72000122070312,0,0.0,0.0
2024-01-17,70.51000213623047,70.51000213623047,70.51000213623047,70.51000213623047,70.51000213623047,0,0.0,0.0
2024-01-18,71.0,71.0,71.0,71.0,71.0,0,0.0,0.0
2024-01-19,70.54000091552734,70.54000091552734,70.54000091552734,70.54000091552734,70.54000091552734,0,0.0,0.0
2024-01-22,71.58999633789062,71.58999633789062,71.58999633789062,71.58999633789062,71.58999633789062,0,0.0,0.0
2024-01-23,71.47000122070312,71.47000122070312,71.47000122070312,71.47000122070312,71.47000122070312,0,0.0,0.0
2024-01-24,71.70999908447266,71.70999908447266,71.70999908447266,71.70999908447266,71.70999908447266,0,0.0,0.0
2024-01-25,72.44999694824219,72.44999694824219,72.44999694824219,72.44999694824219,72.44999694824219,0,0.0,0.0
2024-01-26,73.08999633789062,73.08999633789062,73.08999633789062,73.08999633789062,73.08999633789062,0,0.0,0.0
2024-01-29,72.31999969482422,72.31999969482422,72.31999969482422,72.31999969482422,72.31999969482422,0,0.0,0.0
2024-01-30,72.88999938964844,72.88999938964844,72.88999938964844,72.88999938964844,72.88999938964844,0,0.0,0.0
2024-01-31,71.91999816894531,71.91999816894531,71.91999816894531,71.91999816894531,71.91999816894531,0,0.0,0.0
2024-02-01,70.66999816894531,70.66999816894531,70.66999816894531,70.66999816894531,70.66999816894531,0,0.0,0.0
2024-02-02,70.05000305175781,70.05000305175781,70.05000305175781,70.05000305175781,70.05000305175781,0,0.0,0.0
2024-02-05,70.62999725341797,70.62999725341797,70.62999725341797,70.62999725341797,70.62999725341797,0,0.0,0.0
2024-02-06,70.56999969482422,70.56999969482422,70.56999969482422,70.56999969482422,70.56999969482422,0,0.0,0.0
2024-02-07,70.86000061035156,70.86000061035156,70.86000061035156,70.86000061035156,70.86000061035156,0,0.0,0.0
2024-02-08,71.73999786376953,71.73999786376953,71.73999786376953,71.73999786376953,71.73999786376953,0,0.0,0.0
2024-02-09,72.19999694824219,72.19999694824219,72.19999694824219,72.19999694824219,72.19999694824219,0,0.0,0.0
2024-02-12,72.36000061035156,72.36000061035156,72.36000061035156,72.36000061035156,72.36000061035156,0,0.0,0.0
2024-02-13,72.52999877929688,72.52999877929688,72.52999877929688,72.52999877929688,72.52999877929688,0,0.0,0.0
2024-02-14,72.05000305175781,72.05000305175781,72.05000305175781,72.05000305175781,72.05000305175781,0,0.0,0.0
2024-02-15,72.37999725341797,72.37999725341797,72.37999725341797,72.37999725341797,72.37999725341797,0,0.0,0.0
2024-02-16,72.58000183105469,72.58000183105469,72.58000183105469,72.58000183105469,72.58000183105469,0,0.0,0.0
2024-02-20,71.61000061035156,71.61000061035156,71.61000061035156,71.61000061035156,71.61000061035156,0,0.0,0.0
2024-02-21,71.76000213623047,71.76000213623047,71.76000213623047,71.76000213623047,71.76000213623047,0,0.0,0.0
2024-02-22,71.9800033569336,71.9800033569336,71.9800033569336,71.9800033569336,71.9800033569336,0,0.0,0.0
2024-02-23,71.45999908447266,71.45999908447266,71.45999908447266,71.45999908447266,71.45999908447266,0,0.0,0.0
2024-02-26,71.69000244140625,71.69000244140625,71.69000244140625,71.69000244140625,71.69000244140625,0,0.0,0.0
2024-02-27,71.9800033569336,71.9800033569336,71.9800033569336,71.9800033569336,71.9800033569336,0,0.0,0.0
2024-02-28,71.79000091552734,71.79000091552734,71.79000091552734,71.79000091552734,71.79000091552734,0,0.0,0.0
2024-02-29,71.63999938964844,71.63999938964844,71.63999938964844,71.63999938964844,71.63999938964844,0,0.0,0.0
2024-03-01,71.86000061035156,71.86000061035156,71.86000061035156,71.86000061035156,71.86000061035156,0,0.0,0.0
2024-03-04,72.29000091552734,72.29000091552734,72.29000091552734,72.29000091552734,72.29000091552734,0,0.0,0.0
2024-03-05,71.69000244140625,71.69000244140625,71.69000244140625,71.69000244140625,71.69000244140625,0,0.0,0.0
2024-03-06,71.72000122070312,71.72000122070312,71.72000122070312,71.72000122070312,71.72000122070312,0,0.0,0.0
2024-03-07,71.97000122070312,71.97000122070312,71.97000122070312,71.97000122070312,71.97000122070312,0,0.0,0.0
2024-03-08,71.58000183105469,71.58000183105469,71.58000183105469,71.58000183105469,71.58000183105469,0,0.0,0.0
2024-03-11,72.08000183105469,72.08000183105469,72.08000183105469,72.08000183105469,72.08000183105469,0,0.0,0.0
2024-03-12,71.91000366210938,71.91000366210938,71.91000366210938,71.91000366210938,71.91000366210938,0,0.0,0.0
2024-03-13,72.7699966430664,72.7699966430664,72.7699966430664,72.7699966430664,72.7699966430664,0,0.0,0.0
2024-03-14,73.08000183105469,73.08000183105469,73.08000183105469,73.08000183105469,73.08000183105469,0,0.0,0.0
2024-03-15,73.44999694824219,73.44999694824219,73.44999694824219,73.44999694824219,73.44999694824219,0,0.0,0.0
2024-03-18,73.7300033569336,73.7300033569336,73.7300033569336,73.7300033569336,73.7300033569336,0,0.0,0.0
2024-03-19,73.97000122070312,73.97000122070312,73.97000122070312,73.97000122070312,73.97000122070312,0,0.0,0.0
2024-03-20,73.61000061035156,73.61000061035156,73.61000061035156,73.61000061035156,73.61000061035156,0,0.0,0.0
2024-03-21,73.55000305175781,73.55000305175781,73.55000305175781,73.55000305175781,73.55000305175781,0,0.0,0.0
2024-03-22,73.20999908447266,73.20999908447266,73.20999908447266,73.20999908447266,73.20999908447266,0,0.0,0.0
2024-03-25,73.76000213623047,73.76000213623047,73.76000213623047,73.76000213623047,73.76000213623047,0,0.0,0.0
2024-03-26,73.66999816894531,73.66999816894531,73.66999816894531,73.66999816894531,73.66999816894531,0,0.0,0.0
2024-03-27,73.66000366210938,73.66000366210938,73.66000366210938,73.66000366210938,73.66000366210938,0,0.0,0.0
2024-03-28,74.12000274658203,74.12000274658203,74.12000274658203,74.12000274658203,74.12000274658203,0,0.0,0.0
2024-04-01,74.12999725341797,74.12999725341797,74.12999725341797,74.12999725341797,74.12999725341797,0,0.0,0.0
2024-04-02,74.33999633789062,74.33999633789062,74.33999633789062,74.33999633789062,74.33999633789062,0,0.0,0.0
2024-04-03,74.70999908447266,74.70999908447266,74.70999908447266,74.70999908447266,74.70999908447266,0,0.0,0.0
2024-04-04,74.95999908447266,74.95999908447266,74.95999908447266,74.95999908447266,74.95999908447266,0,0.0,0.0
2024-04-05,74.94000244140625,74.94000244140625,74.94000244140625,74.94000244140625,74.94000244140625,0,0.0,0.0
2024-04-08,74.83000183105469,74.83000183105469,74.83000183105469,74.83000183105469,74.83000183105469,0,0.0,0.0
2024-04-09,74.38999938964844,74.38999938964844,74.38999938964844,74.38999938964844,74.38999938964844,0,0.0,0.0
2024-04-10,74.7300033569336,74.7300033569336,74.7300033569336,74.7300033569336,74.7300033569336,0,0.0,0.0
2024-04-11,74.9000015258789,74.9000015258789,74.9000015258789,74.9000015258789,74.9000015258789,0,0.0,0.0
2024-04-12,75.44000244140625,75.44000244140625,75.44000244140625,75.44000244140625,75.44000244140625,0,0.0,0.0
2024-04-15,75.6500015258789,75.6500015258789,75.6500015258789,75.6500015258789,75.6500015258789,0,0.0,0.0
2024-04-16,75.95999908447266,75.95999908447266,75.95999908447266,75.95999908447266,75.95999908447266,0,0.0,0.0
2024-04-17,74.72000122070312,74.72000122070312,74.72000122070312,74.72000122070312,74.72000122070312,0,0.0,0.0
2024-04-18,74.55999755859375,74.55999755859375,74.55999755859375,74.55999755859375,74.55999755859375,0,0.0,0.0
2024-04-19,74.30999755859375,74.30999755859375,74.30999755859375,74.30999755859375,74.30999755859375,0,0.0,0.0
2024-04-22,74.13999938964844,74.13999938964844,74.13999938964844,74.13999938964844,74.13999938964844,0,0.0,0.0
2024-04-23,74.6500015258789,74.6500015258789,74.6500015258789,74.6500015258789,74.6500015258789,0,0.0,0.0
2024-04-24,74.91000366210938,74.91000366210938,74.91000366210938,74.91000366210938,74.91000366210938,0,0.0,0.0
2024-04-25,75.12000274658203,75.12000274658203,75.12000274658203,75.12000274658203,75.12000274658203,0,0.0,0.0
2024-04-26,75.3499984741211,75.3499984741211,75.3499984741211,75.3499984741211,75.3499984741211,0,0.0,0.0
2024-04-29,74.9000015258789,74.9000015258789,74.9000015258789,74.9000015258789,74.9000015258789,0,0.0,0.0
2024-04-30,74.5199966430664,74.5199966430664,74.5199966430664,74.5199966430664,74.5199966430664,0,0.0,0.0
2024-05-01,72.80000305175781,72.80000305175781,72.80000305175781,72.80000305175781,72.80000305175781,0,0.0,0.0
2024-05-02,73.31999969482422,73.31999969482422,73.31999969482422,73.31999969482422,73.31999969482422,0,0.0,0.0
2024-05-03,73.4800033569336,73.4800033569336,73.4800033569336,73.4800033569336,73.4800033569336,0,0.0,0.0
2024-05-06,73.83999633789062,73.83999633789062,73.83999633789062,73.83999633789062,73.83999633789062,0,0.0,0.0
2024-05-07,73.51000213623047,73.51000213623047,73.51000213623047,73.51000213623047,73.51000213623047,0,0.0,0.0
2024-05-08,73.23999786376953,73.23999786376953,73.23999786376953,73.23999786376953,73.23999786376953,0,0.0,0.0
2024-05-09,73.43000030517578,73.43000030517578,73.43000030517578,73.43000030517578,73.43000030517578,0,0.0,0.0
2024-05-10,72.95999908447266,72.95999908447266,72.95999908447266,72.95999908447266,72.95999908447266,0,0.0,0.0
2024-05-13,73.26000213623047,73.26000213623047,73.26000213623047,73.26000213623047,73.26000213623047,0,0.0,0.0
2024-05-14,73.2300033569336,73.2300033569336,73.2300033569336,73.2300033569336,73.2300033569336,0,0.0,0.0
2024-05-15,73.38999938964844,73.38999938964844,73.38999938964844,73.38999938964844,73.38999938964844,0,0.0,0.0
2024-05-16,73.7300033569336,73.7300033569336,73.7300033569336,73.7300033569336,73.7300033569336,0,0.0,0.0
2024-05-17,74.18000030517578,74.18000030517578,74.18000030517578,74.18000030517578,74.18000030517578,0,0.0,0.0
2024-05-20,74.41999816894531,74.41999816894531,74.41999816894531,74.41999816894531,74.41999816894531,0,0.0,0.0
2024-05-21,74.19000244140625,74.19000244140625,74.19000244140625,74.19000244140625,74.19000244140625,0,0.0,0.0
2024-05-22,73.33999633789062,73.33999633789062,73.33999633789062,73.33999633789062,73.33999633789062,0,0.0,0.0
2024-05-23,73.08000183105469,73.08000183105469,73.08000183105469,73.08000183105469,73.08000183105469,0,0.0,0.0
2024-05-24,73.27999877929688,73.27999877929688,73.27999877929688,73.27999877929688,73.27999877929688,0,0.0,0.0
2024-05-28,74.37000274658203,74.37000274658203,74.37000274658203,74.37000274658203,74.37000274658203,0,0.0,0.0
2024-05-29,74.12000274658203,74.12000274658203,74.12000274658203,74.12000274658203,74.12000274658203,0,0.0,0.0
2024-05-30,73.43000030517578,73.43000030517578,73.43000030517578,73.43000030517578,73.43000030517578,0,0.0,0.0
2024-05-31,73.7699966430664,73.7699966430664,73.7699966430664,73.7699966430664,73.7699966430664,0,0.0,0.0
2024-06-03,72.37000274658203,72.37000274658203,72.37000274658203,72.37000274658203,72.37000274658203,0,0.0,0.0
2024-06-04,71.19999694824219,71.19999694824219,71.19999694824219,71.19999694824219,71.19999694824219,0,0.0,0.0
2024-06-05,71.23999786376953,71.23999786376953,71.23999786376953,71.23999786376953,71.23999786376953,0,0.0,0.0
2024-06-06,72.02999877929688,72.02999877929688,72.02999877929688,72.02999877929688,72.02999877929688,0,0.0,0.0
2024-06-07,72.4000015258789,72.4000015258789,72.4000015258789,72.4000015258789,72.4000015258789,0,0.0,0.0
2024-06-10,73.41999816894531,73.41999816894531,73.41999816894531,73.41999816894531,73.41999816894531,0,0.0,0.0
2024-06-11,73.86000061035156,73.86000061035156,73.86000061035156,73.86000061035156,73.86000061035156,0,0.0,0.0
2024-06-12,74.04000091552734,74.04000091552734,74.04000091552734,74.04000091552734,74.04000091552734,0,0.0,0.0
2024-06-13,74.01000213623047,74.01000213623047,74.01000213623047,74.01000213623047,74.01000213623047,0,0.0,0.0
2024-06-14,73.69999694824219,73.69999694824219,73.69999694824219,73.69999694824219,73.69999694824219,0,0.0,0.0
2024-06-17,73.70999908447266,73.70999908447266,73.70999908447266,73.70999908447266,73.70999908447266,0,0.0,0.0
2024-06-18,74.58000183105469,74.58000183105469,74.58000183105469,74.58000183105469,74.58000183105469,0,0.0,0.0
2024-06-20,74.83000183105469,74.83000183105469,74.83000183105469,74.83000183105469,74.83000183105469,0,0.0,0.0
2024-06-21,74.38999938964844,74.38999938964844,74.38999938964844,74.38999938964844,74.38999938964844,0,0.0,0.0
2024-06-24,75.05999755859375,75.05999755859375,75.05999755859375,75.05999755859375,75.05999755859375,0,0.0,0.0
2024-06-25,74.7300033569336,74.7300033569336,74.7300033569336,74.7300033569336,74.7300033569336,0,0.0,0.0
2024-06-26,75.05999755859375,75.05999755859375,75.05999755859375,75.05999755859375,75.05999755859375,0,0.0,0.0
2024-06-27,75.02999877929688,75.02999877929688,75.02999877929688,75.02999877929688,75.02999877929688,0,0.0,0.0
2024-06-28,74.81999969482422,74.81999969482422,74.81999969482422,74.81999969482422,74.81999969482422,0,0.0,0.0
2024-07-01,75.70999908447266,75.70999908447266,75.70999908447266,75.70999908447266,75.70999908447266,0,0.0,0.0
2024-07-02,75.69000244140625,75.69000244140625,75.69000244140625,75.69000244140625,75.69000244140625,0,0.0,0.0
2024-07-03,76.26000213623047,76.26000213623047,76.26000213623047,76.26000213623047,76.26000213623047,0,0.0,0.0
2024-07-05,75.7699966430664,75.7699966430664,75.7699966430664,75.7699966430664,75.7699966430664,0,0.0,0.0
2024-07-08,75.68000030517578,75.68000030517578,75.68000030517578,75.68000030517578,75.68000030517578,0,0.0,0.0
2024-07-09,74.8499984741211,74.8499984741211,74.8499984741211,74.8499984741211,74.8499984741211,0,0.0,0.0
2024-07-10,74.8499984741211,74.8499984741211,74.8499984741211,74.8499984741211,74.8499984741211,0,0.0,0.0
2024-07-11,74.7699966430664,74.7699966430664,74.7699966430664,74.7699966430664,74.7699966430664,0,0.0,0.0
2024-07-12,74.72000122070312,74.72000122070312,74.72000122070312,74.72000122070312,74.72000122070312,0,0.0,0.0
2024-07-15,74.51000213623047,74.51000213623047,74.51000213623047,74.51000213623047,74.51000213623047,0,0.0,0.0
2024-07-16,73.91000366210938,73.91000366210938,73.91000366210938,73.91000366210938,73.91000366210938,0,0.0,0.0
2024-07-17,74.33999633789062,74.33999633789062,74.33999633789062,74.33999633789062,74.33999633789062,0,0.0,0.0
2024-07-18,74.45999908447266,74.45999908447266,74.45999908447266,74.45999908447266,74.45999908447266,0,0.0,0.0
2024-07-19,73.05000305175781,73.05000305175781,73.05000305175781,73.05000305175781,73.05000305175781,0,0.0,0.0
2024-07-22,73.37000274658203,73.37000274658203,73.37000274658203,73.37000274658203,73.37000274658203,0,0.0,0.0
2024-07-23,72.33999633789062,72.33999633789062,72.33999633789062,72.33999633789062,72.33999633789062,0,0.0,0.0
2024-07-24,72.87000274658203,72.87000274658203,72.87000274658203,72.87000274658203,72.87000274658203,0,0.0,0.0
2024-07-25,73.22000122070312,73.22000122070312,73.22000122070312,73.22000122070312,73.22000122070312,0,0.0,0.0
2024-07-26,72.72000122070312,72.72000122070312,72.72000122070312,72.72000122070312,72.72000122070312,0,0.0,0.0
2024-07-29,72.33000183105469,72.33000183105469,72.33000183105469,72.33000183105469,72.33000183105469,0,0.0,0.0
2024-07-30,71.95999908447266,71.95999908447266,71.95999908447266,71.95999908447266,71.95999908447266,0,0.0,0.0
2024-07-31,73.12999725341797,73.12999725341797,73.12999725341797,73.12999725341797,73.12999725341797,0,0.0,0.0
2024-08-01,72.43000030517578,72.43000030517578,72.43000030517578,72.43000030517578,72.43000030517578,0,0.0,0.0
2024-08-02,70.81999969482422,70.81999969482422,70.81999969482422,70.81999969482422,70.81999969482422,0,0.0,0.0
2024-08-05,71.01000213623047,71.01000213623047,71.01000213623047,71.01000213623047,71.01000213623047,0,0.0,0.0
2024-08-06,70.68000030517578,70.68000030517578,70.68000030517578,70.68000030517578,70.68000030517578,0,0.0,0.0
2024-08-07,71.48999786376953,71.48999786376953,71.48999786376953,71.48999786376953,71.48999786376953,0,0.0,0.0
2024-08-08,72.11000061035156,72.11000061035156,72.11000061035156,72.11000061035156,72.11000061035156,0,0.0,0.0
2024-08-09,72.41999816894531,72.41999816894531,72.41999816894531,72.41999816894531,72.41999816894531,0,0.0,0.0
2024-08-12,73.8499984741211,73.8499984741211,73.8499984741211,73.8499984741211,73.8499984741211,0,0.0,0.0
2024-08-13,73.0199966430664,73.0199966430664,73.0199966430664,73.0199966430664,73.0199966430664,0,0.0,0.0
2024-08-14,72.69999694824219,72.69999694824219,72.69999694824219,72.69999694824219,72.69999694824219,0,0.0,0.0
2024-08-15,73.25,73.25,73.25,73.25,73.25,0,0.0,0.0
2024-08-16,72.52999877929688,72.52999877929688,72.52999877929688,72.52999877929688,72.52999877929688,0,0.0,0.0
2024-08-19,71.69999694824219,71.69999694824219,71.69999694824219,71.69999694824219,71.69999694824219,0,0.0,0.0
2024-08-20,71.11000061035156,71.11000061035156,71.11000061035156,71.11000061035156,71.11000061035156,0,0.0,0.0
2024-08-21,70.58999633789062,70.58999633789062,70.58999633789062,70.58999633789062,70.58999633789062,0,0.0,0.0
2024-08-22,71.05000305175781,71.05000305175781,71.05000305175781,71.05000305175781,71.05000305175781,0,0.0,0.0
2024-08-23,72.01000213623047,72.01000213623047,72.01000213623047,72.01000213623047,72.01000213623047,0,0.0,0.0
2024-08-26,72.88999938964844,72.88999938964844,72.88999938964844,72.88999938964844,72.88999938964844,0,0.0,0.0
2024-08-27,72.18000030517578,72.18000030517578,72.18000030517578,72.18000030517578,72.18000030517578,0,0.0,0.0
2024-08-28,71.51000213623047,71.51000213623047,71.51000213623047,71.51000213623047,71.51000213623047,0,0.0,0.0
2024-08-29,72.2699966430664,72.2699966430664,72.2699966430664,72.2699966430664,72.2699966430664,0,0.0,0.0
2024-08-30,71.30000305175781,71.30000305175781,71.30000305175781,71.30000305175781,71.30000305175781,0,0.0,0.0
2024-09-03,69.8499984741211,69.8499984741211,69.8499984741211,69.8499984741211,69.8499984741211,0,0.0,0.0
2024-09-04,69.58000183105469,69.58000183105469,69.58000183105469,69.58000183105469,69.58000183105469,0,0.0,0.0
2024-09-05,70.0,70.0,70.0,70.0,70.0,0,0.0,0.0
2024-09-06,69.41000366210938,69.41000366210938,69.41000366210938,69.41000366210938,69.41000366210938,0,0.0,0.0
2024-09-09,69.52999877929688,69.52999877929688,69.52999877929688,69.52999877929688,69.52999877929688,0,0.0,0.0
2024-09-10,67.86000061035156,67.86000061035156,67.86000061035156,67.86000061035156,67.86000061035156,0,0.0,0.0
2024-09-11,68.63999938964844,68.63999938964844,68.63999938964844,68.63999938964844,68.63999938964844,0,0.0,0.0
2024-09-12,69.48999786376953,69.48999786376953,69.48999786376953,69.48999786376953,69.48999786376953,0,0.0,0.0
2024-09-13,69.06999969482422,69.06999969482422,69.06999969482422,69.06999969482422,69.06999969482422,0,0.0,0.0
2024-09-16,69.76000213623047,69.76000213623047,69.76000213623047,69.76000213623047,69.76000213623047,0,0.0,0.0
2024-09-17,70.31999969482422,70.31999969482422,70.31999969482422,70.31999969482422,70.31999969482422,0,0.0,0.0
2024-09-18,70.2300033569336,70.2300033569336,70.2300033569336,70.2300033569336,70.2300033569336,0,0.0,0.0
2024-09-19,70.66999816894531,70.66999816894531,70.66999816894531,70.66999816894531,70.66999816894531,0,0.0,0.0
2024-09-20,70.58999633789062,70.58999633789062,70.58999633789062,70.58999633789062,70.58999633789062,0,0.0,0.0
2024-09-23,70.61000061035156,70.61000061035156,70.61000061035156,70.61000061035156,70.61000061035156,0,0.0,0.0
2024-09-24,71.44999694824219,71.44999694824219,71.44999694824219,71.44999694824219,71.44999694824219,0,0.0,0.0
2024-09-25,70.68000030517578,70.68000030517578,70.68000030517578,70.68000030517578,70.68000030517578,0,0.0,0.0
2024-09-26,69.94999694824219,69.94999694824219,69.94999694824219,69.94999694824219,69.94999694824219,0,0.0,0.0
2024-09-27,70.05000305175781,70.05000305175781,70.05000305175781,70.05000305175781,70.05000305175781,0,0.0,0.0
2024-09-30,70.33000183105469,70.33000183105469,70.33000183105469,70.33000183105469,70.33000183105469,0,0.0,0.0
2024-10-01,71.45999908447266,71.45999908447266,71.45999908447266,71.45999908447266,71.45999908447266,0,0.0,0.0
2024-10-02,71.38999938964844,71.38999938964844,71.38999938964844,71.38999938964844,71.38999938964844,0,0.0,0.0
2024-10-03,73.36000061035156,73.36000061035156,73.36000061035156,73.36000061035156,73.36000061035156,0,0.0,0.0
2024-10-04,73.02999877929688,73.02999877929688,73.02999877929688,73.02999877929688,73.02999877929688,0,0.0,0.0
2024-10-07,74.69999694824219,74.69999694824219,74.69999694824219,74.69999694824219,74.69999694824219,0,0.0,0.0
2024-10-08,73.1500015258789,73.1500015258789,73.1500015258789,73.1500015258789,73.1500015258789,0,0.0,0.0
2024-10-09,72.51000213623047,72.51000213623047,72.51000213623047,72.51000213623047,72.51000213623047,0,0.0,0.0
2024-10-10,73.55000305175781,73.55000305175781,73.55000305175781,73.55000305175781,73.55000305175781,0,0.0,0.0
2024-10-11,73.5999984741211,73.5999984741211,73.5999984741211,73.5999984741211,73.5999984741211,0,0.0,0.0
2024-10-14,73.05000305175781,73.05000305175781,73.05000305175781,73.05000305175781,73.05000305175781,0,0.0,0.0
2024-10-15,70.9800033569336,70.9800033569336,70.9800033569336,70.9800033569336,70.9800033569336,0,0.0,0.0
2024-10-16,70.52999877929688,70.52999877929688,70.52999877929688,70.52999877929688,70.52999877929688,0,0.0,0.0
2024-10-17,70.77999877929688,70.77999877929688,70.77999877929688,70.77999877929688,70.77999877929688,0,0.0,0.0
2024-10-18,70.05999755859375,70.05999755859375,70.05999755859375,70.05999755859375,70.05999755859375,0,0.0,0.0
2024-10-21,70.80999755859375,70.80999755859375,70.80999755859375,70.80999755859375,70.80999755859375,0,0.0,0.0
2024-10-22,71.77999877929688,71.77999877929688,71.77999877929688,71.77999877929688,71.77999877929688,0,0.0,0.0
2024-10-23,70.94999694824219,70.94999694824219,70.94999694824219,70.94999694824219,70.94999694824219,0,0.0,0.0
2024-10-24,70.80999755859375,70.80999755859375,70.80999755859375,70.80999755859375,70.80999755859375,0,0.0,0.0
2024-10-25,71.7300033569336,71.7300033569336,71.7300033569336,71.7300033569336,71.7300033569336,0,0.0,0.0
2024-10-28,68.86000061035156,68.86000061035156,68.86000061035156,68.86000061035156,68.86000061035156,0,0.0,0.0
2024-10-29,68.8499984741211,68.8499984741211,68.8499984741211,68.8499984741211,68.8499984741211,0,0.0,0.0
2024-10-30,69.69000244140625,69.69000244140625,69.69000244140625,69.69000244140625,69.69000244140625,0,0.0,0.0
2024-10-31,69.77999877929688,69.77999877929688,69.77999877929688,69.77999877929688,69.77999877929688,0,0.0,0.0
2024-11-01,70.02999877929688,70.02999877929688,70.02999877929688,70.02999877929688,70.02999877929688,0,0.0,0.0
2024-11-04,70.66000366210938,70.66000366210938,70.66000366210938,70.66000366210938,70.66000366210938,0,0.0,0.0
2024-11-05,70.87999725341797,70.87999725341797,70.87999725341797,70.87999725341797,70.87999725341797,0,0.0,0.0
2024-11-06,70.7699966430664,70.7699966430664,70.7699966430664,70.7699966430664,70.7699966430664,0,0.0,0.0
2024-11-07,71.22000122070312,71.22000122070312,71.22000122070312,71.22000122070312,71.22000122070312,0,0.0,0.0
2024-11-08,70.5,70.5,70.5,70.5,70.5,0,0.0,0.0
2024-11-11,69.36000061035156,69.36000061035156,69.36000061035156,69.36000061035156,69.36000061035156,0,0.0,0.0
2024-11-12,69.20999908447266,69.20999908447266,69.20999908447266,69.20999908447266,69.20999908447266,0,0.0,0.0
2024-11-13,69.22000122070312,69.22000122070312,69.22000122070312,69.22000122070312,69.22000122070312,0,0.0,0.0
2024-11-14,69.18000030517578,69.18000030517578,69.18000030517578,69.18000030517578,69.18000030517578,0,0.0,0.0
2024-11-15,68.25,68.25,68.25,68.25,68.25,0,0.0,0.0
2024-11-18,69.87000274658203,69.87000274658203,69.87000274658203,69.87000274658203,69.87000274658203,0,0.0,0.0
2024-11-19,70.1500015258789,70.1500015258789,70.1500015258789,70.1500015258789,70.1500015258789,0,0.0,0.0
2024-11-20,69.7300033569336,69.7300033569336,69.7300033569336,69.7300033569336,69.7300033569336,0,0.0,0.0
2024-11-21,70.05000305175781,70.05000305175781,70.05000305175781,70.05000305175781,70.05000305175781,0,0.0,0.0
2024-11-22,70.55999755859375,70.55999755859375,70.55999755859375,70.55999755859375,70.55999755859375,0,0.0,0.0
2024-11-25,69.19000244140625,69.19000244140625,69.19000244140625,69.19000244140625,69.19000244140625,0,0.0,0.0
2024-11-26,69.3499984741211,69.3499984741211,69.3499984741211,69.3499984741211,69.3499984741211,0,0.0,0.0
2024-11-27,69.12000274658203,69.12000274658203,69.12000274658203,69.12000274658203,69.12000274658203,0,0.0,0.0
2024-11-29,68.75,68.75,68.75,68.75,68.75,0,0.0,0.0
2024-12-02,68.80000305175781,68.80000305175781,68.80000305175781,68.80000305175781,68.80000305175781,0,0.0,0.0
2024-12-03,69.83999633789062,69.83999633789062,69.83999633789062,69.83999633789062,69.83999633789062,0,0.0,0.0
2024-12-04,68.87999725341797,68.87999725341797,68.87999725341797,68.87999725341797,68.87999725341797,0,0.0,0.0
2024-12-05,68.69999694824219,68.69999694824219,68.69999694824219,68.69999694824219,68.69999694824219,0,0.0,0.0
2024-12-06,68.36000061035156,68.36000061035156,68.36000061035156,68.36000061035156,68.36000061035156,0,0.0,0.0
2024-12-09,69.1500015258789,69.1500015258789,69.1500015258789,69.1500015258789,69.1500015258789,0,0.0,0.0
2024-12-10,69.06999969482422,69.06999969482422,69.06999969482422,69.06999969482422,69.06999969482422,0,0.0,0.0
2024-12-11,69.5199966430664,69.5199966430664,69.5199966430664,69.5199966430664,69.5199966430664,0,0.0,0.0
2024-12-12,69.61000061035156,69.61000061035156,69.61000061035156,69.61000061035156,69.61000061035156,0,0.0,0.0
2024-12-13,70.08000183105469,70.08000183105469,70.08000183105469,70.08000183105469,70.08000183105469,0,0.0,0.0
2024-12-16,69.77999877929688,69.77999877929688,69.77999877929688,69.77999877929688,69.77999877929688,0,0.0,0.0
2024-12-17,69.20999908447266,69.20999908447266,69.20999908447266,69.20999908447266,69.20999908447266,0,0.0,0.0
2024-12-18,69.02999877929688,69.02999877929688,69.02999877929688,69.02999877929688,69.02999877929688,0,0.0,0.0
2024-12-19,68.52999877929688,68.52999877929688,68.52999877929688,68.52999877929688,68.52999877929688,0,0.0,0.0
2024-12-20,68.66000366210938,68.66000366210938,68.66000366210938,68.66000366210938,68.66000366210938,0,0.0,0.0
2024-12-23,68.66000366210938,68.66000366210938,68.66000366210938,68.66000366210938,68.66000366210938,0,0.0,0.0
2024-12-24,69.16000366210938,69.16000366210938,69.16000366210938,69.16000366210938,69.16000366210938,0,0.0,0.0
2024-12-26,68.83999633789062,68.83999633789062,68.83999633789062,68.83999633789062,68.83999633789062,0,0.0,0.0
2024-12-27,69.12999725341797,69.12999725341797,69.12999725341797,69.12999725341797,69.12999725341797,0,0.0,0.0
2024-12-30,69.44000244140625,69.44000244140625,69.44000244140625,69.44000244140625,69.44000244140625,0,0.0,0.0
2024-12-31,69.91999816894531,69.91999816894531,69.91999816894531,69.91999816894531,69.91999816894531,0,0.0,0.0
2025-01-02,70.47000122070312,70.47000122070312,70.47000122070312,70.47000122070312,70.47000122070312,0,0.0,0.0
2025-01-03,70.58999633789062,70.58999633789062,70.58999633789062,70.58999633789062,70.58999633789062,0,0.0,0.0
2025-01-06,70.69999694824219,70.69999694824219,70.69999694824219,70.69999694824219,70.69999694824219,0,0.0,0.0
2025-01-07,70.91999816894531,70.91999816894531,70.91999816894531,70.91999816894531,70.91999816894531,0,0.0,0.0
2025-01-08,70.47000122070312,70.47000122070312,70.47000122070312,70.47000122070312,70.47000122070312,0,0.0,0.0
2025-01-09,70.5999984741211,70.5999984741211,70.5999984741211,70.5999984741211,70.5999984741211,0,0.0,0.0
2025-01-10,71.23999786376953,71.23999786376953,71.23999786376953,71.23999786376953,71.23999786376953,0,0.0,0.0
2025-01-13,70.91999816894531,70.91999816894531,70.91999816894531,70.91999816894531,70.91999816894531,0,0.0,0.0
2025-01-14,71.29000091552734,71.29000091552734,71.29000091552734,71.29000091552734,71.29000091552734,0,0.0,0.0
2025-01-15,71.73999786376953,71.73999786376953,71.73999786376953,71.73999786376953,71.73999786376953,0,0.0,0.0
2025-01-16,71.16999816894531,71.16999816894531,71.16999816894531,71.16999816894531,71.16999816894531,0,0.0,0.0
2025-01-17,71.01000213623047,71.01000213623047,71.01000213623047,71.01000213623047,71.01000213623047,0,0.0,0.0
2025-01-21,71.06999969482422,71.06999969482422,71.06999969482422,71.06999969482422,71.06999969482422,0,0.0,0.0
2025-01-22,71.06999969482422,71.06999969482422,71.06999969482422,71.06999969482422,71.06999969482422,0,0.0,0.0
2025-01-23,71.05000305175781,71.05000305175781,71.05000305175781,71.05000305175781,71.05000305175781,0,0.0,0.0
2025-01-24,70.79000091552734,70.79000091552734,70.79000091552734,70.79000091552734,70.79000091552734,0,0.0,0.0
2025-01-27,69.83999633789062,69.83999633789062,69.83999633789062,69.83999633789062,69.83999633789062,0,0.0,0.0
2025-01-28,69.55000305175781,69.55000305175781,69.55000305175781,69.55000305175781,69.55000305175781,0,0.0,0.0
2025-01-29,69.2300033569336,69.2300033569336,69.2300033569336,69.2300033569336,69.2300033569336,0,0.0,0.0
2025-01-30,69.30999755859375,69.30999755859375,69.30999755859375,69.30999755859375,69.30999755859375,0,0.0,0.0
2025-01-31,69.20999908447266,69.20999908447266,69.20999908447266,69.20999908447266,69.20999908447266,0,0.0,0.0
2025-02-03,69.16000366210938,69.16000366210938,69.16000366210938,69.16000366210938,69.16000366210938,0,0.0,0.0
2025-02-04,69.6500015258789,69.6500015258789,69.6500015258789,69.6500015258789,69.6500015258789,0,0.0,0.0
2025-02-05,68.94000244140625,68.94000244140625,68.94000244140625,68.94000244140625,68.94000244140625,0,0.0,0.0
2025-02-06,69.12999725341797,69.12999725341797,69.12999725341797,69.12999725341797,69.12999725341797,0,0.0,0.0
2025-02-07,69.43000030517578,69.43000030517578,69.43000030517578,69.43000030517578,69.43000030517578,0,0.0,0.0
2025-02-10,69.94000244140625,69.94000244140625,69.94000244140625,69.94000244140625,69.94000244140625,10,0.0,0.0
2025-02-11,70.93000030517578,70.93000030517578,70.93000030517578,70.93000030517578,70.93000030517578,0,0.0,0.0
2025-02-12,69.87999725341797,69.87999725341797,69.87999725341797,69.87999725341797,69.87999725341797,0,0.0,0.0
2025-02-13,69.6500015258789,69.6500015258789,69.6500015258789,69.6500015258789,69.6500015258789,0,0.0,0.0
2025-02-14,69.70999908447266,69.70999908447266,69.70999908447266,69.70999908447266,69.70999908447266,0,0.0,0.0
2025-02-18,70.11000061035156,70.11000061035156,70.11000061035156,70.11000061035156,70.11000061035156,0,0.0,0.0
2025-02-19,70.31999969482422,70.31999969482422,70.31999969482422,70.31999969482422,70.31999969482422,0,0.0,0.0
2025-02-20,70.63999938964844,70.63999938964844,70.63999938964844,70.63999938964844,70.63999938964844,0,0.0,0.0
2025-02-21,69.4000015258789,69.4000015258789,69.4000015258789,69.4000015258789,69.4000015258789,0,0.0,0.0
2025-02-24,69.44000244140625,69.44000244140625,69.44000244140625,69.44000244140625,69.44000244140625,0,0.0,0.0
2025-02-25,68.20999908447266,68.20999908447266,68.20999908447266,68.20999908447266,68.20999908447266,0,0.0,0.0
2025-02-26,67.70999908447266,67.70999908447266,67.70999908447266,67.70999908447266,67.70999908447266,0,0.0,0.0
2025-02-27,68.47000122070312,68.47000122070312,68.47000122070312,68.47000122070312,68.47000122070312,0,0.0,0.0
2025-02-28,67.87000274658203,67.87000274658203,67.87000274658203,67.87000274658203,67.87000274658203,0,0.0,0.0
2025-03-03,67.43000030517578,67.43000030517578,67.43000030517578,67.43000030517578,67.43000030517578,0,0.0,0.0
2025-03-04,67.25,67.25,67.25,67.25,67.25,0,0.0,0.0
2025-03-05,66.06999969482422,66.06999969482422,66.06999969482422,66.06999969482422,66.06999969482422,0,0.0,0.0
2025-03-06,65.91999816894531,65.91999816894531,65.91999816894531,65.91999816894531,65.91999816894531,0,0.0,0.0
2025-03-07,66.6500015258789,66.6500015258789,66.6500015258789,66.6500015258789,66.6500015258789,0,0.0,0.0
2025-03-10,65.58999633789062,65.58999633789062,65.58999633789062,65.58999633789062,65.58999633789062,0,0.0,0.0
2025-03-11,65.70999908447266,65.70999908447266,65.70999908447266,65.70999908447266,65.70999908447266,10,0.0,0.0
2025-03-12,66.80000305175781,66.80000305175781,66.80000305175781,66.80000305175781,66.80000305175781,0,0.0,0.0
2025-03-13,66.13999938964844,66.13999938964844,66.13999938964844,66.13999938964844,66.13999938964844,0,0.0,0.0
2025-03-14,66.55999755859375,66.55999755859375,66.55999755859375,66.55999755859375,66.55999755859375,0,0.0,0.0
2025-03-17,66.95999908447266,66.95999908447266,66.95999908447266,66.95999908447266,66.95999908447266,0,0.0,0.0
2025-03-18,66.83000183105469,66.83000183105469,66.83000183105469,66.83000183105469,66.83000183105469,0,0.0,0.0
2025-03-19,66.91000366210938,66.91000366210938,66.91000366210938,66.91000366210938,66.91000366210938,10,0.0,0.0
2025-03-20,67.56999969482422,67.56999969482422,67.56999969482422,67.56999969482422,67.56999969482422,60,0.0,0.0
2025-03-21,67.47000122070312,67.47000122070312,67.47000122070312,67.47000122070312,67.47000122070312,0,0.0,0.0
2025-03-24,67.87000274658203,67.87000274658203,67.87000274658203,67.87000274658203,67.87000274658203,0,0.0,0.0
2025-03-25,67.91000366210938,67.91000366210938,67.91000366210938,67.91000366210938,67.91000366210938,0,0.0,0.0
2025-03-26,68.30999755859375,68.30999755859375,68.30999755859375,68.30999755859375,68.30999755859375,0,0.0,0.0
2025-03-27,68.62000274658203,68.62000274658203,68.62000274658203,68.62000274658203,68.62000274658203,0,0.0,0.0
2025-03-28,67.83999633789062,67.83999633789062,67.83999633789062,67.83999633789062,67.83999633789062,0,0.0,0.0
2025-03-31,68.9000015258789,68.9000015258789,68.9000015258789,68.9000015258789,68.9000015258789,154,0.0,0.0
2025-04-01,69.02999877929688,69.02999877929688,69.02999877929688,69.02999877929688,69.02999877929688,0,0.0,0.0
2025-04-02,69.19000244140625,69.19000244140625,69.19000244140625,69.19000244140625,69.19000244140625,0,0.0,0.0
2025-04-03,66.20999908447266,66.20999908447266,66.20999908447266,66.20999908447266,66.20999908447266,0,0.0,0.0
2025-04-04,63.310001373291016,63.310001373291016,63.310001373291016,63.310001373291016,63.310001373291016,0,0.0,0.0
2025-04-07,63.18000030517578,63.18000030517578,63.18000030517578,63.18000030517578,63.18000030517578,0,0.0,0.0
2025-04-08,61.810001373291016,61.810001373291016,61.810001373291016,61.810001373291016,61.810001373291016,0,0.0,0.0
2025-04-09,63.470001220703125,63.470001220703125,63.470001220703125,63.470001220703125,63.470001220703125,90,0.0,0.0
2025-04-10,62.43000030517578,62.43000030517578,62.43000030517578,62.43000030517578,62.43000030517578,20,0.0,0.0
2025-04-11,62.880001068115234,62.880001068115234,62.880001068115234,62.880001068115234,62.880001068115234,20,0.0,0.0
2025-04-14,63.41999816894531,63.41999816894531,63.41999816894531,63.41999816894531,63.41999816894531,20,0.0,0.0
2025-04-15,63.029998779296875,63.029998779296875,63.029998779296875,63.029998779296875,63.029998779296875,0,0.0,0.0
2025-04-16,63.540000915527344,63.540000915527344,63.540000915527344,63.540000915527344,63.540000915527344,0,0.0,0.0
2025-04-17,65.08999633789062,65.08999633789062,65.08999633789062,65.08999633789062,65.08999633789062,0,0.0,0.0
2025-04-21,63.79999923706055,63.79999923706055,63.79999923706055,63.79999923706055,63.79999923706055,0,0.0,0.0
2025-04-22,64.7300033569336,64.7300033569336,64.7300033569336,64.7300033569336,64.7300033569336,0,0.0,0.0
2025-04-23,64.16999816894531,64.16999816894531,64.16999816894531,64.16999816894531,64.16999816894531,0,0.0,0.0
2025-04-24,64.77999877929688,64.77999877929688,64.77999877929688,64.77999877929688,64.77999877929688,0,0.0,0.0
2025-04-25,64.98999786376953,64.98999786376953,64.98999786376953,64.98999786376953,64.98999786376953,80,0.0,0.0
2025-04-28,64.48999786376953,64.48999786376953,64.48999786376953,64.48999786376953,64.48999786376953,5,0.0,0.0
2025-04-29,63.720001220703125,63.720001220703125,63.720001220703125,63.720001220703125,63.720001220703125,0,0.0,0.0
2025-04-30,61.7400016784668,61.7400016784668,61.7400016784668,61.7400016784668,61.7400016784668,20,0.0,0.0
2025-05-01,62.43000030517578,62.43000030517578,62.43000030517578,62.43000030517578,62.43000030517578,1,0.0,0.0
2025-05-02,62.20000076293945,62.20000076293945,62.20000076293945,62.20000076293945,62.20000076293945,20,0.0,0.0
2025-05-05,61.540000915527344,61.540000915527344,61.540000915527344,61.540000915527344,61.540000915527344,0,0.0,0.0
2025-05-06,63.0,63.0,63.0,63.0,63.0,0,0.0,0.0
2025-05-07,62.130001068115234,62.130001068115234,62.130001068115234,62.130001068115234,62.130001068115234,0,0.0,0.0
2025-05-08,63.25,63.25,63.25,63.25,63.25,0,0.0,0.0
2025-05-09,63.709999084472656,63.709999084472656,63.709999084472656,63.709999084472656,63.709999084472656,0,0.0,0.0
2025-05-12,64.76000213623047,64.76000213623047,64.76000213623047,64.76000213623047,64.76000213623047,0,0.0,0.0
2025-05-13,65.69000244140625,65.69000244140625,65.69000244140625,65.69000244140625,65.69000244140625,122,0.0,0.0
2025-05-14,65.2300033569336,65.2300033569336,65.2300033569336,65.2300033569336,65.2300033569336,0,0.0,0.0
2025-05-15,64.41000366210938,64.41000366210938,64.41000366210938,64.41000366210938,64.41000366210938,0,0.0,0.0
2025-05-16,64.5,64.5,64.5,64.5,64.5,0,0.0,0.0
2025-05-19,64.23999786376953,64.23999786376953,64.23999786376953,64.23999786376953,64.23999786376953,57,0.0,0.0
2025-05-20,64.51000213623047,64.51000213623047,64.51000213623047,64.51000213623047,64.51000213623047,35,0.0,0.0
2025-05-21,64.30999755859375,64.30999755859375,64.30999755859375,64.30999755859375,64.30999755859375,0,0.0,0.0
2025-05-22,63.95000076293945,63.95000076293945,63.95000076293945,63.95000076293945,63.95000076293945,167,0.0,0.0
2025-05-23,64.12999725341797,64.12999725341797,64.12999725341797,64.12999725341797,64.12999725341797,49,0.0,0.0
2025-05-27,63.650001525878906,63.650001525878906,63.650001525878906,63.650001525878906,63.650001525878906,0,0.0,0.0
2025-05-28,64.05999755859375,64.05999755859375,64.05999755859375,64.05999755859375,64.05999755859375,0,0.0,0.0
2025-05-29,63.08000183105469,63.08000183105469,63.08000183105469,63.08000183105469,63.08000183105469,0,0.0,0.0
2025-05-30,62.619998931884766,62.619998931884766,62.619998931884766,62.619998931884766,62.619998931884766,0,0.0,0.0
2025-06-02,63.720001220703125,63.720001220703125,63.720001220703125,63.720001220703125,63.720001220703125,10,0.0,0.0
2025-06-03,64.6500015258789,64.6500015258789,64.6500015258789,64.6500015258789,64.6500015258789,0,0.0,0.0
2025-06-04,64.05000305175781,64.05000305175781,64.05000305175781,64.05000305175781,64.05000305175781,0,0.0,0.0
2025-06-05,64.38999938964844,64.38999938964844,64.38999938964844,64.38999938964844,64.38999938964844,0,0.0,0.0
2025-06-06,65.01000213623047,65.01000213623047,65.01000213623047,65.01000213623047,65.01000213623047,0,0.0,0.0
2025-06-09,65.27999877929688,65.27999877929688,65.27999877929688,65.27999877929688,65.27999877929688,0,0.0,0.0
2025-06-10,65.13999938964844,65.13999938964844,65.13999938964844,65.13999938964844,65.13999938964844,0,0.0,0.0
2025-06-11,66.56999969482422,66.56999969482422,66.56999969482422,66.56999969482422,66.56999969482422,0,0.0,0.0
2025-06-12,66.29000091552734,66.29000091552734,66.29000091552734,66.29000091552734,66.29000091552734,0,0.0,0.0
2025-06-13,68.05999755859375,68.05999755859375,68.05999755859375,68.05999755859375,68.05999755859375,5,0.0,0.0
2025-06-16,68.30000305175781,68.30000305175781,68.30000305175781,68.30000305175781,68.30000305175781,0,0.0,0.0
2025-06-17,69.7699966430664,69.7699966430664,69.7699966430664,69.7699966430664,69.7699966430664,7,0.0,0.0
2025-06-18,69.61000061035156,69.61000061035156,69.61000061035156,69.61000061035156,69.61000061035156,0,0.0,0.0
2025-06-20,69.81999969482422,69.81999969482422,69.81999969482422,69.81999969482422,69.81999969482422,314,0.0,0.0
2025-06-23,67.66999816894531,67.66999816894531,67.66999816894531,67.66999816894531,67.66999816894531,6,0.0,0.0
2025-06-24,65.29000091552734,65.29000091552734,65.29000091552734,65.29000091552734,65.29000091552734,6,0.0,0.0
2025-06-25,64.88999938964844,64.88999938964844,64.88999938964844,64.88999938964844,64.88999938964844,0,0.0,0.0
2025-06-26,65.19000244140625,65.19000244140625,65.19000244140625,65.19000244140625,65.19000244140625,0,0.0,0.0
2025-06-27,65.0199966430664,65.0199966430664,65.0199966430664,65.0199966430664,65.0199966430664,0,0.0,0.0
2025-06-30,64.87000274658203,64.87000274658203,64.87000274658203,64.87000274658203,64.87000274658203,0,0.0,0.0
2025-07-01,65.08999633789062,65.08999633789062,65.08999633789062,65.08999633789062,65.08999633789062,0,0.0,0.0
2025-07-02,65.69000244140625,65.69000244140625,65.69000244140625,65.69000244140625,65.69000244140625,0,0.0,0.0
2025-07-03,65.62999725341797,65.62999725341797,65.62999725341797,65.62999725341797,65.62999725341797,0,0.0,0.0
2025-07-07,66.19000244140625,66.19000244140625,66.19000244140625,66.19000244140625,66.19000244140625,60,0.0,0.0
2025-07-08,66.75,66.75,66.75,66.75,66.75,1,0.0,0.0
2025-07-09,66.52999877929688,66.52999877929688,66.52999877929688,66.52999877929688,66.52999877929688,1,0.0,0.0
2025-07-10,65.80999755859375,65.80999755859375,65.80999755859375,65.80999755859375,65.80999755859375,10,0.0,0.0
2025-07-11,66.87999725341797,66.87999725341797,66.87999725341797,66.87999725341797,66.87999725341797,0,0.0,0.0
2025-07-14,66.56999969482422,66.56999969482422,66.56999969482422,66.56999969482422,66.56999969482422,0,0.0,0.0
2025-07-15,66.1500015258789,66.1500015258789,66.1500015258789,66.1500015258789,66.1500015258789,0,0.0,0.0
2025-07-16,65.97000122070312,65.97000122070312,65.97000122070312,65.97000122070312,65.97000122070312,0,0.0,0.0
2025-07-17,66.58999633789062,66.58999633789062,66.58999633789062,66.58999633789062,66.58999633789062,0,0.0,0.0
2025-07-18,66.58999633789062,66.58999633789062,66.58999633789062,66.58999633789062,66.58999633789062,11,0.0,0.0
2025-07-21,66.5999984741211,66.5999984741211,66.5999984741211,66.5999984741211,66.5999984741211,0,0.0,0.0
2025-07-22,66.22000122070312,66.22000122070312,66.22000122070312,66.22000122070312,66.22000122070312,0,0.0,0.0
2025-07-23,66.30999755859375,66.30999755859375,66.30999755859375,66.30999755859375,66.30999755859375,0,0.0,0.0
2025-07-24,66.5999984741211,66.5999984741211,66.5999984741211,66.5999984741211,66.5999984741211,0,0.0,0.0
2025-07-25,66.0199966430664,66.0199966430664,66.0199966430664,66.0199966430664,66.0199966430664,3,0.0,0.0
2025-07-28,67.16999816894531,67.16999816894531,67.16999816894531,67.16999816894531,67.16999816894531,0,0.0,0.0
2025-07-29,68.33000183105469,68.33000183105469,68.33000183105469,68.33000183105469,68.33000183105469,0,0.0,0.0
2025-07-30,68.5199966430664,68.5199966430664,68.5199966430664,68.5199966430664,68.5199966430664,1,0.0,0.0
2025-07-31,67.87999725341797,67.87999725341797,67.87999725341797,67.87999725341797,67.87999725341797,20,0.0,0.0
2025-08-01,66.23999786376953,66.23999786376953,66.23999786376953,66.23999786376953,66.23999786376953,2,0.0,0.0
2025-08-04,66.0,66.0,66.0,66.0,66.0,5,0.0,0.0
2025-08-05,65.33999633789062,65.33999633789062,65.33999633789062,65.33999633789062,65.33999633789062,78,0.0,0.0
2025-08-06,64.83000183105469,64.83000183105469,64.83000183105469,64.83000183105469,64.83000183105469,1,0.0,0.0
2025-08-07,64.81999969482422,64.81999969482422,64.81999969482422,64.81999969482422,64.81999969482422,18,0.0,0.0
2025-08-08,64.7300033569336,64.7300033569336,64.7300033569336,64.7300033569336,64.7300033569336,0,0.0,0.0
2025-08-11,64.98999786376953,64.98999786376953,64.98999786376953,64.98999786376953,64.98999786376953,4,0.0,0.0
2025-08-12,64.80000305175781,64.80000305175781,64.80000305175781,64.80000305175781,64.80000305175781,1,0.0,0.0
2025-08-13,64.58000183105469,64.58000183105469,64.58000183105469,64.58000183105469,64.58000183105469,19,0.0,0.0
2025-08-14,65.04000091552734,65.04000091552734,65.04000091552734,65.04000091552734,65.04000091552734,81,0.0,0.0
2025-08-15,64.62999725341797,64.62999725341797,64.62999725341797,64.62999725341797,64.62999725341797,122,0.0,0.0
2025-08-18,65.11000061035156,65.11000061035156,65.11000061035156,65.11000061035156,65.11000061035156,87,0.0,0.0
2025-08-19,64.61000061035156,64.61000061035156,64.61000061035156,64.61000061035156,64.61000061035156,76,0.0,0.0
2025-08-20,65.31999969482422,65.31999969482422,65.31999969482422,65.31999969482422,65.31999969482422,30,0.0,0.0
2025-08-21,65.91000366210938,65.91000366210938,65.91000366210938,65.91000366210938,65.91000366210938,80,0.0,0.0
2025-08-22,65.9800033569336,65.9800033569336,65.9800033569336,65.9800033569336,65.9800033569336,79,0.0,0.0
2025-08-25,66.66999816894531,66.66999816894531,66.66999816894531,66.66999816894531,66.66999816894531,83,0.0,0.0
2025-08-26,65.55000305175781,65.55000305175781,65.55000305175781,65.55000305175781,65.55000305175781,167,0.0,0.0
2025-08-27,65.87000274658203,65.87000274658203,65.87000274658203,65.87000274658203,65.87000274658203,9,0.0,0.0
2025-08-28,66.30999755859375,66.30999755859375,66.30999755859375,66.30999755859375,66.30999755859375,186,0.0,0.0
2025-08-29,65.77999877929688,65.77999877929688,65.77999877929688,65.77999877929688,65.77999877929688,0,0.0,0.0
2025-09-02,67.29000091552734,67.29000091552734,67.29000091552734,67.29000091552734,67.29000091552734,1003,0.0,0.0
2025-09-03,66.31999969482422,66.31999969482422,66.31999969482422,66.31999969482422,66.31999969482422,141,0.0,0.0
2025-09-04,65.62999725341797,65.62999725341797,65.62999725341797,65.62999725341797,65.62999725341797,151,0.0,0.0
2025-09-05,64.58000183105469,64.58000183105469,64.58000183105469,64.58000183105469,64.58000183105469,163,0.0,0.0
2025-09-08,65.1500015258789,65.1500015258789,65.1500015258789,65.1500015258789,65.1500015258789,52,0.0,0.0
2025-09-09,65.44000244140625,65.44000244140625,65.44000244140625,65.44000244140625,65.44000244140625,118,0.0,0.0
2025-09-10,66.22000122070312,66.22000122070312,66.22000122070312,66.22000122070312,66.22000122070312,1194,0.0,0.0
2025-09-11,65.27999877929688,65.27999877929688,65.27999877929688,65.27999877929688,65.27999877929688,241,0.0,0.0
2025-09-12,65.5999984741211,65.5999984741211,65.5999984741211,65.5999984741211,65.5999984741211,129,0.0,0.0
2025-09-15,66.0,66.0,66.0,66.0,66.0,69,0.0,0.0
2025-09-16,66.69999694824219,66.69999694824219,66.69999694824219,66.69999694824219,66.69999694824219,152,0.0,0.0
2025-09-17,66.08000183105469,66.08000183105469,66.08000183105469,66.08000183105469,66.08000183105469,329,0.0,0.0
2025-09-18,65.66000366210938,65.66000366210938,65.66000366210938,65.66000366210938,65.66000366210938,88,0.0,0.0
2025-09-19,64.88999938964844,64.88999938964844,64.88999938964844,64.88999938964844,64.88999938964844,72,0.0,0.0
2025-09-22,64.95999908447266,64.95999908447266,64.95999908447266,64.95999908447266,64.95999908447266,138,0.0,0.0
2025-09-23,65.55999755859375,65.55999755859375,65.55999755859375,65.55999755859375,65.55999755859375,51,0.0,0.0
2025-09-24,66.2699966430664,66.2699966430664,66.2699966430664,66.2699966430664,66.2699966430664,169,0.0,0.0
2025-09-25,66.4800033569336,66.4800033569336,66.4800033569336,66.4800033569336,66.4800033569336,35,0.0,0.0
2025-09-26,67.0199966430664,67.0199966430664,67.0199966430664,67.0199966430664,67.0199966430664,104,0.0,0.0
2025-09-29,65.62000274658203,65.62000274658203,65.62000274658203,65.62000274658203,65.62000274658203,40,0.0,0.0
2025-09-30,64.81999969482422,64.81999969482422,64.81999969482422,64.81999969482422,64.81999969482422,83,0.0,0.0
2025-10-01,64.44999694824219,64.44999694824219,64.44999694824219,64.44999694824219,64.44999694824219,143,0.0,0.0
2025-10-02,63.70000076293945,63.70000076293945,63.70000076293945,63.70000076293945,63.70000076293945,226,0.0,0.0
2025-10-03,63.900001525878906,63.900001525878906,63.900001525878906,63.900001525878906,63.900001525878906,182,0.0,0.0
2025-10-06,64.63999938964844,64.63999938964844,64.63999938964844,64.63999938964844,64.63999938964844,74,0.0,0.0
2025-10-07,64.41999816894531,64.41999816894531,64.41999816894531,64.41999816894531,64.41999816894531,48,0.0,0.0
2025-10-08,64.91999816894531,64.91999816894531,64.91999816894531,64.91999816894531,64.91999816894531,42,0.0,0.0
2025-10-09,64.29000091552734,64.29000091552734,64.29000091552734,64.29000091552734,64.29000091552734,277,0.0,0.0
2025-10-10,62.43000030517578,62.43000030517578,62.43000030517578,62.43000030517578,62.43000030517578,195,0.0,0.0
2025-10-13,63.15999984741211,63.15999984741211,63.15999984741211,63.15999984741211,63.15999984741211,73,0.0,0.0
2025-10-14,62.47999954223633,62.47999954223633,62.47999954223633,62.47999954223633,62.47999954223633,450,0.0,0.0
2025-10-15,62.22999954223633,62.22999954223633,62.22999954223633,62.22999954223633,62.22999954223633,88,0.0,0.0
2025-10-16,61.45000076293945,61.45000076293945,61.45000076293945,61.45000076293945,61.45000076293945,75,0.0,0.0
2025-10-17,62.0099983215332,62.0099983215332,62.0099983215332,62.0099983215332,62.0099983215332,318,0.0,0.0
2025-10-20,61.939998626708984,61.939998626708984,61.939998626708984,61.939998626708984,61.939998626708984,147,0.0,0.0
2025-10-21,61.7599983215332,61.7599983215332,61.7599983215332,61.7599983215332,61.7599983215332,225,0.0,0.0
2025-10-22,62.59000015258789,62.59000015258789,62.59000015258789,62.59000015258789,62.59000015258789,302,0.0,0.0
2025-10-23,63.84000015258789,63.84000015258789,63.560001373291016,63.560001373291016,63.560001373291016,740,0.0,0.0
2025-10-24,63.59000015258789,63.59000015258789,63.59000015258789,63.59000015258789,63.59000015258789,413,0.0,0.0
2025-10-27,63.599998474121094,63.599998474121094,63.599998474121094,63.599998474121094,63.599998474121094,132,0.0,0.0
2025-10-28,63.36000061035156,63.36000061035156,63.36000061035156,63.36000061035156,63.36000061035156,172,0.0,0.0
2025-10-29,63.689998626708984,63.689998626708984,63.689998626708984,63.689998626708984,63.689998626708984,253,0.0,0.0
2025-10-30,63.70000076293945,63.70000076293945,63.70000076293945,63.70000076293945,63.70000076293945,565,0.0,0.0
2025-10-31,63.66999816894531,63.66999816894531,63.66999816894531,63.66999816894531,63.66999816894531,221,0.0,0.0
2025-11-03,63.95000076293945,63.95000076293945,63.95000076293945,63.95000076293945,63.95000076293945,0,0.0,0.0
2025-11-04,63.790000915527344,63.790000915527344,63.790000915527344,63.790000915527344,63.790000915527344,427,0.0,0.0
2025-11-05,63.16999816894531,63.16999816894531,63.16999816894531,63.16999816894531,63.16999816894531,466,0.0,0.0
2025-11-06,62.970001220703125,62.970001220703125,62.970001220703125,62.970001220703125,62.970001220703125,456,0.0,0.0
2025-11-07,63.08000183105469,63.2599983215332,63.08000183105469,63.2599983215332,63.2599983215332,114,0.0,0.0
2025-11-10,63.529998779296875,63.529998779296875,63.529998779296875,63.529998779296875,63.529998779296875,145,0.0,0.0
2025-11-11,64.27999877929688,64.27999877929688,64.27999877929688,64.27999877929688,64.27999877929688,156,0.0,0.0
2025-11-12,62.27000045776367,62.27000045776367,62.27000045776367,62.27000045776367,62.27000045776367,162,0.0,0.0
2025-11-13,62.2599983215332,62.2599983215332,62.2599983215332,62.2599983215332,62.2599983215332,920,0.0,0.0
2025-11-14,63.06999969482422,63.06999969482422,63.06999969482422,63.06999969482422,63.06999969482422,485,0.0,0.0
2025-11-17,63.0099983215332,63.0099983215332,63.0099983215332,63.0099983215332,63.0099983215332,81,0.0,0.0
2025-11-18,63.40999984741211,63.40999984741211,63.40999984741211,63.40999984741211,63.40999984741211,409,0.0,0.0
2025-11-19,62.08000183105469,62.08000183105469,62.08000183105469,62.08000183105469,62.08000183105469,306,0.0,0.0
2025-11-20,61.900001525878906,61.900001525878906,61.900001525878906,61.900001525878906,61.900001525878906,109,0.0,0.0
2025-11-21,61.369998931884766,61.369998931884766,61.369998931884766,61.369998931884766,61.369998931884766,203,0.0,0.0
2025-11-24,62.0099983215332,62.0099983215332,62.0099983215332,62.0099983215332,62.0099983215332,224,0.0,0.0
2025-11-25,61.439998626708984,61.439998626708984,61.439998626708984,61.439998626708984,61.439998626708984,697,0.0,0.0
2025-11-26,61.970001220703125,61.970001220703125,61.970001220703125,61.970001220703125,61.970001220703125,492,0.0,0.0
2025-11-28,61.599998474121094,61.599998474121094,61.599998474121094,61.599998474121094,61.599998474121094,148,0.0,0.0
2025-12-01,62.36000061035156,62.36000061035156,62.36000061035156,62.36000061035156,62.36000061035156,237,0.0,0.0
2025-12-02,61.68000030517578,61.68000030517578,61.68000030517578,61.68000030517578,61.68000030517578,313,0.0,0.0
2025-12-03,61.810001373291016,61.810001373291016,61.810001373291016,61.810001373291016,61.810001373291016,210,0.0,0.0
2025-12-04,62.18000030517578,62.18000030517578,62.18000030517578,62.18000030517578,62.18000030517578,218,0.0,0.0
2025-12-05,62.59000015258789,62.59000015258789,62.59000015258789,62.59000015258789,62.59000015258789,328,0.0,0.0
2025-12-08,61.599998474121094,61.599998474121094,61.599998474121094,61.599998474121094,61.599998474121094,419,0.0,0.0
2025-12-09,61.33000183105469,61.33000183105469,61.33000183105469,61.33000183105469,61.33000183105469,315,0.0,0.0
2025-12-10,60.9900016784668,61.5,60.9900016784668,61.5,61.5,307,0.0,0.0
2025-12-11,60.90999984741211,60.90999984741211,60.90999984741211,60.90999984741211,60.90999984741211,646,0.0,0.0
2025-12-12,60.61000061035156,60.61000061035156,60.61000061035156,60.61000061035156,60.61000061035156,174,0.0,0.0
2025-12-15,60.5,60.5,60.5,60.5,60.5,232,0.0,0.0
2025-12-16,59.47999954223633,59.52000045776367,59.099998474121094,59.099998474121094,59.099998474121094,367,0.0,0.0
2025-12-17,59.529998779296875,59.529998779296875,59.529998779296875,59.529998779296875,59.529998779296875,605,0.0,0.0
2025-12-18,59.540000915527344,59.540000915527344,59.400001525878906,59.540000915527344,59.540000915527344,216,0.0,0.0
2025-12-19,59.849998474121094,59.849998474121094,59.849998474121094,59.849998474121094,59.849998474121094,79,0.0,0.0
2025-12-22,60.939998626708984,60.939998626708984,60.939998626708984,60.939998626708984,60.939998626708984,349,0.0,0.0
2025-12-23,60.779998779296875,61.20000076293945,60.779998779296875,61.150001525878906,61.150001525878906,201,0.0,0.0
2025-12-24,61.34000015258789,61.34000015258789,61.119998931884766,61.25,61.25,137,0.0,0.0
2025-12-26,59.939998626708984,59.939998626708984,59.939998626708984,59.939998626708984,59.939998626708984,76,0.0,0.0
2025-12-29,60.86000061035156,60.86000061035156,60.86000061035156,60.86000061035156,60.86000061035156,690,0.0,0.0
2025-12-30,60.7400016784668,60.7400016784668,60.7400016784668,60.7400016784668,60.7400016784668,170,0.0,0.0
2025-12-31,60.189998626708984,60.189998626708984,60.189998626708984,60.189998626708984,60.189998626708984,518,0.0,0.0
2026-01-02,59.7400016784668,60.290000915527344,59.599998474121094,60.290000915527344,60.290000915527344,252,0.0,0.0
2026-01-05,60.79999923706055,60.79999923706055,60.79999923706055,60.79999923706055,60.79999923706055,452,0.0,0.0
2026-01-06,60.34000015258789,60.34000015258789,59.90999984741211,59.90999984741211,59.90999984741211,502,0.0,0.0
2026-01-07,59.540000915527344,59.540000915527344,59.310001373291016,59.310001373291016,59.310001373291016,631,0.0,0.0
2026-01-08,60.849998474121094,60.849998474121094,60.849998474121094,60.849998474121094,60.849998474121094,1314,0.0,0.0
2026-01-09,61.790000915527344,61.790000915527344,61.790000915527344,61.790000915527344,61.790000915527344,572,0.0,0.0
2026-01-12,61.56999969482422,62.11000061035156,61.56999969482422,62.11000061035156,62.11000061035156,526,0.0,0.0
2026-01-13,63.18000030517578,63.18000030517578,63.18000030517578,63.18000030517578,63.18000030517578,1288,0.0,0.0
2026-01-14,64.02999877929688,64.02999877929688,62.540000915527344,64.02999877929688,64.02999877929688,1791,0.0,0.0
2026-01-15,61.79999923706055,61.900001525878906,61.72999954223633,61.900001525878906,61.900001525878906,702,0.0,0.0
2026-01-16,62.13999938964844,62.13999938964844,62.13999938964844,62.13999938964844,62.13999938964844,800,0.0,0.0
2026-01-20,62.790000915527344,62.790000915527344,62.790000915527344,62.790000915527344,62.790000915527344,703,0.0,0.0
2026-01-21,63.22999954223633,63.22999954223633,63.22999954223633,63.22999954223633,63.22999954223633,1560,0.0,0.0
2026-01-22,62.290000915527344,62.290000915527344,62.290000915527344,62.290000915527344,62.290000915527344,1144,0.0,0.0
2026-01-23,63.41999816894531,63.41999816894531,63.41999816894531,63.41999816894531,63.41999816894531,584,0.0,0.0
2026-01-26,63.72999954223633,63.72999954223633,63.369998931884766,63.369998931884766,63.369998931884766,504,0.0,0.0
2026-01-27,64.43000030517578,64.43000030517578,64.43000030517578,64.43000030517578,64.43000030517578,317,0.0,0.0
2026-01-28,64.30999755859375,64.88999938964844,64.30999755859375,64.88999938964844,64.88999938964844,1010,0.0,0.0
2026-01-29,66.01000213623047,66.3499984741211,66.01000213623047,66.3499984741211,66.3499984741211,2110,0.0,0.0
2026-01-30,66.19999694824219,66.41999816894531,65.66999816894531,66.23999786376953,66.23999786376953,2427,0.0,0.0
2026-02-02,63.41999816894531,63.41999816894531,63.41999816894531,63.41999816894531,63.41999816894531,1063,0.0,0.0
2026-02-03,64.58000183105469,64.58000183105469,64.58000183105469,64.58000183105469,64.58000183105469,1302,0.0,0.0
2026-02-04,66.25,66.25,66.25,66.25,66.25,2146,0.0,0.0
2026-02-05,64.93000030517578,64.93000030517578,64.93000030517578,64.93000030517578,64.93000030517578,683,0.0,0.0
2026-02-06,65.45999908447266,65.45999908447266,65.45999908447266,65.45999908447266,65.45999908447266,1204,0.0,0.0
2026-02-09,66.30000305175781,66.30000305175781,66.30000305175781,66.30000305175781,66.30000305175781,640,0.0,0.0
2026-02-10,66.05000305175781,66.05000305175781,66.05000305175781,66.05000305175781,66.05000305175781,1014,0.0,0.0
2026-02-11,66.5199966430664,66.5199966430664,66.5199966430664,66.5199966430664,66.5199966430664,661,0.0,0.0
2026-02-12,65.16000366210938,65.16000366210938,64.7699966430664,64.91999816894531,64.91999816894531,1708,0.0,0.0
2026-02-13,65.01000213623047,65.01000213623047,64.91000366210938,64.91000366210938,64.91000366210938,540,0.0,0.0
2026-02-17,64.75,64.75,64.75,64.75,64.75,2528,0.0,0.0
2026-02-18,66.86000061035156,66.86000061035156,66.86000061035156,66.86000061035156,66.86000061035156,2652,0.0,0.0
2026-02-19,67.81999969482422,67.81999969482422,67.81999969482422,67.81999969482422,67.81999969482422,2913,0.0,0.0
2026-02-20,67.83999633789062,67.83999633789062,67.83999633789062,67.83999633789062,67.83999633789062,1066,0.0,0.0
2026-02-23,68.0999984741211,68.33999633789062,67.9000015258789,67.9000015258789,67.9000015258789,1139,0.0,0.0
2026-02-24,67.81999969482422,67.81999969482422,67.81999969482422,67.81999969482422,67.81999969482422,1586,0.0,0.0
2026-02-25,67.9000015258789,67.9000015258789,67.9000015258789,67.9000015258789,67.9000015258789,1167,0.0,0.0
2026-02-26,67.75,67.75,67.75,67.75,67.75,2489,0.0,0.0
2026-02-27,69.08999633789062,69.08999633789062,69.08999633789062,69.08999633789062,69.08999633789062,3217,0.0,0.0
2026-03-02,73.87999725341797,73.87999725341797,70.70999908447266,70.70999908447266,70.70999908447266,7068,0.0,0.0
2026-03-03,71.30000305175781,71.30000305175781,71.30000305175781,71.30000305175781,71.30000305175781,10559,0.0,0.0
2026-03-04,71.37000274658203,71.37000274658203,71.37000274658203,71.37000274658203,71.37000274658203,6398,0.0,0.0
2026-03-05,72.19000244140625,72.69999694824219,72.19000244140625,72.69999694824219,72.69999694824219,6652,0.0,0.0
2026-03-06,74.3499984741211,75.11000061035156,74.20999908447266,75.11000061035156,75.11000061035156,14038,0.0,0.0
2026-03-09,82.68000030517578,83.4800033569336,78.41000366210938,78.41000366210938,78.41000366210938,19056,0.0,0.0
2026-03-10,76.55000305175781,76.55000305175781,75.69000244140625,75.69000244140625,75.69000244140625,12000,0.0,0.0
2026-03-11,76.94999694824219,79.02999877929688,76.94999694824219,79.02999877929688,79.02999877929688,10663,0.0,0.0
2026-03-12,81.16000366210938,82.41000366210938,81.12999725341797,82.41000366210938,82.41000366210938,12076,0.0,0.0
2026-03-13,82.66999816894531,83.63999938964844,82.66000366210938,83.63999938964844,83.63999938964844,8687,0.0,0.0
2026-03-16,82.08000183105469,82.30000305175781,81.75,81.75,81.75,5916,0.0,0.0
2026-03-17,83.5999984741211,83.94999694824219,83.5999984741211,83.94999694824219,83.94999694824219,5262,0.0,0.0
2026-03-18,86.80000305175781,86.80000305175781,85.41999816894531,86.26000213623047,86.26000213623047,7576,0.0,0.0
2026-03-19,86.56999969482422,86.56999969482422,86.56999969482422,86.56999969482422,86.56999969482422,17153,0.0,0.0
2026-03-20,86.9800033569336,87.29000091552734,86.69000244140625,87.29000091552734,87.29000091552734,6725,0.0,0.0
2026-03-23,88.0,90.68000030517578,80.87999725341797,81.70999908447266,81.70999908447266,12913,0.0,0.0
2026-03-24,84.5,84.81999969482422,83.54000091552734,84.81999969482422,84.81999969482422,6682,0.0,0.0
2026-03-25,81.63999938964844,83.5,81.63999938964844,83.5,83.5,6327,0.0,0.0
2026-03-26,85.44000244140625,85.83999633789062,85.44000244140625,85.83999633789062,85.83999633789062,5785,0.0,0.0
2026-03-27,85.41999816894531,85.9800033569336,84.13999938964844,85.91000366210938,85.91000366210938,6881,0.0,0.0
2026-03-30,86.5,87.19999694824219,85.68000030517578,85.68000030517578,85.68000030517578,5269,0.0,0.0
2026-03-31,86.5,86.5199966430664,80.66999816894531,81.01000213623047,81.01000213623047,9646,0.0,0.0
2026-04-01,81.5,81.5,78.6500015258789,79.45999908447266,79.45999908447266,10520,0.0,0.0
2026-04-02,81.11000061035156,81.25,79.23999786376953,80.47000122070312,80.47000122070312,0,0.0,0.0
2026-04-06,81.18000030517578,81.83000183105469,81.18000030517578,81.83000183105469,81.83000183105469,6494,0.0,0.0
2026-04-07,82.68000030517578,83.12999725341797,82.68000030517578,83.12999725341797,83.12999725341797,14005,0.0,0.0
2026-04-08,77.0,81.19000244140625,77.0,81.19000244140625,81.19000244140625,21268,0.0,0.0
2026-04-09,81.0999984741211,81.80000305175781,81.0999984741211,81.23999786376953,81.23999786376953,11132,0.0,0.0
2026-04-10,80.80000305175781,82.0,80.80000305175781,82.0,82.0,10047,0.0,0.0
2026-04-13,84.31999969482422,84.31999969482422,84.31999969482422,84.31999969482422,84.31999969482422,9353,0.0,0.0
2026-04-14,82.4800033569336,82.5999984741211,82.4800033569336,82.4800033569336,82.4800033569336,8672,0.0,0.0
2026-04-15,83.58000183105469,83.58000183105469,83.19000244140625,83.19000244140625,83.19000244140625,8404,0.0,0.0
2026-04-16,83.58999633789062,83.97000122070312,83.58999633789062,83.97000122070312,83.97000122070312,8233,0.0,0.0
2026-04-17,82.5,82.5,77.54000091552734,79.41000366210938,79.41000366210938,13947,0.0,0.0
2026-04-20,82.0999984741211,82.0999984741211,81.91999816894531,81.91999816894531,81.91999816894531,8290,0.0,0.0
2026-04-21,82.18000030517578,83.29000091552734,82.18000030517578,83.26000213623047,83.26000213623047,11935,0.0,0.0
2026-04-22,83.66999816894531,84.76000213623047,83.66999816894531,84.76000213623047,84.76000213623047,7859,0.0,0.0
2026-04-23,85.36000061035156,86.73999786376953,84.80000305175781,86.73999786376953,86.73999786376953,13492,0.0,0.0
2026-04-24,86.86000061035156,86.86000061035156,85.69999694824219,86.45999908447266,86.45999908447266,17219,0.0,0.0
2026-04-27,87.93000030517578,88.01000213623047,87.51000213623047,88.01000213623047,88.01000213623047,8988,0.0,0.0
2026-04-28,89.05000305175781,90.0,88.55999755859375,88.55999755859375,88.55999755859375,12525,0.0,0.0
2026-04-29,89.95999908447266,89.95999908447266,89.95999908447266,89.95999908447266,89.95999908447266,18172,0.0,0.0
2026-04-30,91.30000305175781,91.80000305175781,89.6500015258789,90.37000274658203,90.37000274658203,18378,0.0,0.0
2026-05-01,90.83000183105469,90.83000183105469,89.30000305175781,89.7699966430664,89.7699966430664,12099,0.0,0.0
2026-05-04,91.51000213623047,94.75,91.51000213623047,94.75,94.75,16015,0.0,0.0
2026-05-05,93.23999786376953,93.23999786376953,92.5,93.16999816894531,93.16999816894531,12743,0.0,0.0
2026-05-06,91.72000122070312,91.9800033569336,84.81999969482422,87.3499984741211,87.3499984741211,24544,0.0,0.0
2026-05-07,87.22000122070312,88.05999755859375,84.44000244140625,87.58000183105469,87.58000183105469,22019,0.0,0.0
2026-05-08,87.95999908447266,89.27999877929688,87.62999725341797,89.27999877929688,89.27999877929688,10678,0.0,0.0
2026-05-11,91.37000274658203,91.58999633789062,91.37000274658203,91.58999633789062,91.58999633789062,7053,0.0,0.0
2026-05-12,91.7300033569336,94.18000030517578,91.7300033569336,94.02999877929688,94.02999877929688,7852,0.0,0.0
2026-05-13,93.19999694824219,93.19999694824219,91.63999938964844,91.81999969482422,91.81999969482422,7726,0.0,0.0
2026-05-14,91.83000183105469,91.9000015258789,90.68000030517578,91.30000305175781,91.30000305175781,11006,0.0,0.0
2026-05-15,93.02999877929688,93.48999786376953,93.02999877929688,93.48999786376953,93.48999786376953,9559,0.0,0.0
2026-05-18,92.5199966430664,95.45999908447266,92.5199966430664,95.45999908447266,95.45999908447266,15384,0.0,0.0
2026-05-19,94.55999755859375,94.56999969482422,94.0199966430664,94.56999969482422,94.56999969482422,9014,0.0,0.0
2026-05-20,94.58999633789062,94.58999633789062,90.4000015258789,90.58000183105469,90.58000183105469,15153,0.0,0.0
2026-05-21,89.69999694824219,90.69000244140625,89.69999694824219,90.04000091552734,90.04000091552734,14447,0.0,0.0
2026-05-22,92.04000091552734,92.04000091552734,90.22000122070312,90.55000305175781,90.55000305175781,10812,0.0,0.0
2026-05-26,88.0,88.62000274658203,87.37999725341797,88.56999969482422,88.56999969482422,17357,0.0,0.0
2026-05-27,86.3499984741211,86.3499984741211,86.02999877929688,86.02999877929688,86.02999877929688,13794,0.0,0.0
2026-05-28,87.05000305175781,87.44000244140625,87.05000305175781,87.30999755859375,87.30999755859375,9124,0.0,0.0
2026-05-29,86.61000061035156,86.61000061035156,85.30000305175781,85.5999984741211,85.5999984741211,11083,0.0,0.0
2026-06-01,87.69000244140625,89.52999877929688,87.43000030517578,88.02999877929688,88.02999877929688,15127,0.0,0.0
2026-06-02,88.12999725341797,89.06999969482422,88.0999984741211,89.06999969482422,89.06999969482422,11928,0.0,0.0
2026-06-03,90.23999786376953,90.23999786376953,90.23999786376953,90.23999786376953,90.23999786376953,15469,0.0,0.0
2026-06-04,88.23999786376953,88.23999786376953,88.04000091552734,88.04000091552734,88.04000091552734,13589,0.0,0.0
2026-06-05,88.37000274658203,88.41999816894531,86.81999969482422,86.81999969482422,86.81999969482422,13292,0.0,0.0
2026-06-08,88.69999694824219,90.31999969482422,87.75,88.54000091552734,88.54000091552734,16008,0.0,0.0
2026-06-09,88.19999694824219,88.19999694824219,85.70999908447266,86.83999633789062,86.83999633789062,15125,0.0,0.0
2026-06-10,87.5999984741211,89.27999877929688,86.72000122070312,88.30000305175781,88.30000305175781,16143,0.0,0.0
2026-06-11,89.33000183105469,89.33000183105469,85.0999984741211,86.52999877929688,86.52999877929688,19820,0.0,0.0
2026-06-12,84.94000244140625,85.5999984741211,82.80000305175781,83.58999633789062,83.58999633789062,12295,0.0,0.0
2026-06-15,80.51000213623047,80.83999633789062,80.3499984741211,80.3499984741211,80.3499984741211,15401,0.0,0.0
2026-06-16,80.7300033569336,80.7300033569336,77.36000061035156,77.62000274658203,77.62000274658203,17643,0.0,0.0
2026-06-17,77.51000213623047,80.37000274658203,77.51000213623047,77.9000015258789,77.9000015258789,14277,0.0,0.0
2026-06-18,77.19999694824219,78.12000274658203,76.0,78.12000274658203,78.12000274658203,10117,0.0,0.0
2026-06-22,79.37000274658203,79.37000274658203,76.0,76.41000366210938,76.41000366210938,16096,0.0,0.0
2026-06-23,75.94000244140625,75.94000244140625,75.94000244140625,75.94000244140625,75.94000244140625,8404,0.0,0.0
2026-06-24,74.80999755859375,74.80999755859375,73.01000213623047,73.37000274658203,73.37000274658203,12886,0.0,0.0
2026-06-25,72.94999694824219,74.95999908447266,72.3499984741211,74.91000366210938,74.91000366210938,14384,0.0,0.0
2026-06-26,73.66000366210938,73.66000366210938,72.16999816894531,72.3499984741211,72.3499984741211,13773,0.0,0.0
2026-06-29,72.98999786376953,73.61000061035156,72.58000183105469,73.61000061035156,73.61000061035156,8762,0.0,0.0
2026-06-30,73.2300033569336,74.43000030517578,72.93000030517578,72.93000030517578,72.93000030517578,13857,0.0,0.0
2026-07-01,73.36000061035156,73.36000061035156,71.72000122070312,72.1500015258789,72.1500015258789,14206,0.0,0.0
2026-07-02,71.44000244140625,72.31999969482422,71.08999633789062,72.31999969482422,72.31999969482422,0,0.0,0.0
2026-07-06,72.12000274658203,72.7699966430664,71.8499984741211,72.4000015258789,72.4000015258789,14959,0.0,0.0
2026-07-07,72.91000366210938,75.4800033569336,72.69999694824219,74.02999877929688,74.02999877929688,19432,0.0,0.0
2026-07-08,75.80999755859375,78.97000122070312,74.98999786376953,77.02999877929688,77.02999877929688,41847,0.0,0.0
2026-07-09,77.73999786376953,77.88999938964844,75.41999816894531,75.87000274658203,75.87000274658203,24876,0.0,0.0
2026-07-10,75.55999755859375,76.69999694824219,75.12000274658203,75.80000305175781,75.80000305175781,18969,0.0,0.0
2026-07-13,77.19999694824219,82.12000274658203,76.91999816894531,81.8499984741211,81.8499984741211,27891,0.0,0.0
2026-07-14,81.55000305175781,83.52999877929688,80.80000305175781,82.0199966430664,82.0199966430664,62383,0.0,0.0
2026-07-15,82.61000061035156,82.95999908447266,81.6500015258789,82.13999938964844,82.13999938964844,23820,0.0,0.0
2026-07-16,82.55999755859375,82.79000091552734,81.58000183105469,81.7699966430664,81.7699966430664,15590,0.0,0.0
2026-07-17,82.30000305175781,84.76000213623047,81.33000183105469,84.58000183105469,84.58000183105469,16083,0.0,0.0
2026-07-20,86.33000183105469,86.56999969482422,83.75,85.08999633789062,85.08999633789062,31007,0.0,0.0
2026-07-21,85.16000366210938,86.41000366210938,84.54000091552734,86.04000091552734,86.04000091552734,29401,0.0,0.0
2026-07-22,86.31999969482422,87.7699966430664,86.30000305175781,87.16999816894531,87.16999816894531,44199,0.0,0.0
2026-07-23,87.80000305175781,90.7699966430664,87.80000305175781,89.9800033569336,89.9800033569336,57660,0.0,0.0
2026-07-24,89.94000244140625,90.08000183105469,87.08999633789062,88.06999969482422,88.06999969482422,45899,0.0,0.0
2026-07-27,85.94999694824219,85.94999694824219,82.58000183105469,83.66999816894531,83.66999816894531,48029,0.0,0.0
2026-07-28,82.87999725341797,83.33000183105469,79.0999984741211,80.19000244140625,80.19000244140625,43224,0.0,0.0
2026-07-29,80.91000366210938,85.79000091552734,80.91000366210938,85.41999816894531,85.41999816894531,36477,0.0,0.0
2026-07-30,85.20999908447266,85.83999633789062,83.30999755859375,83.87999725341797,83.87999725341797,35338,0.0,0.0
2026-07-31,84.23999786376953,86.20999908447266,81.97000122070312,84.58000183105469,84.58000183105469,36016,0.0,0.0
2026-08-03,80.47000122070312,82.05000305175781,79.9800033569336,81.08999633789062,81.08999633789062,36124,0.0,0.0
2026-08-04,81.08999633789062,83.31999969482422,77.27999877929688,77.93000030517578,77.93000030517578,58413,0.0,0.0
2026-08-05,77.38999938964844,79.19000244140625,76.77999877929688,77.86000061035156,77.86000061035156,44123,0.0,0.0
2026-08-06,77.77999877929688,81.48999786376953,77.37999725341797,80.45999908447266,80.45999908447266,30798,0.0,0.0
2026-08-07,80.80000305175781,82.01000213623047,79.68000030517578,81.6500015258789,81.6500015258789,29918,0.0,0.0
2026-08-10,81.95999908447266,86.06999969482422,81.4000015258789,85.88999938964844,85.88999938964844,22352,0.0,0.0
2026-08-11,86.02999877929688,87.76000213623047,84.79000091552734,86.62000274658203,86.62000274658203,27529,0.0,0.0
2026-08-12,86.83000183105469,87.5999984741211,85.83000183105469,86.81999969482422,86.81999969482422,25425,0.0,0.0
2026-08-13,86.3499984741211,86.76000213623047,84.16000366210938,85.22000122070312,85.22000122070312,21236,0.0,0.0
2026-08-14,85.08000183105469,86.73999786376953,84.76000213623047,86.56999969482422,86.56999969482422,23054,0.0,0.0
2026-08-17,86.9000015258789,89.30000305175781,85.9800033569336,89.02999877929688,89.02999877929688,25609,0.0,0.0
2026-08-18,89.16999816894531,90.37999725341797,88.9000015258789,89.44999694824219,89.44999694824219,22887,0.0,0.0
2026-08-19,89.69999694824219,90.93000030517578,88.88999938964844,89.79000091552734,89.79000091552734,23928,0.0,0.0
2026-08-20,89.01000213623047,92.58000183105469,89.01000213623047,91.97000122070312,91.97000122070312,29068,0.0,0.0
2026-08-21,91.52999877929688,93.0,91.16000366210938,92.66999816894531,92.66999816894531,28245,0.0,0.0
2026-08-24,91.97000122070312,92.01000213623047,90.19000244140625,90.54000091552734,90.54000091552734,29506,0.0,0.0
2026-08-25,90.55000305175781,91.27999877929688,85.01000213623047,87.2699966430664,87.2699966430664,45851,0.0,0.0
2026-08-26,85.8499984741211,88.27999877929688,84.58999633789062,86.94000244140625,86.94000244140625,36444,0.0,0.0
2026-08-27,86.6500015258789,89.1500015258789,85.33000183105469,88.5199966430664,88.5199966430664,38498,0.0,0.0
2026-08-28,88.5999984741211,88.72000122070312,87.2699966430664,88.0999984741211,88.0999984741211,26729,0.0,0.0
2026-08-31,89.30999755859375,91.5,89.02999877929688,90.48999786376953,90.48999786376953,23556,0.0,0.0
2026-09-01,90.8499984741211,95.44999694824219,90.7300033569336,94.6500015258789,94.6500015258789,38404,0.0,0.0
2026-09-02,95.2300033569336,97.01000213623047,93.5199966430664,95.62999725341797,95.62999725341797,41717,0.0,0.0
2026-09-03,95.33000183105469,97.61000061035156,94.04000091552734,95.5199966430664,95.5199966430664,48231,0.0,0.0
2026-09-04,95.87999725341797,96.55999755859375,93.16999816894531,96.27999877929688,96.27999877929688,35106,0.0,0.0
2026-09-08,96.9000015258789,99.44999694824219,95.97000122070312,97.91999816894531,97.91999816894531,0,0.0,0.0
