date,Open,High,Low,Close,Adj Close,Volume,Dividends,Stock Splits
2023-01-03,178.0399932861328,179.0,171.50999450683594,173.99000549316406,149.22036743164062,7565400,0.0,0.0
2023-01-04,170.9499969482422,174.2899932861328,170.85000610351562,172.13999938964844,147.6337127685547,7684500,0.0,0.0
2023-01-05,171.5,176.19000244140625,171.24000549316406,175.24000549316406,150.29241943359375,6088200,0.0,0.0
2023-01-06,177.02000427246094,179.38999938964844,175.6999969482422,176.55999755859375,151.42445373535156,7191200,0.0,0.0
2023-01-09,178.25999450683594,178.3300018310547,174.3800048828125,175.17999267578125,150.24095153808594,8385600,0.0,0.0
2023-01-10,176.39999389648438,176.7100067138672,173.72000122070312,176.0399932861328,150.97853088378906,8307000,0.0,0.0
2023-01-11,177.88999938964844,178.13999938964844,174.3000030517578,175.1999969482422,150.25808715820312,6962600,0.0,0.0
2023-01-12,175.99000549316406,178.3699951171875,175.89999389648438,177.0800018310547,151.87049865722656,6891400,0.0,0.0
2023-01-13,177.08999633789062,177.99000549316406,175.67999267578125,177.55999755859375,152.28211975097656,5726300,0.0,0.0
2023-01-17,178.44000244140625,181.32000732421875,178.17999267578125,180.49000549316406,154.79501342773438,10697700,0.0,0.0
2023-01-18,180.82000732421875,182.3800048828125,176.94000244140625,177.22999572753906,151.9990997314453,8899200,0.0,0.0
2023-01-19,176.61000061035156,179.9499969482422,176.16000366210938,179.0,153.51712036132812,5907200,0.0,0.0
2023-01-20,178.80999755859375,181.36000061035156,177.52000427246094,180.89999389648438,155.14662170410156,10477900,0.0,0.0
2023-01-23,181.2100067138672,182.5500030517578,180.02999877929688,180.66000366210938,154.94078063964844,8381300,0.0,0.0
2023-01-24,181.08999633789062,182.0,178.6999969482422,180.8300018310547,155.08657836914062,5989000,0.0,0.0
2023-01-25,179.2899932861328,180.02999877929688,176.35000610351562,179.0800018310547,153.58570861816406,6727500,0.0,0.0
2023-01-26,184.99000549316406,187.80999755859375,183.47999572753906,187.7899932861328,161.05575561523438,14307800,0.0,0.0
2023-01-27,184.22999572753906,184.22999572753906,177.9199981689453,179.4499969482422,153.903076171875,19654700,0.0,0.0
2023-01-30,178.0,178.33999633789062,173.6699981689453,174.1999969482422,149.40048217773438,11476000,0.0,0.0
2023-01-31,172.75,174.6300048828125,171.4199981689453,174.02000427246094,149.24612426757812,14481300,0.0,0.0
2023-02-01,173.30999755859375,173.66000366210938,169.5399932861328,171.36000061035156,146.9647674560547,11526400,0.0,0.0
2023-02-02,171.1300048828125,171.42999267578125,166.82000732421875,169.00999450683594,144.9492950439453,10463400,0.0,0.0
2023-02-03,169.86000061035156,171.5500030517578,168.49000549316406,169.4499969482422,145.32666015625,8404900,0.0,0.0
2023-02-06,169.55999755859375,170.1199951171875,167.3699951171875,169.63999938964844,145.48963928222656,7659500,0.0,0.0
2023-02-07,170.07000732421875,174.38999938964844,169.61000061035156,174.08999633789062,149.30613708496094,10256500,0.0,0.0
2023-02-08,172.47999572753906,174.07000732421875,169.47000122070312,170.0,145.7983856201172,9784700,0.0,0.0
2023-02-09,170.22999572753906,170.66000366210938,168.0,168.44000244140625,144.46044921875,10123400,0.0,0.0
2023-02-10,170.8000030517578,172.72999572753906,170.77999877929688,171.97000122070312,147.4879150390625,11602400,0.0,0.0
2023-02-13,171.32000732421875,171.89999389648438,169.77000427246094,171.00999450683594,146.6645965576172,9442900,0.0,0.0
2023-02-14,170.47999572753906,173.50999450683594,169.97999572753906,172.32000732421875,147.78810119628906,8077300,0.0,0.0
2023-02-15,169.39999389648438,169.52000427246094,167.5,169.00999450683594,146.230712890625,8885700,1.51,0.0
2023-02-16,168.19000244140625,168.66000366210938,166.39999389648438,166.57000732421875,144.11959838867188,6727500,0.0,0.0
2023-02-17,164.72999572753906,164.83999633789062,161.85000610351562,162.85000610351562,140.90097045898438,9612100,0.0,0.0
2023-02-21,162.17999267578125,163.75,160.6999969482422,161.0,139.30032348632812,7259700,0.0,0.0
2023-02-22,160.27999877929688,161.66000366210938,158.91000366210938,160.35000610351562,138.7379608154297,6205900,0.0,0.0
2023-02-23,162.25,162.83999633789062,160.55999755859375,161.92999267578125,140.10494995117188,6445500,0.0,0.0
2023-02-24,160.77000427246094,162.60000610351562,159.14999389648438,162.41000366210938,140.520263671875,5330200,0.0,0.0
2023-02-27,163.00999450683594,163.3699951171875,161.9199981689453,162.82000732421875,140.87503051757812,6386800,0.0,0.0
2023-02-28,164.32000732421875,164.32000732421875,160.27999877929688,160.77000427246094,139.10128784179688,10854200,0.0,0.0
2023-03-01,160.9199981689453,163.58999633789062,160.58999633789062,162.0500030517578,140.20877075195312,7470400,0.0,0.0
2023-03-02,161.97999572753906,163.49000549316406,161.58999633789062,162.55999755859375,140.6500244140625,5582000,0.0,0.0
2023-03-03,160.8699951171875,165.5800018310547,160.4199981689453,164.9600067138672,142.7265625,6007500,0.0,0.0
2023-03-06,164.33999633789062,166.8000030517578,163.80999755859375,166.1699981689453,143.77349853515625,7703600,0.0,0.0
2023-03-07,165.6999969482422,166.60000610351562,163.5800018310547,164.02999877929688,141.92193603515625,7393000,0.0,0.0
2023-03-08,163.22999572753906,165.2899932861328,161.3800048828125,162.99000549316406,141.0220947265625,5435800,0.0,0.0
2023-03-09,163.7899932861328,165.49000549316406,160.19000244140625,160.50999450683594,138.87631225585938,6214700,0.0,0.0
2023-03-10,160.94000244140625,164.6699981689453,158.6699981689453,159.6699981689453,138.14955139160156,7385800,0.0,0.0
2023-03-13,156.44000244140625,160.9499969482422,153.8000030517578,158.7100067138672,137.31895446777344,10106100,0.0,0.0
2023-03-14,158.25999450683594,164.02000427246094,157.8800048828125,160.75999450683594,139.09263610839844,10035200,0.0,0.0
2023-03-15,155.58999633789062,157.9499969482422,152.00999450683594,153.8000030517578,133.07070922851562,14063100,0.0,0.0
2023-03-16,150.16000366210938,155.47000122070312,149.91000366210938,154.2899932861328,133.49468994140625,12849600,0.0,0.0
2023-03-17,153.6199951171875,155.3800048828125,150.60000610351562,152.33999633789062,131.8074951171875,33161800,0.0,0.0
2023-03-20,151.74000549316406,155.77999877929688,151.2899932861328,154.5800018310547,133.74560546875,8469200,0.0,0.0
2023-03-21,157.16000366210938,159.57000732421875,156.47000122070312,159.30999755859375,137.8380889892578,9753500,0.0,0.0
2023-03-22,159.8699951171875,160.05999755859375,155.92999267578125,156.07000732421875,135.0347900390625,6315000,0.0,0.0
2023-03-23,157.02000427246094,158.75999450683594,153.13999938964844,154.52000427246094,133.69369506835938,7859400,0.0,0.0
2023-03-24,152.10000610351562,156.64999389648438,151.8300018310547,156.05999755859375,135.026123046875,6600100,0.0,0.0
2023-03-27,157.39999389648438,158.47999572753906,155.69000244140625,157.64999389648438,136.40182495117188,7006800,0.0,0.0
2023-03-28,157.27999877929688,160.19000244140625,156.67999267578125,159.49000549316406,137.99380493164062,5605400,0.0,0.0
2023-03-29,160.6199951171875,161.32000732421875,159.3300018310547,160.86000061035156,139.1791534423828,7569700,0.0,0.0
2023-03-30,162.25,163.00999450683594,161.5800018310547,162.38999938964844,140.50294494628906,6322400,0.0,0.0
2023-03-31,162.6999969482422,163.72000122070312,162.14999389648438,163.16000366210938,141.169189453125,7041400,0.0,0.0
2023-04-03,169.8000030517578,171.10000610351562,168.9199981689453,169.9499969482422,147.0440216064453,12868200,0.0,0.0
2023-04-04,171.13999938964844,171.13999938964844,167.72000122070312,169.0399932861328,146.2566680908203,7521400,0.0,0.0
2023-04-05,169.25999450683594,170.44000244140625,167.74000549316406,169.8800048828125,146.98342895507812,6478100,0.0,0.0
2023-04-06,169.35000610351562,169.41000366210938,167.1300048828125,167.64999389648438,145.0540008544922,5803200,0.0,0.0
2023-04-10,168.49000549316406,169.67999267578125,167.30999755859375,168.2899932861328,145.60772705078125,5923500,0.0,0.0
2023-04-11,169.07000732421875,170.33999633789062,168.07000732421875,169.22000122070312,146.4123992919922,5469600,0.0,0.0
2023-04-12,170.4499969482422,171.1199951171875,169.47000122070312,169.82000732421875,146.93153381347656,6157900,0.0,0.0
2023-04-13,170.25,172.47000122070312,169.82000732421875,172.08999633789062,148.8955841064453,6856600,0.0,0.0
2023-04-14,172.5,172.8800048828125,171.22000122070312,172.44000244140625,149.19839477539062,4930700,0.0,0.0
2023-04-17,172.38999938964844,172.5399932861328,170.22000122070312,170.9199981689453,147.88328552246094,7006000,0.0,0.0
2023-04-18,170.82000732421875,172.38999938964844,170.1300048828125,170.52000427246094,147.53720092773438,8045600,0.0,0.0
2023-04-19,169.4600067138672,170.74000549316406,169.10000610351562,170.67999267578125,147.6756134033203,5506800,0.0,0.0
2023-04-20,168.75999450683594,170.05999755859375,168.02000427246094,169.85000610351562,146.95748901367188,5851100,0.0,0.0
2023-04-21,169.8300018310547,170.58999633789062,168.83999633789062,169.1199951171875,146.3258514404297,7179000,0.0,0.0
2023-04-24,169.10000610351562,172.3800048828125,168.5800018310547,171.47999572753906,148.36778259277344,7177600,0.0,0.0
2023-04-25,170.32000732421875,170.39999389648438,168.42999267578125,168.99000549316406,146.21337890625,5807200,0.0,0.0
2023-04-26,168.2100067138672,168.9499969482422,165.22999572753906,165.97999572753906,143.60910034179688,5927400,0.0,0.0
2023-04-27,166.42999267578125,167.38999938964844,165.07000732421875,166.9499969482422,144.4483642578125,6417200,0.0,0.0
2023-04-28,164.5,168.94000244140625,164.0500030517578,168.5800018310547,145.8586883544922,10036300,0.0,0.0
2023-05-01,167.7100067138672,168.72999572753906,166.36000061035156,167.24000549316406,144.69927978515625,6099800,0.0,0.0
2023-05-02,165.32000732421875,165.3800048828125,158.4499969482422,160.0399932861328,138.4696807861328,10701700,0.0,0.0
2023-05-03,158.14999389648438,159.57000732421875,156.74000549316406,156.8300018310547,135.69236755371094,7538100,0.0,0.0
2023-05-04,157.11000061035156,158.1999969482422,155.4199981689453,156.22000122070312,135.16455078125,7500400,0.0,0.0
2023-05-05,159.3000030517578,161.1199951171875,158.77999877929688,160.2100067138672,138.61680603027344,5802000,0.0,0.0
2023-05-08,161.57000732421875,162.3000030517578,159.52000427246094,159.5800018310547,138.07168579101562,5028200,0.0,0.0
2023-05-09,158.11000061035156,160.4199981689453,157.91000366210938,159.1199951171875,137.6736602783203,5019800,0.0,0.0
2023-05-10,160.44000244140625,160.44000244140625,155.8800048828125,157.08999633789062,135.9172821044922,6161200,0.0,0.0
2023-05-11,155.3800048828125,156.32000732421875,153.88999938964844,156.22000122070312,135.16455078125,6666100,0.0,0.0
2023-05-12,157.0,157.92999267578125,155.55999755859375,156.6199951171875,135.5106201171875,4898900,0.0,0.0
2023-05-15,157.22999572753906,158.16000366210938,156.22999572753906,157.1999969482422,136.01243591308594,5096700,0.0,0.0
2023-05-16,156.47999572753906,157.02000427246094,153.3300018310547,153.50999450683594,132.81980895996094,7007700,0.0,0.0
2023-05-17,154.7899932861328,156.4199981689453,153.9600067138672,155.7100067138672,134.7233123779297,6169600,0.0,0.0
2023-05-18,152.8699951171875,154.24000549316406,151.52999877929688,154.00999450683594,134.55726623535156,7477700,1.51,0.0
2023-05-19,154.88999938964844,156.44000244140625,153.99000549316406,155.22999572753906,135.6231689453125,8100900,0.0,0.0
2023-05-22,153.7899932861328,154.8300018310547,152.08999633789062,152.44000244140625,133.18557739257812,11661000,0.0,0.0
2023-05-23,154.13999938964844,157.67999267578125,153.83999633789062,156.85000610351562,137.03855895996094,10436200,0.0,0.0
2023-05-24,157.9499969482422,158.57000732421875,156.2899932861328,157.27000427246094,137.40553283691406,7064000,0.0,0.0
2023-05-25,154.67999267578125,155.6300048828125,153.5,154.55999755859375,135.03781127929688,7037700,0.0,0.0
2023-05-26,155.2899932861328,155.6300048828125,153.4600067138672,154.0800018310547,134.61843872070312,7736200,0.0,0.0
2023-05-30,151.6699981689453,153.25999450683594,151.2100067138672,153.1199951171875,133.7797088623047,7814800,0.0,0.0
2023-05-31,151.5399932861328,152.4199981689453,150.36000061035156,150.6199951171875,131.595458984375,13346400,0.0,0.0
2023-06-01,151.3000030517578,153.74000549316406,149.74000549316406,152.16000366210938,132.94094848632812,9887700,0.0,0.0
2023-06-02,154.5800018310547,156.75,153.61000061035156,156.25999450683594,136.52308654785156,9464300,0.0,0.0
2023-06-05,158.4499969482422,158.4499969482422,155.24000549316406,155.50999450683594,135.86781311035156,6443800,0.0,0.0
2023-06-06,153.3300018310547,156.16000366210938,153.1999969482422,155.7899932861328,136.1124267578125,6176400,0.0,0.0
2023-06-07,156.5500030517578,160.2100067138672,156.5,159.8300018310547,139.6421661376953,9900000,0.0,0.0
2023-06-08,160.16000366210938,160.49000549316406,157.08999633789062,159.24000549316406,139.126708984375,7142200,0.0,0.0
2023-06-09,159.27999877929688,160.38999938964844,158.6199951171875,158.86000061035156,138.79469299316406,6669500,0.0,0.0
2023-06-12,157.05999755859375,159.3300018310547,156.22999572753906,157.3300018310547,137.4579620361328,7159600,0.0,0.0
2023-06-13,158.52000427246094,160.5800018310547,158.27000427246094,158.50999450683594,138.4888916015625,7660800,0.0,0.0
2023-06-14,159.97999572753906,160.77000427246094,156.14999389648438,157.08999633789062,137.2482452392578,7721100,0.0,0.0
2023-06-15,157.32000732421875,159.7899932861328,157.32000732421875,158.27999877929688,138.28793334960938,7705400,0.0,0.0
2023-06-16,158.57000732421875,159.24000549316406,157.25999450683594,157.25999450683594,137.39678955078125,22908100,0.0,0.0
2023-06-20,156.14999389648438,156.57000732421875,152.24000549316406,153.67999267578125,134.26895141601562,10438700,0.0,0.0
2023-06-21,152.6699981689453,155.9600067138672,152.5,154.8800048828125,135.31739807128906,7328200,0.0,0.0
2023-06-22,153.35000610351562,153.58999633789062,151.97000122070312,152.63999938964844,133.36029052734375,7088600,0.0,0.0
2023-06-23,151.00999450683594,151.6999969482422,150.1300048828125,151.35000610351562,132.2332763671875,15172700,0.0,0.0
2023-06-26,151.6199951171875,154.97000122070312,151.5399932861328,154.00999450683594,134.55726623535156,7371800,0.0,0.0
2023-06-27,153.5,154.7100067138672,152.82000732421875,153.52999877929688,134.13790893554688,6581700,0.0,0.0
2023-06-28,153.44000244140625,155.02000427246094,152.19000244140625,154.9199981689453,135.35232543945312,5773800,0.0,0.0
2023-06-29,155.42999267578125,156.27000427246094,154.44000244140625,156.24000549316406,136.50559997558594,5633500,0.0,0.0
2023-06-30,157.4600067138672,157.9199981689453,156.60000610351562,157.35000610351562,137.4754180908203,6346600,0.0,0.0
2023-07-03,157.17999267578125,158.10000610351562,156.6999969482422,157.2100067138672,137.3531036376953,3272600,0.0,0.0
2023-07-05,157.6999969482422,157.6999969482422,155.1199951171875,156.30999755859375,136.56674194335938,6318700,0.0,0.0
2023-07-06,155.1999969482422,155.8300018310547,151.6300048828125,152.8800048828125,133.5700225830078,9203000,0.0,0.0
2023-07-07,152.13999938964844,155.99000549316406,151.9600067138672,154.22000122070312,134.7407684326172,6602200,0.0,0.0
2023-07-10,153.92999267578125,155.7899932861328,153.9199981689453,155.25,135.64065551757812,5167900,0.0,0.0
2023-07-11,156.0,158.41000366210938,155.66000366210938,158.1199951171875,138.14817810058594,5060500,0.0,0.0
2023-07-12,159.22000122070312,160.33999633789062,158.3300018310547,159.63999938964844,139.47618103027344,6464000,0.0,0.0
2023-07-13,159.83999633789062,160.60000610351562,156.57000732421875,157.50999450683594,137.61521911621094,8143900,0.0,0.0
2023-07-14,157.00999450683594,157.02000427246094,153.3000030517578,153.5800018310547,134.1815948486328,7065700,0.0,0.0
2023-07-17,153.35000610351562,154.13999938964844,152.63999938964844,153.44000244140625,134.05929565429688,4351700,0.0,0.0
2023-07-18,152.6699981689453,156.07000732421875,152.3699951171875,153.75,134.3301239013672,6798300,0.0,0.0
2023-07-19,153.8300018310547,155.77999877929688,153.27999877929688,154.69000244140625,135.15139770507812,5653100,0.0,0.0
2023-07-20,156.16000366210938,157.19000244140625,155.7100067138672,156.39999389648438,136.64540100097656,5866600,0.0,0.0
2023-07-21,157.52999877929688,158.8300018310547,157.05999755859375,158.69000244140625,138.64614868164062,8760100,0.0,0.0
2023-07-24,160.47000122070312,164.0399932861328,160.00999450683594,161.82000732421875,141.38082885742188,9722100,0.0,0.0
2023-07-25,161.91000366210938,163.50999450683594,160.66000366210938,162.55999755859375,142.02734375,6767600,0.0,0.0
2023-07-26,160.8800048828125,162.08999633789062,160.5500030517578,161.33999633789062,140.96145629882812,6056400,0.0,0.0
2023-07-27,162.08999633789062,162.47000122070312,159.22000122070312,159.66000366210938,139.49363708496094,6470100,0.0,0.0
2023-07-28,158.41000366210938,159.0,156.50999450683594,158.8699951171875,138.8034210205078,6542300,0.0,0.0
2023-07-31,161.1300048828125,163.97999572753906,160.6199951171875,163.66000366210938,142.98843383789062,13056300,0.0,0.0
2023-08-01,163.63999938964844,163.63999938964844,160.5500030517578,162.3000030517578,141.8001708984375,7531400,0.0,0.0
2023-08-02,161.1699981689453,161.22000122070312,158.05999755859375,159.72999572753906,139.55479431152344,7067100,0.0,0.0
2023-08-03,159.91000366210938,161.6999969482422,158.85000610351562,159.6699981689453,139.5023651123047,6680700,0.0,0.0
2023-08-04,160.66000366210938,163.02000427246094,159.0399932861328,159.30999755859375,139.18785095214844,10185400,0.0,0.0
2023-08-07,161.00999450683594,161.3800048828125,159.0800018310547,159.88999938964844,139.69461059570312,13927400,0.0,0.0
2023-08-08,157.94000244140625,159.7899932861328,156.22000122070312,159.64999389648438,139.48492431640625,6451300,0.0,0.0
2023-08-09,160.86000061035156,161.44000244140625,159.30999755859375,159.86000061035156,139.6683807373047,10531500,0.0,0.0
2023-08-10,160.3300018310547,162.47999572753906,159.6199951171875,160.8300018310547,140.515869140625,8647100,0.0,0.0
2023-08-11,160.5,164.1699981689453,160.17999267578125,164.14999389648438,143.41650390625,6682600,0.0,0.0
2023-08-14,163.77000427246094,164.25,162.61000061035156,164.02999877929688,143.3116912841797,6060100,0.0,0.0
2023-08-15,163.39999389648438,163.41000366210938,159.10000610351562,159.24000549316406,139.126708984375,7876500,0.0,0.0
2023-08-16,160.52000427246094,161.8300018310547,158.47000122070312,158.6300048828125,138.59371948242188,7920500,0.0,0.0
2023-08-17,159.17999267578125,162.13999938964844,158.97000122070312,159.75,140.9136199951172,8270500,1.51,0.0
2023-08-18,158.3800048828125,161.32000732421875,158.16000366210938,160.89999389648438,141.9280242919922,5999200,0.0,0.0
2023-08-21,161.1999969482422,162.07000732421875,159.4499969482422,160.36000061035156,141.45169067382812,6802300,0.0,0.0
2023-08-22,160.49000549316406,161.25,158.97000122070312,159.0399932861328,140.28732299804688,6080800,0.0,0.0
2023-08-23,158.13999938964844,159.41000366210938,156.6999969482422,159.25,140.4725799560547,4975600,0.0,0.0
2023-08-24,157.72999572753906,159.88999938964844,157.55999755859375,157.94000244140625,139.31704711914062,5989600,0.0,0.0
2023-08-25,159.07000732421875,159.91000366210938,157.64999389648438,159.1199951171875,140.35789489746094,5291800,0.0,0.0
2023-08-28,159.52999877929688,161.8000030517578,159.22000122070312,160.2100067138672,141.3193817138672,4386100,0.0,0.0
2023-08-29,160.91000366210938,160.9499969482422,159.10000610351562,159.9600067138672,141.098876953125,5374800,0.0,0.0
2023-08-30,160.58999633789062,161.25,159.92999267578125,160.17999267578125,141.29290771484375,5534900,0.0,0.0
2023-08-31,161.00999450683594,161.24000549316406,159.92999267578125,161.10000610351562,142.10447692871094,7003700,0.0,0.0
2023-09-01,162.63999938964844,164.69000244140625,162.63999938964844,164.3000030517578,144.92715454101562,6663000,0.0,0.0
2023-09-05,165.27999877929688,167.55999755859375,165.1999969482422,166.4600067138672,146.8324432373047,9755800,0.0,0.0
2023-09-06,166.27999877929688,167.44000244140625,165.5800018310547,166.6300048828125,146.9823760986328,7195500,0.0,0.0
2023-09-07,167.13999938964844,167.89999389648438,166.27999877929688,166.63999938964844,146.99122619628906,7925900,0.0,0.0
2023-09-08,167.4199981689453,168.49000549316406,166.7100067138672,167.2100067138672,147.49403381347656,7434400,0.0,0.0
2023-09-11,168.0800018310547,168.58999633789062,162.8699951171875,163.75999450683594,144.45079040527344,7155100,0.0,0.0
2023-09-12,165.3000030517578,167.19000244140625,165.10000610351562,166.80999755859375,147.1411590576172,7521100,0.0,0.0
2023-09-13,167.41000366210938,167.75,165.5800018310547,166.1999969482422,146.60311889648438,5759500,0.0,0.0
2023-09-14,167.6999969482422,168.5,167.1199951171875,167.22999572753906,147.5116424560547,8822800,0.0,0.0
2023-09-15,166.2100067138672,168.3699951171875,165.8800048828125,166.5,146.86773681640625,17439700,0.0,0.0
2023-09-18,167.8699951171875,168.36000061035156,166.39999389648438,167.22000122070312,147.50282287597656,7027600,0.0,0.0
2023-09-19,168.69000244140625,168.9600067138672,166.42999267578125,167.1999969482422,147.48521423339844,6615100,0.0,0.0
2023-09-20,167.07000732421875,168.50999450683594,166.60000610351562,166.69000244140625,147.0353240966797,5939100,0.0,0.0
2023-09-21,167.1199951171875,167.8699951171875,165.0500030517578,165.19000244140625,145.7122039794922,7150000,0.0,0.0
2023-09-22,166.22999572753906,167.4199981689453,165.94000244140625,166.27999877929688,146.6736602783203,5963000,0.0,0.0
2023-09-25,166.3300018310547,168.77999877929688,165.99000549316406,168.7100067138672,148.81715393066406,5510000,0.0,0.0
2023-09-26,167.44000244140625,168.41000366210938,166.97999572753906,167.8000030517578,148.01446533203125,5659200,0.0,0.0
2023-09-27,169.3699951171875,171.22999572753906,168.80999755859375,171.0399932861328,150.87240600585938,9124400,0.0,0.0
2023-09-28,170.5500030517578,171.6999969482422,169.42999267578125,170.58999633789062,150.47547912597656,7151800,0.0,0.0
2023-09-29,170.49000549316406,170.5,167.82000732421875,168.6199951171875,148.73773193359375,7396100,0.0,0.0
2023-10-02,168.33999633789062,168.57000732421875,165.22999572753906,166.5399932861328,146.9030303955078,6839600,0.0,0.0
2023-10-03,165.9199981689453,167.36000061035156,165.50999450683594,166.92999267578125,147.24700927734375,6168600,0.0,0.0
2023-10-04,164.6999969482422,164.97999572753906,161.49000549316406,163.0399932861328,143.81570434570312,9664700,0.0,0.0
2023-10-05,161.4199981689453,164.75,161.38999938964844,163.89999389648438,144.5742950439453,8073000,0.0,0.0
2023-10-06,164.30999755859375,164.3699951171875,158.99000549316406,162.22999572753906,143.1011962890625,10190400,0.0,0.0
2023-10-09,166.3800048828125,168.19000244140625,164.9499969482422,166.72000122070312,147.0618133544922,8183500,0.0,0.0
2023-10-10,166.77000427246094,167.39999389648438,165.67999267578125,166.5399932861328,146.9030303955078,6512900,0.0,0.0
2023-10-11,165.07000732421875,165.0800018310547,160.47999572753906,161.10000610351562,142.10447692871094,12570700,0.0,0.0
2023-10-12,163.25999450683594,163.25999450683594,160.89999389648438,161.22999572753906,142.2191162109375,7397000,0.0,0.0
2023-10-13,163.41000366210938,164.83999633789062,162.3000030517578,164.05999755859375,144.71542358398438,8042800,0.0,0.0
2023-10-16,165.33999633789062,165.80999755859375,163.85000610351562,165.39999389648438,145.89744567871094,5446000,0.0,0.0
2023-10-17,164.8300018310547,168.1999969482422,164.64999389648438,167.58999633789062,147.82919311523438,7538300,0.0,0.0
2023-10-18,168.47000122070312,169.6999969482422,167.5800018310547,168.9199981689453,149.0023651123047,6893500,0.0,0.0
2023-10-19,168.6999969482422,170.1699981689453,167.50999450683594,169.10000610351562,149.16116333007812,6580200,0.0,0.0
2023-10-20,168.41000366210938,169.10000610351562,166.10000610351562,166.8300018310547,147.15879821777344,7458300,0.0,0.0
2023-10-23,163.3000030517578,164.42999267578125,160.25,160.67999267578125,141.73397827148438,16232400,0.0,0.0
2023-10-24,160.88999938964844,161.0800018310547,156.47000122070312,156.64999389648438,138.17913818359375,17689900,0.0,0.0
2023-10-25,156.94000244140625,157.41000366210938,155.1699981689453,155.8699951171875,137.4911346435547,10502400,0.0,0.0
2023-10-26,155.00999450683594,155.17999267578125,153.6300048828125,154.75,136.503173828125,10830400,0.0,0.0
2023-10-27,150.72000122070312,151.25,143.9600067138672,144.35000610351562,127.3294448852539,24524300,0.0,0.0
2023-10-30,145.66000366210938,146.44000244140625,144.32000732421875,146.08999633789062,128.86427307128906,13857100,0.0,0.0
2023-10-31,146.10000610351562,146.52000427246094,144.22999572753906,145.72999572753906,128.54673767089844,14261300,0.0,0.0
2023-11-01,145.97999572753906,146.00999450683594,143.82000732421875,143.97999572753906,127.00308990478516,10819600,0.0,0.0
2023-11-02,144.5399932861328,149.0,143.8300018310547,148.75999450683594,131.21946716308594,11099100,0.0,0.0
2023-11-03,148.3000030517578,148.55999755859375,146.14999389648438,147.61000061035156,130.205078125,13160000,0.0,0.0
2023-11-06,148.72999572753906,149.3300018310547,146.69000244140625,147.0,129.6669921875,10634200,0.0,0.0
2023-11-07,145.16000366210938,145.61000061035156,143.24000549316406,144.41000366210938,127.38243865966797,15054600,0.0,0.0
2023-11-08,143.8800048828125,144.64999389648438,142.25,142.39999389648438,125.6093978881836,12654100,0.0,0.0
2023-11-09,143.0500030517578,143.91000366210938,141.77999877929688,141.94000244140625,125.20365905761719,10359500,0.0,0.0
2023-11-10,143.2899932861328,143.44000244140625,141.72999572753906,142.9499969482422,126.09455871582031,11988200,0.0,0.0
2023-11-13,143.14999389648438,144.3000030517578,142.85000610351562,144.0,127.02072143554688,8747700,0.0,0.0
2023-11-14,144.47999572753906,145.5,143.86000061035156,145.0500030517578,127.94693756103516,11224400,0.0,0.0
2023-11-15,144.86000061035156,146.63999938964844,144.41000366210938,145.55999755859375,128.3968048095703,10052100,0.0,0.0
2023-11-16,143.02000427246094,143.50999450683594,140.74000549316406,141.77000427246094,126.36457061767578,14031300,1.51,0.0
2023-11-17,142.9499969482422,145.19000244140625,142.39999389648438,144.4600067138672,128.76220703125,11075600,0.0,0.0
2023-11-20,144.6300048828125,145.69000244140625,144.27000427246094,144.3800048828125,128.69090270996094,8062400,0.0,0.0
2023-11-21,143.8300018310547,144.3000030517578,142.6999969482422,144.0399932861328,128.38787841796875,6783300,0.0,0.0
2023-11-22,141.74000549316406,144.38999938964844,140.72000122070312,144.3300018310547,128.64637756347656,7216100,0.0,0.0
2023-11-24,144.3000030517578,145.94000244140625,144.1999969482422,144.89999389648438,129.15443420410156,3861000,0.0,0.0
2023-11-27,144.64999389648438,144.82000732421875,142.85000610351562,144.36000061035156,128.67308044433594,9850800,0.0,0.0
2023-11-28,144.77999877929688,146.52000427246094,144.05999755859375,145.50999450683594,129.69815063476562,9746500,0.0,0.0
2023-11-29,146.38999938964844,146.49000549316406,143.05999755859375,143.91000366210938,128.27203369140625,16417100,0.0,0.0
2023-11-30,144.97999572753906,146.00999450683594,142.02999877929688,143.60000610351562,127.9957046508789,16276000,0.0,0.0
2023-12-01,143.49000549316406,146.50999450683594,142.60000610351562,144.80999755859375,129.07420349121094,11906500,0.0,0.0
2023-12-04,144.0,145.6999969482422,143.25,144.8699951171875,129.127685546875,11842800,0.0,0.0
2023-12-05,144.75999450683594,145.07000732421875,142.6300048828125,142.86000061035156,127.33612060546875,9597600,0.0,0.0
2023-12-06,141.89999389648438,144.02999877929688,141.35000610351562,142.52999877929688,127.04196166992188,18079700,0.0,0.0
2023-12-07,143.50999450683594,144.00999450683594,140.99000549316406,142.4199981689453,126.94389343261719,14786700,0.0,0.0
2023-12-08,143.50999450683594,144.6699981689453,143.1199951171875,144.30999755859375,128.62855529785156,10821700,0.0,0.0
2023-12-11,144.83999633789062,145.39999389648438,143.82000732421875,144.35000610351562,128.66419982910156,9849600,0.0,0.0
2023-12-12,143.1699981689453,143.58999633789062,141.75,142.5,127.01520538330078,9863900,0.0,0.0
2023-12-13,142.1699981689453,144.67999267578125,141.64999389648438,144.61000061035156,128.8959503173828,10641300,0.0,0.0
2023-12-14,145.85000610351562,149.92999267578125,145.85000610351562,149.92999267578125,133.63784790039062,14960500,0.0,0.0
2023-12-15,147.32000732421875,149.82000732421875,147.32000732421875,149.35000610351562,133.12086486816406,30850900,0.0,0.0
2023-12-18,150.8300018310547,152.1199951171875,149.32000732421875,149.67999267578125,133.4149932861328,11561700,0.0,0.0
2023-12-19,149.9600067138672,151.8300018310547,149.49000549316406,151.63999938964844,135.16201782226562,8738100,0.0,0.0
2023-12-20,152.14999389648438,153.05999755859375,150.05999755859375,150.25,133.92308044433594,9370000,0.0,0.0
2023-12-21,150.77999877929688,150.8000030517578,149.22000122070312,150.7100067138672,134.33309936523438,7264700,0.0,0.0
2023-12-22,151.74000549316406,152.38999938964844,150.75,151.0500030517578,134.63612365722656,6396100,0.0,0.0
2023-12-26,152.07000732421875,153.00999450683594,151.89999389648438,152.41000366210938,135.84837341308594,5165600,0.0,0.0
2023-12-27,152.27000427246094,152.97000122070312,151.33999633789062,151.91000366210938,135.40267944335938,5337200,0.0,0.0
2023-12-28,151.17999267578125,152.02000427246094,149.39999389648438,149.77000427246094,133.49522399902344,8148000,0.0,0.0
2023-12-29,150.02999877929688,150.22999572753906,148.6699981689453,149.16000366210938,132.95152282714844,7658600,0.0,0.0
2024-01-02,149.99000549316406,151.47999572753906,149.24000549316406,149.47999572753906,133.2367401123047,8879700,0.0,0.0
2024-01-03,149.38999938964844,153.19000244140625,148.67999267578125,152.3300018310547,135.7770538330078,10255300,0.0,0.0
2024-01-04,153.66000366210938,154.35000610351562,150.58999633789062,150.66000366210938,134.2884979248047,8220300,0.0,0.0
2024-01-05,151.97999572753906,152.02999877929688,149.8300018310547,150.39999389648438,134.05677795410156,7455400,0.0,0.0
2024-01-08,148.4199981689453,149.6999969482422,146.5800018310547,149.5,133.2545928955078,10038200,0.0,0.0
2024-01-09,149.9499969482422,149.9499969482422,145.58999633789062,145.6999969482422,129.86749267578125,11784700,0.0,0.0
2024-01-10,146.02000427246094,146.02000427246094,144.11000061035156,144.5,128.7978973388672,8490400,0.0,0.0
2024-01-11,145.55999755859375,146.1699981689453,144.6199951171875,145.27999877929688,129.49313354492188,8612500,0.0,0.0
2024-01-12,147.8300018310547,148.5,146.1699981689453,147.27000427246094,131.26690673828125,9386900,0.0,0.0
2024-01-16,146.50999450683594,146.5800018310547,143.5800018310547,143.69000244140625,128.075927734375,9380400,0.0,0.0
2024-01-17,142.4199981689453,144.02000427246094,142.0399932861328,143.1199951171875,127.56787872314453,8167000,0.0,0.0
2024-01-18,143.0,143.19000244140625,139.6199951171875,141.82000732421875,126.40910339355469,11187800,0.0,0.0
2024-01-19,141.72999572753906,142.25,141.00999450683594,142.24000549316406,126.78345489501953,11192500,0.0,0.0
2024-01-22,141.91000366210938,142.66000366210938,140.9199981689453,142.49000549316406,127.00630950927734,9184600,0.0,0.0
2024-01-23,141.99000549316406,143.3300018310547,141.89999389648438,142.08999633789062,126.6497802734375,6767200,0.0,0.0
2024-01-24,142.6999969482422,144.97999572753906,142.22000122070312,144.9199981689453,129.1722869873047,8100000,0.0,0.0
2024-01-25,146.22000122070312,148.69000244140625,145.22999572753906,148.57000732421875,132.42564392089844,9773600,0.0,0.0
2024-01-26,148.02999877929688,149.25999450683594,146.97999572753906,149.13999938964844,132.93370056152344,9151900,0.0,0.0
2024-01-29,149.08999633789062,149.22000122070312,147.11000061035156,149.0800018310547,132.8802032470703,10494800,0.0,0.0
2024-01-30,148.17999267578125,150.30999755859375,147.7100067138672,150.1199951171875,133.8072052001953,9902900,0.0,0.0
2024-01-31,150.3699951171875,150.3800048828125,147.33999633789062,147.42999267578125,131.4095001220703,10428000,0.0,0.0
2024-02-01,148.19000244140625,149.02000427246094,146.52000427246094,147.88999938964844,131.81951904296875,8641100,0.0,0.0
2024-02-02,150.86000061035156,153.3800048828125,149.5500030517578,152.24000549316406,135.6968536376953,12839100,0.0,0.0
2024-02-05,151.6199951171875,153.50999450683594,150.7899932861328,152.3300018310547,135.7770538330078,8277800,0.0,0.0
2024-02-06,152.5,153.5399932861328,151.80999755859375,152.35000610351562,135.79489135742188,6198200,0.0,0.0
2024-02-07,153.02000427246094,153.77999877929688,151.1699981689453,152.1300048828125,135.59878540039062,6252000,0.0,0.0
2024-02-08,151.9499969482422,154.3000030517578,151.64999389648438,154.05999755859375,137.31906127929688,9237000,0.0,0.0
2024-02-09,154.4199981689453,155.32000732421875,150.97999572753906,151.0399932861328,134.627197265625,9194500,0.0,0.0
2024-02-12,151.6199951171875,152.61000061035156,151.38999938964844,152.0800018310547,135.55422973632812,6713000,0.0,0.0
2024-02-13,152.6199951171875,153.07000732421875,149.60000610351562,150.60000610351562,134.2350311279297,6987100,0.0,0.0
2024-02-14,151.27999877929688,152.1999969482422,150.0800018310547,151.00999450683594,134.60047912597656,5995100,0.0,0.0
2024-02-15,149.91000366210938,155.08999633789062,149.6699981689453,154.4600067138672,139.17788696289062,8950300,1.63,0.0
2024-02-16,155.3699951171875,155.77000427246094,154.08999633789062,154.6300048828125,139.3310546875,7570200,0.0,0.0
2024-02-20,155.47000122070312,155.61000061035156,153.8300018310547,154.0,138.76336669921875,6977900,0.0,0.0
2024-02-21,154.57000732421875,155.57000732421875,154.10000610351562,155.44000244140625,140.0609130859375,6628900,0.0,0.0
2024-02-22,154.82000732421875,156.6300048828125,153.8300018310547,155.42999267578125,140.05189514160156,8874900,0.0,0.0
2024-02-23,154.8699951171875,154.9199981689453,153.25,154.66000366210938,139.35809326171875,6561600,0.0,0.0
2024-02-26,154.5399932861328,155.5500030517578,153.8300018310547,154.4499969482422,139.16883850097656,6900800,0.0,0.0
2024-02-27,153.1999969482422,153.8800048828125,149.89999389648438,152.16000366210938,137.10545349121094,15093800,0.0,0.0
2024-02-28,152.36000061035156,153.86000061035156,151.77999877929688,152.33999633789062,137.2676239013672,6715900,0.0,0.0
2024-02-29,152.91000366210938,153.24000549316406,151.47999572753906,152.00999450683594,136.97027587890625,9334400,0.0,0.0
2024-03-01,153.0500030517578,154.35000610351562,152.25,152.80999755859375,137.6911163330078,7459100,0.0,0.0
2024-03-04,152.5,152.58999633789062,147.6699981689453,148.8800048828125,134.1499786376953,12503200,0.0,0.0
2024-03-05,148.8300018310547,150.6199951171875,148.3000030517578,149.58999633789062,134.78970336914062,6985500,0.0,0.0
2024-03-06,150.8300018310547,152.41000366210938,148.13999938964844,148.3300018310547,133.6543731689453,14692100,0.0,0.0
2024-03-07,148.5,150.75,148.4499969482422,149.3699951171875,134.59146118164062,8739300,0.0,0.0
2024-03-08,149.3699951171875,149.99000549316406,148.38999938964844,149.8800048828125,135.05101013183594,7528400,0.0,0.0
2024-03-11,150.5,152.0800018310547,149.58999633789062,152.0,136.96127319335938,7577100,0.0,0.0
2024-03-12,151.8300018310547,152.57000732421875,150.7899932861328,151.88999938964844,136.8621368408203,6432900,0.0,0.0
2024-03-13,153.24000549316406,154.8800048828125,153.14999389648438,153.88999938964844,138.6642608642578,8065600,0.0,0.0
2024-03-14,153.77000427246094,155.72999572753906,152.75999450683594,155.6999969482422,140.29518127441406,9047200,0.0,0.0
2024-03-15,155.19000244140625,157.0399932861328,154.4199981689453,155.5500030517578,140.16000366210938,20387200,0.0,0.0
2024-03-18,156.02999877929688,156.6699981689453,154.94000244140625,155.41000366210938,140.03387451171875,7242700,0.0,0.0
2024-03-19,155.3000030517578,156.83999633789062,155.00999450683594,156.6199951171875,141.12416076660156,7736700,0.0,0.0
2024-03-20,155.75999450683594,156.42999267578125,154.22999572753906,154.5500030517578,139.2589874267578,8449100,0.0,0.0
2024-03-21,154.9499969482422,155.69000244140625,154.41000366210938,154.86000061035156,139.53829956054688,7899100,0.0,0.0
2024-03-22,155.0800018310547,155.27999877929688,154.16000366210938,154.66000366210938,139.35809326171875,5974700,0.0,0.0
2024-03-25,155.47999572753906,157.30999755859375,155.27000427246094,156.47000122070312,140.989013671875,6058700,0.0,0.0
2024-03-26,156.52000427246094,156.86000061035156,154.64999389648438,155.27000427246094,139.90771484375,6677900,0.0,0.0
2024-03-27,154.8699951171875,156.44000244140625,154.85000610351562,156.35000610351562,140.88087463378906,7416900,0.0,0.0
2024-03-28,157.14999389648438,158.19000244140625,156.3699951171875,157.74000549316406,142.13336181640625,8331600,0.0,0.0
2024-04-01,158.27000427246094,159.58999633789062,156.94000244140625,159.0800018310547,143.3407745361328,6285700,0.0,0.0
2024-04-02,160.0500030517578,161.22000122070312,159.02000427246094,159.77999877929688,143.9715118408203,8815400,0.0,0.0
2024-04-03,160.10000610351562,160.9499969482422,159.72000122070312,160.44000244140625,144.56622314453125,7819700,0.0,0.0
2024-04-04,160.8000030517578,161.9499969482422,159.82000732421875,160.69000244140625,144.79147338867188,9269700,0.0,0.0
2024-04-05,161.3300018310547,162.1699981689453,159.86000061035156,161.60000610351562,145.61143493652344,7432800,0.0,0.0
2024-04-08,161.64999389648438,162.5,160.3300018310547,161.27000427246094,145.31407165527344,7253200,0.0,0.0
2024-04-09,161.85000610351562,162.52999877929688,160.4600067138672,162.0,145.97186279296875,6576200,0.0,0.0
2024-04-10,162.2100067138672,162.77000427246094,161.00999450683594,162.6699981689453,146.5756072998047,7525800,0.0,0.0
2024-04-11,163.6199951171875,163.6199951171875,159.8000030517578,161.88999938964844,145.87274169921875,7682500,0.0,0.0
2024-04-12,162.2899932861328,163.8699951171875,158.0399932861328,158.9600067138672,143.232666015625,11071000,0.0,0.0
2024-04-15,159.94000244140625,160.49000549316406,157.36000061035156,157.58999633789062,141.99819946289062,7236900,0.0,0.0
2024-04-16,157.3000030517578,157.80999755859375,155.4199981689453,156.27999877929688,140.81781005859375,5541900,0.0,0.0
2024-04-17,155.99000549316406,157.7100067138672,155.63999938964844,156.39999389648438,140.92591857910156,6733900,0.0,0.0
2024-04-18,157.13999938964844,158.0399932861328,156.38999938964844,157.57000732421875,141.98016357421875,4979200,0.0,0.0
2024-04-19,158.75,160.75,158.14999389648438,160.0,144.16973876953125,7734700,0.0,0.0
2024-04-22,159.9499969482422,162.6999969482422,158.44000244140625,161.9199981689453,145.89976501464844,6779200,0.0,0.0
2024-04-23,161.30999755859375,162.85000610351562,160.60000610351562,162.85000610351562,146.73776245117188,5597600,0.0,0.0
2024-04-24,161.8800048828125,163.83999633789062,161.4499969482422,163.57000732421875,147.38656616210938,7610300,0.0,0.0
2024-04-25,163.6999969482422,165.60000610351562,162.6699981689453,165.27999877929688,148.92735290527344,9702600,0.0,0.0
2024-04-26,165.22999572753906,166.97999572753906,163.3000030517578,165.88999938964844,149.47698974609375,9736400,0.0,0.0
2024-04-29,165.91000366210938,167.11000061035156,164.69000244140625,166.3300018310547,149.87347412109375,6364000,0.0,0.0
2024-04-30,165.97000122070312,166.1199951171875,160.9499969482422,161.27000427246094,145.31407165527344,8457300,0.0,0.0
2024-05-01,160.77999877929688,161.4499969482422,158.89999389648438,159.6300048828125,143.83636474609375,7713700,0.0,0.0
2024-05-02,160.41000366210938,161.77999877929688,159.88999938964844,160.72999572753906,144.8275146484375,8597100,0.0,0.0
2024-05-03,160.66000366210938,160.66000366210938,157.0399932861328,160.25,144.39503479003906,11664500,0.0,0.0
2024-05-06,160.72999572753906,164.02000427246094,160.72999572753906,162.3000030517578,146.24220275878906,8430300,0.0,0.0
2024-05-07,162.30999755859375,163.14999389648438,162.02000427246094,162.6699981689453,146.5756072998047,6869900,0.0,0.0
2024-05-08,161.9499969482422,163.0800018310547,161.5399932861328,162.5399932861328,146.45846557617188,6706400,0.0,0.0
2024-05-09,163.02000427246094,165.50999450683594,162.72999572753906,165.4499969482422,149.08053588867188,6683300,0.0,0.0
2024-05-10,166.0399932861328,166.4199981689453,165.02000427246094,165.82000732421875,149.41392517089844,5490900,0.0,0.0
2024-05-13,166.47999572753906,166.91000366210938,162.97999572753906,164.52999877929688,148.2515411376953,6848300,0.0,0.0
2024-05-14,164.33999633789062,165.1999969482422,163.02000427246094,163.61000061035156,147.42257690429688,4924000,0.0,0.0
2024-05-15,163.1300048828125,163.8000030517578,160.1699981689453,163.0500030517578,146.91798400878906,7603100,0.0,0.0
2024-05-16,161.52999877929688,162.0,160.47999572753906,161.08999633789062,146.61761474609375,6409400,1.63,0.0
2024-05-17,161.75,162.97000122070312,161.19000244140625,162.6699981689453,148.05567932128906,5497900,0.0,0.0
2024-05-20,162.72000122070312,163.0,161.07000732421875,161.13999938964844,146.66314697265625,4913800,0.0,0.0
2024-05-21,160.5800018310547,161.4600067138672,159.74000549316406,159.97000122070312,145.59828186035156,4783300,0.0,0.0
2024-05-22,159.52000427246094,159.52000427246094,156.52000427246094,157.57000732421875,143.41387939453125,6260500,0.0,0.0
2024-05-23,157.9199981689453,158.60000610351562,156.3300018310547,156.94000244140625,142.84046936035156,6718400,0.0,0.0
2024-05-24,158.0800018310547,158.97000122070312,157.3000030517578,157.75,143.57772827148438,4477700,0.0,0.0
2024-05-28,158.1199951171875,159.4199981689453,157.9499969482422,159.0399932861328,144.7517852783203,6928300,0.0,0.0
2024-05-29,158.02000427246094,158.49000549316406,156.44000244140625,156.89999389648438,142.8040771484375,5909600,0.0,0.0
2024-05-30,156.85000610351562,158.4600067138672,156.80999755859375,158.25999450683594,144.04188537597656,6369600,0.0,0.0
2024-05-31,158.6300048828125,162.5800018310547,158.50999450683594,162.3000030517578,147.71893310546875,10334200,0.0,0.0
2024-06-03,161.49000549316406,161.67999267578125,156.4600067138672,157.4600067138672,143.3137664794922,9009900,0.0,0.0
2024-06-04,155.72000122070312,156.35000610351562,154.11000061035156,156.1300048828125,142.10324096679688,6360500,0.0,0.0
2024-06-05,156.16000366210938,157.02000427246094,154.52999877929688,154.97999572753906,141.0565643310547,7058500,0.0,0.0
2024-06-06,154.5,156.02000427246094,153.38999938964844,155.92999267578125,141.9212188720703,5215100,0.0,0.0
2024-06-07,155.7100067138672,157.69000244140625,155.1300048828125,156.0800018310547,142.05772399902344,5887700,0.0,0.0
2024-06-10,156.41000366210938,158.1999969482422,156.32000732421875,156.74000549316406,142.658447265625,7074700,0.0,0.0
2024-06-11,156.1699981689453,156.75,154.47999572753906,156.49000549316406,142.43089294433594,5132000,0.0,0.0
2024-06-12,157.49000549316406,157.6300048828125,152.39999389648438,154.22000122070312,140.36483764648438,10017400,0.0,0.0
2024-06-13,153.77000427246094,154.08999633789062,152.22999572753906,152.83999633789062,139.10882568359375,6163000,0.0,0.0
2024-06-14,153.1300048828125,153.2899932861328,151.97000122070312,152.57000732421875,138.8630828857422,6159100,0.0,0.0
2024-06-17,152.5,153.92999267578125,151.92999267578125,153.19000244140625,139.4273681640625,6321400,0.0,0.0
2024-06-18,153.5500030517578,155.9499969482422,152.83999633789062,153.3300018310547,139.55477905273438,6942900,0.0,0.0
2024-06-20,153.7100067138672,157.41000366210938,153.25,156.63999938964844,142.56741333007812,8336000,0.0,0.0
2024-06-21,156.8000030517578,157.6699981689453,155.22000122070312,155.27999877929688,141.32962036132812,21289800,0.0,0.0
2024-06-24,156.27000427246094,159.5399932861328,156.19000244140625,159.30999755859375,144.99754333496094,7971600,0.0,0.0
2024-06-25,159.1199951171875,159.36000061035156,157.6699981689453,158.4600067138672,144.22390747070312,5985400,0.0,0.0
2024-06-26,158.4600067138672,158.4600067138672,155.7899932861328,155.9499969482422,141.9394073486328,8637800,0.0,0.0
2024-06-27,156.6999969482422,156.94000244140625,155.63999938964844,156.32000732421875,142.2761993408203,5568700,0.0,0.0
2024-06-28,157.52000427246094,158.5800018310547,156.1699981689453,156.4199981689453,142.3671875,11283400,0.0,0.0
2024-07-01,157.16000366210938,158.6999969482422,155.97999572753906,156.52000427246094,142.4582061767578,5584100,0.0,0.0
2024-07-02,157.67999267578125,157.72000122070312,155.4499969482422,156.75,142.66754150390625,7216800,0.0,0.0
2024-07-03,156.94000244140625,157.74000549316406,156.55999755859375,156.7100067138672,142.6311492919922,3264200,0.0,0.0
2024-07-05,156.5500030517578,156.5500030517578,153.67999267578125,154.30999755859375,140.44676208496094,6183100,0.0,0.0
2024-07-08,153.32000732421875,155.27999877929688,153.32000732421875,154.3300018310547,140.46495056152344,4990700,0.0,0.0
2024-07-09,153.0,154.75999450683594,152.35000610351562,152.97999572753906,139.23623657226562,5301600,0.0,0.0
2024-07-10,152.5,155.44000244140625,152.3000030517578,155.1300048828125,141.19309997558594,5416600,0.0,0.0
2024-07-11,155.0,156.67999267578125,154.22000122070312,155.25999450683594,141.3114013671875,8322500,0.0,0.0
2024-07-12,156.16000366210938,156.44000244140625,154.55999755859375,155.58999633789062,141.61175537109375,6446300,0.0,0.0
2024-07-15,156.9499969482422,159.52000427246094,156.3699951171875,158.0399932861328,143.84164428710938,5661200,0.0,0.0
2024-07-16,157.00999450683594,158.30999755859375,156.14999389648438,157.77000427246094,143.5959014892578,6924200,0.0,0.0
2024-07-17,158.5,161.47999572753906,158.2899932861328,161.22999572753906,146.7450408935547,7296600,0.0,0.0
2024-07-18,161.22999572753906,164.27999877929688,160.24000549316406,161.97000122070312,147.41856384277344,6577700,0.0,0.0
2024-07-19,162.47999572753906,162.6999969482422,158.41000366210938,159.14999389648438,144.8519287109375,6427700,0.0,0.0
2024-07-22,158.22000122070312,158.97999572753906,156.85000610351562,156.99000549316406,142.88600158691406,5577300,0.0,0.0
2024-07-23,156.35000610351562,156.60000610351562,153.83999633789062,154.08999633789062,140.24652099609375,6238700,0.0,0.0
2024-07-24,154.69000244140625,155.6999969482422,153.4199981689453,155.07000732421875,141.13848876953125,5971700,0.0,0.0
2024-07-25,155.3699951171875,158.25999450683594,154.6199951171875,157.5399932861328,143.38656616210938,5432100,0.0,0.0
2024-07-26,157.72999572753906,159.0399932861328,157.05999755859375,157.83999633789062,143.6595916748047,5232500,0.0,0.0
2024-07-29,158.25,158.25,154.86000061035156,156.60000610351562,142.53103637695312,5072000,0.0,0.0
2024-07-30,156.4600067138672,160.08999633789062,156.44000244140625,159.57000732421875,145.23419189453125,5740900,0.0,0.0
2024-07-31,161.69000244140625,161.69000244140625,160.0500030517578,160.47000122070312,146.0533447265625,6209200,0.0,0.0
2024-08-01,158.7100067138672,159.5,152.02999877929688,152.6199951171875,138.90858459472656,16689900,0.0,0.0
2024-08-02,151.1300048828125,152.0399932861328,147.02000427246094,148.5500030517578,135.20425415039062,13278600,0.0,0.0
2024-08-05,145.52000427246094,145.77000427246094,143.41000366210938,144.66000366210938,131.6636962890625,13037200,0.0,0.0
2024-08-06,144.49000549316406,145.08999633789062,143.1199951171875,143.22999572753906,130.36215209960938,9692700,0.0,0.0
2024-08-07,144.5800018310547,145.72999572753906,142.27999877929688,142.41000366210938,129.6158447265625,8867900,0.0,0.0
2024-08-08,143.07000732421875,144.82000732421875,142.7100067138672,144.49000549316406,131.5089874267578,7531100,0.0,0.0
2024-08-09,144.2100067138672,146.11000061035156,143.19000244140625,144.99000549316406,131.9640655517578,7653100,0.0,0.0
2024-08-12,145.83999633789062,146.74000549316406,139.69000244140625,145.02000427246094,131.9913787841797,8442200,0.0,0.0
2024-08-13,144.0800018310547,144.5500030517578,143.0500030517578,144.14999389648438,131.19952392578125,7794800,0.0,0.0
2024-08-14,144.38999938964844,145.24000549316406,143.42999267578125,144.6699981689453,131.67279052734375,5874200,0.0,0.0
2024-08-15,145.58999633789062,147.52000427246094,145.47999572753906,146.8000030517578,133.61146545410156,6304200,0.0,0.0
2024-08-16,146.0500030517578,147.6199951171875,145.63999938964844,147.27000427246094,134.0392303466797,6874400,0.0,0.0
2024-08-19,146.00999450683594,147.72999572753906,145.88999938964844,146.8300018310547,135.1344451904297,5967400,1.63,0.0
2024-08-20,146.3300018310547,146.50999450683594,144.55999755859375,144.69000244140625,133.16490173339844,7497600,0.0,0.0
2024-08-21,145.42999267578125,146.63999938964844,144.5500030517578,145.32000732421875,133.74472045898438,5985000,0.0,0.0
2024-08-22,145.35000610351562,146.3300018310547,145.1300048828125,145.72999572753906,134.12205505371094,4027000,0.0,0.0
2024-08-23,146.52999877929688,148.08999633789062,146.32000732421875,147.6199951171875,135.86151123046875,4824100,0.0,0.0
2024-08-26,148.97000122070312,150.08999633789062,147.5500030517578,148.5,136.67141723632812,5780300,0.0,0.0
2024-08-27,148.6699981689453,149.5500030517578,146.74000549316406,146.9499969482422,135.24488830566406,5100000,0.0,0.0
2024-08-28,146.44000244140625,147.13999938964844,145.47999572753906,146.0,134.3705596923828,5614400,0.0,0.0
2024-08-29,146.4600067138672,148.17999267578125,145.44000244140625,147.4199981689453,135.67745971679688,4466700,0.0,0.0
2024-08-30,146.22000122070312,148.0800018310547,145.6999969482422,147.9499969482422,136.16522216796875,6414800,0.0,0.0
2024-09-03,145.5500030517578,145.77000427246094,144.27999877929688,144.66000366210938,133.13729858398438,7944700,0.0,0.0
2024-09-04,144.63999938964844,145.52999877929688,141.6699981689453,142.07000732421875,130.75360107421875,9820700,0.0,0.0
2024-09-05,143.1699981689453,143.1699981689453,140.60000610351562,140.92999267578125,129.7043914794922,9371100,0.0,0.0
2024-09-06,141.07000732421875,142.11000061035156,137.8699951171875,138.55999755859375,127.52316284179688,7836400,0.0,0.0
2024-09-09,138.63999938964844,142.02000427246094,138.5399932861328,140.3000030517578,129.1245880126953,9892300,0.0,0.0
2024-09-10,140.89999389648438,141.0800018310547,137.08999633789062,138.22999572753906,127.2194595336914,8202500,0.0,0.0
2024-09-11,138.2100067138672,138.47999572753906,135.3699951171875,137.8800048828125,126.89735412597656,9534000,0.0,0.0
2024-09-12,138.22999572753906,139.47000122070312,137.4199981689453,139.2100067138672,128.12142944335938,6591500,0.0,0.0
2024-09-13,139.8699951171875,141.52999877929688,139.7100067138672,140.61000061035156,129.40989685058594,5900700,0.0,0.0
2024-09-16,141.69000244140625,143.1699981689453,141.07000732421875,142.08999633789062,130.7720184326172,6864300,0.0,0.0
2024-09-17,141.8000030517578,144.13999938964844,141.74000549316406,143.41000366210938,131.98684692382812,7338800,0.0,0.0
2024-09-18,143.32000732421875,145.60000610351562,143.19000244140625,143.9600067138672,132.4930419921875,6180300,0.0,0.0
2024-09-19,145.80999755859375,146.77999877929688,144.92999267578125,144.99000549316406,133.44100952148438,7247400,0.0,0.0
2024-09-20,145.22999572753906,145.91000366210938,143.44000244140625,145.67999267578125,134.07603454589844,23162900,0.0,0.0
2024-09-23,146.25,148.4199981689453,145.9499969482422,147.5399932861328,135.78785705566406,6960600,0.0,0.0
2024-09-24,148.8800048828125,149.10000610351562,146.91000366210938,147.4499969482422,135.70504760742188,6014200,0.0,0.0
2024-09-25,146.9499969482422,147.41000366210938,143.5,143.97000122070312,132.5022430419922,7888400,0.0,0.0
2024-09-26,140.89999389648438,143.22000122070312,140.6300048828125,141.99000549316406,130.67996215820312,8046200,0.0,0.0
2024-09-27,142.97999572753906,145.77000427246094,142.83999633789062,145.49000549316406,133.9011688232422,8049200,0.0,0.0
2024-09-30,145.3699951171875,147.47999572753906,144.27999877929688,147.27000427246094,135.53939819335938,7491700,0.0,0.0
2024-10-01,146.35000610351562,150.52000427246094,145.4499969482422,149.6999969482422,137.7758331298828,9489100,0.0,0.0
2024-10-02,151.67999267578125,152.27999877929688,149.25999450683594,150.9499969482422,138.92626953125,8105400,0.0,0.0
2024-10-03,151.30999755859375,152.1699981689453,150.02000427246094,151.25,139.20237731933594,6553300,0.0,0.0
2024-10-04,152.47999572753906,152.5,150.13999938964844,150.74000549316406,138.73300170898438,7892400,0.0,0.0
2024-10-07,151.5,152.75,150.69000244140625,151.1199951171875,139.0826873779297,5895900,0.0,0.0
2024-10-08,149.1999969482422,149.60000610351562,147.72999572753906,148.75,136.90150451660156,5892700,0.0,0.0
2024-10-09,147.50999450683594,150.3699951171875,147.36000061035156,149.64999389648438,137.7298126220703,4973500,0.0,0.0
2024-10-10,150.67999267578125,151.5500030517578,149.85000610351562,150.6199951171875,138.62257385253906,4420900,0.0,0.0
2024-10-11,150.3800048828125,152.3300018310547,150.25,151.4199981689453,139.3588104248047,5051300,0.0,0.0
2024-10-14,150.52000427246094,151.89999389648438,150.17999267578125,151.77999877929688,139.69017028808594,4214700,0.0,0.0
2024-10-15,148.8000030517578,149.9600067138672,147.55999755859375,147.72999572753906,135.96275329589844,6704600,0.0,0.0
2024-10-16,148.35000610351562,149.02999877929688,148.2100067138672,148.72999572753906,136.88308715820312,4303700,0.0,0.0
2024-10-17,149.25999450683594,151.3300018310547,148.97000122070312,151.1999969482422,139.15634155273438,6593100,0.0,0.0
2024-10-18,150.82000732421875,151.0800018310547,149.3800048828125,150.75,138.7421875,5208200,0.0,0.0
2024-10-21,152.0,152.47999572753906,150.49000549316406,150.8800048828125,138.86184692382812,5074000,0.0,0.0
2024-10-22,151.25,151.67999267578125,150.22000122070312,150.9199981689453,138.898681640625,4416400,0.0,0.0
2024-10-23,150.36000061035156,151.0,149.2899932861328,150.47999572753906,138.4936981201172,5248600,0.0,0.0
2024-10-24,151.1300048828125,151.4499969482422,149.3800048828125,150.4499969482422,138.46607971191406,5474300,0.0,0.0
2024-10-25,151.38999938964844,152.1199951171875,150.4600067138672,150.80999755859375,138.7974395751953,6839900,0.0,0.0
2024-10-28,148.25,150.6999969482422,148.16000366210938,150.5399932861328,138.54891967773438,8892000,0.0,0.0
2024-10-29,150.0399932861328,150.4199981689453,147.8699951171875,148.52000427246094,136.68983459472656,6014700,0.0,0.0
2024-10-30,149.0800018310547,149.64999389648438,147.66000366210938,148.0500030517578,136.2572479248047,5784000,0.0,0.0
2024-10-31,148.75999450683594,149.57000732421875,147.88999938964844,148.82000732421875,136.96595764160156,8400900,0.0,0.0
2024-11-01,152.47999572753906,155.92999267578125,151.6999969482422,153.07000732421875,140.8773956298828,11728000,0.0,0.0
2024-11-04,154.4199981689453,154.4199981689453,152.6199951171875,153.97000122070312,141.70571899414062,6130000,0.0,0.0
2024-11-05,154.52999877929688,154.6699981689453,152.5500030517578,153.41000366210938,141.19032287597656,5978900,0.0,0.0
2024-11-06,157.10000610351562,158.61000061035156,156.1199951171875,157.72000122070312,145.15699768066406,12118900,0.0,0.0
2024-11-07,157.94000244140625,158.00999450683594,156.39999389648438,156.77000427246094,144.28268432617188,8143200,0.0,0.0
2024-11-08,156.60000610351562,157.5800018310547,155.6699981689453,156.92999267578125,144.429931640625,6041500,0.0,0.0
2024-11-11,157.13999938964844,157.94000244140625,155.89999389648438,156.5,144.03416442871094,7771700,0.0,0.0
2024-11-12,157.3000030517578,157.47000122070312,155.1199951171875,155.2899932861328,142.92056274414062,5681900,0.0,0.0
2024-11-13,156.07000732421875,159.02000427246094,154.52999877929688,158.72000122070312,146.07737731933594,8824000,0.0,0.0
2024-11-14,159.83999633789062,161.8300018310547,159.67999267578125,161.8000030517578,148.9120330810547,10111200,0.0,0.0
2024-11-15,161.52000427246094,162.3800048828125,160.75999450683594,161.4199981689453,148.5623016357422,9022800,0.0,0.0
2024-11-18,160.55999755859375,161.52000427246094,159.07000732421875,160.75999450683594,149.46412658691406,6075400,1.63,0.0
2024-11-19,159.97999572753906,160.42999267578125,158.75,159.60000610351562,148.38565063476562,4657400,0.0,0.0
2024-11-20,159.91000366210938,161.44000244140625,159.77999877929688,161.3300018310547,149.99407958984375,6391300,0.0,0.0
2024-11-21,162.02000427246094,162.64999389648438,161.2899932861328,161.6300048828125,150.2729949951172,7945200,0.0,0.0
2024-11-22,161.50999450683594,162.61000061035156,161.14999389648438,162.36000061035156,150.9517059326172,7005900,0.0,0.0
2024-11-25,162.14999389648438,163.1699981689453,159.8300018310547,160.36000061035156,149.09222412109375,10702400,0.0,0.0
2024-11-26,162.30999755859375,162.94000244140625,161.39999389648438,162.52999877929688,151.10977172851562,7369500,0.0,0.0
2024-11-27,162.75999450683594,164.67999267578125,161.61000061035156,162.11000061035156,150.71926879882812,7674500,0.0,0.0
2024-11-29,162.25,162.75,160.66000366210938,161.92999267578125,150.5519256591797,5077000,0.0,0.0
2024-12-02,162.2899932861328,162.9499969482422,160.11000061035156,162.2100067138672,150.812255859375,6229600,0.0,0.0
2024-12-03,162.97999572753906,163.1999969482422,161.38999938964844,161.9199981689453,150.54261779785156,5900100,0.0,0.0
2024-12-04,161.8300018310547,161.83999633789062,157.86000061035156,158.32000732421875,147.1956024169922,7862700,0.0,0.0
2024-12-05,159.2899932861328,160.6699981689453,158.69000244140625,159.3300018310547,148.1345977783203,6358400,0.0,0.0
2024-12-06,158.75,158.8300018310547,155.1699981689453,155.24000549316406,144.33200073242188,9701700,0.0,0.0
2024-12-09,157.0,160.0800018310547,156.82000732421875,157.0800018310547,146.04273986816406,9404500,0.0,0.0
2024-12-10,159.05999755859375,159.52000427246094,156.6999969482422,157.0,145.9683380126953,9126200,0.0,0.0
2024-12-11,156.86000061035156,157.1699981689453,155.8000030517578,156.2100067138672,145.23385620117188,13764700,0.0,0.0
2024-12-12,155.8699951171875,156.52999877929688,154.27000427246094,154.7100067138672,143.83924865722656,7621500,0.0,0.0
2024-12-13,154.8699951171875,154.9600067138672,153.07000732421875,153.8699951171875,143.05825805664062,5816200,0.0,0.0
2024-12-16,153.88999938964844,153.88999938964844,149.25,149.36000061035156,138.86517333984375,11961200,0.0,0.0
2024-12-17,148.0,148.64999389648438,146.91000366210938,148.11000061035156,137.7030029296875,11909300,0.0,0.0
2024-12-18,147.75999450683594,148.6699981689453,143.97999572753906,144.0800018310547,133.95616149902344,10174500,0.0,0.0
2024-12-19,144.57000732421875,144.75999450683594,140.9499969482422,141.14999389648438,131.23204040527344,16544300,0.0,0.0
2024-12-20,140.82000732421875,142.85000610351562,140.5500030517578,142.85000610351562,132.81259155273438,32209200,0.0,0.0
2024-12-23,142.47999572753906,143.35000610351562,141.5399932861328,142.97000122070312,132.92416381835938,8156500,0.0,0.0
2024-12-24,143.10000610351562,144.0399932861328,142.25999450683594,143.83999633789062,133.73300170898438,3556100,0.0,0.0
2024-12-26,143.6699981689453,144.30999755859375,142.89999389648438,143.97999572753906,133.86318969726562,4492600,0.0,0.0
2024-12-27,144.2899932861328,145.7100067138672,143.38999938964844,144.0,133.88177490234375,5296500,0.0,0.0
2024-12-30,143.7899932861328,143.97999572753906,142.35000610351562,143.07000732421875,133.0171356201172,6194800,0.0,0.0
2024-12-31,143.52000427246094,145.33999633789062,143.32000732421875,144.83999633789062,134.66275024414062,6137800,0.0,0.0
2025-01-02,145.47999572753906,148.07000732421875,145.47999572753906,146.7100067138672,136.4013671875,7170300,0.0,0.0
2025-01-03,147.5399932861328,148.5,147.3000030517578,147.85000610351562,137.46128845214844,5809000,0.0,0.0
2025-01-06,148.39999389648438,150.3300018310547,146.8699951171875,147.25999450683594,136.9127197265625,5888700,0.0,0.0
2025-01-07,148.50999450683594,150.5,147.6300048828125,149.58999633789062,139.07899475097656,7736000,0.0,0.0
2025-01-08,148.0399932861328,151.17999267578125,148.02999877929688,150.3000030517578,139.73912048339844,7640900,0.0,0.0
2025-01-10,153.41000366210938,154.33999633789062,150.8699951171875,153.13999938964844,142.3795623779297,11074700,0.0,0.0
2025-01-13,154.10000610351562,157.35000610351562,154.0,155.35000610351562,144.4342803955078,11774100,0.0,0.0
2025-01-14,155.2100067138672,156.91000366210938,154.4600067138672,156.89999389648438,145.87533569335938,6830200,0.0,0.0
2025-01-15,156.8800048828125,158.69000244140625,156.3800048828125,158.3300018310547,147.20489501953125,7900000,0.0,0.0
2025-01-16,158.02999877929688,159.89999389648438,158.02999877929688,159.3800048828125,148.1811065673828,5578900,0.0,0.0
2025-01-17,159.1300048828125,161.77000427246094,158.8000030517578,161.47000122070312,150.12425231933594,9260400,0.0,0.0
2025-01-21,161.14999389648438,161.39999389648438,157.49000549316406,158.24000549316406,147.1212158203125,10131400,0.0,0.0
2025-01-22,157.67999267578125,158.44000244140625,156.27000427246094,156.41000366210938,145.41978454589844,7232200,0.0,0.0
2025-01-23,157.6300048828125,157.94000244140625,155.6199951171875,156.00999450683594,145.04788208007812,5979800,0.0,0.0
2025-01-24,156.4600067138672,157.47000122070312,155.27000427246094,155.64999389648438,144.71316528320312,8003800,0.0,0.0
2025-01-27,156.3300018310547,157.88999938964844,155.52000427246094,157.22999572753906,146.18215942382812,7141000,0.0,0.0
2025-01-28,157.7100067138672,158.9199981689453,155.17999267578125,156.2100067138672,145.23385620117188,6425400,0.0,0.0
2025-01-29,155.72000122070312,156.5800018310547,154.80999755859375,155.69000244140625,144.75038146972656,5630600,0.0,0.0
2025-01-30,156.55999755859375,157.4499969482422,155.52000427246094,156.32000732421875,145.33612060546875,6931900,0.0,0.0
2025-01-31,153.75999450683594,154.3699951171875,148.64999389648438,149.19000244140625,138.7071075439453,16726800,0.0,0.0
2025-02-03,149.0,150.86000061035156,147.8000030517578,149.33999633789062,138.8465576171875,7605000,0.0,0.0
2025-02-04,148.72000122070312,153.38999938964844,148.72000122070312,153.22000122070312,142.4539337158203,8458100,0.0,0.0
2025-02-05,152.99000549316406,153.8000030517578,152.2899932861328,152.99000549316406,142.24009704589844,6533700,0.0,0.0
2025-02-06,154.22000122070312,155.25999450683594,151.05999755859375,151.89999389648438,141.2266845703125,6420500,0.0,0.0
2025-02-07,152.47999572753906,153.80999755859375,151.9199981689453,152.6199951171875,141.89608764648438,4724900,0.0,0.0
2025-02-10,154.2899932861328,155.8000030517578,154.05999755859375,155.77000427246094,144.8247528076172,5653800,0.0,0.0
2025-02-11,156.35000610351562,158.7100067138672,156.1199951171875,157.44000244140625,146.37741088867188,6011800,0.0,0.0
2025-02-12,156.75,157.47000122070312,154.57000732421875,154.89999389648438,144.01588439941406,6693500,0.0,0.0
2025-02-13,154.77999877929688,156.4199981689453,153.32000732421875,155.8800048828125,144.92703247070312,7836400,0.0,0.0
2025-02-14,155.0800018310547,157.4499969482422,154.8800048828125,155.33999633789062,146.02687072753906,5828800,1.71,0.0
2025-02-18,155.33999633789062,157.30999755859375,154.77999877929688,156.16000366210938,146.7977294921875,5981500,0.0,0.0
2025-02-19,156.52000427246094,158.36000061035156,156.0,157.22999572753906,147.8035888671875,4945800,0.0,0.0
2025-02-20,157.5,158.9499969482422,157.07000732421875,158.7899932861328,149.27005004882812,6256200,0.0,0.0
2025-02-21,158.1300048828125,158.9499969482422,156.82000732421875,156.9199981689453,147.5121612548828,6689800,0.0,0.0
2025-02-24,157.08999633789062,158.3300018310547,156.75,157.88999938964844,148.4239959716797,5925000,0.0,0.0
2025-02-25,157.99000549316406,158.99000549316406,155.4600067138672,156.4199981689453,147.04212951660156,6810900,0.0,0.0
2025-02-26,156.6199951171875,156.69000244140625,154.39999389648438,155.13999938964844,145.83885192871094,6005200,0.0,0.0
2025-02-27,155.69000244140625,158.2899932861328,154.80999755859375,156.6699981689453,147.2771453857422,7517200,0.0,0.0
2025-02-28,156.6999969482422,158.6699981689453,154.9199981689453,158.6199951171875,149.1102294921875,8828500,0.0,0.0
2025-03-03,159.4600067138672,160.08999633789062,151.75999450683594,153.08999633789062,143.91175842285156,9059800,0.0,0.0
2025-03-04,151.2100067138672,154.14999389648438,150.0500030517578,152.0,142.88714599609375,8826300,0.0,0.0
2025-03-05,150.14999389648438,151.3699951171875,147.74000549316406,150.80999755859375,141.76846313476562,9288300,0.0,0.0
2025-03-06,150.50999450683594,153.3300018310547,149.47000122070312,152.9499969482422,143.78018188476562,7314700,0.0,0.0
2025-03-07,153.9499969482422,157.4499969482422,153.7100067138672,156.33999633789062,146.9669189453125,8562600,0.0,0.0
2025-03-10,157.19000244140625,160.3699951171875,156.1699981689453,157.57000732421875,148.12318420410156,11750300,0.0,0.0
2025-03-11,158.42999267578125,158.83999633789062,153.7899932861328,154.0800018310547,144.84243774414062,10466300,0.0,0.0
2025-03-12,153.63999938964844,154.7899932861328,152.22000122070312,152.6699981689453,143.5169677734375,9710200,0.0,0.0
2025-03-13,152.25999450683594,154.42999267578125,151.9199981689453,153.61000061035156,144.4005889892578,9022800,0.0,0.0
2025-03-14,153.99000549316406,157.24000549316406,153.00999450683594,157.02000427246094,147.6061553955078,6671500,0.0,0.0
2025-03-17,157.22000122070312,159.4499969482422,156.75999450683594,158.72000122070312,149.20423889160156,7615200,0.0,0.0
2025-03-18,159.74000549316406,161.08999633789062,158.82000732421875,160.80999755859375,151.1689453125,9289500,0.0,0.0
2025-03-19,160.97000122070312,164.5399932861328,160.89999389648438,164.0500030517578,154.21470642089844,11503900,0.0,0.0
2025-03-20,163.1300048828125,165.30999755859375,162.41000366210938,164.77000427246094,154.8915252685547,9545900,0.0,0.0
2025-03-21,164.49000549316406,164.88999938964844,163.11000061035156,164.75,154.87271118164062,21625500,0.0,0.0
2025-03-24,164.69000244140625,166.42999267578125,164.32000732421875,165.02000427246094,155.1265411376953,8068000,0.0,0.0
2025-03-25,166.0800018310547,167.82000732421875,165.11000061035156,165.94000244140625,155.99139404296875,7869200,0.0,0.0
2025-03-26,167.3699951171875,168.9600067138672,167.25,167.97000122070312,157.89967346191406,10076100,0.0,0.0
2025-03-27,167.25,168.22000122070312,165.85000610351562,166.64999389648438,156.6588134765625,6862700,0.0,0.0
2025-03-28,166.6999969482422,167.1300048828125,165.3000030517578,166.08999633789062,156.1324005126953,4923000,0.0,0.0
2025-03-31,166.19000244140625,168.9199981689453,166.1300048828125,167.2899932861328,157.2604522705078,10675300,0.0,0.0
2025-04-01,167.2899932861328,168.60000610351562,166.16000366210938,168.50999450683594,158.4073028564453,6378600,0.0,0.0
2025-04-02,167.39999389648438,167.97999572753906,165.85000610351562,166.47000122070312,156.48960876464844,7044900,0.0,0.0
2025-04-03,160.1199951171875,161.35000610351562,155.8000030517578,156.1199951171875,146.76010131835938,15501000,0.0,0.0
2025-04-04,151.75999450683594,152.4600067138672,142.75,143.27999877929688,134.68992614746094,20374700,0.0,0.0
2025-04-07,138.72999572753906,146.19000244140625,137.2899932861328,140.14999389648438,131.74755859375,17817000,0.0,0.0
2025-04-08,144.14999389648438,144.49000549316406,134.8699951171875,136.92999267578125,128.72061157226562,12904400,0.0,0.0
2025-04-09,135.02000427246094,147.47000122070312,133.8800048828125,146.02999877929688,137.27503967285156,16846800,0.0,0.0
2025-04-10,143.22000122070312,143.6300048828125,133.4499969482422,134.97999572753906,126.88751983642578,20991200,0.0,0.0
2025-04-11,135.00999450683594,137.1199951171875,132.0399932861328,135.6300048828125,127.49856567382812,17224400,0.0,0.0
2025-04-14,138.47999572753906,138.5399932861328,134.10000610351562,135.32000732421875,127.20716094970703,9628200,0.0,0.0
2025-04-15,134.32000732421875,136.6300048828125,134.25,134.5399932861328,126.4738998413086,9334800,0.0,0.0
2025-04-16,135.39999389648438,137.5500030517578,134.8000030517578,135.36000061035156,127.2447509765625,8637200,0.0,0.0
2025-04-17,136.69000244140625,140.24000549316406,136.4499969482422,137.8699951171875,129.60427856445312,8434400,0.0,0.0
2025-04-21,136.02000427246094,136.2899932861328,132.3300018310547,133.72999572753906,125.71247100830078,9967500,0.0,0.0
2025-04-22,135.25999450683594,138.24000549316406,134.94000244140625,137.3000030517578,129.0684356689453,7984700,0.0,0.0
2025-04-23,137.2100067138672,138.5500030517578,135.14999389648438,136.67999267578125,128.485595703125,10002000,0.0,0.0
2025-04-24,137.9199981689453,139.39999389648438,137.22000122070312,139.07000732421875,130.73231506347656,7745800,0.0,0.0
2025-04-25,138.3300018310547,139.0500030517578,137.25,138.72999572753906,130.41268920898438,6878500,0.0,0.0
2025-04-28,138.97000122070312,140.4600067138672,138.67999267578125,140.10000610351562,131.70059204101562,6715500,0.0,0.0
2025-04-29,138.69000244140625,140.00999450683594,138.57000732421875,139.3000030517578,130.9485321044922,7343800,0.0,0.0
2025-04-30,138.0,138.14999389648438,134.13999938964844,136.05999755859375,127.90276336669922,13858000,0.0,0.0
2025-05-01,135.4199981689453,137.9499969482422,135.1199951171875,136.25999450683594,128.0907745361328,10199800,0.0,0.0
2025-05-02,137.8800048828125,139.77999877929688,135.2899932861328,138.5,130.19650268554688,12393200,0.0,0.0
2025-05-05,136.77000427246094,137.0,135.17999267578125,135.5,127.37637329101562,9665000,0.0,0.0
2025-05-06,136.35000610351562,137.30999755859375,135.0399932861328,135.60000610351562,127.47036743164062,9916200,0.0,0.0
2025-05-07,136.07000732421875,136.3000030517578,134.6199951171875,135.7899932861328,127.64897155761719,8422100,0.0,0.0
2025-05-08,136.69000244140625,138.88999938964844,136.47000122070312,137.0399932861328,128.8240203857422,8669300,0.0,0.0
2025-05-09,138.89999389648438,139.3699951171875,137.6999969482422,138.49000549316406,130.1870880126953,5965700,0.0,0.0
2025-05-12,142.4499969482422,143.7100067138672,140.57000732421875,141.6199951171875,133.12942504882812,8028200,0.0,0.0
2025-05-13,141.52999877929688,143.22999572753906,140.9199981689453,142.35000610351562,133.815673828125,8536800,0.0,0.0
2025-05-14,141.75999450683594,142.22999572753906,140.72999572753906,141.6699981689453,133.17642211914062,6453600,0.0,0.0
2025-05-15,140.0,142.4600067138672,139.50999450683594,142.25999450683594,133.73104858398438,7545400,0.0,0.0
2025-05-16,142.6999969482422,143.0,140.6999969482422,142.10000610351562,133.5806884765625,8200100,0.0,0.0
2025-05-19,139.47000122070312,139.52000427246094,137.1199951171875,138.49000549316406,131.7728271484375,7713600,1.71,0.0
2025-05-20,138.2899932861328,138.75,137.02999877929688,137.27000427246094,130.61199951171875,6503900,0.0,0.0
2025-05-21,136.6199951171875,137.1300048828125,135.49000549316406,135.55999755859375,128.98492431640625,9073200,0.0,0.0
2025-05-22,134.99000549316406,135.99000549316406,133.77000427246094,135.2899932861328,128.72804260253906,8877600,0.0,0.0
2025-05-23,134.38999938964844,136.7899932861328,134.05999755859375,136.5399932861328,129.91738891601562,7025900,0.0,0.0
2025-05-27,137.3800048828125,137.97000122070312,136.41000366210938,137.8300018310547,131.1448211669922,8348900,0.0,0.0
2025-05-28,138.77999877929688,138.7899932861328,135.66000366210938,136.02000427246094,129.422607421875,6876300,0.0,0.0
2025-05-29,136.5,137.94000244140625,136.10000610351562,137.91000366210938,131.220947265625,7554300,0.0,0.0
2025-05-30,136.8800048828125,137.4499969482422,135.2100067138672,136.6999969482422,130.06961059570312,12858900,0.0,0.0
2025-06-02,138.49000549316406,138.69000244140625,136.42999267578125,137.83999633789062,131.15435791015625,9076600,0.0,0.0
2025-06-03,137.64999389648438,140.58999633789062,136.60000610351562,139.5500030517578,132.78140258789062,9001300,0.0,0.0
2025-06-04,139.4199981689453,140.6300048828125,137.3300018310547,137.3699951171875,130.70713806152344,8735600,0.0,0.0
2025-06-05,138.14999389648438,138.2899932861328,136.6999969482422,136.89999389648438,130.2599334716797,6342600,0.0,0.0
2025-06-06,138.08999633789062,140.61000061035156,138.08999633789062,140.2100067138672,133.40940856933594,6563500,0.0,0.0
2025-06-09,140.5500030517578,142.13999938964844,139.69000244140625,140.75999450683594,133.93270874023438,7159500,0.0,0.0
2025-06-10,142.22000122070312,144.94000244140625,141.91000366210938,143.35000610351562,136.39707946777344,9841500,0.0,0.0
2025-06-11,144.19000244140625,145.1199951171875,142.61000061035156,144.77999877929688,137.75772094726562,9256700,0.0,0.0
2025-06-12,144.5,145.1999969482422,143.42999267578125,144.97000122070312,137.9385223388672,6999400,0.0,0.0
2025-06-13,147.0800018310547,147.60000610351562,144.5399932861328,145.91000366210938,138.8329315185547,14148000,0.0,0.0
2025-06-16,145.72999572753906,146.8699951171875,143.74000549316406,146.02999877929688,138.9470977783203,10105100,0.0,0.0
2025-06-17,147.3300018310547,149.97999572753906,146.5,148.85000610351562,141.63034057617188,11330300,0.0,0.0
2025-06-18,149.44000244140625,150.1699981689453,147.6999969482422,148.19000244140625,141.00234985351562,9841900,0.0,0.0
2025-06-20,148.52000427246094,149.89999389648438,147.89999389648438,149.5500030517578,142.29637145996094,23705900,0.0,0.0
2025-06-23,152.1199951171875,152.14999389648438,146.32000732421875,146.86000061035156,139.73684692382812,10540600,0.0,0.0
2025-06-24,144.5399932861328,146.38999938964844,143.16000366210938,143.5500030517578,136.58740234375,10778400,0.0,0.0
2025-06-25,143.41000366210938,144.1999969482422,142.50999450683594,143.22999572753906,136.2829132080078,7386100,0.0,0.0
2025-06-26,143.6999969482422,145.0800018310547,143.39999389648438,144.44000244140625,137.43423461914062,7415700,0.0,0.0
2025-06-27,144.5500030517578,144.6699981689453,142.57000732421875,143.7899932861328,136.8157501220703,9213500,0.0,0.0
2025-06-30,143.0399932861328,144.10000610351562,142.39999389648438,143.19000244140625,136.24485778808594,6980300,0.0,0.0
2025-07-01,143.33999633789062,146.27000427246094,142.50999450683594,145.57000732421875,138.50941467285156,8508200,0.0,0.0
2025-07-02,147.00999450683594,148.00999450683594,145.47000122070312,147.97999572753906,140.8025360107422,8228700,0.0,0.0
2025-07-03,147.83999633789062,148.97999572753906,147.36000061035156,148.3699951171875,141.17361450195312,5173300,0.0,0.0
2025-07-07,147.39999389648438,148.1699981689453,145.5800018310547,147.39999389648438,140.25064086914062,9460900,0.0,0.0
2025-07-08,147.32000732421875,153.24000549316406,147.25999450683594,153.24000549316406,145.80738830566406,14082100,0.0,0.0
2025-07-09,152.94000244140625,153.9600067138672,152.47999572753906,153.02000427246094,145.5980682373047,9495900,0.0,0.0
2025-07-10,152.7899932861328,155.27999877929688,151.67999267578125,154.1699981689453,146.69229125976562,8395100,0.0,0.0
2025-07-11,154.2899932861328,155.88999938964844,153.57000732421875,155.30999755859375,147.77699279785156,8333200,0.0,0.0
2025-07-14,154.89999389648438,154.89999389648438,151.13999938964844,151.64999389648438,144.2945098876953,10706300,0.0,0.0
2025-07-15,151.60000610351562,152.30999755859375,150.25,150.69000244140625,143.38107299804688,7346300,0.0,0.0
2025-07-16,150.75999450683594,151.47999572753906,149.22000122070312,149.9199981689453,142.6484375,7923400,0.0,0.0
2025-07-17,149.16000366210938,151.83999633789062,148.60000610351562,151.3800048828125,144.03761291503906,8359600,0.0,0.0
2025-07-18,155.02000427246094,155.91000366210938,146.52999877929688,150.0399932861328,142.76260375976562,45782600,0.0,0.0
2025-07-21,151.1999969482422,151.6699981689453,149.1300048828125,149.67999267578125,142.42005920410156,17982200,0.0,0.0
2025-07-22,149.25999450683594,150.94000244140625,148.47999572753906,150.0399932861328,142.76260375976562,26196500,0.0,0.0
2025-07-23,150.91000366210938,153.13999938964844,150.47000122070312,153.1199951171875,145.69320678710938,13162800,0.0,0.0
2025-07-24,152.69000244140625,156.0,152.1999969482422,155.8300018310547,148.27178955078125,15701000,0.0,0.0
2025-07-25,155.8300018310547,156.1999969482422,153.9600067138672,154.83999633789062,147.32980346679688,7875500,0.0,0.0
2025-07-28,155.39999389648438,156.5500030517578,154.9499969482422,156.27999877929688,148.699951171875,8755400,0.0,0.0
2025-07-29,156.67999267578125,157.2100067138672,155.4499969482422,157.02999877929688,149.41357421875,6446000,0.0,0.0
2025-07-30,156.13999938964844,156.30999755859375,152.6999969482422,153.55999755859375,146.1118621826172,9191700,0.0,0.0
2025-07-31,152.0,153.92999267578125,151.13999938964844,151.63999938964844,144.28500366210938,10237100,0.0,0.0
2025-08-01,152.5399932861328,154.64999389648438,150.35000610351562,151.39999389648438,144.05662536621094,10706500,0.0,0.0
2025-08-04,151.25,152.0800018310547,149.82000732421875,151.0399932861328,143.714111328125,10116600,0.0,0.0
2025-08-05,151.02999877929688,153.10000610351562,149.89999389648438,153.0399932861328,145.6171112060547,8604100,0.0,0.0
2025-08-06,154.47999572753906,155.16000366210938,152.22000122070312,152.77999877929688,145.3697052001953,7840900,0.0,0.0
2025-08-07,153.7899932861328,155.14999389648438,152.8300018310547,153.16000366210938,145.7312774658203,6510400,0.0,0.0
2025-08-08,153.99000549316406,155.75,153.5,155.00999450683594,147.49154663085938,6332800,0.0,0.0
2025-08-11,155.33999633789062,155.92999267578125,152.99000549316406,153.4499969482422,146.0072021484375,6169700,0.0,0.0
2025-08-12,154.08999633789062,156.0500030517578,153.36000061035156,154.44000244140625,146.94920349121094,6641600,0.0,0.0
2025-08-13,154.57000732421875,156.00999450683594,154.1999969482422,155.8699951171875,148.30982971191406,6581900,0.0,0.0
2025-08-14,155.6999969482422,155.6999969482422,154.10000610351562,155.16000366210938,147.63427734375,7337300,0.0,0.0
2025-08-15,155.47999572753906,158.5399932861328,155.2899932861328,156.5500030517578,148.95684814453125,11617000,0.0,0.0
2025-08-18,156.1300048828125,156.49000549316406,154.75,155.32000732421875,147.78651428222656,8174300,0.0,0.0
2025-08-19,153.4600067138672,153.94000244140625,151.85000610351562,152.0,146.23753356933594,8567500,1.71,0.0
2025-08-20,152.4199981689453,153.49000549316406,151.92999267578125,153.22000122070312,147.4113006591797,8076300,0.0,0.0
2025-08-21,152.82000732421875,155.6699981689453,152.72999572753906,155.5500030517578,149.65296936035156,7533600,0.0,0.0
2025-08-22,155.32000732421875,158.7899932861328,155.32000732421875,158.17999267578125,152.18325805664062,9084300,0.0,0.0
2025-08-25,157.89999389648438,158.32000732421875,157.1699981689453,158.1999969482422,152.20249938964844,7030000,0.0,0.0
2025-08-26,157.50999450683594,160.0,156.5500030517578,157.36000061035156,151.3943328857422,10270000,0.0,0.0
2025-08-27,157.39999389648438,159.99000549316406,157.2100067138672,159.24000549316406,153.2030792236328,7483000,0.0,0.0
2025-08-28,159.00999450683594,159.52000427246094,157.85000610351562,159.32000732421875,153.28004455566406,6502000,0.0,0.0
2025-08-29,159.6999969482422,161.10000610351562,159.4499969482422,160.60000610351562,154.5115203857422,6934800,0.0,0.0
2025-09-02,160.47999572753906,161.86000061035156,159.3800048828125,161.8300018310547,155.69488525390625,8947300,0.0,0.0
2025-09-03,160.0,161.85000610351562,157.02000427246094,158.05999755859375,152.06781005859375,9556100,0.0,0.0
2025-09-04,158.05999755859375,159.64999389648438,157.5,157.69000244140625,151.7118377685547,7243000,0.0,0.0
2025-09-05,156.05999755859375,156.72000122070312,153.49000549316406,153.66000366210938,147.83460998535156,11011700,0.0,0.0
2025-09-08,153.91000366210938,155.02999877929688,152.8800048828125,154.0,148.16172790527344,9462000,0.0,0.0
2025-09-09,154.91000366210938,156.99000549316406,154.60000610351562,154.85000610351562,148.97950744628906,7769200,0.0,0.0
2025-09-10,155.0500030517578,157.9199981689453,155.0,157.7899932861328,151.8080291748047,7440800,0.0,0.0
2025-09-11,156.5,158.9199981689453,156.00999450683594,158.25,152.25059509277344,6417400,0.0,0.0
2025-09-12,158.85000610351562,159.77999877929688,157.10000610351562,157.11000061035156,151.15380859375,5546300,0.0,0.0
2025-09-15,157.3800048828125,158.32000732421875,156.5,157.30999755859375,151.3462371826172,5030500,0.0,0.0
2025-09-16,158.25,160.10000610351562,158.1199951171875,159.5399932861328,153.49168395996094,8011000,0.0,0.0
2025-09-17,159.1999969482422,160.6699981689453,158.61000061035156,160.08999633789062,154.02084350585938,5736800,0.0,0.0
2025-09-18,160.02999877929688,160.2899932861328,158.08999633789062,158.83999633789062,152.81822204589844,6244200,0.0,0.0
2025-09-19,159.0,159.0,155.5500030517578,156.2100067138672,150.28794860839844,16734000,0.0,0.0
2025-09-22,155.6199951171875,157.1199951171875,155.14999389648438,156.0500030517578,150.13401794433594,5244000,0.0,0.0
2025-09-23,157.1199951171875,159.8300018310547,156.99000549316406,157.4199981689453,151.4520721435547,7181400,0.0,0.0
2025-09-24,158.32000732421875,160.49000549316406,158.25,159.17999267578125,153.1453399658203,6285200,0.0,0.0
2025-09-25,159.44000244140625,161.00999450683594,159.35000610351562,160.72000122070312,154.62696838378906,6311000,0.0,0.0
2025-09-26,160.57000732421875,161.3000030517578,159.50999450683594,160.16000366210938,154.08819580078125,7015200,0.0,0.0
2025-09-29,159.1300048828125,159.1300048828125,155.55999755859375,156.10000610351562,150.18209838867188,8315100,0.0,0.0
2025-09-30,154.88999938964844,155.72999572753906,153.92999267578125,155.2899932861328,149.40280151367188,7755700,0.0,0.0
2025-10-01,154.8300018310547,155.08999633789062,153.19000244140625,154.5800018310547,148.71974182128906,6768400,0.0,0.0
2025-10-02,153.9600067138672,156.60000610351562,153.32000732421875,153.3699951171875,147.5555877685547,7562400,0.0,0.0
2025-10-03,153.5800018310547,154.27999877929688,152.22999572753906,153.5500030517578,147.72877502441406,7249300,0.0,0.0
2025-10-06,153.97000122070312,154.64999389648438,152.9199981689453,154.02000427246094,148.18096923828125,4778900,0.0,0.0
2025-10-07,153.64999389648438,154.9600067138672,151.27999877929688,154.91000366210938,149.0372314453125,5479600,0.0,0.0
2025-10-08,154.36000061035156,154.67999267578125,152.83999633789062,153.74000549316406,147.91159057617188,5678000,0.0,0.0
2025-10-09,154.1300048828125,154.97000122070312,151.55999755859375,151.63999938964844,145.89120483398438,6178600,0.0,0.0
2025-10-10,150.6999969482422,151.35000610351562,148.88999938964844,148.89999389648438,143.25506591796875,7796600,0.0,0.0
2025-10-13,150.0,151.97999572753906,149.42999267578125,151.94000244140625,146.1798095703125,5978800,0.0,0.0
2025-10-14,149.80999755859375,153.4600067138672,149.66000366210938,152.38999938964844,146.61277770996094,6419400,0.0,0.0
2025-10-15,152.89999389648438,154.2100067138672,151.0399932861328,152.11000061035156,146.3433837890625,5824900,0.0,0.0
2025-10-16,152.13999938964844,152.72999572753906,150.22999572753906,151.7100067138672,145.9585418701172,5276800,0.0,0.0
2025-10-17,152.25999450683594,154.19000244140625,152.1999969482422,153.0800018310547,147.276611328125,7735500,0.0,0.0
2025-10-20,153.42999267578125,154.72000122070312,153.17999267578125,154.47999572753906,148.62353515625,5676500,0.0,0.0
2025-10-21,154.74000549316406,155.2899932861328,153.2100067138672,153.7899932861328,147.9596710205078,6304900,0.0,0.0
2025-10-22,154.64999389648438,155.97999572753906,153.61000061035156,155.57000732421875,149.67221069335938,6036700,0.0,0.0
2025-10-23,158.1999969482422,158.58999633789062,156.1199951171875,156.55999755859375,150.62466430664062,9810900,0.0,0.0
2025-10-24,157.4199981689453,157.6300048828125,155.42999267578125,155.55999755859375,149.66256713867188,4979900,0.0,0.0
2025-10-27,155.8000030517578,156.5,154.8699951171875,155.27999877929688,149.3931884765625,4884400,0.0,0.0
2025-10-28,154.89999389648438,156.22999572753906,153.88999938964844,154.1300048828125,148.28680419921875,5066500,0.0,0.0
2025-10-29,153.86000061035156,156.14999389648438,153.86000061035156,155.10000610351562,149.2200164794922,7344400,0.0,0.0
2025-10-30,155.22999572753906,155.22999572753906,153.24000549316406,153.52000427246094,147.69992065429688,8971200,0.0,0.0
2025-10-31,155.72999572753906,159.17999267578125,155.11000061035156,157.72000122070312,151.74070739746094,11136100,0.0,0.0
2025-11-03,157.41000366210938,157.72000122070312,153.57000732421875,154.0399932861328,148.20021057128906,8512200,0.0,0.0
2025-11-04,153.42999267578125,153.75999450683594,152.14999389648438,153.38999938964844,147.57484436035156,6976800,0.0,0.0
2025-11-05,153.52999877929688,154.39999389648438,152.66000366210938,152.66000366210938,146.8725128173828,5894700,0.0,0.0
2025-11-06,152.91000366210938,154.7899932861328,152.67999267578125,152.94000244140625,147.14190673828125,6466300,0.0,0.0
2025-11-07,153.42999267578125,156.1699981689453,153.42999267578125,155.02000427246094,149.14306640625,9835900,0.0,0.0
2025-11-10,155.4199981689453,155.97999572753906,152.3699951171875,155.64999389648438,149.74917602539062,8436800,0.0,0.0
2025-11-11,156.75,157.99000549316406,155.89999389648438,156.24000549316406,150.31680297851562,6361400,0.0,0.0
2025-11-12,155.5800018310547,155.7899932861328,152.0800018310547,153.32000732421875,147.50750732421875,11670900,0.0,0.0
2025-11-13,154.0,156.1999969482422,153.92999267578125,155.5800018310547,149.6818084716797,7998700,0.0,0.0
2025-11-14,156.22999572753906,157.9499969482422,154.80999755859375,157.6199951171875,151.6444854736328,8484800,0.0,0.0
2025-11-17,157.72000122070312,157.88999938964844,154.44000244140625,154.82000732421875,148.95065307617188,8745000,0.0,0.0
2025-11-18,152.5,154.27999877929688,151.75999450683594,153.6199951171875,149.44679260253906,10813400,1.71,0.0
2025-11-19,151.16000366210938,151.9600067138672,150.25,151.6999969482422,147.57894897460938,7539900,0.0,0.0
2025-11-20,152.5399932861328,153.0399932861328,150.0500030517578,150.30999755859375,146.2266845703125,7623400,0.0,0.0
2025-11-21,150.44000244140625,151.00999450683594,148.75,149.97999572753906,145.90567016601562,9248400,0.0,0.0
2025-11-24,149.82000732421875,150.1199951171875,147.74000549316406,149.75,145.68191528320312,14181100,0.0,0.0
2025-11-25,148.89999389648438,149.89999389648438,148.27000427246094,148.52999877929688,144.49505615234375,11447900,0.0,0.0
2025-11-26,148.25999450683594,150.4600067138672,148.1999969482422,149.50999450683594,145.4484405517578,7578900,0.0,0.0
2025-11-28,149.4600067138672,151.52000427246094,149.25999450683594,151.1300048828125,147.02442932128906,3848600,0.0,0.0
2025-12-01,151.75,153.9499969482422,151.5,152.5399932861328,148.3961181640625,8209000,0.0,0.0
2025-12-02,152.02000427246094,152.4600067138672,149.25999450683594,150.25,146.1683349609375,9196300,0.0,0.0
2025-12-03,151.0399932861328,152.5,150.97999572753906,151.58999633789062,147.471923828125,8060200,0.0,0.0
2025-12-04,151.75,152.94000244140625,151.22000122070312,152.25999450683594,148.12371826171875,7254700,0.0,0.0
2025-12-05,152.0,152.6300048828125,149.8300018310547,150.0,145.9251251220703,12659800,0.0,0.0
2025-12-08,149.25,150.07000732421875,147.66000366210938,148.7100067138672,144.67018127441406,10237200,0.0,0.0
2025-12-09,149.0500030517578,150.10000610351562,148.22000122070312,148.49000549316406,144.45616149902344,8916700,0.0,0.0
2025-12-10,149.17999267578125,151.8000030517578,148.6999969482422,151.41000366210938,147.29681396484375,10976300,0.0,0.0
2025-12-11,150.8300018310547,151.94000244140625,150.10000610351562,150.72000122070312,146.6255645751953,8414200,0.0,0.0
2025-12-12,151.14999389648438,151.5500030517578,149.6300048828125,149.99000549316406,145.9154052734375,5848100,0.0,0.0
2025-12-15,149.83999633789062,150.10000610351562,148.42999267578125,149.8000030517578,145.73056030273438,7503000,0.0,0.0
2025-12-16,148.5399932861328,148.82000732421875,146.49000549316406,146.75,142.76339721679688,11290500,0.0,0.0
2025-12-17,147.5,149.8699951171875,147.35000610351562,149.52000427246094,145.4581756591797,8805300,0.0,0.0
2025-12-18,148.85000610351562,149.27000427246094,147.0800018310547,147.69000244140625,143.67788696289062,6998800,0.0,0.0
2025-12-19,147.9600067138672,149.00999450683594,147.19000244140625,147.75,143.73623657226562,21701400,0.0,0.0
2025-12-22,148.80999755859375,150.49000549316406,148.6999969482422,149.8000030517578,145.73056030273438,8143600,0.0,0.0
2025-12-23,150.0399932861328,151.0800018310547,149.85000610351562,150.50999450683594,146.4212646484375,4663700,0.0,0.0
2025-12-24,150.3800048828125,150.99000549316406,150.10000610351562,150.5,146.41156005859375,2227600,0.0,0.0
2025-12-26,150.3800048828125,151.13999938964844,149.64999389648438,150.02000427246094,145.944580078125,3706900,0.0,0.0
2025-12-29,151.0,151.63999938964844,150.08999633789062,150.99000549316406,146.8882293701172,5589100,0.0,0.0
2025-12-30,151.5,152.6699981689453,151.47000122070312,152.30999755859375,148.17236328125,5150500,0.0,0.0
2025-12-31,152.38999938964844,152.5500030517578,151.6699981689453,152.41000366210938,148.2696533203125,4953100,0.0,0.0
2026-01-02,152.1699981689453,155.89999389648438,151.25,155.89999389648438,151.6648406982422,6862100,0.0,0.0
2026-01-05,165.75,165.75,159.30999755859375,163.85000610351562,159.39889526367188,35094900,0.0,0.0
2026-01-06,164.8800048828125,165.0500030517578,156.11000061035156,156.5399932861328,152.28746032714844,20564900,0.0,0.0
2026-01-07,157.44000244140625,158.00999450683594,154.89999389648438,155.1999969482422,150.98387145996094,13537900,0.0,0.0
2026-01-08,155.5,160.44000244140625,155.2100067138672,159.25,154.923828125,12929600,0.0,0.0
2026-01-09,160.55999755859375,162.6999969482422,159.94000244140625,162.11000061035156,157.70616149902344,12549600,0.0,0.0
2026-01-12,162.6999969482422,163.55999755859375,160.7100067138672,162.33999633789062,157.9298858642578,9796800,0.0,0.0
2026-01-13,163.47000122070312,166.1300048828125,163.3000030517578,163.8699951171875,159.4183349609375,12068600,0.0,0.0
2026-01-14,164.10000610351562,169.3699951171875,164.10000610351562,167.24000549316406,162.69679260253906,16414900,0.0,0.0
2026-01-15,165.77000427246094,167.3300018310547,165.10000610351562,166.16000366210938,161.6461181640625,8097400,0.0,0.0
2026-01-16,166.58999633789062,167.2899932861328,165.80999755859375,166.25999450683594,161.743408203125,9745800,0.0,0.0
2026-01-20,166.7100067138672,167.64999389648438,165.14999389648438,165.3000030517578,160.8094940185547,11142500,0.0,0.0
2026-01-21,167.0,168.47999572753906,166.05999755859375,166.72999572753906,162.20062255859375,10918500,0.0,0.0
2026-01-22,166.25999450683594,167.55999755859375,165.72999572753906,166.66000366210938,162.13255310058594,8957400,0.0,0.0
2026-01-23,167.9499969482422,168.44000244140625,166.44000244140625,166.72000122070312,162.19091796875,8368700,0.0,0.0
2026-01-26,168.3300018310547,168.41000366210938,166.77000427246094,167.5,162.94972229003906,8912600,0.0,0.0
2026-01-27,167.77000427246094,169.35000610351562,166.64999389648438,169.0500030517578,164.45761108398438,9784900,0.0,0.0
2026-01-28,169.9600067138672,170.4199981689453,168.1999969482422,169.92999267578125,165.31370544433594,9200200,0.0,0.0
2026-01-29,172.64999389648438,174.9199981689453,171.0399932861328,171.19000244140625,166.53948974609375,16786600,0.0,0.0
2026-01-30,172.6199951171875,177.3000030517578,171.27000427246094,176.89999389648438,172.09437561035156,22946600,0.0,0.0
2026-02-02,173.44000244140625,176.27000427246094,172.64999389648438,174.02999877929688,169.3023223876953,14235300,0.0,0.0
2026-02-03,173.8800048828125,178.82000732421875,173.75,178.0399932861328,173.20338439941406,18425400,0.0,0.0
2026-02-04,178.8800048828125,182.58999633789062,178.8800048828125,181.22999572753906,176.3067169189453,16170500,0.0,0.0
2026-02-05,179.63999938964844,180.4600067138672,177.41000366210938,179.22999572753906,174.36105346679688,10474100,0.0,0.0
2026-02-06,180.3000030517578,182.10000610351562,179.50999450683594,180.86000061035156,175.94677734375,9901800,0.0,0.0
2026-02-09,181.00999450683594,182.82000732421875,179.9499969482422,182.60000610351562,177.6395263671875,12021300,0.0,0.0
2026-02-10,182.72999572753906,182.9499969482422,180.86000061035156,182.25999450683594,177.30874633789062,7458200,0.0,0.0
2026-02-11,183.94000244140625,186.52000427246094,183.5500030517578,185.82000732421875,180.77203369140625,10502100,0.0,0.0
2026-02-12,185.8000030517578,185.8000030517578,182.08999633789062,182.39999389648438,177.4449462890625,9673700,0.0,0.0
2026-02-13,182.5399932861328,184.83999633789062,181.72000122070312,183.74000549316406,178.74856567382812,9034700,0.0,0.0
2026-02-17,183.3000030517578,183.8000030517578,178.74000549316406,180.5500030517578,177.36343383789062,9849000,1.78,0.0
2026-02-18,183.22999572753906,183.9199981689453,181.97999572753906,183.8699951171875,180.62484741210938,10313400,0.0,0.0
2026-02-19,185.2899932861328,187.89999389648438,184.74000549316406,184.77999877929688,181.51876831054688,10773300,0.0,0.0
2026-02-20,184.58999633789062,184.88999938964844,182.32000732421875,183.92999267578125,180.68377685546875,9566200,0.0,0.0
2026-02-23,184.6699981689453,186.6300048828125,184.0500030517578,184.91000366210938,181.646484375,7047200,0.0,0.0
2026-02-24,185.2899932861328,185.9600067138672,183.85000610351562,185.33999633789062,182.0688934326172,7451800,0.0,0.0
2026-02-25,185.83999633789062,185.97999572753906,182.50999450683594,184.22000122070312,180.96865844726562,9440700,0.0,0.0
2026-02-26,182.89999389648438,186.25999450683594,181.75999450683594,184.16000366210938,180.90972900390625,7133800,0.0,0.0
2026-02-27,186.0,187.5500030517578,183.77000427246094,186.75999450683594,183.46383666992188,12035500,0.0,0.0
2026-03-02,190.3300018310547,191.44000244140625,187.22000122070312,189.60000610351562,186.2537078857422,15809100,0.0,0.0
2026-03-03,190.52000427246094,191.55999755859375,187.4199981689453,188.77000427246094,185.43836975097656,14004200,0.0,0.0
2026-03-04,187.4499969482422,188.4600067138672,184.14999389648438,186.02999877929688,182.74671936035156,11054400,0.0,0.0
2026-03-05,186.60000610351562,189.97000122070312,186.49000549316406,189.89999389648438,186.5484161376953,13567200,0.0,0.0
2026-03-06,190.8800048828125,192.41000366210938,188.1199951171875,189.94000244140625,186.58770751953125,13073100,0.0,0.0
2026-03-09,191.0,191.64999389648438,188.11000061035156,189.44000244140625,186.09652709960938,15987500,0.0,0.0
2026-03-10,188.6300048828125,189.17999267578125,185.63999938964844,186.2899932861328,183.0021209716797,11999600,0.0,0.0
2026-03-11,186.58999633789062,191.86000061035156,186.49000549316406,191.7899932861328,188.40505981445312,11371700,0.0,0.0
2026-03-12,192.5800018310547,198.8800048828125,191.77000427246094,196.97000122070312,193.49363708496094,27151800,0.0,0.0
2026-03-13,196.0,197.6300048828125,194.69000244140625,196.82000732421875,193.34629821777344,13017000,0.0,0.0
2026-03-16,196.60000610351562,197.83999633789062,195.5800018310547,196.83999633789062,193.3659210205078,12683900,0.0,0.0
2026-03-17,197.49000549316406,200.5800018310547,196.4600067138672,197.97000122070312,194.4759979248047,14018600,0.0,0.0
2026-03-18,199.22000122070312,200.72999572753906,198.50999450683594,198.61000061035156,195.1046905517578,13305000,0.0,0.0
2026-03-19,199.7899932861328,202.44000244140625,199.0,201.44000244140625,197.88475036621094,16918400,0.0,0.0
2026-03-20,201.39999389648438,205.0800018310547,201.0,201.72999572753906,198.16961669921875,35849500,0.0,0.0
2026-03-23,198.6300048828125,205.36000061035156,197.3699951171875,205.2100067138672,201.5882110595703,15735700,0.0,0.0
2026-03-24,206.0500030517578,209.7899932861328,205.80999755859375,206.7899932861328,203.14031982421875,16695500,0.0,0.0
2026-03-25,206.0,207.24000549316406,204.6199951171875,205.14999389648438,201.5292510986328,8865000,0.0,0.0
2026-03-26,206.02999877929688,209.2100067138672,205.16000366210938,207.7899932861328,204.12266540527344,11085600,0.0,0.0
2026-03-27,208.14999389648438,212.4600067138672,206.25,211.14999389648438,207.42335510253906,13907800,0.0,0.0
2026-03-30,213.25999450683594,214.7100067138672,210.2899932861328,210.7100067138672,206.99114990234375,10409000,0.0,0.0
2026-03-31,210.89999389648438,213.10000610351562,201.9600067138672,206.89999389648438,203.2483673095703,17403900,0.0,0.0
2026-04-01,201.99000549316406,204.77999877929688,194.91000366210938,197.41000366210938,193.92587280273438,23051900,0.0,0.0
2026-04-02,202.50999450683594,205.47999572753906,198.0399932861328,198.97000122070312,195.45834350585938,11528000,0.0,0.0
2026-04-06,198.5,199.77000427246094,196.35000610351562,198.86000061035156,195.35028076171875,8245700,0.0,0.0
2026-04-07,199.97000122070312,204.6199951171875,199.24000549316406,201.5399932861328,197.98297119140625,11672600,0.0,0.0
2026-04-08,191.41000366210938,193.1699981689453,188.60000610351562,192.88999938964844,189.4856414794922,17195400,0.0,0.0
2026-04-09,194.30999755859375,196.6699981689453,189.27000427246094,190.36000061035156,187.0002899169922,11634000,0.0,0.0
2026-04-10,189.7100067138672,190.9600067138672,186.47000122070312,188.5500030517578,185.2222442626953,11151400,0.0,0.0
2026-04-13,191.4499969482422,192.61000061035156,189.72000122070312,191.77999877929688,188.39523315429688,12000200,0.0,0.0
2026-04-14,188.60000610351562,189.1699981689453,184.60000610351562,187.02000427246094,183.71925354003906,12111000,0.0,0.0
2026-04-15,186.36000061035156,187.24000549316406,184.0399932861328,184.91000366210938,181.646484375,8661600,0.0,0.0
2026-04-16,185.6199951171875,188.22999572753906,185.33999633789062,188.14999389648438,184.8292999267578,8013200,0.0,0.0
2026-04-17,181.88999938964844,184.3000030517578,177.74000549316406,183.99000549316406,180.7427215576172,15720600,0.0,0.0
2026-04-20,184.5,186.27000427246094,182.8300018310547,183.25,180.01577758789062,9661100,0.0,0.0
2026-04-21,183.97000122070312,186.3699951171875,182.33999633789062,185.97999572753906,182.69760131835938,9799000,0.0,0.0
2026-04-22,187.27000427246094,189.4199981689453,186.1199951171875,186.32000732421875,183.03160095214844,8708300,0.0,0.0
2026-04-23,187.1199951171875,188.4199981689453,185.5,187.60000610351562,184.2890167236328,6684700,0.0,0.0
2026-04-24,185.22999572753906,186.4199981689453,183.1999969482422,185.2100067138672,181.94119262695312,9626700,0.0,0.0
2026-04-27,186.19000244140625,188.3699951171875,183.6699981689453,184.77999877929688,181.51876831054688,10836600,0.0,0.0
2026-04-28,188.27999877929688,189.9600067138672,186.5500030517578,188.36000061035156,185.0355987548828,10754900,0.0,0.0
2026-04-29,190.1300048828125,192.6199951171875,189.5,192.22000122070312,188.8274688720703,8644600,0.0,0.0
2026-04-30,190.25,194.1300048828125,188.5,193.30999755859375,189.8982391357422,11748600,0.0,0.0
2026-05-01,191.3000030517578,194.08999633789062,189.75,190.6300048828125,187.2655487060547,10435900,0.0,0.0
2026-05-04,190.85000610351562,193.7100067138672,187.97000122070312,192.27999877929688,188.8863983154297,8229500,0.0,0.0
2026-05-05,191.22000122070312,193.6699981689453,190.4499969482422,192.63999938964844,189.24005126953125,5642800,0.0,0.0
2026-05-06,185.58999633789062,186.77999877929688,183.13999938964844,185.16000366210938,181.89207458496094,11082900,0.0,0.0
2026-05-07,181.5800018310547,183.44000244140625,179.52999877929688,182.5,179.2790069580078,12194000,0.0,0.0
2026-05-08,182.0399932861328,182.72999572753906,180.74000549316406,181.6199951171875,178.41455078125,13053000,0.0,0.0
2026-05-11,183.0,185.1999969482422,183.0,184.74000549316406,181.4794921875,12042100,0.0,0.0
2026-05-12,186.5,186.88999938964844,184.66000366210938,185.9499969482422,182.66812133789062,8995100,0.0,0.0
2026-05-13,185.80999755859375,186.00999450683594,183.9600067138672,186.0,182.71725463867188,7554700,0.0,0.0
2026-05-14,186.19000244140625,187.57000732421875,185.25,186.63999938964844,183.345947265625,6222400,0.0,0.0
2026-05-15,188.60000610351562,191.5,187.89999389648438,191.10000610351562,187.72723388671875,11210800,0.0,0.0
2026-05-18,191.1699981689453,196.1999969482422,189.02999877929688,196.1199951171875,192.65863037109375,9869700,0.0,0.0
2026-05-19,194.92999267578125,198.8699951171875,193.47000122070312,197.25,195.54345703125,11819200,1.78,0.0
2026-05-20,196.25,198.19000244140625,191.27000427246094,191.3300018310547,189.6746826171875,14564900,0.0,0.0
2026-05-21,193.7899932861328,194.16000366210938,189.0,191.00999450683594,189.35743713378906,9051200,0.0,0.0
2026-05-22,190.3699951171875,192.0,189.8000030517578,191.42999267578125,189.7738037109375,7209600,0.0,0.0
2026-05-26,190.0,190.49000549316406,183.89999389648438,184.7100067138672,183.11195373535156,14264600,0.0,0.0
2026-05-27,181.85000610351562,183.72000122070312,180.6699981689453,182.39999389648438,180.82192993164062,9442800,0.0,0.0
2026-05-28,183.7100067138672,185.25999450683594,182.08999633789062,183.02999877929688,181.4464874267578,8725400,0.0,0.0
2026-05-29,182.72000122070312,182.97000122070312,180.39999389648438,182.4600067138672,180.8814239501953,13886500,0.0,0.0
2026-06-01,184.3800048828125,187.94000244140625,184.02000427246094,185.8300018310547,184.22225952148438,8850500,0.0,0.0
2026-06-02,184.8800048828125,188.4499969482422,184.8800048828125,187.5500030517578,185.92738342285156,6549800,0.0,0.0
2026-06-03,188.88999938964844,191.47999572753906,187.9600067138672,189.7100067138672,188.06869506835938,7983700,0.0,0.0
2026-06-04,189.0,190.10000610351562,187.6699981689453,188.35000610351562,186.720458984375,5163200,0.0,0.0
2026-06-05,189.05999755859375,189.61000061035156,186.58999633789062,187.30999755859375,185.689453125,6310900,0.0,0.0
2026-06-08,188.6999969482422,191.02999877929688,188.5,189.24000549316406,187.60276794433594,6113000,0.0,0.0
2026-06-09,188.5,189.3800048828125,185.47000122070312,186.75999450683594,185.1442108154297,8469900,0.0,0.0
2026-06-10,189.19000244140625,192.69000244140625,188.22999572753906,189.8000030517578,188.1579132080078,10041800,0.0,0.0
2026-06-11,191.80999755859375,192.25,185.5500030517578,185.82000732421875,184.2123565673828,9274100,0.0,0.0
2026-06-12,185.0800018310547,188.39999389648438,184.36000061035156,187.22000122070312,185.60023498535156,8703400,0.0,0.0
2026-06-15,178.89999389648438,181.6699981689453,177.75999450683594,180.39999389648438,178.8392333984375,10184900,0.0,0.0
2026-06-16,178.6199951171875,180.25,178.3300018310547,180.11000061035156,178.55174255371094,6663500,0.0,0.0
2026-06-17,179.00999450683594,180.0800018310547,177.10000610351562,177.5800018310547,176.04364013671875,8430000,0.0,0.0
2026-06-18,175.63999938964844,175.63999938964844,172.22999572753906,173.6300048828125,172.1278076171875,19146100,0.0,0.0
2026-06-22,174.0800018310547,175.4499969482422,172.86000061035156,175.05999755859375,173.54544067382812,11108900,0.0,0.0
2026-06-23,175.77999877929688,176.39999389648438,174.6999969482422,175.97999572753906,174.4574737548828,6555300,0.0,0.0
2026-06-24,173.88999938964844,173.99000549316406,170.86000061035156,171.4499969482422,169.9666748046875,10634600,0.0,0.0
2026-06-25,170.22000122070312,172.77000427246094,169.27000427246094,172.24000549316406,170.74984741210938,7954200,0.0,0.0
2026-06-26,172.24000549316406,172.25,169.92999267578125,171.05999755859375,169.58004760742188,13102200,0.0,0.0
2026-06-29,171.3699951171875,171.60000610351562,168.3699951171875,168.47000122070312,167.012451171875,8813700,0.0,0.0
2026-06-30,169.6999969482422,170.4600067138672,165.1999969482422,165.75999450683594,164.32589721679688,19428800,0.0,0.0
2026-07-01,164.77999877929688,167.47000122070312,164.77999877929688,165.69000244140625,164.25650024414062,9175500,0.0,0.0
2026-07-02,168.27999877929688,169.5500030517578,167.39999389648438,169.1999969482422,167.7361297607422,9561800,0.0,0.0
2026-07-06,168.86000061035156,169.25999450683594,167.16000366210938,168.10000610351562,166.64566040039062,9974300,0.0,0.0
2026-07-07,170.13999938964844,174.61000061035156,170.0,174.00999450683594,172.5045166015625,9748900,0.0,0.0
2026-07-08,176.8000030517578,178.5800018310547,174.9499969482422,175.97000122070312,174.44757080078125,9921800,0.0,0.0
2026-07-09,174.6300048828125,175.58999633789062,173.89999389648438,174.0500030517578,172.54417419433594,6582400,0.0,0.0
2026-07-10,174.97000122070312,176.4199981689453,173.50999450683594,176.39999389648438,174.87384033203125,5996600,0.0,0.0
2026-07-13,179.02000427246094,182.3800048828125,179.02000427246094,182.1999969482422,180.6236572265625,7685100,0.0,0.0
2026-07-14,182.75,183.36000061035156,180.6300048828125,181.75999450683594,180.18746948242188,6823300,0.0,0.0
2026-07-15,182.1699981689453,182.39999389648438,178.5800018310547,181.60000610351562,180.02886962890625,6665700,0.0,0.0
2026-07-16,182.57000732421875,184.8300018310547,181.9499969482422,183.86000061035156,182.26930236816406,6257600,0.0,0.0
2026-07-17,187.47000122070312,188.14999389648438,185.5,187.3800048828125,185.75885009765625,7058300,0.0,0.0
2026-07-20,186.2899932861328,190.35000610351562,185.92999267578125,189.7100067138672,188.06869506835938,7767000,0.0,0.0
2026-07-21,190.5,191.25999450683594,189.32000732421875,191.07000732421875,189.41693115234375,6892400,0.0,0.0
2026-07-22,193.39999389648438,193.6999969482422,191.94000244140625,192.97999572753906,191.31039428710938,6142400,0.0,0.0
2026-07-23,196.3000030517578,197.69000244140625,194.02000427246094,194.4199981689453,192.73794555664062,8150000,0.0,0.0
2026-07-24,194.4600067138672,196.8699951171875,193.8000030517578,194.7899932861328,193.104736328125,6700400,0.0,0.0
2026-07-27,188.6699981689453,192.49000549316406,188.6699981689453,190.0,188.35618591308594,7369200,0.0,0.0
2026-07-28,191.47000122070312,191.97000122070312,186.72999572753906,187.5800018310547,185.95712280273438,7406800,0.0,0.0
2026-07-29,192.5,193.55999755859375,190.77999877929688,191.86000061035156,190.20008850097656,8101200,0.0,0.0
2026-07-30,189.91000366210938,193.1199951171875,189.30999755859375,192.30999755859375,190.6461944580078,6645000,0.0,0.0
2026-07-31,195.11000061035156,197.5500030517578,191.5399932861328,196.8300018310547,195.12709045410156,9958100,0.0,0.0
2026-08-03,195.3800048828125,195.86000061035156,191.80999755859375,193.17999267578125,191.5086669921875,9544100,0.0,0.0
2026-08-04,190.14999389648438,191.47000122070312,186.33999633789062,190.39999389648438,188.75271606445312,9455900,0.0,0.0
2026-08-05,191.19000244140625,191.3800048828125,186.27000427246094,186.41000366210938,184.7972412109375,8260600,0.0,0.0
2026-08-06,188.97000122070312,189.77999877929688,187.02000427246094,189.22999572753906,187.59283447265625,7182100,0.0,0.0
2026-08-07,186.2100067138672,187.75,185.8699951171875,186.55999755859375,184.94593811035156,7098800,0.0,0.0
2026-08-10,188.8800048828125,194.99000549316406,188.8800048828125,194.91000366210938,193.2237091064453,13667300,0.0,0.0
2026-08-11,194.25,197.4600067138672,194.25,196.66000366210938,194.9585723876953,6049800,0.0,0.0
2026-08-12,195.22000122070312,197.39999389648438,194.5800018310547,196.60000610351562,194.8990936279297,7366200,0.0,0.0
2026-08-13,195.0,198.10000610351562,193.75,197.6999969482422,195.98956298828125,5908900,0.0,0.0
2026-08-14,198.8699951171875,201.6300048828125,198.36000061035156,200.0,198.26966857910156,7910500,0.0,0.0
2026-08-17,200.72999572753906,203.67999267578125,199.8000030517578,202.6999969482422,200.94630432128906,8357800,0.0,0.0
2026-08-18,205.02999877929688,206.22000122070312,203.7100067138672,205.74000549316406,203.9600067138672,7701600,0.0,0.0
2026-08-19,205.0500030517578,207.67999267578125,204.25999450683594,205.75999450683594,205.75999450683594,8689900,1.78,0.0
2026-08-20,208.89999389648438,208.97999572753906,205.52000427246094,205.77000427246094,205.77000427246094,8200600,0.0,0.0
2026-08-21,205.92999267578125,207.82000732421875,205.00999450683594,205.27000427246094,205.27000427246094,7359100,0.0,0.0
2026-08-24,203.6699981689453,205.3000030517578,201.75,203.08999633789062,203.08999633789062,5853900,0.0,0.0
2026-08-25,201.02999877929688,202.05999755859375,199.7899932861328,199.88999938964844,199.88999938964844,8176800,0.0,0.0
2026-08-26,198.72999572753906,202.38999938964844,198.1199951171875,200.2100067138672,200.2100067138672,6863100,0.0,0.0
2026-08-27,199.57000732421875,200.8800048828125,197.82000732421875,199.77000427246094,199.77000427246094,8112300,0.0,0.0
2026-08-28,199.97999572753906,202.24000549316406,199.55999755859375,201.86000061035156,201.86000061035156,5301000,0.0,0.0
2026-08-31,206.0800018310547,208.4199981689453,203.83999633789062,206.13999938964844,206.13999938964844,12067400,0.0,0.0
2026-09-01,209.0,211.0800018310547,207.8000030517578,211.0500030517578,211.0500030517578,8551500,0.0,0.0
2026-09-02,210.49000549316406,212.7899932861328,209.4600067138672,211.77999877929688,211.77999877929688,7595300,0.0,0.0
2026-09-03,212.3800048828125,213.1999969482422,211.1699981689453,211.32000732421875,211.32000732421875,6668200,0.0,0.0
2026-09-04,209.50999450683594,209.86000061035156,207.1199951171875,208.60000610351562,208.60000610351562,5458400,0.0,0.0
2026-09-08,211.25,213.30999755859375,209.17999267578125,209.8000030517578,209.8000030517578,7703900,0.0,0.0
