date,Open,High,Low,Close,Adj Close,Volume,Dividends,Stock Splits,Capital Gains
2023-01-03,68.63999938964844,69.6500015258789,67.12000274658203,67.63999938964844,67.63999938964844,3339700,0.0,0.0,0.0
2023-01-04,65.58000183105469,65.58000183105469,63.97999954223633,64.30000305175781,64.30000305175781,4215300,0.0,0.0,0.0
2023-01-05,64.31999969482422,65.75,63.93000030517578,64.77999877929688,64.77999877929688,3555500,0.0,0.0,0.0
2023-01-06,65.81999969482422,66.18000030517578,64.45999908447266,64.83000183105469,64.83000183105469,2994000,0.0,0.0,0.0
2023-01-09,66.48999786376953,67.33000183105469,65.44999694824219,65.87999725341797,65.87999725341797,2941100,0.0,0.0,0.0
2023-01-10,66.2699966430664,66.68000030517578,65.22000122070312,65.9000015258789,65.9000015258789,2000400,0.0,0.0,0.0
2023-01-11,67.23999786376953,68.22000122070312,66.45999908447266,68.05000305175781,68.05000305175781,3545100,0.0,0.0,0.0
2023-01-12,69.12000274658203,69.31999969482422,68.41999816894531,68.61000061035156,68.61000061035156,2616300,0.0,0.0,0.0
2023-01-13,69.30000305175781,70.08999633789062,68.91999816894531,70.05000305175781,70.05000305175781,2503300,0.0,0.0,0.0
2023-01-17,70.86000061035156,71.13999938964844,69.45999908447266,70.86000061035156,70.86000061035156,3796500,0.0,0.0,0.0
2023-01-18,71.58999633789062,72.02999877929688,69.3499984741211,69.51000213623047,69.51000213623047,3172700,0.0,0.0,0.0
2023-01-19,70.19000244140625,71.13999938964844,69.69000244140625,70.58999633789062,70.58999633789062,2814900,0.0,0.0,0.0
2023-01-20,70.86000061035156,71.55999755859375,69.97000122070312,71.55000305175781,71.55000305175781,2438400,0.0,0.0,0.0
2023-01-23,71.81999969482422,72.25,71.29000091552734,71.5,71.5,1661100,0.0,0.0,0.0
2023-01-24,71.58999633789062,71.66000366210938,69.87999725341797,70.22000122070312,70.22000122070312,1653200,0.0,0.0,0.0
2023-01-25,70.41000366210938,71.08999633789062,69.63999938964844,70.51000213623047,70.51000213623047,1613200,0.0,0.0,0.0
2023-01-26,71.6500015258789,71.76000213623047,70.2699966430664,70.93000030517578,70.93000030517578,1481400,0.0,0.0,0.0
2023-01-27,71.73999786376953,71.77999877929688,69.19999694824219,69.5,69.5,3185000,0.0,0.0,0.0
2023-01-30,68.68000030517578,69.87000274658203,68.02999877929688,68.0999984741211,68.0999984741211,2345800,0.0,0.0,0.0
2023-01-31,67.86000061035156,69.37000274658203,67.66999816894531,69.31999969482422,69.31999969482422,1391600,0.0,0.0,0.0
2023-02-01,69.20999908447266,69.41000366210938,66.76000213623047,67.36000061035156,67.36000061035156,3538500,0.0,0.0,0.0
2023-02-02,66.98999786376953,67.48999786376953,65.9000015258789,66.56999969482422,66.56999969482422,2561500,0.0,0.0,0.0
2023-02-03,66.7300033569336,68.38999938964844,64.3499984741211,64.4000015258789,64.4000015258789,4875300,0.0,0.0,0.0
2023-02-06,65.06999969482422,65.52999877929688,63.66999816894531,65.5,65.5,2694200,0.0,0.0,0.0
2023-02-07,65.83000183105469,67.8499984741211,65.81999969482422,67.76000213623047,67.76000213623047,3598100,0.0,0.0,0.0
2023-02-08,68.4000015258789,68.79000091552734,67.61000061035156,68.68000030517578,68.68000030517578,2052000,0.0,0.0,0.0
2023-02-09,67.87999725341797,68.5,67.12000274658203,67.91999816894531,67.91999816894531,2430700,0.0,0.0,0.0
2023-02-10,69.0199966430664,69.9000015258789,68.94999694824219,69.87000274658203,69.87000274658203,2817200,0.0,0.0,0.0
2023-02-13,69.37999725341797,70.43000030517578,69.06999969482422,69.5,69.5,3458200,0.0,0.0,0.0
2023-02-14,68.22000122070312,69.62999725341797,68.01000213623047,69.4000015258789,69.4000015258789,1601500,0.0,0.0,0.0
2023-02-15,68.79000091552734,69.38999938964844,67.80000305175781,69.0199966430664,69.0199966430664,1907600,0.0,0.0,0.0
2023-02-16,68.81999969482422,69.38999938964844,68.41999816894531,68.44999694824219,68.44999694824219,2369700,0.0,0.0,0.0
2023-02-17,66.36000061035156,67.26000213623047,66.01000213623047,67.0199966430664,67.0199966430664,3851700,0.0,0.0,0.0
2023-02-21,67.5,67.81999969482422,66.54000091552734,66.69000244140625,66.69000244140625,2432700,0.0,0.0,0.0
2023-02-22,66.4000015258789,66.66999816894531,64.88999938964844,64.91999816894531,64.91999816894531,3495600,0.0,0.0,0.0
2023-02-23,66.22000122070312,66.6500015258789,65.69999694824219,66.37999725341797,66.37999725341797,2136800,0.0,0.0,0.0
2023-02-24,65.55999755859375,67.1500015258789,65.11000061035156,67.0999984741211,67.0999984741211,2593400,0.0,0.0,0.0
2023-02-27,66.62999725341797,66.76000213623047,65.7300033569336,66.25,66.25,3024800,0.0,0.0,0.0
2023-02-28,67.80000305175781,67.93000030517578,67.16000366210938,67.20999908447266,67.20999908447266,1886400,0.0,0.0,0.0
2023-03-01,67.13999938964844,68.12000274658203,66.7300033569336,68.06999969482422,68.06999969482422,2577600,0.0,0.0,0.0
2023-03-02,68.44000244140625,68.76000213623047,67.88999938964844,68.30000305175781,68.30000305175781,1623900,0.0,0.0,0.0
2023-03-03,67.19000244140625,69.91000366210938,67.13999938964844,69.86000061035156,69.86000061035156,5179300,0.0,0.0,0.0
2023-03-06,69.29000091552734,70.5199966430664,69.05000305175781,70.48999786376953,70.48999786376953,3977800,0.0,0.0,0.0
2023-03-07,70.13999938964844,70.22000122070312,67.55999755859375,67.8499984741211,67.8499984741211,5071200,0.0,0.0,0.0
2023-03-08,67.12999725341797,67.8499984741211,66.77999877929688,67.0999984741211,67.0999984741211,3018100,0.0,0.0,0.0
2023-03-09,67.9000015258789,68.38999938964844,66.16999816894531,66.23999786376953,66.23999786376953,2436600,0.0,0.0,0.0
2023-03-10,66.37000274658203,67.55999755859375,66.19999694824219,67.13999938964844,67.13999938964844,2989500,0.0,0.0,0.0
2023-03-13,64.51000213623047,66.81999969482422,64.06999969482422,65.25,65.25,5203900,0.0,0.0,0.0
2023-03-14,64.0199966430664,65.31999969482422,62.34000015258789,62.93000030517578,62.93000030517578,6367400,0.0,0.0,0.0
2023-03-15,60.2599983215332,60.970001220703125,57.939998626708984,60.02000045776367,60.02000045776367,13746500,0.0,0.0,0.0
2023-03-16,58.720001220703125,61.09000015258789,58.040000915527344,60.04999923706055,60.04999923706055,8441800,0.0,0.0,0.0
2023-03-17,59.939998626708984,60.02000045776367,57.83000183105469,58.65999984741211,58.65999984741211,9071700,0.0,0.0,0.0
2023-03-20,58.72999954223633,59.869998931884766,58.04999923706055,59.790000915527344,59.790000915527344,5391600,0.0,0.0,0.0
2023-03-21,60.540000915527344,61.31999969482422,60.11000061035156,61.22999954223633,61.22999954223633,3975100,0.0,0.0,0.0
2023-03-22,61.38999938964844,62.66999816894531,60.91999816894531,61.61000061035156,61.61000061035156,3512800,0.0,0.0,0.0
2023-03-23,62.5099983215332,63.02000045776367,60.900001525878906,60.9900016784668,60.9900016784668,2635500,0.0,0.0,0.0
2023-03-24,60.310001373291016,61.25,59.84000015258789,60.959999084472656,60.959999084472656,3721100,0.0,0.0,0.0
2023-03-27,62.2400016784668,64.2699966430664,61.86000061035156,64.1500015258789,64.1500015258789,8701200,0.0,0.0,0.0
2023-03-28,63.7599983215332,64.9800033569336,63.7599983215332,64.55000305175781,64.55000305175781,4149500,0.0,0.0,0.0
2023-03-29,65.01000213623047,65.3499984741211,64.0,64.1500015258789,64.1500015258789,2593100,0.0,0.0,0.0
2023-03-30,64.80999755859375,65.54000091552734,64.19000244140625,65.31999969482422,65.31999969482422,3295100,0.0,0.0,0.0
2023-03-31,65.91999816894531,66.5,65.26000213623047,66.44000244140625,66.44000244140625,2730700,0.0,0.0,0.0
2023-04-03,69.93000030517578,70.69999694824219,69.62999725341797,70.2699966430664,70.2699966430664,8377900,0.0,0.0,0.0
2023-04-04,71.12999725341797,71.12999725341797,69.58000183105469,70.2699966430664,70.2699966430664,3592700,0.0,0.0,0.0
2023-04-05,70.48999786376953,70.55000305175781,69.68000030517578,70.23999786376953,70.23999786376953,3015000,0.0,0.0,0.0
2023-04-06,70.3499984741211,70.48999786376953,69.7699966430664,70.26000213623047,70.26000213623047,2839300,0.0,0.0,0.0
2023-04-10,70.2300033569336,70.79000091552734,69.62000274658203,69.76000213623047,69.76000213623047,2884600,0.0,0.0,0.0
2023-04-11,70.08000183105469,71.20999908447266,69.97000122070312,71.06999969482422,71.06999969482422,3346800,0.0,0.0,0.0
2023-04-12,71.73999786376953,72.6500015258789,71.61000061035156,72.43000030517578,72.43000030517578,4474100,0.0,0.0,0.0
2023-04-13,72.36000061035156,72.62999725341797,71.6500015258789,71.80000305175781,71.80000305175781,2790900,0.0,0.0,0.0
2023-04-14,72.05999755859375,72.44999694824219,71.33999633789062,72.08999633789062,72.08999633789062,3170400,0.0,0.0,0.0
2023-04-17,71.66000366210938,71.8499984741211,70.4800033569336,70.83999633789062,70.83999633789062,2985700,0.0,0.0,0.0
2023-04-18,70.91999816894531,71.36000061035156,70.08999633789062,70.7300033569336,70.7300033569336,1468800,0.0,0.0,0.0
2023-04-19,69.72000122070312,69.9800033569336,68.86000061035156,69.30000305175781,69.30000305175781,3621100,0.0,0.0,0.0
2023-04-20,67.86000061035156,68.33999633789062,67.51000213623047,67.5999984741211,67.5999984741211,3486800,0.0,0.0,0.0
2023-04-21,68.58000183105469,68.72000122070312,67.91000366210938,68.20999908447266,68.20999908447266,2620200,0.0,0.0,0.0
2023-04-24,68.29000091552734,69.5999984741211,68.11000061035156,69.25,69.25,1924400,0.0,0.0,0.0
2023-04-25,68.54000091552734,68.56999969482422,67.26000213623047,67.62000274658203,67.62000274658203,2262600,0.0,0.0,0.0
2023-04-26,67.18000030517578,67.83000183105469,65.19999694824219,65.36000061035156,65.36000061035156,5692100,0.0,0.0,0.0
2023-04-27,65.83000183105469,66.20999908447266,65.16000366210938,65.80999755859375,65.80999755859375,2752700,0.0,0.0,0.0
2023-04-28,65.8499984741211,67.5999984741211,65.52999877929688,67.5,67.5,3043600,0.0,0.0,0.0
2023-05-01,66.33999633789062,66.93000030517578,65.62000274658203,66.55000305175781,66.55000305175781,2939000,0.0,0.0,0.0
2023-05-02,65.4800033569336,65.5,62.9900016784668,63.04999923706055,63.04999923706055,6535700,0.0,0.0,0.0
2023-05-03,61.310001373291016,61.38999938964844,60.15999984741211,60.310001373291016,60.310001373291016,12166700,0.0,0.0,0.0
2023-05-04,60.5,61.65999984741211,59.779998779296875,60.70000076293945,60.70000076293945,4997400,0.0,0.0,0.0
2023-05-05,62.72999954223633,63.34000015258789,62.61000061035156,63.029998779296875,63.029998779296875,4700000,0.0,0.0,0.0
2023-05-08,64.75,64.88999938964844,64.05000305175781,64.26000213623047,64.26000213623047,3454600,0.0,0.0,0.0
2023-05-09,63.84000015258789,65.1500015258789,63.099998474121094,64.87000274658203,64.87000274658203,5831500,0.0,0.0,0.0
2023-05-10,64.80000305175781,64.80000305175781,63.59000015258789,64.38999938964844,64.38999938964844,2683700,0.0,0.0,0.0
2023-05-11,63.2599983215332,63.619998931884766,62.619998931884766,63.25,63.25,4023300,0.0,0.0,0.0
2023-05-12,63.209999084472656,63.5,61.939998626708984,62.06999969482422,62.06999969482422,4070800,0.0,0.0,0.0
2023-05-15,62.70000076293945,63.459999084472656,62.369998931884766,62.9900016784668,62.9900016784668,4837800,0.0,0.0,0.0
2023-05-16,63.11000061035156,63.540000915527344,62.45000076293945,62.540000915527344,62.540000915527344,1987100,0.0,0.0,0.0
2023-05-17,63.869998931884766,64.98999786376953,63.060001373291016,64.5999984741211,64.5999984741211,4276000,0.0,0.0,0.0
2023-05-18,64.31999969482422,64.4000015258789,63.58000183105469,64.04000091552734,64.04000091552734,2496600,0.0,0.0,0.0
2023-05-19,64.61000061035156,64.66000366210938,63.25,63.900001525878906,63.900001525878906,2490200,0.0,0.0,0.0
2023-05-22,63.59000015258789,64.33000183105469,63.36000061035156,63.90999984741211,63.90999984741211,1645000,0.0,0.0,0.0
2023-05-23,64.63999938964844,65.4000015258789,64.5,64.87000274658203,64.87000274658203,3409700,0.0,0.0,0.0
2023-05-24,65.95999908447266,66.23999786376953,64.94000244140625,65.66000366210938,65.66000366210938,3775800,0.0,0.0,0.0
2023-05-25,64.45999908447266,64.69999694824219,63.209999084472656,64.08999633789062,64.08999633789062,4322700,0.0,0.0,0.0
2023-05-26,64.9000015258789,64.98999786376953,64.36000061035156,64.80000305175781,64.80000305175781,2145100,0.0,0.0,0.0
2023-05-30,62.849998474121094,62.970001220703125,61.70000076293945,62.29999923706055,62.29999923706055,6442600,0.0,0.0,0.0
2023-05-31,61.47999954223633,62.09000015258789,60.61000061035156,60.630001068115234,60.630001068115234,4040700,0.0,0.0,0.0
2023-06-01,60.65999984741211,63.369998931884766,60.630001068115234,62.54999923706055,62.54999923706055,3631400,0.0,0.0,0.0
2023-06-02,64.0999984741211,64.36000061035156,63.459999084472656,64.1500015258789,64.1500015258789,6937900,0.0,0.0,0.0
2023-06-05,65.37000274658203,65.41000366210938,64.0199966430664,64.02999877929688,64.02999877929688,3038400,0.0,0.0,0.0
2023-06-06,63.08000183105469,64.43000030517578,63.0099983215332,63.790000915527344,63.790000915527344,2569500,0.0,0.0,0.0
2023-06-07,64.48999786376953,65.20999908447266,64.20999908447266,64.70999908447266,64.70999908447266,3520500,0.0,0.0,0.0
2023-06-08,64.88999938964844,64.94000244140625,61.81999969482422,63.459999084472656,63.459999084472656,8579200,0.0,0.0,0.0
2023-06-09,63.63999938964844,64.19000244140625,62.790000915527344,62.93000030517578,62.93000030517578,3354100,0.0,0.0,0.0
2023-06-12,61.0,61.22999954223633,60.02000045776367,60.2400016784668,60.2400016784668,5985300,0.0,0.0,0.0
2023-06-13,62.09000015258789,62.650001525878906,61.9900016784668,62.13999938964844,62.13999938964844,3473500,0.0,0.0,0.0
2023-06-14,63.0,63.20000076293945,61.2599983215332,61.83000183105469,61.83000183105469,4818600,0.0,0.0,0.0
2023-06-15,62.209999084472656,63.77000045776367,62.13999938964844,63.40999984741211,63.40999984741211,3445600,0.0,0.0,0.0
2023-06-16,63.47999954223633,64.52999877929688,63.279998779296875,64.3499984741211,64.3499984741211,2974000,0.0,0.0,0.0
2023-06-20,63.75,63.959999084472656,62.61000061035156,63.91999816894531,63.91999816894531,2313600,0.0,0.0,0.0
2023-06-21,63.83000183105469,65.08999633789062,63.70000076293945,65.04000091552734,65.04000091552734,2725500,0.0,0.0,0.0
2023-06-22,63.150001525878906,63.650001525878906,62.13999938964844,62.52000045776367,62.52000045776367,3875200,0.0,0.0,0.0
2023-06-23,61.040000915527344,62.4900016784668,60.970001220703125,62.41999816894531,62.41999816894531,2413600,0.0,0.0,0.0
2023-06-26,62.150001525878906,63.13999938964844,62.08000183105469,62.72999954223633,62.72999954223633,2084500,0.0,0.0,0.0
2023-06-27,62.33000183105469,62.630001068115234,61.099998474121094,61.29999923706055,61.29999923706055,2610100,0.0,0.0,0.0
2023-06-28,61.470001220703125,62.939998626708984,60.869998931884766,62.52000045776367,62.52000045776367,2461500,0.0,0.0,0.0
2023-06-29,62.75,63.63999938964844,62.25,62.959999084472656,62.959999084472656,1992200,0.0,0.0,0.0
2023-06-30,63.349998474121094,63.970001220703125,63.150001525878906,63.54999923706055,63.54999923706055,3133400,0.0,0.0,0.0
2023-07-03,63.81999969482422,64.11000061035156,63.119998931884766,63.38999938964844,63.38999938964844,1220800,0.0,0.0,0.0
2023-07-05,64.66000366210938,64.8499984741211,63.900001525878906,64.62999725341797,64.62999725341797,2965600,0.0,0.0,0.0
2023-07-06,64.33000183105469,64.55999755859375,63.119998931884766,64.44000244140625,64.44000244140625,2372000,0.0,0.0,0.0
2023-07-07,64.13999938964844,66.05000305175781,64.13999938964844,65.8499984741211,65.8499984741211,2784600,0.0,0.0,0.0
2023-07-10,65.62999725341797,66.30999755859375,65.16000366210938,65.54000091552734,65.54000091552734,2449000,0.0,0.0,0.0
2023-07-11,66.02999877929688,67.05000305175781,65.88999938964844,67.02999877929688,67.02999877929688,2346500,0.0,0.0,0.0
2023-07-12,67.62000274658203,67.97000122070312,67.26000213623047,67.87000274658203,67.87000274658203,3046200,0.0,0.0,0.0
2023-07-13,67.79000091552734,69.0999984741211,67.52999877929688,69.08999633789062,69.08999633789062,3608700,0.0,0.0,0.0
2023-07-14,68.52999877929688,68.56999969482422,67.36000061035156,67.47000122070312,67.47000122070312,2400600,0.0,0.0,0.0
2023-07-17,66.8499984741211,67.4000015258789,66.52999877929688,66.58000183105469,66.58000183105469,2280800,0.0,0.0,0.0
2023-07-18,66.79000091552734,68.12000274658203,66.6500015258789,67.95999908447266,67.95999908447266,2547400,0.0,0.0,0.0
2023-07-19,68.38999938964844,68.91999816894531,67.48999786376953,67.69000244140625,67.69000244140625,1935000,0.0,0.0,0.0
2023-07-20,68.33000183105469,68.48999786376953,67.12999725341797,68.05000305175781,68.05000305175781,2031400,0.0,0.0,0.0
2023-07-21,68.5199966430664,69.30999755859375,68.16999816894531,68.98999786376953,68.98999786376953,2993300,0.0,0.0,0.0
2023-07-24,69.61000061035156,70.93000030517578,69.29000091552734,70.69000244140625,70.69000244140625,2420200,0.0,0.0,0.0
2023-07-25,70.4000015258789,71.41000366210938,70.2699966430664,71.16000366210938,71.16000366210938,2340100,0.0,0.0,0.0
2023-07-26,70.58999633789062,71.30999755859375,70.41000366210938,70.66000366210938,70.66000366210938,1384300,0.0,0.0,0.0
2023-07-27,71.16000366210938,71.98999786376953,70.72000122070312,71.43000030517578,71.43000030517578,1807200,0.0,0.0,0.0
2023-07-28,71.31999969482422,72.23999786376953,70.87000274658203,72.08999633789062,72.08999633789062,1751500,0.0,0.0,0.0
2023-07-31,72.75,73.29000091552734,72.55999755859375,73.16999816894531,73.16999816894531,2068900,0.0,0.0,0.0
2023-08-01,72.68000030517578,73.19000244140625,72.16999816894531,72.95999908447266,72.95999908447266,1480900,0.0,0.0,0.0
2023-08-02,72.66999816894531,72.73999786376953,70.87999725341797,71.4800033569336,71.4800033569336,3170000,0.0,0.0,0.0
2023-08-03,71.69999694824219,73.25,71.69999694824219,73.13999938964844,73.13999938964844,2921700,0.0,0.0,0.0
2023-08-04,73.22000122070312,74.29000091552734,72.94000244140625,73.79000091552734,73.79000091552734,2016600,0.0,0.0,0.0
2023-08-07,73.76000213623047,73.87000274658203,73.04000091552734,73.81999969482422,73.81999969482422,1858800,0.0,0.0,0.0
2023-08-08,72.47000122070312,74.2699966430664,72.04000091552734,74.05999755859375,74.05999755859375,4218700,0.0,0.0,0.0
2023-08-09,74.77999877929688,75.36000061035156,74.20999908447266,75.0999984741211,75.0999984741211,4777100,0.0,0.0,0.0
2023-08-10,74.66000366210938,75.08999633789062,73.95999908447266,74.19999694824219,74.19999694824219,3443900,0.0,0.0,0.0
2023-08-11,74.13999938964844,74.80999755859375,73.94999694824219,74.25,74.25,3137800,0.0,0.0,0.0
2023-08-14,73.69000244140625,74.22000122070312,73.3499984741211,73.80999755859375,73.80999755859375,3545400,0.0,0.0,0.0
2023-08-15,73.25,73.26000213623047,72.18000030517578,72.62000274658203,72.62000274658203,3907500,0.0,0.0,0.0
2023-08-16,72.9000015258789,73.1500015258789,71.29000091552734,71.37000274658203,71.37000274658203,3789600,0.0,0.0,0.0
2023-08-17,72.56999969482422,72.81999969482422,71.91999816894531,71.9800033569336,71.9800033569336,2647600,0.0,0.0,0.0
2023-08-18,72.18000030517578,73.05999755859375,71.91000366210938,72.79000091552734,72.79000091552734,2734900,0.0,0.0,0.0
2023-08-21,73.41999816894531,73.51000213623047,72.41999816894531,72.58000183105469,72.58000183105469,2085600,0.0,0.0,0.0
2023-08-22,72.76000213623047,72.87000274658203,72.05999755859375,72.27999877929688,72.27999877929688,1655000,0.0,0.0,0.0
2023-08-23,70.80000305175781,72.0,70.43000030517578,71.36000061035156,71.36000061035156,3836900,0.0,0.0,0.0
2023-08-24,70.87999725341797,71.7300033569336,70.44999694824219,71.41000366210938,71.41000366210938,2368700,0.0,0.0,0.0
2023-08-25,72.62000274658203,72.66000366210938,70.81999969482422,72.44999694824219,72.44999694824219,3106000,0.0,0.0,0.0
2023-08-28,72.4000015258789,73.12999725341797,72.11000061035156,72.41000366210938,72.41000366210938,1618700,0.0,0.0,0.0
2023-08-29,72.66000366210938,73.3499984741211,71.79000091552734,73.31999969482422,73.31999969482422,2890400,0.0,0.0,0.0
2023-08-30,73.7300033569336,74.01000213623047,73.05999755859375,73.66000366210938,73.66000366210938,2228100,0.0,0.0,0.0
2023-08-31,74.4800033569336,75.18000030517578,73.94999694824219,75.05999755859375,75.05999755859375,2900700,0.0,0.0,0.0
2023-09-01,76.0,76.94000244140625,75.94000244140625,76.91999816894531,76.91999816894531,4205600,0.0,0.0,0.0
2023-09-05,78.06999969482422,78.77999877929688,77.38999938964844,77.76000213623047,77.76000213623047,4782200,0.0,0.0,0.0
2023-09-06,77.5999984741211,78.7699966430664,77.41999816894531,78.5199966430664,78.5199966430664,3159800,0.0,0.0,0.0
2023-09-07,78.1500015258789,78.5,77.44000244140625,77.94999694824219,77.94999694824219,2671400,0.0,0.0,0.0
2023-09-08,78.13999938964844,78.7300033569336,77.87999725341797,78.30000305175781,78.30000305175781,2039000,0.0,0.0,0.0
2023-09-11,78.93000030517578,79.12000274658203,78.13999938964844,78.37000274658203,78.37000274658203,2083800,0.0,0.0,0.0
2023-09-12,79.36000061035156,80.01000213623047,79.30999755859375,79.69999694824219,79.69999694824219,3308800,0.0,0.0,0.0
2023-09-13,79.86000061035156,80.04000091552734,79.2300033569336,79.68000030517578,79.68000030517578,2783800,0.0,0.0,0.0
2023-09-14,80.66000366210938,81.13999938964844,80.52999877929688,81.12000274658203,81.12000274658203,3098900,0.0,0.0,0.0
2023-09-15,80.29000091552734,81.33999633789062,80.08999633789062,81.29000091552734,81.29000091552734,2874500,0.0,0.0,0.0
2023-09-18,81.79000091552734,81.94000244140625,80.80000305175781,81.44999694824219,81.44999694824219,5940800,0.0,0.0,0.0
2023-09-19,82.18000030517578,82.27999877929688,81.12000274658203,81.5,81.5,6657100,0.0,0.0,0.0
2023-09-20,80.55999755859375,81.58999633789062,80.12999725341797,80.13999938964844,80.13999938964844,4117600,0.0,0.0,0.0
2023-09-21,81.25,81.51000213623047,80.4000015258789,80.41000366210938,80.41000366210938,3095900,0.0,0.0,0.0
2023-09-22,81.55000305175781,81.5999984741211,79.98999786376953,80.62999725341797,80.62999725341797,2704300,0.0,0.0,0.0
2023-09-25,80.58999633789062,80.6500015258789,79.66999816894531,80.38999938964844,80.38999938964844,1918300,0.0,0.0,0.0
2023-09-26,79.97000122070312,81.05000305175781,79.88999938964844,80.87999725341797,80.87999725341797,2522700,0.0,0.0,0.0
2023-09-27,82.23999786376953,83.29000091552734,82.05000305175781,82.9000015258789,82.9000015258789,4257900,0.0,0.0,0.0
2023-09-28,82.31999969482422,82.61000061035156,81.22000122070312,81.56999969482422,81.56999969482422,3169000,0.0,0.0,0.0
2023-09-29,81.9000015258789,81.94000244140625,80.47000122070312,80.86000061035156,80.86000061035156,2399700,0.0,0.0,0.0
2023-10-02,81.18000030517578,81.27999877929688,79.19000244140625,79.38999938964844,79.38999938964844,3492100,0.0,0.0,0.0
2023-10-03,79.80999755859375,80.37000274658203,79.25,79.93000030517578,79.93000030517578,2899300,0.0,0.0,0.0
2023-10-04,77.97000122070312,77.97000122070312,75.22000122070312,75.58999633789062,75.58999633789062,7853800,0.0,0.0,0.0
2023-10-05,74.11000061035156,75.44999694824219,73.61000061035156,73.98999786376953,73.98999786376953,5599100,0.0,0.0,0.0
2023-10-06,74.43000030517578,74.56999969482422,73.33999633789062,74.16000366210938,74.16000366210938,3896200,0.0,0.0,0.0
2023-10-09,76.76000213623047,77.4000015258789,76.2300033569336,77.12999725341797,77.12999725341797,6892100,0.0,0.0,0.0
2023-10-10,77.19000244140625,77.19000244140625,76.19000244140625,76.70999908447266,76.70999908447266,4237600,0.0,0.0,0.0
2023-10-11,76.19000244140625,76.4000015258789,74.76000213623047,75.66999816894531,75.66999816894531,6048300,0.0,0.0,0.0
2023-10-12,76.58000183105469,76.61000061035156,74.62000274658203,75.41999816894531,75.41999816894531,4244100,0.0,0.0,0.0
2023-10-13,77.70999908447266,79.18000030517578,77.16000366210938,78.98999786376953,78.98999786376953,6765100,0.0,0.0,0.0
2023-10-16,78.62999725341797,78.88999938964844,77.87000274658203,78.38999938964844,78.38999938964844,5156200,0.0,0.0,0.0
2023-10-17,77.9800033569336,78.87999725341797,77.4000015258789,78.80000305175781,78.80000305175781,3914400,0.0,0.0,0.0
2023-10-18,79.72000122070312,80.36000061035156,79.31999969482422,79.83999633789062,79.83999633789062,4647300,0.0,0.0,0.0
2023-10-19,79.37000274658203,81.75,78.94000244140625,81.68000030517578,81.68000030517578,5924400,0.0,0.0,0.0
2023-10-20,81.58999633789062,81.9800033569336,80.16999816894531,80.69999694824219,80.69999694824219,4664700,0.0,0.0,0.0
2023-10-23,80.22000122070312,80.2699966430664,78.3499984741211,78.88999938964844,78.88999938964844,4607100,0.0,0.0,0.0
2023-10-24,78.04000091552734,78.22000122070312,76.30999755859375,76.93000030517578,76.93000030517578,6629600,0.0,0.0,0.0
2023-10-25,77.11000061035156,78.7300033569336,75.63999938964844,78.45999908447266,78.45999908447266,6116800,0.0,0.0,0.0
2023-10-26,76.83000183105469,77.58999633789062,76.48999786376953,76.88999938964844,76.88999938964844,3518500,0.0,0.0,0.0
2023-10-27,77.62000274658203,78.9800033569336,76.58000183105469,78.36000061035156,78.36000061035156,5522600,0.0,0.0,0.0
2023-10-30,77.23999786376953,77.58000183105469,75.36000061035156,76.05000305175781,76.05000305175781,5929500,0.0,0.0,0.0
2023-10-31,76.20999908447266,77.0199966430664,74.55999755859375,75.0199966430664,75.0199966430664,4604000,0.0,0.0,0.0
2023-11-01,76.66000366210938,76.72000122070312,74.23999786376953,74.75,74.75,4143000,0.0,0.0,0.0
2023-11-02,74.91000366210938,76.52999877929688,74.79000091552734,76.18000030517578,76.18000030517578,4191600,0.0,0.0,0.0
2023-11-03,75.29000091552734,76.41000366210938,74.13999938964844,74.8499984741211,74.8499984741211,5054500,0.0,0.0,0.0
2023-11-06,75.88999938964844,76.08999633789062,74.7699966430664,74.91000366210938,74.91000366210938,2764300,0.0,0.0,0.0
2023-11-07,72.98999786376953,73.1500015258789,71.61000061035156,71.80000305175781,71.80000305175781,7413600,0.0,0.0,0.0
2023-11-08,71.2699966430664,71.66999816894531,69.6500015258789,70.19000244140625,70.19000244140625,7264500,0.0,0.0,0.0
2023-11-09,70.75,71.66000366210938,70.13999938964844,70.25,70.25,4327700,0.0,0.0,0.0
2023-11-10,71.30999755859375,72.22000122070312,71.12000274658203,71.79000091552734,71.79000091552734,3754400,0.0,0.0,0.0
2023-11-13,71.80999755859375,72.95999908447266,71.7699966430664,72.91999816894531,72.91999816894531,3075600,0.0,0.0,0.0
2023-11-14,73.2300033569336,74.04000091552734,72.36000061035156,72.69000244140625,72.69000244140625,2688500,0.0,0.0,0.0
2023-11-15,71.80999755859375,72.37999725341797,71.18000030517578,71.33999633789062,71.33999633789062,5002800,0.0,0.0,0.0
2023-11-16,69.61000061035156,69.70999908447266,67.44999694824219,68.05000305175781,68.05000305175781,6745900,0.0,0.0,0.0
2023-11-17,69.13999938964844,70.94999694824219,69.13999938964844,70.75,70.75,5921000,0.0,0.0,0.0
2023-11-20,72.18000030517578,73.06999969482422,71.94000244140625,72.30000305175781,72.30000305175781,3985400,0.0,0.0,0.0
2023-11-21,72.05999755859375,72.58999633789062,71.75,72.52999877929688,72.52999877929688,2543500,0.0,0.0,0.0
2023-11-22,69.27999877929688,71.9000015258789,68.80999755859375,71.61000061035156,71.61000061035156,5283900,0.0,0.0,0.0
2023-11-24,70.94999694824219,71.86000061035156,70.75,70.81999969482422,70.81999969482422,1453900,0.0,0.0,0.0
2023-11-27,70.30000305175781,71.08999633789062,69.54000091552734,69.95999908447266,69.95999908447266,4633000,0.0,0.0,0.0
2023-11-28,70.63999938964844,71.83000183105469,70.23999786376953,71.26000213623047,71.26000213623047,2508200,0.0,0.0,0.0
2023-11-29,72.12000274658203,72.87000274658203,70.5999984741211,72.5199966430664,72.5199966430664,4573000,0.0,0.0,0.0
2023-11-30,73.5,74.20999908447266,70.02999877929688,70.13999938964844,70.13999938964844,9702200,0.0,0.0,0.0
2023-12-01,70.93000030517578,71.58999633789062,69.04000091552734,69.23999786376953,69.23999786376953,4354500,0.0,0.0,0.0
2023-12-04,68.66000366210938,69.7699966430664,67.87000274658203,68.47000122070312,68.47000122070312,5104000,0.0,0.0,0.0
2023-12-05,68.73999786376953,69.23999786376953,67.47000122070312,67.58000183105469,67.58000183105469,4833500,0.0,0.0,0.0
2023-12-06,65.9800033569336,66.3499984741211,64.61000061035156,64.76000213623047,64.76000213623047,9506200,0.0,0.0,0.0
2023-12-07,65.6500015258789,65.73999786376953,64.3499984741211,65.11000061035156,65.11000061035156,4561900,0.0,0.0,0.0
2023-12-08,66.11000061035156,66.9000015258789,65.91999816894531,66.52999877929688,66.52999877929688,4055500,0.0,0.0,0.0
2023-12-11,66.5,67.02999877929688,65.9800033569336,66.80000305175781,66.80000305175781,2589200,0.0,0.0,0.0
2023-12-12,64.93000030517578,65.05999755859375,63.84000015258789,64.25,64.25,7103800,0.0,0.0,0.0
2023-12-13,64.41999816894531,65.3499984741211,64.33999633789062,65.33000183105469,65.33000183105469,3575200,0.0,0.0,0.0
2023-12-14,66.94999694824219,67.80000305175781,66.9000015258789,67.16000366210938,67.16000366210938,5062800,0.0,0.0,0.0
2023-12-15,67.19000244140625,67.31999969482422,65.87999725341797,67.1500015258789,67.1500015258789,3451100,0.0,0.0,0.0
2023-12-18,68.88999938964844,69.58000183105469,67.55000305175781,68.08999633789062,68.08999633789062,5558900,0.0,0.0,0.0
2023-12-19,68.30000305175781,69.43000030517578,68.26000213623047,69.36000061035156,69.36000061035156,4039100,0.0,0.0,0.0
2023-12-20,70.1500015258789,70.30000305175781,68.66000366210938,68.79000091552734,68.79000091552734,5252100,0.0,0.0,0.0
2023-12-21,68.12999725341797,69.08000183105469,68.12999725341797,69.02999877929688,69.02999877929688,3290400,0.0,0.0,0.0
2023-12-22,69.62999725341797,69.95999908447266,68.48999786376953,68.69000244140625,68.69000244140625,4301900,0.0,0.0,0.0
2023-12-26,70.5199966430664,71.0999984741211,70.11000061035156,70.20999908447266,70.20999908447266,4996900,0.0,0.0,0.0
2023-12-27,70.0199966430664,70.16999816894531,68.9000015258789,68.91999816894531,68.91999816894531,3785600,0.0,0.0,0.0
2023-12-28,68.3499984741211,68.94000244140625,66.97000122070312,67.18000030517578,67.18000030517578,5754500,0.0,0.0,0.0
2023-12-29,67.68000030517578,67.75,66.62999725341797,66.6500015258789,66.6500015258789,3305500,0.0,0.0,0.0
2024-01-02,67.55999755859375,67.55999755859375,65.4800033569336,65.7699966430664,65.7699966430664,7908600,0.0,0.0,0.0
2024-01-03,66.91999816894531,68.36000061035156,66.72000122070312,68.19000244140625,68.19000244140625,7136800,0.0,0.0,0.0
2024-01-04,68.19000244140625,68.38999938964844,66.4000015258789,67.56999969482422,67.56999969482422,5001000,0.0,0.0,0.0
2024-01-05,68.83000183105469,69.31999969482422,68.36000061035156,69.02999877929688,69.02999877929688,4996500,0.0,0.0,0.0
2024-01-08,66.06999969482422,66.48999786376953,65.54000091552734,66.4000015258789,66.4000015258789,6270300,0.0,0.0,0.0
2024-01-09,67.30000305175781,67.94999694824219,66.70999908447266,67.38999938964844,67.38999938964844,4394100,0.0,0.0,0.0
2024-01-10,68.2699966430664,68.68000030517578,66.33999633789062,66.55999755859375,66.55999755859375,6307700,0.0,0.0,0.0
2024-01-11,68.3499984741211,68.91999816894531,67.11000061035156,67.6500015258789,67.6500015258789,7436400,0.0,0.0,0.0
2024-01-12,69.37999725341797,69.80999755859375,67.56999969482422,68.0199966430664,68.0199966430664,7198800,0.0,0.0,0.0
2024-01-16,68.08999633789062,68.25,67.11000061035156,67.25,67.25,4904800,0.0,0.0,0.0
2024-01-17,66.4800033569336,67.95999908447266,66.27999877929688,67.94000244140625,67.94000244140625,4463000,0.0,0.0,0.0
2024-01-18,68.36000061035156,69.30999755859375,67.79000091552734,69.05999755859375,69.05999755859375,4685900,0.0,0.0,0.0
2024-01-19,69.41000366210938,69.72000122070312,68.20999908447266,68.81999969482422,68.81999969482422,4668900,0.0,0.0,0.0
2024-01-22,68.87999725341797,70.5,68.72000122070312,69.69000244140625,69.69000244140625,4992500,0.0,0.0,0.0
2024-01-23,69.33999633789062,70.33000183105469,69.12000274658203,69.66000366210938,69.66000366210938,3164800,0.0,0.0,0.0
2024-01-24,69.97000122070312,70.87999725341797,69.66000366210938,70.54000091552734,70.54000091552734,4857600,0.0,0.0,0.0
2024-01-25,71.4800033569336,72.44999694824219,71.0199966430664,72.2300033569336,72.2300033569336,4979600,0.0,0.0,0.0
2024-01-26,71.9800033569336,73.19000244140625,71.12999725341797,73.0999984741211,73.0999984741211,4822100,0.0,0.0,0.0
2024-01-29,72.43000030517578,72.44999694824219,71.4800033569336,72.05000305175781,72.05000305175781,3444900,0.0,0.0,0.0
2024-01-30,72.0,73.0999984741211,71.72000122070312,72.80999755859375,72.80999755859375,3559200,0.0,0.0,0.0
2024-01-31,72.31999969482422,72.37000274658203,70.66000366210938,70.91999816894531,70.91999816894531,5073700,0.0,0.0,0.0
2024-02-01,71.58999633789062,71.98999786376953,68.95999908447266,69.06999969482422,69.06999969482422,13358700,0.0,0.0,0.0
2024-02-02,68.02999877929688,68.36000061035156,67.19000244140625,67.51000213623047,67.51000213623047,5659600,0.0,0.0,0.0
2024-02-05,67.83000183105469,68.58999633789062,66.8499984741211,68.18000030517578,68.18000030517578,3284500,0.0,0.0,0.0
2024-02-06,68.6500015258789,69.0999984741211,68.12000274658203,68.80999755859375,68.80999755859375,4413400,0.0,0.0,0.0
2024-02-07,68.94000244140625,69.43000030517578,68.69999694824219,69.41999816894531,69.41999816894531,5234200,0.0,0.0,0.0
2024-02-08,70.2699966430664,71.5999984741211,70.22000122070312,71.5199966430664,71.5199966430664,6147400,0.0,0.0,0.0
2024-02-09,71.94000244140625,72.27999877929688,71.0999984741211,71.66999816894531,71.66999816894531,2761600,0.0,0.0,0.0
2024-02-12,71.52999877929688,72.12999725341797,71.52999877929688,72.11000061035156,72.11000061035156,3839000,0.0,0.0,0.0
2024-02-13,72.54000091552734,73.22000122070312,71.94999694824219,72.6500015258789,72.6500015258789,3632000,0.0,0.0,0.0
2024-02-14,73.06999969482422,73.52999877929688,71.37000274658203,71.55000305175781,71.55000305175781,4632500,0.0,0.0,0.0
2024-02-15,71.7699966430664,73.19999694824219,71.7699966430664,72.83999633789062,72.83999633789062,4230900,0.0,0.0,0.0
2024-02-16,72.94999694824219,73.62999725341797,72.44000244140625,73.41000366210938,73.41000366210938,4209200,0.0,0.0,0.0
2024-02-20,73.44000244140625,73.44999694824219,72.05999755859375,72.41999816894531,72.41999816894531,3468600,0.0,0.0,0.0
2024-02-21,72.16999816894531,73.22000122070312,72.16000366210938,73.19999694824219,73.19999694824219,3775000,0.0,0.0,0.0
2024-02-22,72.98999786376953,74.05000305175781,72.91000366210938,73.5999984741211,73.5999984741211,2748500,0.0,0.0,0.0
2024-02-23,72.19000244140625,72.66000366210938,71.66000366210938,71.91999816894531,71.91999816894531,3403200,0.0,0.0,0.0
2024-02-26,71.55000305175781,73.23999786376953,71.4800033569336,72.79000091552734,72.79000091552734,3578500,0.0,0.0,0.0
2024-02-27,73.20999908447266,74.16000366210938,73.13999938964844,73.8499984741211,73.8499984741211,5301700,0.0,0.0,0.0
2024-02-28,74.45999908447266,74.73999786376953,73.2699966430664,73.62000274658203,73.62000274658203,3991500,0.0,0.0,0.0
2024-02-29,74.06999969482422,74.44999694824219,73.19999694824219,73.36000061035156,73.36000061035156,3861400,0.0,0.0,0.0
2024-03-01,74.73999786376953,75.94000244140625,74.52999877929688,74.95999908447266,74.95999908447266,5359600,0.0,0.0,0.0
2024-03-04,75.43000030517578,75.5,73.83000183105469,74.01000213623047,74.01000213623047,3332700,0.0,0.0,0.0
2024-03-05,73.62000274658203,74.66999816894531,73.11000061035156,73.44999694824219,73.44999694824219,4262700,0.0,0.0,0.0
2024-03-06,74.66999816894531,75.7300033569336,74.16000366210938,74.33999633789062,74.33999633789062,4988900,0.0,0.0,0.0
2024-03-07,73.55999755859375,74.7699966430664,73.4000015258789,74.2300033569336,74.2300033569336,3758500,0.0,0.0,0.0
2024-03-08,74.0199966430664,74.08000183105469,72.98999786376953,73.36000061035156,73.36000061035156,4038700,0.0,0.0,0.0
2024-03-11,72.97000122070312,73.9000015258789,72.37000274658203,73.62000274658203,73.62000274658203,3072600,0.0,0.0,0.0
2024-03-12,73.41999816894531,74.16000366210938,73.01000213623047,73.3499984741211,73.3499984741211,4134600,0.0,0.0,0.0
2024-03-13,74.75,75.25,74.37000274658203,75.08999633789062,75.08999633789062,4435500,0.0,0.0,0.0
2024-03-14,75.9000015258789,76.76000213623047,75.73999786376953,76.30000305175781,76.30000305175781,4238600,0.0,0.0,0.0
2024-03-15,75.97000122070312,76.63999938964844,75.87000274658203,76.33000183105469,76.33000183105469,3141800,0.0,0.0,0.0
2024-03-18,77.0199966430664,78.18000030517578,76.61000061035156,77.9800033569336,77.9800033569336,3403700,0.0,0.0,0.0
2024-03-19,78.08999633789062,78.77999877929688,77.94000244140625,78.43000030517578,78.43000030517578,2720500,0.0,0.0,0.0
2024-03-20,77.19999694824219,77.5199966430664,76.62000274658203,77.25,77.25,4254600,0.0,0.0,0.0
2024-03-21,76.83000183105469,77.0,76.13999938964844,76.81999969482422,76.81999969482422,2742000,0.0,0.0,0.0
2024-03-22,77.06999969482422,77.12000274658203,76.30999755859375,76.68000030517578,76.68000030517578,2397000,0.0,0.0,0.0
2024-03-25,76.98999786376953,78.20999908447266,76.98999786376953,77.76000213623047,77.76000213623047,2189200,0.0,0.0,0.0
2024-03-26,77.94000244140625,77.9800033569336,77.20999908447266,77.29000091552734,77.29000091552734,2776800,0.0,0.0,0.0
2024-03-27,76.91999816894531,77.54000091552734,76.81999969482422,77.51000213623047,77.51000213623047,2412300,0.0,0.0,0.0
2024-03-28,78.2699966430664,78.94000244140625,78.0199966430664,78.7300033569336,78.7300033569336,4745600,0.0,0.0,0.0
2024-04-01,79.08000183105469,80.19999694824219,78.80000305175781,79.66999816894531,79.66999816894531,4000100,0.0,0.0,0.0
2024-04-02,80.62999725341797,80.91999816894531,79.87999725341797,80.79000091552734,80.79000091552734,4241700,0.0,0.0,0.0
2024-04-03,81.30999755859375,81.81999969482422,81.0999984741211,81.25,81.25,3254800,0.0,0.0,0.0
2024-04-04,81.06999969482422,82.83999633789062,80.43000030517578,82.2699966430664,82.2699966430664,6112200,0.0,0.0,0.0
2024-04-05,82.58000183105469,83.25,82.12000274658203,82.4000015258789,82.4000015258789,3842800,0.0,0.0,0.0
2024-04-08,82.37999725341797,82.7300033569336,81.16999816894531,82.19999694824219,82.19999694824219,3757200,0.0,0.0,0.0
2024-04-09,82.12999725341797,82.25,80.87000274658203,81.1500015258789,81.1500015258789,3893900,0.0,0.0,0.0
2024-04-10,81.38999938964844,82.11000061035156,80.43000030517578,82.08999633789062,82.08999633789062,6834100,0.0,0.0,0.0
2024-04-11,81.66999816894531,81.66999816894531,80.79000091552734,81.55000305175781,81.55000305175781,6287700,0.0,0.0,0.0
2024-04-12,83.0,83.41000366210938,81.2300033569336,81.52999877929688,81.52999877929688,9724900,0.0,0.0,0.0
2024-04-15,81.0,81.69999694824219,80.08999633789062,81.6500015258789,81.6500015258789,10203200,0.0,0.0,0.0
2024-04-16,81.30999755859375,81.72000122070312,81.01000213623047,81.33000183105469,81.33000183105469,4285400,0.0,0.0,0.0
2024-04-17,80.27999877929688,80.95999908447266,78.69000244140625,78.91000366210938,78.91000366210938,5967300,0.0,0.0,0.0
2024-04-18,79.12000274658203,79.48999786376953,78.19999694824219,78.77999877929688,78.77999877929688,4529600,0.0,0.0,0.0
2024-04-19,78.72000122070312,79.52999877929688,78.55999755859375,78.8499984741211,78.8499984741211,7608800,0.0,0.0,0.0
2024-04-22,77.86000061035156,78.98999786376953,77.56999969482422,78.77999877929688,78.77999877929688,3299600,0.0,0.0,0.0
2024-04-23,78.25,80.0999984741211,78.16000366210938,79.9800033569336,79.9800033569336,3355400,0.0,0.0,0.0
2024-04-24,79.70999908447266,80.25,79.16000366210938,79.63999938964844,79.63999938964844,3662900,0.0,0.0,0.0
2024-04-25,79.56999969482422,80.48999786376953,78.75,80.44000244140625,80.44000244140625,3009000,0.0,0.0,0.0
2024-04-26,80.97000122070312,80.97000122070312,80.05999755859375,80.38999938964844,80.38999938964844,1605300,0.0,0.0,0.0
2024-04-29,80.06999969482422,80.33000183105469,79.16999816894531,79.5,79.5,3934100,0.0,0.0,0.0
2024-04-30,78.93000030517578,79.22000122070312,77.79000091552734,78.37999725341797,78.37999725341797,3829200,0.0,0.0,0.0
2024-05-01,77.37000274658203,78.37999725341797,75.76000213623047,75.93000030517578,75.93000030517578,5965400,0.0,0.0,0.0
2024-05-02,76.0999984741211,76.4000015258789,75.37000274658203,75.93000030517578,75.93000030517578,4710000,0.0,0.0,0.0
2024-05-03,75.73999786376953,75.91999816894531,75.0199966430664,75.12999725341797,75.12999725341797,2875100,0.0,0.0,0.0
2024-05-06,75.54000091552734,75.9800033569336,74.95999908447266,75.66000366210938,75.66000366210938,6195900,0.0,0.0,0.0
2024-05-07,75.25,76.16000366210938,74.63999938964844,75.5,75.5,4327400,0.0,0.0,0.0
2024-05-08,74.72000122070312,76.18000030517578,74.55000305175781,76.11000061035156,76.11000061035156,2423800,0.0,0.0,0.0
2024-05-09,76.06999969482422,76.55999755859375,75.87999725341797,76.5199966430664,76.5199966430664,2240300,0.0,0.0,0.0
2024-05-10,76.68000030517578,76.83000183105469,75.23999786376953,75.30000305175781,75.30000305175781,2746600,0.0,0.0,0.0
2024-05-13,75.72000122070312,76.43000030517578,75.5999984741211,76.12999725341797,76.12999725341797,3055300,0.0,0.0,0.0
2024-05-14,75.30000305175781,75.87000274658203,74.83999633789062,75.20999908447266,75.20999908447266,2186600,0.0,0.0,0.0
2024-05-15,74.44999694824219,75.87999725341797,73.87999725341797,75.87999725341797,75.87999725341797,3660000,0.0,0.0,0.0
2024-05-16,76.63999938964844,76.73999786376953,75.93000030517578,76.25,76.25,3195900,0.0,0.0,0.0
2024-05-17,76.3499984741211,77.11000061035156,76.16000366210938,76.97000122070312,76.97000122070312,2019100,0.0,0.0,0.0
2024-05-20,76.55000305175781,77.55000305175781,76.18000030517578,76.7300033569336,76.7300033569336,2040500,0.0,0.0,0.0
2024-05-21,75.98999786376953,76.52999877929688,75.52999877929688,76.16000366210938,76.16000366210938,2009600,0.0,0.0,0.0
2024-05-22,75.20999908447266,75.9000015258789,74.81999969482422,74.87000274658203,74.87000274658203,2337200,0.0,0.0,0.0
2024-05-23,75.95999908447266,76.18000030517578,74.04000091552734,74.44999694824219,74.44999694824219,1915600,0.0,0.0,0.0
2024-05-24,74.87999725341797,75.5999984741211,74.7300033569336,75.3499984741211,75.3499984741211,1164400,0.0,0.0,0.0
2024-05-28,76.76000213623047,77.77999877929688,76.56999969482422,77.66000366210938,77.66000366210938,2300500,0.0,0.0,0.0
2024-05-29,77.66000366210938,77.66999816894531,76.55999755859375,76.56999969482422,76.56999969482422,1619000,0.0,0.0,0.0
2024-05-30,76.05000305175781,76.72000122070312,75.25,75.52999877929688,75.52999877929688,2332200,0.0,0.0,0.0
2024-05-31,75.62999725341797,75.83999633789062,74.33000183105469,74.81999969482422,74.81999969482422,2038300,0.0,0.0,0.0
2024-06-03,73.93000030517578,73.93000030517578,71.76000213623047,71.83000183105469,71.83000183105469,5763800,0.0,0.0,0.0
2024-06-04,70.95999908447266,71.44999694824219,70.44000244140625,71.08999633789062,71.08999633789062,2421100,0.0,0.0,0.0
2024-06-05,71.4000015258789,71.9800033569336,70.76000213623047,71.88999938964844,71.88999938964844,2058500,0.0,0.0,0.0
2024-06-06,72.12000274658203,73.47000122070312,71.95999908447266,73.26000213623047,73.26000213623047,1933300,0.0,0.0,0.0
2024-06-07,73.55999755859375,73.91999816894531,72.95999908447266,73.0199966430664,73.0199966430664,2049500,0.0,0.0,0.0
2024-06-10,73.77999877929688,75.55000305175781,73.55999755859375,75.45999908447266,75.45999908447266,4020300,0.0,0.0,0.0
2024-06-11,75.33999633789062,75.98999786376953,74.91000366210938,75.51000213623047,75.51000213623047,1891700,0.0,0.0,0.0
2024-06-12,76.83000183105469,76.91999816894531,75.56999969482422,75.9800033569336,75.9800033569336,2465300,0.0,0.0,0.0
2024-06-13,76.30999755859375,76.5199966430664,75.69000244140625,75.73999786376953,75.73999786376953,1685400,0.0,0.0,0.0
2024-06-14,76.62000274658203,76.77999877929688,75.83999633789062,76.08000183105469,76.08000183105469,2347100,0.0,0.0,0.0
2024-06-17,76.66000366210938,77.9800033569336,76.55000305175781,77.79000091552734,77.79000091552734,2589800,0.0,0.0,0.0
2024-06-18,77.87999725341797,78.83000183105469,77.76000213623047,78.66999816894531,78.66999816894531,1757300,0.0,0.0,0.0
2024-06-20,79.27999877929688,79.52999877929688,78.8499984741211,79.41000366210938,79.41000366210938,1446500,0.0,0.0,0.0
2024-06-21,79.44000244140625,79.79000091552734,78.4000015258789,78.6500015258789,78.6500015258789,1525500,0.0,0.0,0.0
2024-06-24,78.5199966430664,79.80000305175781,78.48999786376953,79.69999694824219,79.69999694824219,1402400,0.0,0.0,0.0
2024-06-25,79.47000122070312,79.83000183105469,78.75,78.9000015258789,78.9000015258789,1268100,0.0,0.0,0.0
2024-06-26,78.94000244140625,79.55000305175781,78.2699966430664,78.75,78.75,1581900,0.0,0.0,0.0
2024-06-27,79.69999694824219,80.02999877929688,79.22000122070312,79.91999816894531,79.91999816894531,1785700,0.0,0.0,0.0
2024-06-28,80.02999877929688,80.04000091552734,79.08000183105469,79.58999633789062,79.58999633789062,1359600,0.0,0.0,0.0
2024-07-01,80.20999908447266,81.69000244140625,79.81999969482422,81.54000091552734,81.54000091552734,2272800,0.0,0.0,0.0
2024-07-02,81.9800033569336,82.0199966430664,80.83000183105469,81.11000061035156,81.11000061035156,1182500,0.0,0.0,0.0
2024-07-03,80.94999694824219,81.5999984741211,80.56999969482422,81.2699966430664,81.2699966430664,734700,0.0,0.0,0.0
2024-07-05,82.01000213623047,82.5999984741211,81.2300033569336,81.30999755859375,81.30999755859375,1979700,0.0,0.0,0.0
2024-07-08,80.58999633789062,81.0199966430664,80.29000091552734,80.41999816894531,80.41999816894531,2029600,0.0,0.0,0.0
2024-07-09,80.12000274658203,80.6500015258789,79.45999908447266,79.7699966430664,79.7699966430664,1913000,0.0,0.0,0.0
2024-07-10,79.41999816894531,80.69000244140625,79.18000030517578,80.4800033569336,80.4800033569336,2291900,0.0,0.0,0.0
2024-07-11,79.93000030517578,80.98999786376953,79.7300033569336,80.94000244140625,80.94000244140625,2998200,0.0,0.0,0.0
2024-07-12,81.25,81.31999969482422,80.11000061035156,80.25,80.25,3003800,0.0,0.0,0.0
2024-07-15,80.26000213623047,80.37999725341797,79.56999969482422,80.12000274658203,80.12000274658203,2206700,0.0,0.0,0.0
2024-07-16,78.68000030517578,79.41000366210938,78.68000030517578,79.05999755859375,79.05999755859375,2012200,0.0,0.0,0.0
2024-07-17,80.0,80.70999908447266,79.94999694824219,80.62000274658203,80.62000274658203,2459300,0.0,0.0,0.0
2024-07-18,80.58999633789062,81.08999633789062,79.83999633789062,79.9000015258789,79.9000015258789,1425500,0.0,0.0,0.0
2024-07-19,79.51000213623047,80.22000122070312,77.86000061035156,78.0,78.0,2636000,0.0,0.0,0.0
2024-07-22,77.16999816894531,77.75,76.86000061035156,77.62000274658203,77.62000274658203,1556600,0.0,0.0,0.0
2024-07-23,76.95999908447266,77.12999725341797,75.72000122070312,76.62000274658203,76.62000274658203,3124100,0.0,0.0,0.0
2024-07-24,76.87000274658203,77.4800033569336,76.30000305175781,76.80999755859375,76.80999755859375,2129200,0.0,0.0,0.0
2024-07-25,76.16999816894531,77.77999877929688,75.54000091552734,77.45999908447266,77.45999908447266,1824000,0.0,0.0,0.0
2024-07-26,76.81999969482422,76.94000244140625,75.55000305175781,76.11000061035156,76.11000061035156,2125100,0.0,0.0,0.0
2024-07-29,76.7300033569336,76.98999786376953,74.73999786376953,75.19000244140625,75.19000244140625,1955400,0.0,0.0,0.0
2024-07-30,74.44999694824219,74.7699966430664,74.0,74.45999908447266,74.45999908447266,3304600,0.0,0.0,0.0
2024-07-31,76.33000183105469,77.91000366210938,75.9000015258789,77.73999786376953,77.73999786376953,4582800,0.0,0.0,0.0
2024-08-01,77.79000091552734,77.8499984741211,75.63999938964844,76.29000091552734,76.29000091552734,3633500,0.0,0.0,0.0
2024-08-02,73.80999755859375,73.81999969482422,72.43000030517578,73.38999938964844,73.38999938964844,5001300,0.0,0.0,0.0
2024-08-05,71.94000244140625,73.26000213623047,71.83000183105469,73.22000122070312,73.22000122070312,3939500,0.0,0.0,0.0
2024-08-06,71.7699966430664,73.38999938964844,71.7300033569336,72.44999694824219,72.44999694824219,3377900,0.0,0.0,0.0
2024-08-07,73.94000244140625,75.16999816894531,73.69000244140625,74.69000244140625,74.69000244140625,4944000,0.0,0.0,0.0
2024-08-08,74.52999877929688,75.80000305175781,74.44000244140625,75.36000061035156,75.36000061035156,3034300,0.0,0.0,0.0
2024-08-09,75.66999816894531,76.3499984741211,75.25,76.22000122070312,76.22000122070312,2923600,0.0,0.0,0.0
2024-08-12,77.19000244140625,79.16999816894531,76.93000030517578,78.62999725341797,78.62999725341797,4745000,0.0,0.0,0.0
2024-08-13,78.37999725341797,78.45999908447266,77.30999755859375,77.63999938964844,77.63999938964844,2300800,0.0,0.0,0.0
2024-08-14,77.5999984741211,77.75,76.30000305175781,76.58999633789062,76.58999633789062,1721700,0.0,0.0,0.0
2024-08-15,77.29000091552734,78.0,77.1500015258789,77.41000366210938,77.41000366210938,1640500,0.0,0.0,0.0
2024-08-16,76.2300033569336,76.6500015258789,75.69000244140625,76.31999969482422,76.31999969482422,2476000,0.0,0.0,0.0
2024-08-19,76.25,76.37999725341797,74.08999633789062,74.37999725341797,74.37999725341797,4881200,0.0,0.0,0.0
2024-08-20,74.73999786376953,75.0199966430664,73.68000030517578,73.83000183105469,73.83000183105469,2761700,0.0,0.0,0.0
2024-08-21,74.31999969482422,74.80999755859375,72.11000061035156,72.5999984741211,72.5999984741211,2769800,0.0,0.0,0.0
2024-08-22,72.83000183105469,74.16999816894531,72.70999908447266,73.58000183105469,73.58000183105469,3170300,0.0,0.0,0.0
2024-08-23,74.98999786376953,75.76000213623047,74.87000274658203,75.55000305175781,75.55000305175781,3008600,0.0,0.0,0.0
2024-08-26,78.06999969482422,78.31999969482422,77.62000274658203,77.83000183105469,77.83000183105469,4196800,0.0,0.0,0.0
2024-08-27,77.38999938964844,77.5999984741211,76.13999938964844,76.48999786376953,76.48999786376953,3537500,0.0,0.0,0.0
2024-08-28,75.4000015258789,76.2300033569336,74.80000305175781,75.4800033569336,75.4800033569336,1852500,0.0,0.0,0.0
2024-08-29,76.7699966430664,77.6500015258789,76.0999984741211,76.7699966430664,76.7699966430664,4062000,0.0,0.0,0.0
2024-08-30,75.19000244140625,75.22000122070312,74.12000274658203,74.33999633789062,74.33999633789062,3341400,0.0,0.0,0.0
2024-09-03,72.1500015258789,72.1500015258789,70.8499984741211,71.08999633789062,71.08999633789062,4967800,0.0,0.0,0.0
2024-09-04,70.62000274658203,71.5,69.55000305175781,69.61000061035156,69.61000061035156,4701400,0.0,0.0,0.0
2024-09-05,70.7300033569336,71.52999877929688,69.51000213623047,69.88999938964844,69.88999938964844,3482600,0.0,0.0,0.0
2024-09-06,70.55000305175781,70.87000274658203,67.91000366210938,68.93000030517578,68.93000030517578,3708600,0.0,0.0,0.0
2024-09-09,68.48999786376953,69.66000366210938,68.05000305175781,69.2699966430664,69.2699966430664,2685200,0.0,0.0,0.0
2024-09-10,69.44999694824219,69.48999786376953,66.0199966430664,66.95999908447266,66.95999908447266,4038100,0.0,0.0,0.0
2024-09-11,67.8499984741211,68.62000274658203,66.37000274658203,67.8499984741211,67.8499984741211,3143200,0.0,0.0,0.0
2024-09-12,69.06999969482422,70.45999908447266,68.52999877929688,69.88999938964844,69.88999938964844,4035600,0.0,0.0,0.0
2024-09-13,70.19999694824219,70.93000030517578,69.12000274658203,69.83999633789062,69.83999633789062,2453000,0.0,0.0,0.0
2024-09-16,70.61000061035156,71.22000122070312,70.12999725341797,70.87999725341797,70.87999725341797,3317900,0.0,0.0,0.0
2024-09-17,70.9000015258789,72.29000091552734,70.83999633789062,71.72000122070312,71.72000122070312,1952300,0.0,0.0,0.0
2024-09-18,71.01000213623047,71.94000244140625,70.58000183105469,70.66000366210938,70.66000366210938,2443800,0.0,0.0,0.0
2024-09-19,72.22000122070312,73.20999908447266,71.79000091552734,72.75,72.75,4126900,0.0,0.0,0.0
2024-09-20,72.41999816894531,73.13999938964844,72.05000305175781,72.91999816894531,72.91999816894531,1353300,0.0,0.0,0.0
2024-09-23,72.95999908447266,73.52999877929688,71.16999816894531,72.25,72.25,2837700,0.0,0.0,0.0
2024-09-24,73.8499984741211,73.86000061035156,72.83000183105469,73.29000091552734,73.29000091552734,2387000,0.0,0.0,0.0
2024-09-25,72.3499984741211,72.80000305175781,70.94000244140625,71.4800033569336,71.4800033569336,3469200,0.0,0.0,0.0
2024-09-26,69.22000122070312,70.12000274658203,68.5999984741211,69.01000213623047,69.01000213623047,4593800,0.0,0.0,0.0
2024-09-27,69.30000305175781,70.31999969482422,68.80000305175781,70.2699966430664,70.2699966430664,3214700,0.0,0.0,0.0
2024-09-30,69.95999908447266,70.87000274658203,69.41999816894531,69.91999816894531,69.91999816894531,2338500,0.0,0.0,0.0
2024-10-01,69.33999633789062,73.7300033569336,69.29000091552734,72.11000061035156,72.11000061035156,13945000,0.0,0.0,0.0
2024-10-02,73.94999694824219,74.20999908447266,71.62000274658203,72.76000213623047,72.76000213623047,4093000,0.0,0.0,0.0
2024-10-03,73.73999786376953,75.9000015258789,73.44999694824219,75.7300033569336,75.7300033569336,7082200,0.0,0.0,0.0
2024-10-04,76.20999908447266,77.4000015258789,75.76000213623047,76.3499984741211,76.3499984741211,5843100,0.0,0.0,0.0
2024-10-07,77.41999816894531,79.30999755859375,77.29000091552734,79.19999694824219,79.19999694824219,4353500,0.0,0.0,0.0
2024-10-08,76.83000183105469,76.94000244140625,74.56999969482422,75.79000091552734,75.79000091552734,8048000,0.0,0.0,0.0
2024-10-09,74.11000061035156,75.36000061035156,73.41000366210938,75.25,75.25,6501500,0.0,0.0,0.0
2024-10-10,76.1500015258789,78.04000091552734,75.76000213623047,77.7699966430664,77.7699966430664,4533100,0.0,0.0,0.0
2024-10-11,77.01000213623047,77.87999725341797,76.69000244140625,77.48999786376953,77.48999786376953,3642400,0.0,0.0,0.0
2024-10-14,76.05999755859375,76.6500015258789,75.4800033569336,75.93000030517578,75.93000030517578,3943200,0.0,0.0,0.0
2024-10-15,72.2699966430664,72.94999694824219,71.66999816894531,72.76000213623047,72.76000213623047,4116700,0.0,0.0,0.0
2024-10-16,72.37999725341797,72.66999816894531,71.52999877929688,72.4000015258789,72.4000015258789,2195300,0.0,0.0,0.0
2024-10-17,72.05000305175781,72.83999633789062,71.30999755859375,72.62000274658203,72.62000274658203,2541700,0.0,0.0,0.0
2024-10-18,71.73999786376953,71.91999816894531,70.56999969482422,71.37999725341797,71.37999725341797,4342300,0.0,0.0,0.0
2024-10-21,72.4000015258789,72.87000274658203,71.70999908447266,72.26000213623047,72.26000213623047,2941400,0.0,0.0,0.0
2024-10-22,73.19000244140625,74.6500015258789,73.0,73.9800033569336,73.9800033569336,3782100,0.0,0.0,0.0
2024-10-23,73.48999786376953,74.02999877929688,72.91000366210938,73.55000305175781,73.55000305175781,2413400,0.0,0.0,0.0
2024-10-24,73.75,74.08000183105469,72.2699966430664,73.05999755859375,73.05999755859375,2218600,0.0,0.0,0.0
2024-10-25,73.80000305175781,74.48999786376953,73.36000061035156,74.2300033569336,74.2300033569336,3676100,0.0,0.0,0.0
2024-10-28,69.7699966430664,70.63999938964844,69.66999816894531,70.43000030517578,70.43000030517578,7429100,0.0,0.0,0.0
2024-10-29,70.12000274658203,70.30999755859375,69.13999938964844,69.66000366210938,69.66000366210938,4015900,0.0,0.0,0.0
2024-10-30,70.66999816894531,71.62999725341797,70.36000061035156,71.36000061035156,71.36000061035156,3934400,0.0,0.0,0.0
2024-10-31,71.80999755859375,73.3499984741211,71.44000244140625,73.08000183105469,73.08000183105469,9183500,0.0,0.0,0.0
2024-11-01,73.62999725341797,73.80000305175781,71.94999694824219,72.0199966430664,72.0199966430664,4533400,0.0,0.0,0.0
2024-11-04,73.86000061035156,74.43000030517578,73.27999877929688,74.29000091552734,74.29000091552734,3240200,0.0,0.0,0.0
2024-11-05,74.91999816894531,75.33999633789062,74.05000305175781,74.7300033569336,74.7300033569336,2839500,0.0,0.0,0.0
2024-11-06,73.2300033569336,75.31999969482422,73.2300033569336,74.54000091552734,74.54000091552734,4179100,0.0,0.0,0.0
2024-11-07,74.01000213623047,75.55999755859375,73.51000213623047,74.66000366210938,74.66000366210938,3133400,0.0,0.0,0.0
2024-11-08,73.83999633789062,73.94000244140625,72.66000366210938,73.12999725341797,73.12999725341797,2984700,0.0,0.0,0.0
2024-11-11,71.20999908447266,71.44999694824219,70.63999938964844,70.94000244140625,70.94000244140625,3272100,0.0,0.0,0.0
2024-11-12,71.77999877929688,71.8499984741211,70.5,70.69000244140625,70.69000244140625,1905500,0.0,0.0,0.0
2024-11-13,70.33000183105469,71.5,69.5999984741211,70.7300033569336,70.7300033569336,3449100,0.0,0.0,0.0
2024-11-14,72.05999755859375,72.08999633789062,70.81999969482422,71.29000091552734,71.29000091552734,2088900,0.0,0.0,0.0
2024-11-15,70.87000274658203,71.3499984741211,69.55999755859375,69.75,69.75,3629400,0.0,0.0,0.0
2024-11-18,70.93000030517578,72.30999755859375,70.9000015258789,72.06999969482422,72.06999969482422,3112000,0.0,0.0,0.0
2024-11-19,72.4000015258789,72.70999908447266,71.4000015258789,72.30999755859375,72.30999755859375,3959400,0.0,0.0,0.0
2024-11-20,72.83999633789062,72.83999633789062,71.5999984741211,72.0199966430664,72.0199966430664,1362400,0.0,0.0,0.0
2024-11-21,73.12999725341797,73.26000213623047,72.38999938964844,73.19999694824219,73.19999694824219,1848100,0.0,0.0,0.0
2024-11-22,73.0999984741211,74.58000183105469,72.94000244140625,74.25,74.25,2573800,0.0,0.0,0.0
2024-11-25,72.94000244140625,73.44000244140625,71.7300033569336,72.0999984741211,72.0999984741211,3299000,0.0,0.0,0.0
2024-11-26,72.5199966430664,73.33999633789062,71.01000213623047,71.61000061035156,71.61000061035156,2882200,0.0,0.0,0.0
2024-11-27,71.62999725341797,72.30000305175781,71.16000366210938,71.72000122070312,71.72000122070312,1575900,0.0,0.0,0.0
2024-11-29,72.31999969482422,72.73999786376953,71.51000213623047,71.61000061035156,71.61000061035156,1757600,0.0,0.0,0.0
2024-12-02,71.87000274658203,71.94999694824219,70.69999694824219,71.04000091552734,71.04000091552734,3553900,0.0,0.0,0.0
2024-12-03,72.16000366210938,73.31999969482422,71.80000305175781,73.04000091552734,73.04000091552734,3199100,0.0,0.0,0.0
2024-12-04,73.41000366210938,73.44999694824219,71.5199966430664,71.87999725341797,71.87999725341797,2784100,0.0,0.0,0.0
2024-12-05,71.94999694824219,72.16999816894531,71.22000122070312,71.47000122070312,71.47000122070312,1525200,0.0,0.0,0.0
2024-12-06,70.62000274658203,70.70999908447266,69.98999786376953,70.23999786376953,70.23999786376953,3083800,0.0,0.0,0.0
2024-12-09,71.2300033569336,71.97000122070312,71.16000366210938,71.16999816894531,71.16999816894531,2061700,0.0,0.0,0.0
2024-12-10,71.54000091552734,72.12999725341797,71.31999969482422,71.4000015258789,71.4000015258789,2475900,0.0,0.0,0.0
2024-12-11,72.58000183105469,73.58999633789062,72.1500015258789,73.33000183105469,73.33000183105469,3061900,0.0,0.0,0.0
2024-12-12,72.9000015258789,73.58000183105469,72.19000244140625,73.20999908447266,73.20999908447266,2830100,0.0,0.0,0.0
2024-12-13,73.62000274658203,74.5,73.55000305175781,74.20999908447266,74.20999908447266,2713400,0.0,0.0,0.0
2024-12-16,74.1500015258789,74.30000305175781,73.61000061035156,73.69999694824219,73.69999694824219,1947900,0.0,0.0,0.0
2024-12-17,72.95999908447266,73.3499984741211,72.30999755859375,73.30000305175781,73.30000305175781,2140100,0.0,0.0,0.0
2024-12-18,73.66999816894531,74.37999725341797,72.91999816894531,72.94000244140625,72.94000244140625,2338100,0.0,0.0,0.0
2024-12-19,73.93000030517578,74.11000061035156,72.61000061035156,72.61000061035156,72.61000061035156,2099400,0.0,0.0,0.0
2024-12-20,72.2699966430664,73.41000366210938,71.95999908447266,73.0999984741211,73.0999984741211,1599800,0.0,0.0,0.0
2024-12-23,72.91000366210938,73.06999969482422,72.0999984741211,73.05999755859375,73.05999755859375,1894400,0.0,0.0,0.0
2024-12-24,73.69999694824219,74.02999877929688,73.44999694824219,73.6500015258789,73.6500015258789,1011800,0.0,0.0,0.0
2024-12-26,74.26000213623047,74.37999725341797,72.9000015258789,73.12999725341797,73.12999725341797,1808600,0.0,0.0,0.0
2024-12-27,74.0999984741211,74.4000015258789,73.69000244140625,73.8499984741211,73.8499984741211,1462000,0.0,0.0,0.0
2024-12-30,74.86000061035156,75.2699966430664,74.45999908447266,74.81999969482422,74.81999969482422,1621000,0.0,0.0,0.0
2024-12-31,75.23999786376953,75.75,74.97000122070312,75.55000305175781,75.55000305175781,1273500,0.0,0.0,0.0
2025-01-02,76.83999633789062,77.55999755859375,76.83999633789062,76.93000030517578,76.93000030517578,3269400,0.0,0.0,0.0
2025-01-03,77.41000366210938,78.22000122070312,77.26000213623047,77.91999816894531,77.91999816894531,1875300,0.0,0.0,0.0
2025-01-06,78.43000030517578,78.9000015258789,77.05999755859375,77.30000305175781,77.30000305175781,2141800,0.0,0.0,0.0
2025-01-07,78.12999725341797,78.44000244140625,77.69999694824219,78.16999816894531,78.16999816894531,3912400,0.0,0.0,0.0
2025-01-08,78.3499984741211,78.45999908447266,77.05999755859375,77.30000305175781,77.30000305175781,3259100,0.0,0.0,0.0
2025-01-10,81.54000091552734,81.81999969482422,79.37000274658203,80.63999938964844,80.63999938964844,5048700,0.0,0.0,0.0
2025-01-13,81.51000213623047,82.81999969482422,81.37000274658203,82.2300033569336,82.2300033569336,5060500,0.0,0.0,0.0
2025-01-14,81.9000015258789,82.08000183105469,81.20999908447266,81.66999816894531,81.66999816894531,4679800,0.0,0.0,0.0
2025-01-15,82.27999877929688,84.58000183105469,82.27999877929688,84.33999633789062,84.33999633789062,4891900,0.0,0.0,0.0
2025-01-16,83.48999786376953,83.5999984741211,81.98999786376953,82.94000244140625,82.94000244140625,3607100,0.0,0.0,0.0
2025-01-17,82.5199966430664,83.0,82.2300033569336,82.5199966430664,82.5199966430664,2297600,0.0,0.0,0.0
2025-01-21,80.62000274658203,81.33999633789062,80.44999694824219,81.11000061035156,81.11000061035156,2410900,0.0,0.0,0.0
2025-01-22,80.72000122070312,81.20999908447266,80.31999969482422,80.43000030517578,80.43000030517578,2798000,0.0,0.0,0.0
2025-01-23,80.55999755859375,81.04000091552734,79.16000366210938,79.20999908447266,79.20999908447266,3803200,0.0,0.0,0.0
2025-01-24,80.06999969482422,80.22000122070312,79.0199966430664,79.5999984741211,79.5999984741211,1922700,0.0,0.0,0.0
2025-01-27,79.27999877929688,79.54000091552734,77.2300033569336,77.93000030517578,77.93000030517578,1954800,0.0,0.0,0.0
2025-01-28,78.87000274658203,78.94999694824219,77.80999755859375,78.86000061035156,78.86000061035156,1592300,0.0,0.0,0.0
2025-01-29,78.0199966430664,78.6500015258789,77.18000030517578,77.77999877929688,77.77999877929688,1670500,0.0,0.0,0.0
2025-01-30,77.7699966430664,78.7699966430664,77.45999908447266,77.75,77.75,2238600,0.0,0.0,0.0
2025-01-31,77.5999984741211,78.26000213623047,76.76000213623047,78.0199966430664,78.0199966430664,3538900,0.0,0.0,0.0
2025-02-03,78.41999816894531,78.7699966430664,76.94000244140625,77.81999969482422,77.81999969482422,4200200,0.0,0.0,0.0
2025-02-04,75.69999694824219,78.30000305175781,75.5999984741211,77.51000213623047,77.51000213623047,6136900,0.0,0.0,0.0
2025-02-05,76.56999969482422,77.0,75.83000183105469,76.08999633789062,76.08999633789062,1985200,0.0,0.0,0.0
2025-02-06,76.36000061035156,76.7300033569336,75.2699966430664,75.44999694824219,75.44999694824219,2168400,0.0,0.0,0.0
2025-02-07,76.22000122070312,76.29000091552734,75.45999908447266,75.86000061035156,75.86000061035156,2013900,0.0,0.0,0.0
2025-02-10,76.94000244140625,77.51000213623047,76.61000061035156,77.4000015258789,77.4000015258789,2814500,0.0,0.0,0.0
2025-02-11,78.37000274658203,78.48999786376953,77.87000274658203,78.2699966430664,78.2699966430664,2284100,0.0,0.0,0.0
2025-02-12,77.1500015258789,77.45999908447266,76.29000091552734,76.31999969482422,76.31999969482422,4918700,0.0,0.0,0.0
2025-02-13,75.68000030517578,76.47000122070312,75.58000183105469,76.38999938964844,76.38999938964844,1897100,0.0,0.0,0.0
2025-02-14,76.58000183105469,76.73999786376953,75.62999725341797,75.81999969482422,75.81999969482422,2426000,0.0,0.0,0.0
2025-02-18,76.69000244140625,77.11000061035156,76.3499984741211,76.95999908447266,76.95999908447266,2324900,0.0,0.0,0.0
2025-02-19,78.05999755859375,78.19999694824219,77.2300033569336,77.44999694824219,77.44999694824219,1554200,0.0,0.0,0.0
2025-02-20,77.91999816894531,78.47000122070312,77.62000274658203,77.76000213623047,77.76000213623047,1627000,0.0,0.0,0.0
2025-02-21,76.69999694824219,76.8499984741211,75.33999633789062,75.3499984741211,75.3499984741211,2749100,0.0,0.0,0.0
2025-02-24,75.70999908447266,76.13999938964844,75.44999694824219,75.97000122070312,75.97000122070312,2930800,0.0,0.0,0.0
2025-02-25,75.5999984741211,75.61000061035156,73.73999786376953,74.12999725341797,74.12999725341797,2386600,0.0,0.0,0.0
2025-02-26,73.91000366210938,74.2699966430664,73.41000366210938,73.8499984741211,73.8499984741211,3229400,0.0,0.0,0.0
2025-02-27,75.0199966430664,75.79000091552734,74.69000244140625,75.27999877929688,75.27999877929688,2641900,0.0,0.0,0.0
2025-02-28,74.58000183105469,75.47000122070312,74.25,75.22000122070312,75.22000122070312,2351600,0.0,0.0,0.0
2025-03-03,75.33000183105469,75.55999755859375,72.93000030517578,73.31999969482422,73.31999969482422,3996300,0.0,0.0,0.0
2025-03-04,72.75,73.61000061035156,71.70999908447266,73.30999755859375,73.30999755859375,2030600,0.0,0.0,0.0
2025-03-05,71.4000015258789,71.48999786376953,70.08999633789062,71.41999816894531,71.41999816894531,3811000,0.0,0.0,0.0
2025-03-06,71.37000274658203,72.0199966430664,70.48999786376953,71.12999725341797,71.12999725341797,3038700,0.0,0.0,0.0
2025-03-07,72.73999786376953,73.30999755859375,71.7699966430664,72.08999633789062,72.08999633789062,4195700,0.0,0.0,0.0
2025-03-10,72.05999755859375,72.25,70.73999786376953,70.88999938964844,70.88999938964844,1777100,0.0,0.0,0.0
2025-03-11,71.80000305175781,72.16999816894531,70.9800033569336,71.44999694824219,71.44999694824219,1876200,0.0,0.0,0.0
2025-03-12,72.31999969482422,72.97000122070312,72.04000091552734,72.80000305175781,72.80000305175781,2389100,0.0,0.0,0.0
2025-03-13,72.08000183105469,72.44000244140625,71.41000366210938,71.62000274658203,71.62000274658203,3119100,0.0,0.0,0.0
2025-03-14,71.88999938964844,72.43000030517578,71.6500015258789,72.27999877929688,72.27999877929688,2054600,0.0,0.0,0.0
2025-03-17,72.9800033569336,73.16999816894531,72.43000030517578,72.70999908447266,72.70999908447266,2873700,0.0,0.0,0.0
2025-03-18,73.38999938964844,73.48999786376953,71.97000122070312,72.20999908447266,72.20999908447266,2739000,0.0,0.0,0.0
2025-03-19,72.08000183105469,72.87999725341797,71.93000030517578,72.41999816894531,72.41999816894531,1747400,0.0,0.0,0.0
2025-03-20,72.2300033569336,73.80000305175781,72.04000091552734,73.7300033569336,73.7300033569336,2523100,0.0,0.0,0.0
2025-03-21,73.38999938964844,73.95999908447266,73.13999938964844,73.79000091552734,73.79000091552734,1528800,0.0,0.0,0.0
2025-03-24,74.12999725341797,74.97000122070312,73.94000244140625,74.87999725341797,74.87999725341797,2755300,0.0,0.0,0.0
2025-03-25,75.2300033569336,75.36000061035156,74.12000274658203,74.81999969482422,74.81999969482422,1922900,0.0,0.0,0.0
2025-03-26,75.33999633789062,75.94000244140625,75.12999725341797,75.41999816894531,75.41999816894531,2469600,0.0,0.0,0.0
2025-03-27,75.26000213623047,75.68000030517578,74.77999877929688,75.4800033569336,75.4800033569336,1590800,0.0,0.0,0.0
2025-03-28,75.5199966430664,75.54000091552734,74.54000091552734,74.7699966430664,74.7699966430664,2430300,0.0,0.0,0.0
2025-03-31,75.5199966430664,77.72000122070312,75.27999877929688,77.33000183105469,77.33000183105469,3147400,0.0,0.0,0.0
2025-04-01,77.5999984741211,78.01000213623047,76.87999725341797,77.08000183105469,77.08000183105469,2753900,0.0,0.0,0.0
2025-04-02,76.72000122070312,77.86000061035156,76.69000244140625,77.73999786376953,77.73999786376953,2808400,0.0,0.0,0.0
2025-04-03,72.16000366210938,72.69999694824219,71.44000244140625,72.25,72.25,6279800,0.0,0.0,0.0
2025-04-04,66.9000015258789,68.41999816894531,65.5,67.91999816894531,67.91999816894531,9319900,0.0,0.0,0.0
2025-04-07,65.63999938964844,69.19999694824219,64.94000244140625,65.9800033569336,65.9800033569336,7869100,0.0,0.0,0.0
2025-04-08,66.5999984741211,66.80000305175781,62.7400016784668,63.34000015258789,63.34000015258789,8411300,0.0,0.0,0.0
2025-04-09,61.72999954223633,68.05000305175781,60.66999816894531,67.58000183105469,67.58000183105469,15313000,0.0,0.0,0.0
2025-04-10,64.7699966430664,65.47000122070312,63.599998474121094,65.31999969482422,65.31999969482422,6596700,0.0,0.0,0.0
2025-04-11,64.6500015258789,66.79000091552734,64.5,66.45999908447266,66.45999908447266,4386200,0.0,0.0,0.0
2025-04-14,67.12000274658203,67.12999725341797,65.62000274658203,66.66000366210938,66.66000366210938,3146200,0.0,0.0,0.0
2025-04-15,66.47000122070312,66.91999816894531,65.91999816894531,66.4800033569336,66.4800033569336,1779200,0.0,0.0,0.0
2025-04-16,66.98999786376953,67.97000122070312,66.98999786376953,67.75,67.75,5452100,0.0,0.0,0.0
2025-04-17,68.3499984741211,70.05000305175781,68.1500015258789,69.4800033569336,69.4800033569336,4776800,0.0,0.0,0.0
2025-04-21,68.2699966430664,68.66000366210938,67.44000244140625,68.62000274658203,68.62000274658203,2343000,0.0,0.0,0.0
2025-04-22,68.88999938964844,70.2699966430664,68.72000122070312,69.37000274658203,69.37000274658203,4499000,0.0,0.0,0.0
2025-04-23,68.98999786376953,69.80999755859375,67.19000244140625,68.05000305175781,68.05000305175781,8908500,0.0,0.0,0.0
2025-04-24,68.6500015258789,68.86000061035156,67.69999694824219,68.45999908447266,68.45999908447266,4336600,0.0,0.0,0.0
2025-04-25,68.05000305175781,69.18000030517578,68.04000091552734,69.02999877929688,69.02999877929688,3272100,0.0,0.0,0.0
2025-04-28,68.87000274658203,69.04000091552734,67.16999816894531,67.76000213623047,67.76000213623047,3232700,0.0,0.0,0.0
2025-04-29,66.69000244140625,66.80999755859375,65.83000183105469,65.8499984741211,65.8499984741211,4650000,0.0,0.0,0.0
2025-04-30,65.44999694824219,65.72000122070312,63.29999923706055,63.560001373291016,63.560001373291016,10236300,0.0,0.0,0.0
2025-05-01,63.59000015258789,65.08000183105469,63.099998474121094,64.5199966430664,64.5199966430664,10673900,0.0,0.0,0.0
2025-05-02,64.52999877929688,64.5999984741211,63.11000061035156,64.01000213623047,64.01000213623047,7095900,0.0,0.0,0.0
2025-05-05,62.849998474121094,63.02000045776367,61.75,62.369998931884766,62.369998931884766,4867100,0.0,0.0,0.0
2025-05-06,64.69999694824219,65.41000366210938,64.45999908447266,64.5999984741211,64.5999984741211,5745700,0.0,0.0,0.0
2025-05-07,64.41000366210938,64.66999816894531,63.2599983215332,63.5099983215332,63.5099983215332,4008500,0.0,0.0,0.0
2025-05-08,64.44000244140625,65.73999786376953,64.43000030517578,65.5999984741211,65.5999984741211,4643900,0.0,0.0,0.0
2025-05-09,65.95999908447266,66.81999969482422,65.87000274658203,66.61000061035156,66.61000061035156,4361300,0.0,0.0,0.0
2025-05-12,69.08000183105469,69.27999877929688,67.4800033569336,67.5999984741211,67.5999984741211,4861900,0.0,0.0,0.0
2025-05-13,68.44999694824219,69.87999725341797,68.4000015258789,69.58999633789062,69.58999633789062,4728000,0.0,0.0,0.0
2025-05-14,69.27999877929688,69.55000305175781,68.69999694824219,68.7300033569336,68.7300033569336,2802500,0.0,0.0,0.0
2025-05-15,67.41000366210938,67.79000091552734,66.87000274658203,67.58999633789062,67.58999633789062,5263400,0.0,0.0,0.0
2025-05-16,67.83000183105469,68.54000091552734,67.41999816894531,68.0999984741211,68.0999984741211,3769400,0.0,0.0,0.0
2025-05-19,68.11000061035156,69.0999984741211,67.87999725341797,68.51000213623047,68.51000213623047,5136900,0.0,0.0,0.0
2025-05-20,68.37000274658203,68.80000305175781,67.77999877929688,68.66000366210938,68.66000366210938,2786100,0.0,0.0,0.0
2025-05-21,69.13999938964844,69.16000366210938,67.56999969482422,67.58999633789062,67.58999633789062,5467400,0.0,0.0,0.0
2025-05-22,66.87999725341797,67.55000305175781,66.56999969482422,67.13999938964844,67.13999938964844,3512500,0.0,0.0,0.0
2025-05-23,66.97000122070312,68.22000122070312,66.95999908447266,67.98999786376953,67.98999786376953,4285000,0.0,0.0,0.0
2025-05-27,67.4800033569336,67.5999984741211,66.47000122070312,67.27999877929688,67.27999877929688,3938200,0.0,0.0,0.0
2025-05-28,68.33000183105469,68.95999908447266,67.83000183105469,67.88999938964844,67.88999938964844,5201800,0.0,0.0,0.0
2025-05-29,67.62999725341797,67.63999938964844,66.77999877929688,67.19000244140625,67.19000244140625,4856200,0.0,0.0,0.0
2025-05-30,67.0999984741211,67.25,65.95999908447266,67.1500015258789,67.1500015258789,8793200,0.0,0.0,0.0
2025-06-02,69.98999786376953,70.04000091552734,68.63999938964844,69.55000305175781,69.55000305175781,7125100,0.0,0.0,0.0
2025-06-03,69.62000274658203,70.5,69.37000274658203,69.88999938964844,69.88999938964844,3996900,0.0,0.0,0.0
2025-06-04,70.0,70.55999755859375,68.63999938964844,69.33999633789062,69.33999633789062,6455200,0.0,0.0,0.0
2025-06-05,70.43000030517578,70.61000061035156,69.79000091552734,69.93000030517578,69.93000030517578,2613700,0.0,0.0,0.0
2025-06-06,70.36000061035156,71.5199966430664,70.36000061035156,71.37999725341797,71.37999725341797,3488000,0.0,0.0,0.0
2025-06-09,71.4000015258789,72.18000030517578,71.08000183105469,72.05000305175781,72.05000305175781,2893900,0.0,0.0,0.0
2025-06-10,72.16999816894531,73.06999969482422,71.26000213623047,71.5999984741211,71.5999984741211,5541900,0.0,0.0,0.0
2025-06-11,73.0199966430664,75.31999969482422,72.80000305175781,74.81999969482422,74.81999969482422,8888000,0.0,0.0,0.0
2025-06-12,74.01000213623047,75.41000366210938,73.75,75.05000305175781,75.05000305175781,11696900,0.0,0.0,0.0
2025-06-13,80.47000122070312,81.13999938964844,78.63999938964844,80.22000122070312,80.22000122070312,33971200,0.0,0.0,0.0
2025-06-16,79.01000213623047,79.5999984741211,76.25,78.58999633789062,78.58999633789062,40622400,0.0,0.0,0.0
2025-06-17,80.44000244140625,82.88999938964844,80.08999633789062,82.30000305175781,82.30000305175781,26239300,0.0,0.0,0.0
2025-06-18,83.0999984741211,83.45999908447266,80.16000366210938,82.2699966430664,82.2699966430664,36772300,0.0,0.0,0.0
2025-06-20,82.25,83.37999725341797,81.86000061035156,83.12000274658203,83.12000274658203,14229000,0.0,0.0,0.0
2025-06-23,83.25,83.56999969482422,76.41000366210938,76.41000366210938,76.41000366210938,50659400,0.0,0.0,0.0
2025-06-24,73.33999633789062,73.86000061035156,71.97000122070312,73.0,73.0,16119600,0.0,0.0,0.0
2025-06-25,72.93000030517578,74.2300033569336,72.79000091552734,73.30999755859375,73.30999755859375,12401000,0.0,0.0,0.0
2025-06-26,73.62999725341797,74.68000030517578,73.08999633789062,73.58999633789062,73.58999633789062,9514900,0.0,0.0,0.0
2025-06-27,74.0199966430664,74.33999633789062,72.87000274658203,73.27999877929688,73.27999877929688,11610800,0.0,0.0,0.0
2025-06-30,73.4800033569336,73.62999725341797,72.72000122070312,73.11000061035156,73.11000061035156,5917500,0.0,0.0,0.0
2025-07-01,73.61000061035156,74.04000091552734,73.31999969482422,73.93000030517578,73.93000030517578,4425200,0.0,0.0,0.0
2025-07-02,74.31999969482422,76.0199966430664,73.51000213623047,75.58999633789062,75.58999633789062,6491400,0.0,0.0,0.0
2025-07-03,75.41000366210938,75.91999816894531,74.87999725341797,75.19000244140625,75.19000244140625,4394800,0.0,0.0,0.0
2025-07-07,75.83999633789062,76.88999938964844,75.56999969482422,76.4800033569336,76.4800033569336,6155000,0.0,0.0,0.0
2025-07-08,76.18000030517578,77.58999633789062,76.05000305175781,76.95999908447266,76.95999908447266,4287200,0.0,0.0,0.0
2025-07-09,76.44999694824219,77.5199966430664,76.27999877929688,76.93000030517578,76.93000030517578,3839700,0.0,0.0,0.0
2025-07-10,75.37000274658203,75.91999816894531,74.95999908447266,75.38999938964844,75.38999938964844,6704000,0.0,0.0,0.0
2025-07-11,76.08999633789062,77.3499984741211,76.08000183105469,77.29000091552734,77.29000091552734,4487200,0.0,0.0,0.0
2025-07-14,77.2699966430664,77.2699966430664,75.5,75.62000274658203,75.62000274658203,7289700,0.0,0.0,0.0
2025-07-15,75.30999755859375,75.87999725341797,74.94000244140625,75.26000213623047,75.26000213623047,5941400,0.0,0.0,0.0
2025-07-16,74.20999908447266,75.33000183105469,73.98999786376953,75.19000244140625,75.19000244140625,6178100,0.0,0.0,0.0
2025-07-17,75.01000213623047,76.26000213623047,74.87000274658203,76.16000366210938,76.16000366210938,4350000,0.0,0.0,0.0
2025-07-18,76.97000122070312,77.30999755859375,75.80000305175781,75.93000030517578,75.93000030517578,7583500,0.0,0.0,0.0
2025-07-21,75.62000274658203,75.91000366210938,74.98999786376953,75.58999633789062,75.58999633789062,2884800,0.0,0.0,0.0
2025-07-22,75.05999755859375,75.47000122070312,74.55000305175781,75.3499984741211,75.3499984741211,3946300,0.0,0.0,0.0
2025-07-23,74.80999755859375,75.33000183105469,74.44000244140625,75.27999877929688,75.27999877929688,4811500,0.0,0.0,0.0
2025-07-24,75.87000274658203,76.33999633789062,75.1500015258789,76.08999633789062,76.08999633789062,5938400,0.0,0.0,0.0
2025-07-25,76.11000061035156,76.11000061035156,74.80000305175781,74.8499984741211,74.8499984741211,3287400,0.0,0.0,0.0
2025-07-28,76.69999694824219,77.23999786376953,76.20999908447266,77.16999816894531,77.16999816894531,3796800,0.0,0.0,0.0
2025-07-29,77.44999694824219,80.23999786376953,77.33999633789062,79.80000305175781,79.80000305175781,7928200,0.0,0.0,0.0
2025-07-30,80.16000366210938,81.12999725341797,79.7300033569336,81.04000091552734,81.04000091552734,4957400,0.0,0.0,0.0
2025-07-31,79.86000061035156,80.41999816894531,78.91999816894531,79.58999633789062,79.58999633789062,3817100,0.0,0.0,0.0
2025-08-01,79.70999908447266,79.83000183105469,77.19000244140625,77.45999908447266,77.45999908447266,7087100,0.0,0.0,0.0
2025-08-04,75.63999938964844,77.16000366210938,75.45999908447266,76.11000061035156,76.11000061035156,5326700,0.0,0.0,0.0
2025-08-05,75.51000213623047,75.75,74.88999938964844,75.0199966430664,75.0199966430664,5894000,0.0,0.0,0.0
2025-08-06,76.30999755859375,76.83999633789062,73.31999969482422,73.79000091552734,73.79000091552734,8908700,0.0,0.0,0.0
2025-08-07,74.05999755859375,74.54000091552734,73.41999816894531,73.41999816894531,73.41999816894531,3578400,0.0,0.0,0.0
2025-08-08,73.93000030517578,74.4000015258789,72.38999938964844,73.30000305175781,73.30000305175781,5793400,0.0,0.0,0.0
2025-08-11,73.94000244140625,74.2300033569336,73.36000061035156,73.80000305175781,73.80000305175781,3307600,0.0,0.0,0.0
2025-08-12,73.22000122070312,73.58000183105469,72.80000305175781,72.94999694824219,72.94999694824219,2929300,0.0,0.0,0.0
2025-08-13,72.77999877929688,72.83000183105469,71.55999755859375,72.45999908447266,72.45999908447266,5653500,0.0,0.0,0.0
2025-08-14,73.36000061035156,73.77999877929688,72.87999725341797,73.73999786376953,73.73999786376953,4551100,0.0,0.0,0.0
2025-08-15,72.72000122070312,73.22000122070312,72.29000091552734,72.80000305175781,72.80000305175781,8046900,0.0,0.0,0.0
2025-08-18,72.3499984741211,73.62999725341797,71.80999755859375,73.16999816894531,73.16999816894531,5247900,0.0,0.0,0.0
2025-08-19,72.5,72.75,72.05999755859375,72.30000305175781,72.30000305175781,3423300,0.0,0.0,0.0
2025-08-20,73.16000366210938,73.62999725341797,72.58999633789062,73.5199966430664,73.5199966430664,3858800,0.0,0.0,0.0
2025-08-21,73.29000091552734,74.41000366210938,73.08999633789062,74.12999725341797,74.12999725341797,3185700,0.0,0.0,0.0
2025-08-22,74.27999877929688,74.7300033569336,74.12000274658203,74.63999938964844,74.63999938964844,4873300,0.0,0.0,0.0
2025-08-25,75.19000244140625,76.12000274658203,75.16999816894531,75.75,75.75,3175800,0.0,0.0,0.0
2025-08-26,74.58000183105469,75.12000274658203,73.8499984741211,74.05000305175781,74.05000305175781,3174400,0.0,0.0,0.0
2025-08-27,74.12999725341797,75.11000061035156,74.12999725341797,74.68000030517578,74.68000030517578,3322100,0.0,0.0,0.0
2025-08-28,74.94000244140625,75.66999816894531,74.11000061035156,75.23999786376953,75.23999786376953,3522000,0.0,0.0,0.0
2025-08-29,75.3499984741211,75.44999694824219,74.73999786376953,74.83999633789062,74.83999633789062,3510200,0.0,0.0,0.0
2025-09-02,76.08000183105469,76.95999908447266,75.66999816894531,76.76000213623047,76.76000213623047,5380800,0.0,0.0,0.0
2025-09-03,75.61000061035156,75.83000183105469,74.58999633789062,74.83000183105469,74.83000183105469,6270900,0.0,0.0,0.0
2025-09-04,73.87000274658203,74.55000305175781,73.75,74.18000030517578,74.18000030517578,4503100,0.0,0.0,0.0
2025-09-05,73.0199966430664,73.0199966430664,71.95999908447266,72.62999725341797,72.62999725341797,5101500,0.0,0.0,0.0
2025-09-08,73.48999786376953,73.54000091552734,72.56999969482422,73.04000091552734,73.04000091552734,3943300,0.0,0.0,0.0
2025-09-09,73.98999786376953,74.5199966430664,73.29000091552734,73.38999938964844,73.38999938964844,4228800,0.0,0.0,0.0
2025-09-10,74.0,75.05000305175781,73.79000091552734,74.70999908447266,74.70999908447266,6039000,0.0,0.0,0.0
2025-09-11,73.19000244140625,73.55000305175781,72.93000030517578,73.0,73.0,3876000,0.0,0.0,0.0
2025-09-12,74.16999816894531,74.44999694824219,73.26000213623047,73.30999755859375,73.30999755859375,4990100,0.0,0.0,0.0
2025-09-15,74.26000213623047,74.68000030517578,73.97000122070312,74.2300033569336,74.2300033569336,3985500,0.0,0.0,0.0
2025-09-16,75.08000183105469,75.86000061035156,74.80000305175781,75.66999816894531,75.66999816894531,5063900,0.0,0.0,0.0
2025-09-17,75.41000366210938,75.69999694824219,74.66999816894531,74.97000122070312,74.97000122070312,4020200,0.0,0.0,0.0
2025-09-18,75.12000274658203,75.66000366210938,74.27999877929688,74.69000244140625,74.69000244140625,4176200,0.0,0.0,0.0
2025-09-19,73.94999694824219,74.4800033569336,73.33000183105469,73.5199966430664,73.5199966430664,5958100,0.0,0.0,0.0
2025-09-22,72.80000305175781,73.58999633789062,72.72000122070312,73.44999694824219,73.44999694824219,2787100,0.0,0.0,0.0
2025-09-23,74.36000061035156,75.33000183105469,74.33000183105469,75.05000305175781,75.05000305175781,5617600,0.0,0.0,0.0
2025-09-24,75.87999725341797,76.69000244140625,75.58000183105469,76.38999938964844,76.38999938964844,3939900,0.0,0.0,0.0
2025-09-25,76.02999877929688,77.04000091552734,75.55000305175781,76.98999786376953,76.98999786376953,5736700,0.0,0.0,0.0
2025-09-26,77.05999755859375,78.31999969482422,76.93000030517578,77.0199966430664,77.0199966430664,5918400,0.0,0.0,0.0
2025-09-29,75.43000030517578,75.5,74.31999969482422,74.58999633789062,74.58999633789062,6341200,0.0,0.0,0.0
2025-09-30,73.87000274658203,74.3499984741211,73.4000015258789,73.75,73.75,7709100,0.0,0.0,0.0
2025-10-01,72.6500015258789,73.48999786376953,72.45999908447266,73.13999938964844,73.13999938964844,6348600,0.0,0.0,0.0
2025-10-02,72.27999877929688,72.95999908447266,71.27999877929688,71.54000091552734,71.54000091552734,6317200,0.0,0.0,0.0
2025-10-03,71.7699966430664,72.30000305175781,71.62999725341797,71.70999908447266,71.70999908447266,6657000,0.0,0.0,0.0
2025-10-06,72.43000030517578,73.16000366210938,72.23999786376953,72.87000274658203,72.87000274658203,5435400,0.0,0.0,0.0
2025-10-07,72.4800033569336,73.2300033569336,72.22000122070312,73.19999694824219,73.19999694824219,4845800,0.0,0.0,0.0
2025-10-08,73.5199966430664,74.12999725341797,73.25,73.52999877929688,73.52999877929688,4321100,0.0,0.0,0.0
2025-10-09,73.80999755859375,73.91000366210938,72.23999786376953,72.51000213623047,72.51000213623047,4670900,0.0,0.0,0.0
2025-10-10,70.7699966430664,71.37000274658203,69.30000305175781,69.38999938964844,69.38999938964844,8290900,0.0,0.0,0.0
2025-10-13,70.30999755859375,70.88999938964844,69.9000015258789,70.27999877929688,70.27999877929688,4026900,0.0,0.0,0.0
2025-10-14,69.1500015258789,69.5999984741211,68.51000213623047,69.0,69.0,5106900,0.0,0.0,0.0
2025-10-15,69.70999908447266,69.86000061035156,68.70999908447266,68.98999786376953,68.98999786376953,4069300,0.0,0.0,0.0
2025-10-16,69.12000274658203,69.22000122070312,67.52999877929688,67.80999755859375,67.80999755859375,7635800,0.0,0.0,0.0
2025-10-17,67.72000122070312,68.16000366210938,67.44000244140625,67.9800033569336,67.9800033569336,5517900,0.0,0.0,0.0
2025-10-20,66.9800033569336,67.9000015258789,66.9800033569336,67.83000183105469,67.83000183105469,6113000,0.0,0.0,0.0
2025-10-21,68.05000305175781,69.13999938964844,67.04000091552734,68.2699966430664,68.2699966430664,10824400,0.0,0.0,0.0
2025-10-22,69.5199966430664,71.18000030517578,69.33000183105469,70.62999725341797,70.62999725341797,14092800,0.0,0.0,0.0
2025-10-23,73.11000061035156,73.98999786376953,72.86000061035156,73.29000091552734,73.29000091552734,9561300,0.0,0.0,0.0
2025-10-24,73.66999816894531,74.25,73.08999633789062,73.18000030517578,73.18000030517578,6467300,0.0,0.0,0.0
2025-10-27,73.20999908447266,73.81999969482422,72.7699966430664,73.12000274658203,73.12000274658203,4563100,0.0,0.0,0.0
2025-10-28,72.05000305175781,72.33000183105469,71.13999938964844,71.38999938964844,71.38999938964844,4540300,0.0,0.0,0.0
2025-10-29,71.80999755859375,72.63999938964844,71.73999786376953,71.80000305175781,71.80000305175781,4418000,0.0,0.0,0.0
2025-10-30,71.38999938964844,72.3499984741211,71.16000366210938,71.70999908447266,71.70999908447266,2787200,0.0,0.0,0.0
2025-10-31,72.56999969482422,72.88999938964844,72.01000213623047,72.55999755859375,72.55999755859375,7030300,0.0,0.0,0.0
2025-11-03,72.55999755859375,73.19999694824219,72.05999755859375,72.73999786376953,72.73999786376953,4473600,0.0,0.0,0.0
2025-11-04,71.91999816894531,72.5199966430664,71.77999877929688,71.93000030517578,71.93000030517578,3196200,0.0,0.0,0.0
2025-11-05,71.68000030517578,72.45999908447266,70.94000244140625,71.02999877929688,71.02999877929688,3309200,0.0,0.0,0.0
2025-11-06,70.62000274658203,71.11000061035156,70.12999725341797,70.87999725341797,70.87999725341797,4127300,0.0,0.0,0.0
2025-11-07,71.27999877929688,71.44999694824219,70.72000122070312,71.26000213623047,71.26000213623047,3627000,0.0,0.0,0.0
2025-11-10,71.58999633789062,71.7699966430664,70.86000061035156,71.68000030517578,71.68000030517578,2525500,0.0,0.0,0.0
2025-11-11,72.43000030517578,73.06999969482422,72.43000030517578,72.72000122070312,72.72000122070312,3677200,0.0,0.0,0.0
2025-11-12,71.08999633789062,71.08999633789062,69.63999938964844,69.79000091552734,69.79000091552734,5070800,0.0,0.0,0.0
2025-11-13,70.5,70.54000091552734,69.8499984741211,69.8499984741211,69.8499984741211,4174700,0.0,0.0,0.0
2025-11-14,71.31999969482422,71.95999908447266,71.12999725341797,71.37999725341797,71.37999725341797,4159900,0.0,0.0,0.0
2025-11-17,71.5999984741211,71.77999877929688,71.29000091552734,71.30000305175781,71.30000305175781,3647400,0.0,0.0,0.0
2025-11-18,71.31999969482422,72.68000030517578,70.91000366210938,72.5,72.5,5343000,0.0,0.0,0.0
2025-11-19,70.4800033569336,70.91000366210938,70.11000061035156,70.87999725341797,70.87999725341797,4790200,0.0,0.0,0.0
2025-11-20,71.2699966430664,71.79000091552734,70.0199966430664,70.1500015258789,70.1500015258789,5542200,0.0,0.0,0.0
2025-11-21,69.2699966430664,69.52999877929688,68.58000183105469,69.30000305175781,69.30000305175781,7120500,0.0,0.0,0.0
2025-11-24,69.2699966430664,70.58999633789062,68.8499984741211,70.41999816894531,70.41999816894531,4551300,0.0,0.0,0.0
2025-11-25,68.94999694824219,69.48999786376953,68.26000213623047,69.25,69.25,5888800,0.0,0.0,0.0
2025-11-26,69.06999969482422,70.19000244140625,69.05000305175781,70.04000091552734,70.04000091552734,3201800,0.0,0.0,0.0
2025-11-28,70.44000244140625,71.30000305175781,70.44000244140625,71.06999969482422,71.06999969482422,3363800,0.0,0.0,0.0
2025-12-01,70.61000061035156,71.33000183105469,70.61000061035156,71.05999755859375,71.05999755859375,4462800,0.0,0.0,0.0
2025-12-02,70.54000091552734,71.04000091552734,69.72000122070312,70.19999694824219,70.19999694824219,6339600,0.0,0.0,0.0
2025-12-03,70.75,71.30000305175781,70.37000274658203,70.66000366210938,70.66000366210938,3173600,0.0,0.0,0.0
2025-12-04,70.6500015258789,71.76000213623047,70.3499984741211,71.38999938964844,71.38999938964844,3957500,0.0,0.0,0.0
2025-12-05,71.33000183105469,72.33999633789062,71.30999755859375,71.91999816894531,71.91999816894531,4323600,0.0,0.0,0.0
2025-12-08,70.81999969482422,71.18000030517578,70.2699966430664,70.48999786376953,70.48999786376953,3073400,0.0,0.0,0.0
2025-12-09,70.37999725341797,70.41999816894531,69.66000366210938,69.86000061035156,69.86000061035156,3111300,0.0,0.0,0.0
2025-12-10,69.43000030517578,70.69999694824219,69.12999725341797,70.54000091552734,70.54000091552734,8096000,0.0,0.0,0.0
2025-12-11,68.58999633789062,69.29000091552734,68.30999755859375,69.25,69.25,8487500,0.0,0.0,0.0
2025-12-12,68.87000274658203,69.12999725341797,68.47000122070312,68.80999755859375,68.80999755859375,5306000,0.0,0.0,0.0
2025-12-15,68.48999786376953,68.52999877929688,67.61000061035156,67.88999938964844,67.88999938964844,6298800,0.0,0.0,0.0
2025-12-16,66.75,66.77999877929688,65.98999786376953,66.16999816894531,66.16999816894531,6816100,0.0,0.0,0.0
2025-12-17,67.22000122070312,68.05999755859375,66.83000183105469,67.9800033569336,67.9800033569336,7398000,0.0,0.0,0.0
2025-12-18,67.7699966430664,67.94000244140625,67.0999984741211,67.19000244140625,67.19000244140625,4713800,0.0,0.0,0.0
2025-12-19,67.73999786376953,68.19999694824219,67.44000244140625,68.02999877929688,68.02999877929688,4003300,0.0,0.0,0.0
2025-12-22,69.55999755859375,69.8499984741211,69.22000122070312,69.7300033569336,69.7300033569336,4491500,0.0,0.0,0.0
2025-12-23,69.62000274658203,70.36000061035156,69.44999694824219,70.30000305175781,70.30000305175781,3517300,0.0,0.0,0.0
2025-12-24,70.47000122070312,70.58000183105469,69.94000244140625,70.19999694824219,70.19999694824219,1596400,0.0,0.0,0.0
2025-12-26,69.66000366210938,69.76000213623047,68.18000030517578,68.4800033569336,68.4800033569336,4224500,0.0,0.0,0.0
2025-12-29,69.8499984741211,70.12999725341797,69.56999969482422,69.61000061035156,69.61000061035156,2758000,0.0,0.0,0.0
2025-12-30,70.27999877929688,70.33000183105469,69.6500015258789,69.73999786376953,69.73999786376953,2324200,0.0,0.0,0.0
2025-12-31,70.19999694824219,70.26000213623047,68.8499984741211,69.16000366210938,69.16000366210938,2218700,0.0,0.0,0.0
2026-01-02,68.43000030517578,69.1500015258789,68.1500015258789,68.95999908447266,68.95999908447266,5012300,0.0,0.0,0.0
2026-01-05,69.7300033569336,70.4000015258789,69.2300033569336,70.22000122070312,70.22000122070312,4987100,0.0,0.0,0.0
2026-01-06,70.5999984741211,70.73999786376953,68.45999908447266,68.51000213623047,68.51000213623047,5432900,0.0,0.0,0.0
2026-01-07,68.23999786376953,68.30999755859375,67.3499984741211,67.79000091552734,67.79000091552734,5317500,0.0,0.0,0.0
2026-01-08,68.79000091552734,70.6500015258789,68.38999938964844,70.54000091552734,70.54000091552734,6558600,0.0,0.0,0.0
2026-01-09,70.87999725341797,71.94000244140625,70.7699966430664,70.77999877929688,70.77999877929688,5925100,0.0,0.0,0.0
2026-01-12,70.95999908447266,72.0,70.47000122070312,71.6500015258789,71.6500015258789,5703400,0.0,0.0,0.0
2026-01-13,72.77999877929688,73.94000244140625,72.75,73.4800033569336,73.4800033569336,10694200,0.0,0.0,0.0
2026-01-14,74.26000213623047,75.16000366210938,71.41000366210938,72.61000061035156,72.61000061035156,17618100,0.0,0.0,0.0
2026-01-15,71.5999984741211,71.70999908447266,71.0,71.12999725341797,71.12999725341797,4748400,0.0,0.0,0.0
2026-01-16,72.30000305175781,72.5199966430664,71.56999969482422,71.6500015258789,71.6500015258789,4492100,0.0,0.0,0.0
2026-01-20,72.80000305175781,73.12999725341797,71.70999908447266,71.86000061035156,71.86000061035156,7577200,0.0,0.0,0.0
2026-01-21,72.83999633789062,73.45999908447266,72.5999984741211,73.33999633789062,73.33999633789062,4291300,0.0,0.0,0.0
2026-01-22,72.43000030517578,72.5,71.2699966430664,71.81999969482422,71.81999969482422,4973400,0.0,0.0,0.0
2026-01-23,73.76000213623047,74.05000305175781,73.37999725341797,73.94999694824219,73.94999694824219,5427600,0.0,0.0,0.0
2026-01-26,73.36000061035156,73.7699966430664,72.94000244140625,73.4800033569336,73.4800033569336,4486300,0.0,0.0,0.0
2026-01-27,73.94999694824219,75.70999908447266,73.69000244140625,75.66000366210938,75.66000366210938,6164600,0.0,0.0,0.0
2026-01-28,76.26000213623047,76.73999786376953,75.62999725341797,76.62000274658203,76.62000274658203,6508700,0.0,0.0,0.0
2026-01-29,80.11000061035156,80.37999725341797,78.16999816894531,79.13999938964844,79.13999938964844,13188800,0.0,0.0,0.0
2026-01-30,79.44000244140625,79.94999694824219,77.6500015258789,79.5199966430664,79.5199966430664,11586200,0.0,0.0,0.0
2026-02-02,75.5,75.66999816894531,74.45999908447266,75.33000183105469,75.33000183105469,8544400,0.0,0.0,0.0
2026-02-03,75.8499984741211,77.63999938964844,75.63999938964844,77.47000122070312,77.47000122070312,10887400,0.0,0.0,0.0
2026-02-04,76.5199966430664,79.37000274658203,76.19999694824219,77.87999725341797,77.87999725341797,17514900,0.0,0.0,0.0
2026-02-05,76.86000061035156,77.30999755859375,75.87999725341797,76.69000244140625,76.69000244140625,5989500,0.0,0.0,0.0
2026-02-06,76.23999786376953,77.98999786376953,76.16999816894531,76.98999786376953,76.98999786376953,6661500,0.0,0.0,0.0
2026-02-09,76.83000183105469,78.62999725341797,76.79000091552734,78.0199966430664,78.0199966430664,3201100,0.0,0.0,0.0
2026-02-10,78.30000305175781,78.44000244140625,77.27999877929688,78.02999877929688,78.02999877929688,6542000,0.0,0.0,0.0
2026-02-11,79.68000030517578,79.83000183105469,78.23999786376953,78.88999938964844,78.88999938964844,10313100,0.0,0.0,0.0
2026-02-12,78.0,78.06999969482422,75.70999908447266,76.37999725341797,76.37999725341797,7442600,0.0,0.0,0.0
2026-02-13,76.12000274658203,76.72000122070312,75.66000366210938,76.22000122070312,76.22000122070312,6172200,0.0,0.0,0.0
2026-02-17,76.20999908447266,76.4800033569336,75.18000030517578,75.7300033569336,75.7300033569336,9329600,0.0,0.0,0.0
2026-02-18,77.91999816894531,79.62999725341797,77.8499984741211,79.4000015258789,79.4000015258789,10251400,0.0,0.0,0.0
2026-02-19,80.43000030517578,81.2699966430664,79.69000244140625,81.19000244140625,81.19000244140625,11768000,0.0,0.0,0.0
2026-02-20,80.54000091552734,81.23999786376953,80.16999816894531,80.8499984741211,80.8499984741211,9427300,0.0,0.0,0.0
2026-02-23,81.48999786376953,81.91999816894531,80.5,80.9000015258789,80.9000015258789,5941200,0.0,0.0,0.0
2026-02-24,81.19000244140625,81.22000122070312,79.80000305175781,80.76000213623047,80.76000213623047,10649500,0.0,0.0,0.0
2026-02-25,80.0999984741211,80.13999938964844,79.31999969482422,79.7300033569336,79.7300033569336,6547300,0.0,0.0,0.0
2026-02-26,78.1500015258789,81.23999786376953,78.04000091552734,79.7699966430664,79.7699966430664,18725900,0.0,0.0,0.0
2026-02-27,82.0,82.12000274658203,80.58000183105469,81.94999694824219,81.94999694824219,12164700,0.0,0.0,0.0
2026-03-02,87.62000274658203,88.63999938964844,83.19999694824219,87.19000244140625,87.19000244140625,41780500,0.0,0.0,0.0
2026-03-03,94.0999984741211,94.37000274658203,87.33000183105469,90.19999694824219,90.19999694824219,50397900,0.0,0.0,0.0
2026-03-04,90.22000122070312,91.58999633789062,89.11000061035156,91.55999755859375,91.55999755859375,28457300,0.0,0.0,0.0
2026-03-05,94.45999908447266,98.83000183105469,94.05999755859375,96.30999755859375,96.30999755859375,47311300,0.0,0.0,0.0
2026-03-06,105.37999725341797,109.9800033569336,104.52999877929688,108.7699966430664,108.7699966430664,68722000,0.0,0.0,0.0
2026-03-09,119.41999816894531,124.06999969482422,98.47000122070312,104.33000183105469,104.33000183105469,143771900,0.0,0.0,0.0
2026-03-10,107.12999725341797,107.55999755859375,94.2300033569336,105.86000061035156,105.86000061035156,135401400,0.0,0.0,0.0
2026-03-11,105.02999877929688,108.36000061035156,100.98999786376953,108.05000305175781,108.05000305175781,80928900,0.0,0.0,0.0
2026-03-12,115.69000244140625,119.12999725341797,113.91000366210938,118.38999938964844,118.38999938964844,93641500,0.0,0.0,0.0
2026-03-13,115.08000183105469,121.1500015258789,114.55999755859375,119.88999938964844,119.88999938964844,59716000,0.0,0.0,0.0
2026-03-16,116.93000030517578,118.91000366210938,114.36000061035156,115.02999877929688,115.02999877929688,66869700,0.0,0.0,0.0
2026-03-17,117.41999816894531,119.12999725341797,116.06999969482422,118.83999633789062,118.83999633789062,40127600,0.0,0.0,0.0
2026-03-18,121.02999877929688,122.87000274658203,117.44999694824219,121.66999816894531,121.66999816894531,70647800,0.0,0.0,0.0
2026-03-19,120.4000015258789,125.19000244140625,114.68000030517578,117.36000061035156,117.36000061035156,96157300,0.0,0.0,0.0
2026-03-20,118.95999908447266,123.0199966430664,118.33000183105469,121.43000030517578,121.43000030517578,49738900,0.0,0.0,0.0
2026-03-23,113.29000091552734,114.44999694824219,106.44999694824219,110.55999755859375,110.55999755859375,91139700,0.0,0.0,0.0
2026-03-24,115.2300033569336,116.3499984741211,112.7699966430664,114.54000091552734,114.54000091552734,48623800,0.0,0.0,0.0
2026-03-25,109.29000091552734,114.25,109.0199966430664,113.38999938964844,113.38999938964844,41976300,0.0,0.0,0.0
2026-03-26,116.7300033569336,118.94000244140625,115.19999694824219,117.26000213623047,117.26000213623047,42398600,0.0,0.0,0.0
2026-03-27,120.79000091552734,125.30000305175781,120.47000122070312,124.19999694824219,124.19999694824219,32843700,0.0,0.0,0.0
2026-03-30,126.83999633789062,130.0800018310547,126.30999755859375,129.8300018310547,129.8300018310547,40484900,0.0,0.0,0.0
2026-03-31,129.35000610351562,130.92999267578125,124.19999694824219,127.25,127.25,58856900,0.0,0.0,0.0
2026-04-01,124.86000061035156,125.7300033569336,122.4800033569336,124.08999633789062,124.08999633789062,45287000,0.0,0.0,0.0
2026-04-02,139.27000427246094,140.0,131.88999938964844,137.9199981689453,137.9199981689453,63983600,0.0,0.0,0.0
2026-04-06,138.50999450683594,140.88999938964844,136.3800048828125,138.94000244140625,138.94000244140625,28315500,0.0,0.0,0.0
2026-04-07,141.3300018310547,143.97999572753906,130.0,138.0800018310547,138.0800018310547,50936400,0.0,0.0,0.0
2026-04-08,119.05999755859375,125.2300033569336,118.05999755859375,124.58000183105469,124.58000183105469,52449300,0.0,0.0,0.0
2026-04-09,127.19000244140625,129.63999938964844,123.05999755859375,126.95999908447266,126.95999908447266,44214800,0.0,0.0,0.0
2026-04-10,125.61000061035156,127.77999877929688,123.9800033569336,124.81999969482422,124.81999969482422,16178900,0.0,0.0,0.0
2026-04-13,133.3699951171875,133.52999877929688,127.16000366210938,128.47000122070312,128.47000122070312,22427800,0.0,0.0,0.0
2026-04-14,127.0999984741211,127.2300033569336,122.91000366210938,123.8499984741211,123.8499984741211,14735600,0.0,0.0,0.0
2026-04-15,123.25,125.23999786376953,122.33000183105469,122.58999633789062,122.58999633789062,13952800,0.0,0.0,0.0
2026-04-16,124.06999969482422,128.27999877929688,124.05000305175781,125.83999633789062,125.83999633789062,13470200,0.0,0.0,0.0
2026-04-17,114.7300033569336,116.87000274658203,110.3499984741211,116.04000091552734,116.04000091552734,38315300,0.0,0.0,0.0
2026-04-20,119.83999633789062,122.87999725341797,119.4000015258789,121.31999969482422,121.31999969482422,15244900,0.0,0.0,0.0
2026-04-21,121.51000213623047,128.88999938964844,121.02999877929688,128.25,128.25,23309500,0.0,0.0,0.0
2026-04-22,127.36000061035156,131.00999450683594,127.06999969482422,129.39999389648438,129.39999389648438,11894500,0.0,0.0,0.0
2026-04-23,131.25999450683594,137.4600067138672,129.8699951171875,134.72000122070312,134.72000122070312,19181600,0.0,0.0,0.0
2026-04-24,132.6300048828125,133.8699951171875,129.5500030517578,132.39999389648438,132.39999389648438,14228400,0.0,0.0,0.0
2026-04-27,133.9600067138672,136.49000549316406,133.2100067138672,134.72000122070312,134.72000122070312,7019600,0.0,0.0,0.0
2026-04-28,138.85000610351562,140.39999389648438,138.02000427246094,139.60000610351562,139.60000610351562,11944900,0.0,0.0,0.0
2026-04-29,146.14999389648438,151.6300048828125,145.94000244140625,150.6300048828125,150.6300048828125,14903300,0.0,0.0,0.0
2026-04-30,146.32000732421875,149.05999755859375,144.47999572753906,147.08999633789062,147.08999633789062,10614100,0.0,0.0,0.0
2026-05-01,143.52999877929688,143.85000610351562,138.8000030517578,142.8000030517578,142.8000030517578,12798600,0.0,0.0,0.0
2026-05-04,143.85000610351562,149.47000122070312,142.22999572753906,147.61000061035156,147.61000061035156,15170600,0.0,0.0,0.0
2026-05-05,143.91000366210938,144.8000030517578,142.13999938964844,144.1699981689453,144.1699981689453,8551000,0.0,0.0,0.0
2026-05-06,135.3300018310547,136.63999938964844,132.55999755859375,133.9499969482422,133.9499969482422,12535300,0.0,0.0,0.0
2026-05-07,128.77000427246094,136.7899932861328,127.37999725341797,134.97000122070312,134.97000122070312,15902200,0.0,0.0,0.0
2026-05-08,132.3699951171875,135.22000122070312,132.13999938964844,133.58999633789062,133.58999633789062,7739600,0.0,0.0,0.0
2026-05-11,136.69000244140625,140.89999389648438,135.86000061035156,138.66000366210938,138.66000366210938,6252800,0.0,0.0,0.0
2026-05-12,143.8300018310547,144.8000030517578,143.08999633789062,144.3000030517578,144.3000030517578,6109900,0.0,0.0,0.0
2026-05-13,143.9199981689453,145.0,141.27000427246094,142.0399932861328,142.0399932861328,4719900,0.0,0.0,0.0
2026-05-14,140.94000244140625,143.0,140.58999633789062,143.0,143.0,4656000,0.0,0.0,0.0
2026-05-15,145.5500030517578,148.41000366210938,145.1699981689453,148.22999572753906,148.22999572753906,5588300,0.0,0.0,0.0
2026-05-18,145.91000366210938,154.0800018310547,144.9600067138672,149.2899932861328,149.2899932861328,10817300,0.0,0.0,0.0
2026-05-19,152.8800048828125,153.5,150.22000122070312,152.9600067138672,152.9600067138672,5514800,0.0,0.0,0.0
2026-05-20,149.4499969482422,150.5399932861328,141.9600067138672,144.27000427246094,144.27000427246094,11573800,0.0,0.0,0.0
2026-05-21,149.27000427246094,150.25999450683594,140.22999572753906,142.5399932861328,142.5399932861328,10203800,0.0,0.0,0.0
2026-05-22,141.42999267578125,143.77999877929688,138.7100067138672,140.9199981689453,140.9199981689453,7541300,0.0,0.0,0.0
2026-05-26,136.33999633789062,138.6999969482422,135.94000244140625,137.0,137.0,7574200,0.0,0.0,0.0
2026-05-27,131.38999938964844,133.5800018310547,129.63999938964844,131.02999877929688,131.02999877929688,8423300,0.0,0.0,0.0
2026-05-28,133.33999633789062,133.83999633789062,127.7699966430664,130.77999877929688,130.77999877929688,7533300,0.0,0.0,0.0
2026-05-29,128.30999755859375,130.32000732421875,126.55000305175781,129.08999633789062,129.08999633789062,8226600,0.0,0.0,0.0
2026-06-01,135.64999389648438,138.91000366210938,133.02000427246094,135.5,135.5,11053300,0.0,0.0,0.0
2026-06-02,135.07000732421875,137.6699981689453,134.17999267578125,137.27000427246094,137.27000427246094,3831200,0.0,0.0,0.0
2026-06-03,139.4600067138672,141.4199981689453,138.38999938964844,140.86000061035156,140.86000061035156,4766200,0.0,0.0,0.0
2026-06-04,136.6699981689453,137.0500030517578,135.00999450683594,136.74000549316406,136.74000549316406,4192000,0.0,0.0,0.0
2026-06-05,135.13999938964844,135.1999969482422,132.24000549316406,133.02000427246094,133.02000427246094,4653800,0.0,0.0,0.0
2026-06-08,134.9499969482422,136.52999877929688,133.9499969482422,135.14999389648438,135.14999389648438,4564300,0.0,0.0,0.0
2026-06-09,132.00999450683594,133.0399932861328,128.17999267578125,131.3000030517578,131.3000030517578,9321500,0.0,0.0,0.0
2026-06-10,132.92999267578125,136.61000061035156,132.6300048828125,134.3000030517578,134.3000030517578,7519500,0.0,0.0,0.0
2026-06-11,134.27000427246094,135.97999572753906,127.87000274658203,128.8300018310547,128.8300018310547,12187300,0.0,0.0,0.0
2026-06-12,127.02999877929688,129.77000427246094,125.30000305175781,125.43000030517578,125.43000030517578,8521300,0.0,0.0,0.0
2026-06-15,119.83999633789062,121.4800033569336,119.0199966430664,121.20999908447266,121.20999908447266,5839100,0.0,0.0,0.0
2026-06-16,116.33999633789062,116.98999786376953,113.30999755859375,115.47000122070312,115.47000122070312,7728800,0.0,0.0,0.0
2026-06-17,115.44000244140625,120.0,114.12999725341797,114.2300033569336,114.2300033569336,5504000,0.0,0.0,0.0
2026-06-18,112.47000122070312,115.33000183105469,110.4800033569336,114.87000274658203,114.87000274658203,5560100,0.0,0.0,0.0
2026-06-22,112.62999725341797,112.80999755859375,111.12999725341797,112.69000244140625,112.69000244140625,4524400,0.0,0.0,0.0
2026-06-23,110.91999816894531,111.52999877929688,110.05999755859375,111.26000213623047,111.26000213623047,3153900,0.0,0.0,0.0
2026-06-24,106.29000091552734,107.66000366210938,105.6500015258789,106.29000091552734,106.29000091552734,5035500,0.0,0.0,0.0
2026-06-25,106.02999877929688,110.05000305175781,105.87000274658203,109.30999755859375,109.30999755859375,6186900,0.0,0.0,0.0
2026-06-26,105.83000183105469,106.16999816894531,104.06999969482422,105.4800033569336,105.4800033569336,9624500,0.0,0.0,0.0
2026-06-29,106.6500015258789,107.98999786376953,106.19000244140625,107.08000183105469,107.08000183105469,3173300,0.0,0.0,0.0
2026-06-30,108.1500015258789,108.1500015258789,105.12000274658203,106.44000244140625,106.44000244140625,3736500,0.0,0.0,0.0
2026-07-01,104.55000305175781,105.0,103.1500015258789,103.2699966430664,103.2699966430664,3111300,0.0,0.0,0.0
2026-07-02,102.8499984741211,104.45999908447266,102.41999816894531,103.9800033569336,103.9800033569336,2203900,0.0,0.0,0.0
2026-07-06,104.52999877929688,105.0199966430664,103.66000366210938,104.3499984741211,104.3499984741211,1635900,0.0,0.0,0.0
2026-07-07,105.66999816894531,109.83999633789062,105.48999786376953,108.91999816894531,108.91999816894531,7307100,0.0,0.0,0.0
2026-07-08,112.36000061035156,115.0,110.94999694824219,112.20999908447266,112.20999908447266,14148900,0.0,0.0,0.0
2026-07-09,110.83999633789062,110.9000015258789,108.37999725341797,109.01000213623047,109.01000213623047,5521900,0.0,0.0,0.0
2026-07-10,109.30999755859375,110.9000015258789,107.48999786376953,108.69999694824219,108.69999694824219,4488400,0.0,0.0,0.0
2026-07-13,111.88999938964844,119.05000305175781,111.70999908447266,117.79000091552734,117.79000091552734,13024300,0.0,0.0,0.0
2026-07-14,120.6500015258789,121.37000274658203,117.7300033569336,120.16999816894531,120.16999816894531,10211300,0.0,0.0,0.0
2026-07-15,121.44999694824219,121.87000274658203,118.3499984741211,121.37999725341797,121.37999725341797,6332500,0.0,0.0,0.0
2026-07-16,121.20999908447266,121.43000030517578,118.69999694824219,119.30000305175781,119.30000305175781,3993100,0.0,0.0,0.0
2026-07-17,123.19999694824219,124.87999725341797,121.44999694824219,123.95999908447266,123.95999908447266,5953900,0.0,0.0,0.0
2026-07-20,123.77999877929688,126.56999969482422,123.44000244140625,125.51000213623047,125.51000213623047,6696100,0.0,0.0,0.0
2026-07-21,128.9199981689453,129.39999389648438,127.5,128.85000610351562,128.85000610351562,6079700,0.0,0.0,0.0
2026-07-22,131.4199981689453,132.91000366210938,130.58999633789062,131.67999267578125,131.67999267578125,6708200,0.0,0.0,0.0
2026-07-23,138.52000427246094,142.3300018310547,138.14999389648438,139.49000549316406,139.49000549316406,12732100,0.0,0.0,0.0
2026-07-24,137.72000122070312,137.80999755859375,133.52999877929688,136.69000244140625,136.69000244140625,9036300,0.0,0.0,0.0
2026-07-27,128.66000366210938,128.66000366210938,124.58000183105469,124.76000213623047,124.76000213623047,9422500,0.0,0.0,0.0
2026-07-28,123.66999816894531,124.55000305175781,118.4800033569336,120.48999786376953,120.48999786376953,8187100,0.0,0.0,0.0
2026-07-29,128.4600067138672,130.3000030517578,128.00999450683594,129.30999755859375,129.30999755859375,7865600,0.0,0.0,0.0
2026-07-30,127.12000274658203,129.2100067138672,126.91000366210938,127.4800033569336,127.4800033569336,3744800,0.0,0.0,0.0
2026-07-31,130.17999267578125,130.97999572753906,127.94999694824219,129.1699981689453,129.1699981689453,4676600,0.0,0.0,0.0
2026-08-03,120.80000305175781,122.86000061035156,119.54000091552734,122.12000274658203,122.12000274658203,7297300,0.0,0.0,0.0
2026-08-04,117.0,117.62000274658203,114.86000061035156,115.77999877929688,115.77999877929688,7619300,0.0,0.0,0.0
2026-08-05,115.95999908447266,116.01000213623047,113.86000061035156,114.87999725341797,114.87999725341797,5345700,0.0,0.0,0.0
2026-08-06,116.45999908447266,119.7300033569336,116.19000244140625,118.87000274658203,118.87000274658203,5341900,0.0,0.0,0.0
2026-08-07,117.66999816894531,120.0999984741211,117.51000213623047,117.9800033569336,117.9800033569336,4510600,0.0,0.0,0.0
2026-08-10,122.08999633789062,126.27999877929688,122.05999755859375,125.91999816894531,125.91999816894531,5180900,0.0,0.0,0.0
2026-08-11,124.75,127.8499984741211,124.45999908447266,127.61000061035156,127.61000061035156,8426700,0.0,0.0,0.0
2026-08-12,126.63999938964844,127.83000183105469,125.86000061035156,127.30000305175781,127.30000305175781,3612400,0.0,0.0,0.0
2026-08-13,124.56999969482422,126.95999908447266,123.19000244140625,125.02999877929688,125.02999877929688,5059900,0.0,0.0,0.0
2026-08-14,124.79000091552734,126.91999816894531,124.16999816894531,126.5999984741211,126.5999984741211,3850800,0.0,0.0,0.0
2026-08-17,127.29000091552734,130.57000732421875,126.37000274658203,130.2899932861328,130.2899932861328,5279800,0.0,0.0,0.0
2026-08-18,131.61000061035156,132.25,130.13999938964844,130.66000366210938,130.66000366210938,4333100,0.0,0.0,0.0
2026-08-19,131.1699981689453,133.36000061035156,130.44000244140625,130.91000366210938,130.91000366210938,4393900,0.0,0.0,0.0
2026-08-20,134.7100067138672,135.1699981689453,133.13999938964844,134.5399932861328,134.5399932861328,4434800,0.0,0.0,0.0
2026-08-21,134.97999572753906,135.91000366210938,133.88999938964844,134.63999938964844,134.63999938964844,3550000,0.0,0.0,0.0
2026-08-24,133.5,133.74000549316406,131.14999389648438,132.2100067138672,132.2100067138672,3433400,0.0,0.0,0.0
2026-08-25,128.08999633789062,129.7100067138672,126.08999633789062,126.1500015258789,126.1500015258789,5395400,0.0,0.0,0.0
2026-08-26,125.47000122070312,129.4600067138672,125.41000366210938,127.3499984741211,127.3499984741211,3351500,0.0,0.0,0.0
2026-08-27,128.14999389648438,130.9600067138672,127.4800033569336,130.00999450683594,130.00999450683594,3058600,0.0,0.0,0.0
2026-08-28,128.1300048828125,130.13999938964844,128.0,129.6999969482422,129.6999969482422,2121700,0.0,0.0,0.0
2026-08-31,133.00999450683594,134.33999633789062,132.3800048828125,133.6999969482422,133.6999969482422,4205400,0.0,0.0,0.0
2026-09-01,137.19000244140625,141.0399932861328,136.08999633789062,141.0,141.0,8187700,0.0,0.0,0.0
2026-09-02,139.4199981689453,142.17999267578125,138.44000244140625,141.14999389648438,141.14999389648438,4700100,0.0,0.0,0.0
2026-09-03,142.1199951171875,143.4600067138672,140.97000122070312,142.08999633789062,142.08999633789062,4036600,0.0,0.0,0.0
2026-09-04,140.14999389648438,143.02999877929688,138.00999450683594,141.9600067138672,141.9600067138672,3708400,0.0,0.0,0.0
2026-09-08,144.60000610351562,146.22999572753906,143.00999450683594,146.02999877929688,146.02999877929688,6245900,0.0,0.0,0.0
