date,Open,High,Low,Close,Adj Close,Volume,Dividends,Stock Splits,Capital Gains
2023-01-03,43.459999084472656,43.68000030517578,41.67499923706055,42.20000076293945,37.60646438598633,53082800,0.0,0.0,0.0
2023-01-04,41.57500076293945,42.439998626708984,41.415000915527344,42.19499969482422,37.60200881958008,45705200,0.0,0.0,0.0
2023-01-05,42.125,43.20000076293945,42.005001068115234,42.96500015258789,38.2881965637207,38723800,0.0,0.0,0.0
2023-01-06,43.52000045776367,44.314998626708984,43.40999984741211,43.779998779296875,39.01447677612305,44422400,0.0,0.0,0.0
2023-01-09,44.439998626708984,44.5099983215332,43.48500061035156,43.625,38.87635803222656,46003200,0.0,0.0,0.0
2023-01-10,43.90999984741211,44.025001525878906,43.244998931884766,43.935001373291016,39.15261459350586,31599000,0.0,0.0,0.0
2023-01-11,44.31999969482422,44.43000030517578,43.595001220703125,44.06999969482422,39.272926330566406,32903000,0.0,0.0,0.0
2023-01-12,44.334999084472656,45.20000076293945,44.25,44.90999984741211,40.021480560302734,36716000,0.0,0.0,0.0
2023-01-13,44.875,45.084999084472656,44.400001525878906,44.974998474121094,40.07939910888672,31808400,0.0,0.0,0.0
2023-01-17,45.08000183105469,45.540000915527344,44.8849983215332,45.06999969482422,40.16407012939453,33933200,0.0,0.0,0.0
2023-01-18,45.279998779296875,45.78499984741211,44.20000076293945,44.244998931884766,39.428863525390625,38075200,0.0,0.0,0.0
2023-01-19,43.9900016784668,44.974998474121094,43.89500045776367,44.79499816894531,39.91899108886719,34293800,0.0,0.0,0.0
2023-01-20,44.88999938964844,45.39500045776367,44.435001373291016,45.2400016784668,40.315555572509766,28560000,0.0,0.0,0.0
2023-01-23,45.56999969482422,45.79499816894531,45.154998779296875,45.29999923706055,40.36903381347656,29305000,0.0,0.0,0.0
2023-01-24,45.150001525878906,45.22999954223633,44.22999954223633,45.125,40.21307373046875,30755200,0.0,0.0,0.0
2023-01-25,44.904998779296875,45.130001068115234,44.189998626708984,45.130001068115234,40.217533111572266,26861200,0.0,0.0,0.0
2023-01-26,45.86000061035156,46.57500076293945,45.29999923706055,46.55500030517578,41.487422943115234,36663000,0.0,0.0,0.0
2023-01-27,46.30500030517578,46.53499984741211,45.540000915527344,45.6150016784668,40.64973831176758,34841000,0.0,0.0,0.0
2023-01-30,45.28499984741211,45.349998474121094,44.5099983215332,44.56999969482422,39.71848678588867,27525000,0.0,0.0,0.0
2023-01-31,44.41999816894531,45.03499984741211,43.96500015258789,44.96500015258789,40.07049560546875,27848200,0.0,0.0,0.0
2023-02-01,44.755001068115234,44.94499969482422,43.5,44.08000183105469,39.281822204589844,46967200,0.0,0.0,0.0
2023-02-02,43.90999984741211,43.994998931884766,42.599998474121094,43.07500076293945,38.38622283935547,49803000,0.0,0.0,0.0
2023-02-03,43.255001068115234,43.95500183105469,42.935001373291016,42.97999954223633,38.30156707763672,45454800,0.0,0.0,0.0
2023-02-06,43.02000045776367,43.345001220703125,42.2599983215332,42.78499984741211,38.1277961730957,31714400,0.0,0.0,0.0
2023-02-07,43.05500030517578,44.2400016784668,42.83000183105469,44.17499923706055,39.36648178100586,41014000,0.0,0.0,0.0
2023-02-08,44.13999938964844,44.3650016784668,43.529998779296875,43.779998779296875,39.01447677612305,26967200,0.0,0.0,0.0
2023-02-09,43.78499984741211,43.92499923706055,43.375,43.404998779296875,38.6802978515625,32150400,0.0,0.0,0.0
2023-02-10,44.125,45.19499969482422,44.084999084472656,45.10499954223633,40.195247650146484,40003200,0.0,0.0,0.0
2023-02-13,44.875,45.165000915527344,44.40999984741211,44.9900016784668,40.0927734375,24744800,0.0,0.0,0.0
2023-02-14,44.6349983215332,45.334999084472656,44.5099983215332,45.005001068115234,40.106143951416016,27022600,0.0,0.0,0.0
2023-02-15,44.5,44.595001220703125,43.67499923706055,44.2400016784668,39.424415588378906,31939600,0.0,0.0,0.0
2023-02-16,44.0,44.380001068115234,43.7599983215332,43.80500030517578,39.03675842285156,25314200,0.0,0.0,0.0
2023-02-17,43.125,43.154998779296875,42.060001373291016,42.244998931884766,37.646568298339844,44680400,0.0,0.0,0.0
2023-02-21,42.060001373291016,42.52000045776367,41.95500183105469,42.03499984741211,37.45942687988281,33622600,0.0,0.0,0.0
2023-02-22,41.91999816894531,42.314998626708984,41.39500045776367,41.755001068115234,37.20990753173828,40270400,0.0,0.0,0.0
2023-02-23,42.3849983215332,42.630001068115234,41.849998474121094,42.3849983215332,37.771324157714844,35023400,0.0,0.0,0.0
2023-02-24,41.7599983215332,42.38999938964844,41.52000045776367,42.33000183105469,37.72232437133789,37496800,0.0,0.0,0.0
2023-02-27,42.415000915527344,42.63999938964844,42.10499954223633,42.45500183105469,37.83371353149414,30676400,0.0,0.0,0.0
2023-02-28,42.8849983215332,42.900001525878906,41.810001373291016,41.845001220703125,37.29011154174805,38007600,0.0,0.0,0.0
2023-03-01,41.880001068115234,42.8849983215332,41.724998474121094,42.66999816894531,38.02530288696289,37094000,0.0,0.0,0.0
2023-03-02,42.595001220703125,43.20500183105469,42.459999084472656,43.04499816894531,38.35948944091797,32798600,0.0,0.0,0.0
2023-03-03,42.529998779296875,43.845001220703125,42.5,43.630001068115234,38.88080978393555,50675200,0.0,0.0,0.0
2023-03-06,43.38999938964844,43.720001220703125,43.21500015258789,43.650001525878906,38.89862823486328,33898400,0.0,0.0,0.0
2023-03-07,43.38999938964844,43.5,42.779998779296875,42.88999938964844,38.22136306762695,37000400,0.0,0.0,0.0
2023-03-08,42.70000076293945,43.244998931884766,42.040000915527344,42.45000076293945,37.82925033569336,39399000,0.0,0.0,0.0
2023-03-09,42.69499969482422,43.29499816894531,41.84000015258789,41.849998474121094,37.2945671081543,37888200,0.0,0.0,0.0
2023-03-10,41.849998474121094,42.439998626708984,41.07500076293945,41.314998626708984,36.81780242919922,56624800,0.0,0.0,0.0
2023-03-13,40.2599983215332,41.20000076293945,39.55500030517578,40.474998474121094,36.06923294067383,83327000,0.0,0.0,0.0
2023-03-14,40.470001220703125,41.78499984741211,40.154998779296875,40.875,36.425697326660156,61066400,0.0,0.0,0.0
2023-03-15,39.375,39.67499923706055,38.119998931884766,38.68000030517578,34.469627380371094,115347000,0.0,0.0,0.0
2023-03-16,37.83000183105469,39.20000076293945,37.68000030517578,39.099998474121094,34.84389877319336,88790400,0.0,0.0,0.0
2023-03-17,38.875,39.20000076293945,38.16999816894531,38.48500061035156,34.29584503173828,67351600,0.0,0.0,0.0
2023-03-20,38.04999923706055,39.099998474121094,38.04999923706055,38.849998474121094,34.98244094848633,52288800,0.3975,0.0,0.0
2023-03-21,39.650001525878906,40.31999969482422,39.529998779296875,40.19499969482422,36.19355010986328,59712400,0.0,0.0,0.0
2023-03-22,40.220001220703125,40.404998779296875,39.310001373291016,39.34000015258789,35.42366409301758,49209400,0.0,0.0,0.0
2023-03-23,39.55500030517578,39.900001525878906,38.41999816894531,38.79499816894531,34.93291473388672,49486200,0.0,0.0,0.0
2023-03-24,38.025001525878906,39.095001220703125,37.904998779296875,38.94499969482422,35.06798553466797,41298000,0.0,0.0,0.0
2023-03-27,39.35499954223633,40.0,39.040000915527344,39.775001525878906,35.81535720825195,40223800,0.0,0.0,0.0
2023-03-28,39.54999923706055,40.564998626708984,39.53499984741211,40.38999938964844,36.3691291809082,32596800,0.0,0.0,0.0
2023-03-29,40.790000915527344,40.994998931884766,40.525001525878906,40.95000076293945,36.87338638305664,36204600,0.0,0.0,0.0
2023-03-30,41.290000915527344,41.349998474121094,40.88999938964844,41.130001068115234,37.03546905517578,27460800,0.0,0.0,0.0
2023-03-31,41.23500061035156,41.48500061035156,41.084999084472656,41.415000915527344,37.29209518432617,32294600,0.0,0.0,0.0
2023-04-03,43.15999984741211,43.56999969482422,42.935001373291016,43.290000915527344,38.98044204711914,62452200,0.0,0.0,0.0
2023-04-04,43.41999816894531,43.474998474121094,42.125,42.505001068115234,38.273582458496094,49363000,0.0,0.0,0.0
2023-04-05,42.61000061035156,43.14500045776367,42.255001068115234,43.14500045776367,38.84987258911133,40552200,0.0,0.0,0.0
2023-04-06,43.08000183105469,43.125,42.404998779296875,42.4900016784668,38.260074615478516,33378600,0.0,0.0,0.0
2023-04-10,42.650001525878906,43.31999969482422,42.650001525878906,42.83000183105469,38.56623077392578,26977200,0.0,0.0,0.0
2023-04-11,43.06999969482422,43.505001068115234,42.82500076293945,43.23500061035156,38.930912017822266,25575200,0.0,0.0,0.0
2023-04-12,43.53499984741211,43.625,43.1349983215332,43.26499938964844,38.957923889160156,33334400,0.0,0.0,0.0
2023-04-13,43.20000076293945,43.64500045776367,43.095001220703125,43.53499984741211,39.201045989990234,31384600,0.0,0.0,0.0
2023-04-14,43.595001220703125,43.869998931884766,43.36000061035156,43.6150016784668,39.2730827331543,23560200,0.0,0.0,0.0
2023-04-17,43.470001220703125,43.650001525878906,42.95000076293945,43.099998474121094,38.809349060058594,23762000,0.0,0.0,0.0
2023-04-18,43.0,43.380001068115234,42.78499984741211,43.27000045776367,38.962425231933594,24493600,0.0,0.0,0.0
2023-04-19,42.880001068115234,43.154998779296875,42.64500045776367,43.119998931884766,38.827354431152344,34246200,0.0,0.0,0.0
2023-04-20,42.52000045776367,42.75,42.220001220703125,42.7400016784668,38.48518753051758,30396200,0.0,0.0,0.0
2023-04-21,42.89500045776367,42.915000915527344,42.29999923706055,42.4900016784668,38.260074615478516,33757600,0.0,0.0,0.0
2023-04-24,42.35499954223633,43.34000015258789,42.34000015258789,43.13999938964844,38.845367431640625,25251800,0.0,0.0,0.0
2023-04-25,42.720001220703125,42.79499816894531,42.08000183105469,42.33000183105469,38.11600875854492,30665200,0.0,0.0,0.0
2023-04-26,42.029998779296875,42.41999816894531,41.5099983215332,41.76499938964844,37.60725021362305,40070000,0.0,0.0,0.0
2023-04-27,41.7400016784668,42.02000045776367,41.345001220703125,41.915000915527344,37.7423210144043,34114600,0.0,0.0,0.0
2023-04-28,41.76499938964844,42.79499816894531,41.619998931884766,42.564998626708984,38.327606201171875,38228600,0.0,0.0,0.0
2023-05-01,42.029998779296875,42.540000915527344,41.86000061035156,42.084999084472656,37.8953971862793,27821400,0.0,0.0,0.0
2023-05-02,41.58000183105469,41.64500045776367,39.869998931884766,40.255001068115234,36.24757385253906,67648000,0.0,0.0,0.0
2023-05-03,39.7400016784668,40.20500183105469,39.47999954223633,39.494998931884766,35.56322479248047,59367600,0.0,0.0,0.0
2023-05-04,39.5099983215332,39.90999984741211,38.935001373291016,39.05500030517578,35.16702651977539,52861000,0.0,0.0,0.0
2023-05-05,40.1349983215332,40.43000030517578,39.89500045776367,40.1150016784668,36.12150955200195,39073400,0.0,0.0,0.0
2023-05-08,40.70000076293945,40.875,40.11000061035156,40.1150016784668,36.12150955200195,32711800,0.0,0.0,0.0
2023-05-09,39.79999923706055,40.5099983215332,39.71500015258789,40.130001068115234,36.1350212097168,41421200,0.0,0.0,0.0
2023-05-10,40.33000183105469,40.40999984741211,39.375,39.67499923706055,35.72531509399414,36052000,0.0,0.0,0.0
2023-05-11,39.1150016784668,39.404998779296875,38.900001525878906,39.20000076293945,35.297607421875,38168200,0.0,0.0,0.0
2023-05-12,39.39500045776367,39.65999984741211,38.974998474121094,39.2599983215332,35.351627349853516,37913200,0.0,0.0,0.0
2023-05-15,39.404998779296875,39.685001373291016,39.095001220703125,39.459999084472656,35.531715393066406,32544600,0.0,0.0,0.0
2023-05-16,39.275001525878906,39.44499969482422,38.43000030517578,38.4900016784668,34.658287048339844,44511200,0.0,0.0,0.0
2023-05-17,38.8849983215332,39.439998626708984,38.599998474121094,39.22999954223633,35.32461166381836,46200600,0.0,0.0,0.0
2023-05-18,38.994998931884766,39.564998626708984,38.75,39.51499938964844,35.58123779296875,33154200,0.0,0.0,0.0
2023-05-19,39.880001068115234,40.130001068115234,39.595001220703125,39.81999969482422,35.85588455200195,36122200,0.0,0.0,0.0
2023-05-22,39.66999816894531,40.060001373291016,39.595001220703125,39.654998779296875,35.707298278808594,26943600,0.0,0.0,0.0
2023-05-23,40.03499984741211,40.53499984741211,39.93000030517578,40.08000183105469,36.089996337890625,42803800,0.0,0.0,0.0
2023-05-24,40.39500045776367,40.564998626708984,39.915000915527344,40.255001068115234,36.24757385253906,33474200,0.0,0.0,0.0
2023-05-25,39.67499923706055,39.7599983215332,39.16999816894531,39.540000915527344,35.603755950927734,38251000,0.0,0.0,0.0
2023-05-26,39.779998779296875,39.88999938964844,39.18000030517578,39.3849983215332,35.464176177978516,28785800,0.0,0.0,0.0
2023-05-30,38.70000076293945,39.025001525878906,38.54999923706055,38.97999954223633,35.09950637817383,40331600,0.0,0.0,0.0
2023-05-31,38.369998931884766,38.665000915527344,38.165000915527344,38.29499816894531,34.482696533203125,44797600,0.0,0.0,0.0
2023-06-01,38.3849983215332,39.20500183105469,38.125,38.77000045776367,34.91040802001953,51623600,0.0,0.0,0.0
2023-06-02,39.494998931884766,40.13999938964844,39.224998474121094,39.95000076293945,35.97294235229492,55278800,0.0,0.0,0.0
2023-06-05,40.53499984741211,40.53499984741211,39.6150016784668,39.685001373291016,35.734317779541016,37826200,0.0,0.0,0.0
2023-06-06,39.15999984741211,40.040000915527344,39.119998931884766,40.005001068115234,36.022457122802734,34750800,0.0,0.0,0.0
2023-06-07,40.20000076293945,41.1150016784668,40.17499923706055,41.064998626708984,36.976932525634766,60654200,0.0,0.0,0.0
2023-06-08,41.119998931884766,41.2599983215332,40.209999084472656,40.88999938964844,36.81935501098633,46155200,0.0,0.0,0.0
2023-06-09,40.869998931884766,41.06999969482422,40.55500030517578,40.665000915527344,36.616756439208984,38387000,0.0,0.0,0.0
2023-06-12,40.05500030517578,40.68000030517578,40.0,40.275001525878906,36.26558303833008,36387000,0.0,0.0,0.0
2023-06-13,40.720001220703125,41.2599983215332,40.44499969482422,40.46500015258789,36.436668395996094,40136400,0.0,0.0,0.0
2023-06-14,40.8650016784668,41.04499816894531,39.75,40.04999923706055,36.062984466552734,47605400,0.0,0.0,0.0
2023-06-15,40.119998931884766,40.79499816894531,40.11000061035156,40.4900016784668,36.45917892456055,46777000,0.0,0.0,0.0
2023-06-16,40.63999938964844,40.755001068115234,40.314998626708984,40.43000030517578,36.40514373779297,47461800,0.0,0.0,0.0
2023-06-20,39.810001373291016,39.85499954223633,38.8849983215332,39.18000030517578,35.590328216552734,42552000,0.353,0.0,0.0
2023-06-21,39.02000045776367,39.82500076293945,38.959999084472656,39.4900016784668,35.87193298339844,34473800,0.0,0.0,0.0
2023-06-22,39.130001068115234,39.17499923706055,38.814998626708984,38.959999084472656,35.39048767089844,33507400,0.0,0.0,0.0
2023-06-23,38.540000915527344,38.78499984741211,38.36000061035156,38.68000030517578,35.136146545410156,34905200,0.0,0.0,0.0
2023-06-26,38.75,39.595001220703125,38.65999984741211,39.375,35.7674674987793,32488600,0.0,0.0,0.0
2023-06-27,39.334999084472656,39.6349983215332,39.10499954223633,39.46500015258789,35.84922409057617,28388400,0.0,0.0,0.0
2023-06-28,39.42499923706055,39.915000915527344,39.07500076293945,39.8650016784668,36.21257781982422,32903200,0.0,0.0,0.0
2023-06-29,40.01499938964844,40.32500076293945,39.79999923706055,40.32500076293945,36.63042449951172,28435800,0.0,0.0,0.0
2023-06-30,40.599998474121094,40.790000915527344,40.29999923706055,40.584999084472656,36.866607666015625,35970600,0.0,0.0,0.0
2023-07-03,40.685001373291016,40.98500061035156,40.529998779296875,40.68000030517578,36.95289993286133,19539800,0.0,0.0,0.0
2023-07-05,40.849998474121094,40.86000061035156,40.224998474121094,40.45500183105469,36.74851608276367,32557400,0.0,0.0,0.0
2023-07-06,40.01499938964844,40.29499816894531,39.244998931884766,39.54499816894531,35.9218864440918,41967800,0.0,0.0,0.0
2023-07-07,39.349998474121094,40.77000045776367,39.31999969482422,40.39500045776367,36.69401168823242,48916000,0.0,0.0,0.0
2023-07-10,40.290000915527344,40.790000915527344,40.2599983215332,40.709999084472656,36.98015213012695,30925000,0.0,0.0,0.0
2023-07-11,40.89500045776367,41.66999816894531,40.814998626708984,41.60499954223633,37.79315185546875,39642000,0.0,0.0,0.0
2023-07-12,41.94499969482422,42.224998474121094,41.72999954223633,41.9900016784668,38.14288330078125,43077600,0.0,0.0,0.0
2023-07-13,41.9900016784668,42.25,41.439998626708984,41.83000183105469,37.99754333496094,53226400,0.0,0.0,0.0
2023-07-14,41.560001373291016,41.599998474121094,40.625,40.724998474121094,36.9937858581543,43988200,0.0,0.0,0.0
2023-07-17,40.58000183105469,40.81999969482422,40.459999084472656,40.64500045776367,36.92111587524414,32445800,0.0,0.0,0.0
2023-07-18,40.54999923706055,41.47999954223633,40.48500061035156,41.05500030517578,37.293548583984375,43209400,0.0,0.0,0.0
2023-07-19,41.05500030517578,41.57500076293945,40.96500015258789,41.29499816894531,37.51155471801758,37521000,0.0,0.0,0.0
2023-07-20,41.6349983215332,41.8650016784668,41.43000030517578,41.779998779296875,37.95212173461914,35449800,0.0,0.0,0.0
2023-07-21,41.935001373291016,42.16999816894531,41.665000915527344,42.150001525878906,38.28822326660156,31529000,0.0,0.0,0.0
2023-07-24,42.3650016784668,43.13999938964844,42.349998474121094,42.83000183105469,38.905921936035156,44539600,0.0,0.0,0.0
2023-07-25,42.810001373291016,43.30500030517578,42.54999923706055,43.05500030517578,39.11030960083008,33606600,0.0,0.0,0.0
2023-07-26,42.70000076293945,43.2400016784668,42.63999938964844,43.06999969482422,39.123931884765625,32788000,0.0,0.0,0.0
2023-07-27,43.30500030517578,43.47999954223633,42.67499923706055,42.79499816894531,38.87412643432617,35550600,0.0,0.0,0.0
2023-07-28,42.76499938964844,42.935001373291016,42.29999923706055,42.92499923706055,38.99222183227539,34627800,0.0,0.0,0.0
2023-07-31,43.29999923706055,43.8650016784668,43.17499923706055,43.7400016784668,39.732547760009766,36266400,0.0,0.0,0.0
2023-08-01,43.564998626708984,43.65999984741211,43.064998626708984,43.53499984741211,39.54633331298828,35766000,0.0,0.0,0.0
2023-08-02,43.2400016784668,43.459999084472656,42.599998474121094,42.96500015258789,39.0285530090332,45920000,0.0,0.0,0.0
2023-08-03,43.08000183105469,43.790000915527344,42.845001220703125,43.400001525878906,39.4237060546875,41630600,0.0,0.0,0.0
2023-08-04,43.709999084472656,44.119998931884766,43.40999984741211,43.459999084472656,39.47820281982422,43208200,0.0,0.0,0.0
2023-08-07,43.70500183105469,43.79499816894531,43.380001068115234,43.5099983215332,39.52362060546875,26821600,0.0,0.0,0.0
2023-08-08,42.80500030517578,43.744998931884766,42.48500061035156,43.724998474121094,39.71891784667969,37237200,0.0,0.0,0.0
2023-08-09,44.150001525878906,44.68000030517578,43.875,44.275001525878906,40.21853256225586,52085600,0.0,0.0,0.0
2023-08-10,44.34000015258789,44.845001220703125,43.970001220703125,44.27000045776367,40.2139892578125,39226600,0.0,0.0,0.0
2023-08-11,44.25,45.0,44.2400016784668,44.95000076293945,40.831687927246094,46689200,0.0,0.0,0.0
2023-08-14,44.82500076293945,44.94499969482422,44.459999084472656,44.7599983215332,40.659095764160156,30189400,0.0,0.0,0.0
2023-08-15,44.45000076293945,44.5,43.75,43.83000183105469,39.814308166503906,44982400,0.0,0.0,0.0
2023-08-16,43.875,44.349998474121094,43.41999816894531,43.45000076293945,39.469120025634766,37995400,0.0,0.0,0.0
2023-08-17,44.060001373291016,44.56999969482422,43.904998779296875,43.970001220703125,39.94147491455078,40464200,0.0,0.0,0.0
2023-08-18,43.71500015258789,44.459999084472656,43.57500076293945,44.404998779296875,40.33661651611328,35307200,0.0,0.0,0.0
2023-08-21,44.584999084472656,44.76499938964844,43.81999969482422,44.125,40.082279205322266,30488400,0.0,0.0,0.0
2023-08-22,44.18000030517578,44.334999084472656,43.7599983215332,43.78499984741211,39.773433685302734,25732800,0.0,0.0,0.0
2023-08-23,43.310001373291016,43.71500015258789,42.935001373291016,43.67499923706055,39.67350387573242,38798600,0.0,0.0,0.0
2023-08-24,43.279998779296875,43.834999084472656,43.25,43.375,39.4009895324707,33455000,0.0,0.0,0.0
2023-08-25,43.6349983215332,44.01499938964844,43.255001068115234,43.79499816894531,39.782508850097656,38036800,0.0,0.0,0.0
2023-08-28,43.90999984741211,44.41999816894531,43.834999084472656,44.09000015258789,40.05048370361328,25718200,0.0,0.0,0.0
2023-08-29,44.25,44.255001068115234,43.77000045776367,44.209999084472656,40.159488677978516,27019400,0.0,0.0,0.0
2023-08-30,44.40999984741211,44.5099983215332,44.23500061035156,44.43000030517578,40.35933303833008,27890200,0.0,0.0,0.0
2023-08-31,44.595001220703125,44.66999816894531,44.13999938964844,44.459999084472656,40.3865852355957,29617400,0.0,0.0,0.0
2023-09-01,44.95000076293945,45.41999816894531,44.939998626708984,45.369998931884766,41.21320343017578,35764200,0.0,0.0,0.0
2023-09-05,45.625,46.07500076293945,45.58000183105469,45.61000061035156,41.43122100830078,48737400,0.0,0.0,0.0
2023-09-06,45.52000045776367,45.875,45.29499816894531,45.630001068115234,41.44938659667969,40324200,0.0,0.0,0.0
2023-09-07,45.720001220703125,45.95500183105469,45.505001068115234,45.584999084472656,41.40850830078125,30729200,0.0,0.0,0.0
2023-09-08,45.79999923706055,46.35499954223633,45.775001525878906,46.025001525878906,41.80820083618164,34739000,0.0,0.0,0.0
2023-09-11,46.36000061035156,46.5,45.23500061035156,45.41999816894531,41.25862503051758,44095000,0.0,0.0,0.0
2023-09-12,45.90999984741211,46.540000915527344,45.82500076293945,46.4900016784668,42.230594635009766,53599400,0.0,0.0,0.0
2023-09-13,46.53499984741211,46.630001068115234,45.900001525878906,46.13999938964844,41.912654876708984,36315400,0.0,0.0,0.0
2023-09-14,46.619998931884766,46.845001220703125,46.47999954223633,46.68000030517578,42.40318298339844,37099800,0.0,0.0,0.0
2023-09-15,46.25,46.70500183105469,46.005001068115234,46.005001068115234,41.79003143310547,49612800,0.0,0.0,0.0
2023-09-18,46.13999938964844,46.275001525878906,45.71500015258789,46.05500030517578,42.144168853759766,33746600,0.337,0.0,0.0
2023-09-19,46.400001525878906,46.46500015258789,45.35499954223633,45.625,41.75067901611328,36264400,0.0,0.0,0.0
2023-09-20,45.400001525878906,45.915000915527344,45.16999816894531,45.20000076293945,41.36177444458008,35930400,0.0,0.0,0.0
2023-09-21,45.5099983215332,45.6150016784668,44.505001068115234,44.58000183105469,40.7944221496582,43446200,0.0,0.0,0.0
2023-09-22,44.915000915527344,45.21500015258789,44.6150016784668,44.654998779296875,40.86305236816406,42067400,0.0,0.0,0.0
2023-09-25,44.53499984741211,45.28499984741211,44.53499984741211,45.21500015258789,41.3754997253418,35073800,0.0,0.0,0.0
2023-09-26,44.82500076293945,45.224998474121094,44.755001068115234,44.95500183105469,41.137577056884766,33460000,0.0,0.0,0.0
2023-09-27,45.51499938964844,46.20500183105469,45.314998626708984,46.07500076293945,42.1624641418457,46289400,0.0,0.0,0.0
2023-09-28,45.875,46.39500045776367,45.77000045776367,46.125,42.20821762084961,48462800,0.0,0.0,0.0
2023-09-29,46.05500030517578,46.23500061035156,45.025001525878906,45.19499969482422,41.35719299316406,48369200,0.0,0.0,0.0
2023-10-02,45.1349983215332,45.255001068115234,43.9900016784668,44.29499816894531,40.53362274169922,50599800,0.0,0.0,0.0
2023-10-03,44.189998626708984,44.349998474121094,43.83000183105469,44.26499938964844,40.506168365478516,41466600,0.0,0.0,0.0
2023-10-04,43.60499954223633,43.68000030517578,42.45500183105469,42.875,39.23420333862305,59572400,0.0,0.0,0.0
2023-10-05,42.2599983215332,42.98500061035156,42.2599983215332,42.61000061035156,38.991703033447266,47037000,0.0,0.0,0.0
2023-10-06,42.61000061035156,43.255001068115234,42.130001068115234,42.8650016784668,39.22505187988281,51481000,0.0,0.0,0.0
2023-10-09,44.01499938964844,44.47999954223633,43.70000076293945,44.29499816894531,40.53362274169922,61489000,0.0,0.0,0.0
2023-10-10,44.334999084472656,44.64500045776367,44.084999084472656,44.349998474121094,40.583953857421875,41700600,0.0,0.0,0.0
2023-10-11,43.89500045776367,43.939998626708984,43.275001525878906,43.779998779296875,40.06235122680664,47145400,0.0,0.0,0.0
2023-10-12,44.244998931884766,44.28499984741211,43.625,43.83000183105469,40.10811233520508,39986400,0.0,0.0,0.0
2023-10-13,44.54499816894531,45.0099983215332,44.35499954223633,44.79499816894531,40.99115753173828,48511800,0.0,0.0,0.0
2023-10-16,45.084999084472656,45.22999954223633,44.665000915527344,45.095001220703125,41.265689849853516,38365200,0.0,0.0,0.0
2023-10-17,44.994998931884766,45.70500183105469,44.93000030517578,45.564998626708984,41.695777893066406,40424000,0.0,0.0,0.0
2023-10-18,45.75,46.16999816894531,45.64500045776367,45.97999954223633,42.07553482055664,47616800,0.0,0.0,0.0
2023-10-19,45.81999969482422,46.279998779296875,45.3849983215332,45.900001525878906,42.00232696533203,63297000,0.0,0.0,0.0
2023-10-20,45.81999969482422,45.9900016784668,44.974998474121094,45.130001068115234,41.29771423339844,46549600,0.0,0.0,0.0
2023-10-23,44.869998931884766,44.875,44.19499969482422,44.400001525878906,40.62970733642578,51888200,0.0,0.0,0.0
2023-10-24,44.5099983215332,44.54499816894531,43.7599983215332,43.775001525878906,40.057777404785156,44271600,0.0,0.0,0.0
2023-10-25,43.80500030517578,44.029998779296875,43.474998474121094,43.69499969482422,39.98456954956055,41412600,0.0,0.0,0.0
2023-10-26,43.29499816894531,43.55500030517578,42.92499923706055,43.35499954223633,39.673439025878906,44770400,0.0,0.0,0.0
2023-10-27,43.310001373291016,43.474998474121094,42.16999816894531,42.314998626708984,38.72175216674805,53809400,0.0,0.0,0.0
2023-10-30,42.46500015258789,42.77000045776367,42.04499816894531,42.45500183105469,38.84986877441406,45530600,0.0,0.0,0.0
2023-10-31,42.505001068115234,42.685001373291016,42.08000183105469,42.595001220703125,38.97797775268555,37205600,0.0,0.0,0.0
2023-11-01,42.8650016784668,43.095001220703125,42.435001373291016,42.494998931884766,38.88646697998047,46082600,0.0,0.0,0.0
2023-11-02,42.599998474121094,43.81999969482422,42.35499954223633,43.779998779296875,40.06235122680664,45323000,0.0,0.0,0.0
2023-11-03,43.70000076293945,43.84000015258789,43.07500076293945,43.34000015258789,39.65970993041992,47235000,0.0,0.0,0.0
2023-11-06,43.685001373291016,43.685001373291016,42.724998474121094,42.849998474121094,39.211326599121094,41035400,0.0,0.0,0.0
2023-11-07,42.290000915527344,42.3650016784668,41.71500015258789,41.900001525878906,38.34199142456055,47550200,0.0,0.0,0.0
2023-11-08,41.7400016784668,42.01499938964844,41.36000061035156,41.375,37.861572265625,50742000,0.0,0.0,0.0
2023-11-09,41.68000030517578,41.775001525878906,41.224998474121094,41.25,37.747196197509766,38232200,0.0,0.0,0.0
2023-11-10,41.71500015258789,41.80500030517578,41.310001373291016,41.70500183105469,38.16355514526367,34565600,0.0,0.0,0.0
2023-11-13,41.77000045776367,42.09000015258789,41.63999938964844,42.005001068115234,38.438087463378906,28447400,0.0,0.0,0.0
2023-11-14,42.165000915527344,42.5,42.095001220703125,42.380001068115234,38.78123474121094,34724000,0.0,0.0,0.0
2023-11-15,42.314998626708984,42.834999084472656,42.2400016784668,42.29999923706055,38.70802688598633,33043600,0.0,0.0,0.0
2023-11-16,41.900001525878906,42.060001373291016,41.05500030517578,41.474998474121094,37.95308303833008,53166000,0.0,0.0,0.0
2023-11-17,41.83000183105469,42.625,41.72999954223633,42.345001220703125,38.74921417236328,48850800,0.0,0.0,0.0
2023-11-20,42.52000045776367,42.77000045776367,42.39500045776367,42.404998779296875,38.804115295410156,29093800,0.0,0.0,0.0
2023-11-21,42.20500183105469,42.3849983215332,41.904998779296875,42.310001373291016,38.71718215942383,26973800,0.0,0.0,0.0
2023-11-22,41.46500015258789,42.32500076293945,41.22999954223633,42.290000915527344,38.69887924194336,36547200,0.0,0.0,0.0
2023-11-24,42.275001525878906,42.779998779296875,42.25,42.46500015258789,38.85902404785156,19152600,0.0,0.0,0.0
2023-11-27,42.244998931884766,42.38999938964844,41.91999816894531,42.314998626708984,38.72175216674805,24501800,0.0,0.0,0.0
2023-11-28,42.400001525878906,42.71500015258789,42.244998931884766,42.32500076293945,38.73090744018555,28921800,0.0,0.0,0.0
2023-11-29,42.59000015258789,42.64500045776367,41.875,42.0099983215332,38.44265365600586,45268000,0.0,0.0,0.0
2023-11-30,42.369998931884766,42.89500045776367,41.78499984741211,42.290000915527344,38.69887924194336,58364600,0.0,0.0,0.0
2023-12-01,42.2400016784668,43.01499938964844,42.04999923706055,42.5099983215332,38.90019607543945,43048000,0.0,0.0,0.0
2023-12-04,42.20000076293945,42.58000183105469,42.005001068115234,42.314998626708984,38.72175216674805,37070200,0.0,0.0,0.0
2023-12-05,42.290000915527344,42.369998931884766,41.54999923706055,41.57500076293945,38.04459762573242,37747200,0.0,0.0,0.0
2023-12-06,41.30500030517578,41.595001220703125,40.79499816894531,40.95500183105469,37.477237701416016,62306600,0.0,0.0,0.0
2023-12-07,41.14500045776367,41.349998474121094,40.529998779296875,40.67499923706055,37.221012115478516,40908800,0.0,0.0,0.0
2023-12-08,40.94499969482422,41.2400016784668,40.86000061035156,41.1150016784668,37.6236572265625,34127200,0.0,0.0,0.0
2023-12-11,41.150001525878906,41.29999923706055,40.959999084472656,41.165000915527344,37.669410705566406,29344200,0.0,0.0,0.0
2023-12-12,40.78499984741211,40.83000183105469,40.369998931884766,40.599998474121094,37.152381896972656,45386600,0.0,0.0,0.0
2023-12-13,40.625,41.18000030517578,40.435001373291016,41.165000915527344,37.669410705566406,46445600,0.0,0.0,0.0
2023-12-14,41.58000183105469,42.43000030517578,41.58000183105469,42.375,38.77666091918945,60717400,0.0,0.0,0.0
2023-12-15,41.994998931884766,42.22999954223633,41.79999923706055,42.150001525878906,38.57076644897461,46366400,0.0,0.0,0.0
2023-12-18,42.4900016784668,42.70500183105469,42.04999923706055,42.09000015258789,38.885799407958984,42447200,0.401,0.0,0.0
2023-12-19,42.16999816894531,42.63999938964844,42.07500076293945,42.595001220703125,39.35236740112305,36862400,0.0,0.0,0.0
2023-12-20,42.744998931884766,42.994998931884766,42.150001525878906,42.20000076293945,38.98743438720703,39818200,0.0,0.0,0.0
2023-12-21,42.28499984741211,42.43000030517578,41.970001220703125,42.3650016784668,39.13987731933594,26062800,0.0,0.0,0.0
2023-12-22,42.66999816894531,42.86000061035156,42.42499923706055,42.4900016784668,39.25535583496094,25037800,0.0,0.0,0.0
2023-12-26,42.849998474121094,43.084999084472656,42.720001220703125,42.85499954223633,39.59257125854492,25983400,0.0,0.0,0.0
2023-12-27,42.85499954223633,43.0,42.5099983215332,42.665000915527344,39.41703796386719,20238200,0.0,0.0,0.0
2023-12-28,42.44499969482422,42.61000061035156,42.0,42.01499938964844,38.81651306152344,26198000,0.0,0.0,0.0
2023-12-29,42.15999984741211,42.20000076293945,41.79499816894531,41.91999816894531,38.7287483215332,24345400,0.0,0.0,0.0
2024-01-02,42.21500015258789,42.7599983215332,42.154998779296875,42.369998931884766,39.14448928833008,39301800,0.0,0.0,0.0
2024-01-03,42.435001373291016,43.21500015258789,42.220001220703125,43.060001373291016,39.78196334838867,37936000,0.0,0.0,0.0
2024-01-04,43.369998931884766,43.55500030517578,42.279998779296875,42.30500030517578,39.08443832397461,42049000,0.0,0.0,0.0
2024-01-05,42.709999084472656,42.72999954223633,42.14500045776367,42.34000015258789,39.11677932739258,34029200,0.0,0.0,0.0
2024-01-08,41.619998931884766,41.900001525878906,41.04999923706055,41.849998474121094,38.6640739440918,47218600,0.0,0.0,0.0
2024-01-09,41.904998779296875,41.95000076293945,41.09000015258789,41.18000030517578,38.04508590698242,33750400,0.0,0.0,0.0
2024-01-10,41.2599983215332,41.275001525878906,40.61000061035156,40.775001525878906,37.6709098815918,33159800,0.0,0.0,0.0
2024-01-11,40.994998931884766,41.099998474121094,40.71500015258789,40.880001068115234,37.767913818359375,38588600,0.0,0.0,0.0
2024-01-12,41.5099983215332,41.67499923706055,41.09000015258789,41.34000015258789,38.19289779663086,38769200,0.0,0.0,0.0
2024-01-16,41.25,41.30500030517578,40.33000183105469,40.35499954223633,37.28288269042969,36031200,0.0,0.0,0.0
2024-01-17,39.939998626708984,40.41999816894531,39.849998474121094,40.02000045776367,36.973392486572266,39284200,0.0,0.0,0.0
2024-01-18,40.029998779296875,40.064998626708984,39.4900016784668,39.95500183105469,36.91333770751953,35705600,0.0,0.0,0.0
2024-01-19,39.935001373291016,40.09000015258789,39.79499816894531,40.084999084472656,37.033443450927734,39940200,0.0,0.0,0.0
2024-01-22,40.0,40.32500076293945,39.7400016784668,40.23500061035156,37.17202377319336,30136800,0.0,0.0,0.0
2024-01-23,40.16999816894531,40.64500045776367,40.11000061035156,40.31999969482422,37.250545501708984,24709200,0.0,0.0,0.0
2024-01-24,40.529998779296875,40.915000915527344,40.34000015258789,40.89500045776367,37.78178405761719,33841000,0.0,0.0,0.0
2024-01-25,41.185001373291016,41.83000183105469,40.939998626708984,41.814998626708984,38.631736755371094,37609400,0.0,0.0,0.0
2024-01-26,41.77000045776367,42.13999938964844,41.46500015258789,42.125,38.918148040771484,36469600,0.0,0.0,0.0
2024-01-29,42.060001373291016,42.125,41.625,42.064998626708984,38.86270523071289,29680600,0.0,0.0,0.0
2024-01-30,41.650001525878906,42.5099983215332,41.4900016784668,42.5,39.26459503173828,35341200,0.0,0.0,0.0
2024-01-31,42.5,42.58000183105469,41.685001373291016,41.70500183105469,38.53011703491211,38580800,0.0,0.0,0.0
2024-02-01,41.95500183105469,42.150001525878906,41.314998626708984,41.70000076293945,38.52549743652344,51101400,0.0,0.0,0.0
2024-02-02,42.04999923706055,42.09000015258789,41.40999984741211,41.7599983215332,38.580928802490234,38075000,0.0,0.0,0.0
2024-02-05,41.505001068115234,41.904998779296875,41.20500183105469,41.654998779296875,38.48391342163086,31593600,0.0,0.0,0.0
2024-02-06,41.86000061035156,42.20000076293945,41.6150016784668,41.790000915527344,38.608646392822266,28056200,0.0,0.0,0.0
2024-02-07,41.90999984741211,42.09000015258789,41.53499984741211,41.875,38.68716812133789,26920400,0.0,0.0,0.0
2024-02-08,41.849998474121094,42.459999084472656,41.84000015258789,42.30500030517578,39.08443832397461,36201000,0.0,0.0,0.0
2024-02-09,42.3849983215332,42.564998626708984,41.61000061035156,41.654998779296875,38.48391342163086,38073400,0.0,0.0,0.0
2024-02-12,41.79999923706055,42.23500061035156,41.79999923706055,42.1150016784668,38.90890121459961,25893800,0.0,0.0,0.0
2024-02-13,42.154998779296875,42.29999923706055,41.41999816894531,41.689998626708984,38.516265869140625,41156800,0.0,0.0,0.0
2024-02-14,41.994998931884766,42.125,41.43000030517578,41.650001525878906,38.47930145263672,40894600,0.0,0.0,0.0
2024-02-15,41.63999938964844,42.93000030517578,41.60499954223633,42.810001373291016,39.55099868774414,43364400,0.0,0.0,0.0
2024-02-16,42.98500061035156,43.125,42.65999984741211,42.78499984741211,39.52790069580078,26960800,0.0,0.0,0.0
2024-02-20,42.83000183105469,42.85499954223633,42.34000015258789,42.39500045776367,39.16758728027344,28995600,0.0,0.0,0.0
2024-02-21,42.57500076293945,43.22999954223633,42.54499816894531,43.189998626708984,39.90206527709961,28745800,0.0,0.0,0.0
2024-02-22,42.915000915527344,43.44499969482422,42.709999084472656,43.26499938964844,39.97135543823242,35206800,0.0,0.0,0.0
2024-02-23,42.845001220703125,43.119998931884766,42.56999969482422,42.97999954223633,39.708045959472656,28952400,0.0,0.0,0.0
2024-02-26,42.93000030517578,43.415000915527344,42.71500015258789,43.130001068115234,39.84663772583008,23376400,0.0,0.0,0.0
2024-02-27,43.16999816894531,43.35499954223633,42.724998474121094,42.94499969482422,39.675716400146484,26317400,0.0,0.0,0.0
2024-02-28,43.0,43.32500076293945,42.689998626708984,42.86000061035156,39.59719467163086,26679600,0.0,0.0,0.0
2024-02-29,42.95000076293945,43.209999084472656,42.83000183105469,43.06999969482422,39.791202545166016,27335400,0.0,0.0,0.0
2024-03-01,43.380001068115234,43.77000045776367,43.30500030517578,43.56999969482422,40.25313949584961,32459600,0.0,0.0,0.0
2024-03-04,43.54499816894531,43.65999984741211,43.064998626708984,43.10499954223633,39.82353591918945,33198000,0.0,0.0,0.0
2024-03-05,43.040000915527344,43.70500183105469,42.98500061035156,43.42499923706055,40.119171142578125,32174200,0.0,0.0,0.0
2024-03-06,43.790000915527344,44.02000045776367,43.46500015258789,43.560001373291016,40.243896484375,28008800,0.0,0.0,0.0
2024-03-07,43.619998931884766,44.17499923706055,43.584999084472656,43.93000030517578,40.58572769165039,24569200,0.0,0.0,0.0
2024-03-08,43.869998931884766,44.095001220703125,43.7599983215332,44.084999084472656,40.72892761230469,28252000,0.0,0.0,0.0
2024-03-11,44.095001220703125,44.55500030517578,43.76499938964844,44.540000915527344,41.14929962158203,24983800,0.0,0.0,0.0
2024-03-12,44.53499984741211,44.65999984741211,44.23500061035156,44.470001220703125,41.084625244140625,23780600,0.0,0.0,0.0
2024-03-13,44.935001373291016,45.42499923706055,44.86000061035156,45.18000030517578,41.740577697753906,42725200,0.0,0.0,0.0
2024-03-14,45.36000061035156,45.665000915527344,45.185001373291016,45.64500045776367,42.17017364501953,35946000,0.0,0.0,0.0
2024-03-15,45.61000061035156,46.11000061035156,45.505001068115234,45.779998779296875,42.294891357421875,37753400,0.0,0.0,0.0
2024-03-18,45.595001220703125,45.72999954223633,45.21500015258789,45.56999969482422,42.44111633300781,30496800,0.367,0.0,0.0
2024-03-19,45.564998626708984,46.125,45.53499984741211,46.09000015258789,42.9254150390625,28545800,0.0,0.0,0.0
2024-03-20,45.82500076293945,46.189998626708984,45.755001068115234,46.025001525878906,42.86487579345703,32659400,0.0,0.0,0.0
2024-03-21,46.10499954223633,46.39500045776367,45.959999084472656,46.29999923706055,43.12099075317383,23334200,0.0,0.0,0.0
2024-03-22,46.31999969482422,46.435001373291016,46.084999084472656,46.20000076293945,43.02785873413086,17948800,0.0,0.0,0.0
2024-03-25,46.36000061035156,46.939998626708984,46.349998474121094,46.630001068115234,43.4283332824707,35074400,0.0,0.0,0.0
2024-03-26,46.67499923706055,46.779998779296875,46.18000030517578,46.27000045776367,43.09305953979492,35373800,0.0,0.0,0.0
2024-03-27,46.16999816894531,46.709999084472656,46.09000015258789,46.70000076293945,43.4935302734375,33960000,0.0,0.0,0.0
2024-03-28,46.974998474121094,47.290000915527344,46.75,47.20500183105469,43.963863372802734,34615200,0.0,0.0,0.0
2024-04-01,47.345001220703125,47.69499969482422,46.880001068115234,47.55500030517578,44.28982162475586,42899000,0.0,0.0,0.0
2024-04-02,47.7599983215332,48.27000045776367,47.54999923706055,48.220001220703125,44.90917205810547,38671200,0.0,0.0,0.0
2024-04-03,48.400001525878906,48.6150016784668,48.2400016784668,48.54999923706055,45.21650695800781,29148800,0.0,0.0,0.0
2024-04-04,48.625,48.79999923706055,48.33000183105469,48.52000045776367,45.188568115234375,36941200,0.0,0.0,0.0
2024-04-05,48.720001220703125,49.23500061035156,48.42499923706055,49.040000915527344,45.67286682128906,31194600,0.0,0.0,0.0
2024-04-08,49.064998626708984,49.20500183105469,48.64500045776367,48.72999954223633,45.3841438293457,34034600,0.0,0.0,0.0
2024-04-09,48.939998626708984,49.06999969482422,48.38999938964844,48.744998931884766,45.39811706542969,35322800,0.0,0.0,0.0
2024-04-10,48.61000061035156,49.07500076293945,48.400001525878906,48.89500045776367,45.53781509399414,39199600,0.0,0.0,0.0
2024-04-11,49.04999923706055,49.06999969482422,48.16999816894531,48.86000061035156,45.505226135253906,39204600,0.0,0.0,0.0
2024-04-12,49.16999816894531,49.48500061035156,47.834999084472656,48.064998626708984,44.764808654785156,46572400,0.0,0.0,0.0
2024-04-15,48.29499816894531,48.525001525878906,47.55500030517578,47.6150016784668,44.34571075439453,48690800,0.0,0.0,0.0
2024-04-16,47.525001525878906,47.744998931884766,46.8650016784668,47.20000076293945,43.959205627441406,36497600,0.0,0.0,0.0
2024-04-17,47.099998474121094,47.56999969482422,46.72999954223633,47.064998626708984,43.833465576171875,27421000,0.0,0.0,0.0
2024-04-18,47.224998474121094,47.36000061035156,46.755001068115234,46.91999816894531,43.69842529296875,25555600,0.0,0.0,0.0
2024-04-19,47.0099983215332,47.80500030517578,46.939998626708984,47.48500061035156,44.22463607788086,35451400,0.0,0.0,0.0
2024-04-22,47.23500061035156,48.119998931884766,46.86000061035156,47.79499816894531,44.513343811035156,30244400,0.0,0.0,0.0
2024-04-23,47.57500076293945,48.060001373291016,47.345001220703125,48.060001373291016,44.76015090942383,28657400,0.0,0.0,0.0
2024-04-24,47.7599983215332,48.150001525878906,47.529998779296875,48.095001220703125,44.792747497558594,21303800,0.0,0.0,0.0
2024-04-25,48.040000915527344,48.459999084472656,47.625,48.314998626708984,44.997642517089844,26500200,0.0,0.0,0.0
2024-04-26,47.880001068115234,48.060001373291016,47.380001068115234,47.869998931884766,44.583194732666016,32366600,0.0,0.0,0.0
2024-04-29,47.72999954223633,48.29999923706055,47.70000076293945,48.19499969482422,44.88588333129883,22236400,0.0,0.0,0.0
2024-04-30,48.0,48.084999084472656,46.7400016784668,46.7599983215332,43.549407958984375,35399000,0.0,0.0,0.0
2024-05-01,46.69499969482422,46.845001220703125,45.76499938964844,46.01499938964844,42.85556411743164,50943800,0.0,0.0,0.0
2024-05-02,46.32500076293945,46.595001220703125,46.060001373291016,46.279998779296875,43.10236740112305,34616800,0.0,0.0,0.0
2024-05-03,46.31999969482422,46.369998931884766,45.67499923706055,46.28499984741211,43.10702896118164,38087800,0.0,0.0,0.0
2024-05-06,46.43000030517578,47.119998931884766,46.43000030517578,46.650001525878906,43.44696807861328,33445600,0.0,0.0,0.0
2024-05-07,46.71500015258789,46.95000076293945,46.59000015258789,46.60499954223633,43.40504455566406,20942200,0.0,0.0,0.0
2024-05-08,46.334999084472656,46.775001525878906,46.26499938964844,46.54999923706055,43.35382843017578,19811800,0.0,0.0,0.0
2024-05-09,46.599998474121094,47.17499923706055,46.599998474121094,47.17499923706055,43.935916900634766,22489400,0.0,0.0,0.0
2024-05-10,47.275001525878906,47.43000030517578,46.790000915527344,46.915000915527344,43.69375991821289,20568400,0.0,0.0,0.0
2024-05-13,47.025001525878906,47.20000076293945,46.59000015258789,46.790000915527344,43.57734680175781,20978000,0.0,0.0,0.0
2024-05-14,46.70000076293945,46.8849983215332,46.5099983215332,46.849998474121094,43.63322448730469,24911600,0.0,0.0,0.0
2024-05-15,46.75,47.040000915527344,46.060001373291016,46.95500183105469,43.731021881103516,38792200,0.0,0.0,0.0
2024-05-16,46.849998474121094,47.189998626708984,46.70000076293945,46.82500076293945,43.609947204589844,24580200,0.0,0.0,0.0
2024-05-17,46.90999984741211,47.55500030517578,46.89500045776367,47.47999954223633,44.21997833251953,29001600,0.0,0.0,0.0
2024-05-20,47.5,47.60499954223633,47.05500030517578,47.16999816894531,43.93125915527344,20134600,0.0,0.0,0.0
2024-05-21,47.04999923706055,47.435001373291016,46.904998779296875,46.939998626708984,43.717044830322266,22467600,0.0,0.0,0.0
2024-05-22,46.75,46.77000045776367,45.85499954223633,46.040000915527344,42.87884521484375,34868000,0.0,0.0,0.0
2024-05-23,46.27000045776367,46.43000030517578,45.540000915527344,45.619998931884766,42.4876823425293,26931400,0.0,0.0,0.0
2024-05-24,45.974998474121094,46.095001220703125,45.55500030517578,45.685001373291016,42.548221588134766,19041400,0.0,0.0,0.0
2024-05-28,45.845001220703125,46.275001525878906,45.72999954223633,46.154998779296875,42.9859504699707,28904200,0.0,0.0,0.0
2024-05-29,46.025001525878906,46.064998626708984,45.1349983215332,45.34000015258789,42.22691345214844,30053600,0.0,0.0,0.0
2024-05-30,45.2400016784668,45.6349983215332,45.224998474121094,45.470001220703125,42.34798049926758,22731400,0.0,0.0,0.0
2024-05-31,45.54999923706055,46.6349983215332,45.505001068115234,46.599998474121094,43.400390625,32503000,0.0,0.0,0.0
2024-06-03,46.44499969482422,46.459999084472656,45.04499816894531,45.380001068115234,42.264163970947266,40796600,0.0,0.0,0.0
2024-06-04,44.90999984741211,44.98500061035156,44.349998474121094,44.94499969482422,41.85902786254883,34721400,0.0,0.0,0.0
2024-06-05,45.0,45.06999969482422,44.665000915527344,44.939998626708984,41.854366302490234,21040200,0.0,0.0,0.0
2024-06-06,44.78499984741211,45.189998626708984,44.6150016784668,45.17499923706055,42.07323455810547,25506600,0.0,0.0,0.0
2024-06-07,45.09000015258789,45.52000045776367,44.775001525878906,44.994998931884766,41.90559387207031,20089800,0.0,0.0,0.0
2024-06-10,45.165000915527344,45.60499954223633,44.994998931884766,45.334999084472656,42.222251892089844,22543800,0.0,0.0,0.0
2024-06-11,45.1349983215332,45.29499816894531,44.720001220703125,45.244998931884766,42.13842010498047,18591200,0.0,0.0,0.0
2024-06-12,45.619998931884766,45.6349983215332,44.53499984741211,44.7599983215332,41.68672561645508,32560600,0.0,0.0,0.0
2024-06-13,44.63999938964844,44.76499938964844,44.125,44.349998474121094,41.30488967895508,28495600,0.0,0.0,0.0
2024-06-14,44.29999923706055,44.349998474121094,43.834999084472656,44.02000045776367,40.9975471496582,25811400,0.0,0.0,0.0
2024-06-17,43.959999084472656,44.334999084472656,43.79999923706055,44.1349983215332,41.10464859008789,29547800,0.0,0.0,0.0
2024-06-18,44.41999816894531,44.880001068115234,44.209999084472656,44.31999969482422,41.27694320678711,29285800,0.0,0.0,0.0
2024-06-20,44.45000076293945,45.3650016784668,44.310001373291016,45.1349983215332,42.03597640991211,34073800,0.0,0.0,0.0
2024-06-21,45.255001068115234,45.380001068115234,44.810001373291016,44.875,41.79383087158203,39972600,0.0,0.0,0.0
2024-06-24,44.76499938964844,45.814998626708984,44.689998626708984,45.63999938964844,42.84765625,31188200,0.3575,0.0,0.0
2024-06-25,45.599998474121094,45.75,45.349998474121094,45.744998931884766,42.946231842041016,27666600,0.0,0.0,0.0
2024-06-26,45.79499816894531,45.79499816894531,45.08000183105469,45.29499816894531,42.52376174926758,23127400,0.0,0.0,0.0
2024-06-27,45.53499984741211,45.584999084472656,45.14500045776367,45.400001525878906,42.622344970703125,15631600,0.0,0.0,0.0
2024-06-28,45.75,45.90999984741211,45.40999984741211,45.57500076293945,42.78663635253906,25670000,0.0,0.0,0.0
2024-07-01,45.939998626708984,46.09000015258789,45.33000183105469,45.599998474121094,42.81010055541992,24563200,0.0,0.0,0.0
2024-07-02,46.040000915527344,46.04999923706055,45.275001525878906,45.564998626708984,42.77724838256836,25226800,0.0,0.0,0.0
2024-07-03,45.60499954223633,45.974998474121094,45.525001525878906,45.76499938964844,42.96501541137695,16280000,0.0,0.0,0.0
2024-07-05,45.67499923706055,45.709999084472656,44.849998474121094,45.04999923706055,42.293758392333984,23450400,0.0,0.0,0.0
2024-07-08,44.724998474121094,45.189998626708984,44.599998474121094,44.775001525878906,42.03558349609375,19595000,0.0,0.0,0.0
2024-07-09,44.33000183105469,44.869998931884766,44.20000076293945,44.380001068115234,41.66474533081055,19086600,0.0,0.0,0.0
2024-07-10,44.33000183105469,44.69499969482422,44.19499969482422,44.68000030517578,41.94639587402344,19320800,0.0,0.0,0.0
2024-07-11,44.564998626708984,45.2400016784668,44.40999984741211,45.14500045776367,42.3829460144043,22684800,0.0,0.0,0.0
2024-07-12,45.400001525878906,45.46500015258789,44.92499923706055,45.2599983215332,42.490909576416016,18117200,0.0,0.0,0.0
2024-07-15,45.58000183105469,46.36000061035156,45.404998779296875,45.94499969482422,43.13399887084961,30792000,0.0,0.0,0.0
2024-07-16,45.75,46.19499969482422,45.51499938964844,46.150001525878906,43.32645797729492,24129400,0.0,0.0,0.0
2024-07-17,46.255001068115234,46.90999984741211,46.244998931884766,46.61000061035156,43.7583122253418,29435400,0.0,0.0,0.0
2024-07-18,46.560001373291016,47.255001068115234,46.39500045776367,46.69499969482422,43.838111877441406,32867600,0.0,0.0,0.0
2024-07-19,46.619998931884766,46.939998626708984,46.064998626708984,46.185001373291016,43.359310150146484,26500200,0.0,0.0,0.0
2024-07-22,45.939998626708984,46.15999984741211,45.6349983215332,45.89500045776367,43.087059020996094,21527600,0.0,0.0,0.0
2024-07-23,45.76499938964844,45.80500030517578,45.11000061035156,45.165000915527344,42.4017219543457,33103800,0.0,0.0,0.0
2024-07-24,45.28499984741211,45.57500076293945,44.86000061035156,45.16999816894531,42.40641403198242,29328600,0.0,0.0,0.0
2024-07-25,45.20000076293945,46.095001220703125,44.98500061035156,45.95000076293945,43.138694763183594,36437400,0.0,0.0,0.0
2024-07-26,45.83000183105469,46.290000915527344,45.665000915527344,46.095001220703125,43.27482223510742,23730800,0.0,0.0,0.0
2024-07-29,46.099998474121094,46.1349983215332,45.27000045776367,45.70000076293945,42.903987884521484,27156600,0.0,0.0,0.0
2024-07-30,45.69499969482422,46.55500030517578,45.63999938964844,46.40999984741211,43.5705451965332,25673200,0.0,0.0,0.0
2024-07-31,47.040000915527344,47.06999969482422,46.56999969482422,46.60499954223633,43.75361633300781,36173800,0.0,0.0,0.0
2024-08-01,46.5,46.73500061035156,45.1349983215332,45.369998931884766,42.59417724609375,42558400,0.0,0.0,0.0
2024-08-02,44.849998474121094,45.095001220703125,43.755001068115234,44.20000076293945,41.49576187133789,45836200,0.0,0.0,0.0
2024-08-05,43.25,43.59000015258789,42.73500061035156,43.224998474121094,40.58041763305664,50039200,0.0,0.0,0.0
2024-08-06,43.3849983215332,43.97999954223633,43.21500015258789,43.4900016784668,40.82920455932617,31418600,0.0,0.0,0.0
2024-08-07,44.02000045776367,44.470001220703125,43.63999938964844,43.665000915527344,40.99349594116211,26126000,0.0,0.0,0.0
2024-08-08,43.790000915527344,44.665000915527344,43.790000915527344,44.60499954223633,41.87598419189453,21596800,0.0,0.0,0.0
2024-08-09,44.540000915527344,44.89500045776367,44.255001068115234,44.70500183105469,41.9698600769043,22345600,0.0,0.0,0.0
2024-08-12,44.96500015258789,45.21500015258789,43.75,44.92499923706055,42.17640686035156,28785800,0.0,0.0,0.0
2024-08-13,44.584999084472656,44.625,44.27000045776367,44.4900016784668,41.76802062988281,31386400,0.0,0.0,0.0
2024-08-14,44.57500076293945,44.95000076293945,44.400001525878906,44.75,42.01211166381836,21657600,0.0,0.0,0.0
2024-08-15,45.005001068115234,45.43000030517578,44.96500015258789,45.28499984741211,42.51437759399414,18335200,0.0,0.0,0.0
2024-08-16,45.005001068115234,45.345001220703125,44.970001220703125,45.23500061035156,42.467437744140625,17753000,0.0,0.0,0.0
2024-08-19,45.310001373291016,45.92499923706055,45.310001373291016,45.540000915527344,42.75377655029297,21762600,0.0,0.0,0.0
2024-08-20,45.439998626708984,45.47999954223633,44.31999969482422,44.34000015258789,41.627197265625,33866400,0.0,0.0,0.0
2024-08-21,44.619998931884766,44.845001220703125,44.290000915527344,44.415000915527344,41.697608947753906,22737800,0.0,0.0,0.0
2024-08-22,44.44499969482422,44.72999954223633,44.35499954223633,44.529998779296875,41.805564880371094,19595400,0.0,0.0,0.0
2024-08-23,44.7400016784668,45.27000045776367,44.685001373291016,45.19499969482422,42.42987823486328,20734600,0.0,0.0,0.0
2024-08-26,45.69499969482422,46.0,45.26499938964844,45.599998474121094,42.81010055541992,19514800,0.0,0.0,0.0
2024-08-27,45.599998474121094,45.724998474121094,45.095001220703125,45.17499923706055,42.41110610961914,16627200,0.0,0.0,0.0
2024-08-28,44.900001525878906,45.165000915527344,44.685001373291016,44.8849983215332,42.13884735107422,17049000,0.0,0.0,0.0
2024-08-29,45.150001525878906,45.63999938964844,44.724998474121094,45.470001220703125,42.68806076049805,22498800,0.0,0.0,0.0
2024-08-30,45.0099983215332,45.654998779296875,44.904998779296875,45.63999938964844,42.84765625,28085000,0.0,0.0,0.0
2024-09-03,44.89500045776367,44.96500015258789,44.224998474121094,44.505001068115234,41.782108306884766,38194200,0.0,0.0,0.0
2024-09-04,44.54999923706055,44.834999084472656,43.80500030517578,43.88999938964844,41.20472717285156,30114000,0.0,0.0,0.0
2024-09-05,44.20500183105469,44.2400016784668,43.5099983215332,43.54999923706055,40.88553237915039,24991200,0.0,0.0,0.0
2024-09-06,43.64500045776367,43.90999984741211,42.83000183105469,43.005001068115234,40.37387466430664,35912000,0.0,0.0,0.0
2024-09-09,43.1349983215332,43.71500015258789,43.06999969482422,43.314998626708984,40.66490173339844,32824400,0.0,0.0,0.0
2024-09-10,43.380001068115234,43.435001373291016,42.20500183105469,42.56999969482422,39.965492248535156,49326800,0.0,0.0,0.0
2024-09-11,42.564998626708984,42.584999084472656,41.5099983215332,42.17499923706055,39.59465408325195,48125800,0.0,0.0,0.0
2024-09-12,42.34000015258789,42.720001220703125,42.025001525878906,42.55500030517578,39.95140075683594,31762000,0.0,0.0,0.0
2024-09-13,42.77000045776367,43.1150016784668,42.66999816894531,42.79499816894531,40.17672348022461,26195400,0.0,0.0,0.0
2024-09-16,43.154998779296875,43.55500030517578,42.959999084472656,43.28499984741211,40.63674545288086,26875000,0.0,0.0,0.0
2024-09-17,43.29999923706055,43.900001525878906,43.20500183105469,43.869998931884766,41.185943603515625,25034600,0.0,0.0,0.0
2024-09-18,43.80500030517578,44.494998931884766,43.744998931884766,43.95500183105469,41.26575469970703,28209600,0.0,0.0,0.0
2024-09-19,44.70000076293945,44.97999954223633,44.23500061035156,44.47999954223633,41.75862503051758,37806800,0.0,0.0,0.0
2024-09-20,44.29499816894531,44.48500061035156,43.88999938964844,44.380001068115234,41.66474533081055,27961600,0.0,0.0,0.0
2024-09-23,44.099998474121094,44.779998779296875,43.95000076293945,44.560001373291016,42.1792106628418,26630200,0.3635,0.0,0.0
2024-09-24,45.06999969482422,45.06999969482422,44.3849983215332,44.45000076293945,42.07509231567383,34627400,0.0,0.0,0.0
2024-09-25,44.334999084472656,44.470001220703125,43.4900016784668,43.58000183105469,41.25157165527344,27633600,0.0,0.0,0.0
2024-09-26,42.71500015258789,43.290000915527344,42.584999084472656,42.724998474121094,40.44225311279297,46896400,0.0,0.0,0.0
2024-09-27,42.95500183105469,43.65999984741211,42.93000030517578,43.595001220703125,41.265769958496094,30489600,0.0,0.0,0.0
2024-09-30,43.51499938964844,43.97999954223633,43.26499938964844,43.900001525878906,41.554481506347656,22806600,0.0,0.0,0.0
2024-10-01,43.505001068115234,45.08000183105469,43.45000076293945,44.900001525878906,42.50104522705078,66114200,0.0,0.0,0.0
2024-10-02,45.529998779296875,45.64500045776367,44.85499954223633,45.36000061035156,42.936466217041016,41925200,0.0,0.0,0.0
2024-10-03,45.52000045776367,46.220001220703125,45.17499923706055,46.15999984741211,43.6937255859375,44726000,0.0,0.0,0.0
2024-10-04,46.54999923706055,46.73500061035156,46.125,46.59000015258789,44.100746154785156,35945600,0.0,0.0,0.0
2024-10-07,46.755001068115234,47.10499954223633,46.599998474121094,46.755001068115234,44.25693130493164,32519400,0.0,0.0,0.0
2024-10-08,46.150001525878906,46.20000076293945,45.314998626708984,45.53499984741211,43.102115631103516,39759800,0.0,0.0,0.0
2024-10-09,45.19499969482422,45.93000030517578,45.10499954223633,45.810001373291016,43.362422943115234,31519600,0.0,0.0,0.0
2024-10-10,46.064998626708984,46.375,45.72999954223633,46.119998931884766,43.655860900878906,26047400,0.0,0.0,0.0
2024-10-11,46.10499954223633,46.56999969482422,46.01499938964844,46.404998779296875,43.925628662109375,26414600,0.0,0.0,0.0
2024-10-14,46.08000183105469,46.459999084472656,46.0099983215332,46.3849983215332,43.906700134277344,22198600,0.0,0.0,0.0
2024-10-15,45.150001525878906,45.45000076293945,44.8650016784668,44.88999938964844,42.4915771484375,37839200,0.0,0.0,0.0
2024-10-16,45.14500045776367,45.255001068115234,44.98500061035156,45.10499954223633,42.695091247558594,19877000,0.0,0.0,0.0
2024-10-17,45.099998474121094,45.470001220703125,45.04999923706055,45.31999969482422,42.89860153198242,21433400,0.0,0.0,0.0
2024-10-18,45.23500061035156,45.3650016784668,44.849998474121094,45.16999816894531,42.75661849975586,24015200,0.0,0.0,0.0
2024-10-21,45.470001220703125,45.6150016784668,44.95500183105469,45.03499984741211,42.62882614135742,21162000,0.0,0.0,0.0
2024-10-22,45.20000076293945,45.349998474121094,44.974998474121094,45.13999938964844,42.72821807861328,17956400,0.0,0.0,0.0
2024-10-23,45.01499938964844,45.189998626708984,44.64500045776367,44.904998779296875,42.505775451660156,19813200,0.0,0.0,0.0
2024-10-24,45.0,45.1349983215332,44.599998474121094,44.900001525878906,42.50104522705078,17046600,0.0,0.0,0.0
2024-10-25,45.13999938964844,45.2599983215332,44.755001068115234,44.8849983215332,42.48684310913086,19104600,0.0,0.0,0.0
2024-10-28,43.93000030517578,44.630001068115234,43.88999938964844,44.599998474121094,42.217071533203125,24228000,0.0,0.0,0.0
2024-10-29,44.5,44.53499984741211,43.82500076293945,43.91999816894531,41.57339859008789,23791600,0.0,0.0,0.0
2024-10-30,44.07500076293945,44.3650016784668,43.904998779296875,44.02000045776367,41.66806411743164,19364200,0.0,0.0,0.0
2024-10-31,44.29999923706055,44.630001068115234,44.18000030517578,44.29499816894531,41.928367614746094,31623200,0.0,0.0,0.0
2024-11-01,44.89500045776367,45.05500030517578,43.92499923706055,44.01499938964844,41.663330078125,26304600,0.0,0.0,0.0
2024-11-04,44.314998626708984,44.85499954223633,44.255001068115234,44.78499984741211,42.392189025878906,25811800,0.0,0.0,0.0
2024-11-05,45.005001068115234,45.20000076293945,44.80500030517578,45.084999084472656,42.67615509033203,20876600,0.0,0.0,0.0
2024-11-06,46.32500076293945,47.1349983215332,46.025001525878906,46.779998779296875,44.280601501464844,50053200,0.0,0.0,0.0
2024-11-07,46.75,46.75,46.209999084472656,46.564998626708984,44.077083587646484,26138000,0.0,0.0,0.0
2024-11-08,46.56999969482422,46.94499969482422,46.3849983215332,46.875,44.370521545410156,22336800,0.0,0.0,0.0
2024-11-11,46.8849983215332,47.29999923706055,46.665000915527344,47.13999938964844,44.62136459350586,20909400,0.0,0.0,0.0
2024-11-12,47.275001525878906,47.42499923706055,46.84000015258789,46.88999938964844,44.38472366333008,18500400,0.0,0.0,0.0
2024-11-13,47.029998779296875,47.45000076293945,46.46500015258789,47.255001068115234,44.73021697998047,23676200,0.0,0.0,0.0
2024-11-14,47.56999969482422,47.59000015258789,47.1349983215332,47.435001373291016,44.900604248046875,18011000,0.0,0.0,0.0
2024-11-15,47.38999938964844,47.845001220703125,47.19499969482422,47.3650016784668,44.834346771240234,28080400,0.0,0.0,0.0
2024-11-18,47.7400016784668,48.09000015258789,47.529998779296875,47.994998931884766,45.43067932128906,23892600,0.0,0.0,0.0
2024-11-19,47.61000061035156,47.974998474121094,47.46500015258789,47.689998626708984,45.1419792175293,23796400,0.0,0.0,0.0
2024-11-20,47.8650016784668,48.20500183105469,47.71500015258789,48.16999816894531,45.59632873535156,17917600,0.0,0.0,0.0
2024-11-21,48.38999938964844,48.92499923706055,48.27000045776367,48.560001373291016,45.965492248535156,33541000,0.0,0.0,0.0
2024-11-22,48.494998931884766,48.959999084472656,48.45000076293945,48.6349983215332,46.03648376464844,21555600,0.0,0.0,0.0
2024-11-25,48.625,48.869998931884766,47.560001373291016,47.67499923706055,45.127769470214844,32950600,0.0,0.0,0.0
2024-11-26,47.7400016784668,47.84000015258789,47.38999938964844,47.61000061035156,45.06625747680664,24932800,0.0,0.0,0.0
2024-11-27,47.564998626708984,47.96500015258789,47.5,47.560001373291016,45.0189208984375,15595600,0.0,0.0,0.0
2024-11-29,47.665000915527344,47.845001220703125,47.58000183105469,47.76499938964844,45.21296691894531,13636400,0.0,0.0,0.0
2024-12-02,47.75,47.83000183105469,46.834999084472656,47.2599983215332,44.73495101928711,22190000,0.0,0.0,0.0
2024-12-03,47.564998626708984,47.650001525878906,47.04999923706055,47.255001068115234,44.73021697998047,17886600,0.0,0.0,0.0
2024-12-04,47.23500061035156,47.23500061035156,45.84000015258789,46.1150016784668,43.65113067626953,32518000,0.0,0.0,0.0
2024-12-05,46.28499984741211,46.599998474121094,46.099998474121094,46.29499816894531,43.82150650024414,22662400,0.0,0.0,0.0
2024-12-06,46.20000076293945,46.20500183105469,45.42499923706055,45.5099983215332,43.078453063964844,26206600,0.0,0.0,0.0
2024-12-09,45.88999938964844,46.1349983215332,45.39500045776367,45.435001373291016,43.00746154785156,23627800,0.0,0.0,0.0
2024-12-10,45.69499969482422,45.7599983215332,45.060001373291016,45.125,42.714027404785156,23299800,0.0,0.0,0.0
2024-12-11,45.220001220703125,45.369998931884766,44.97999954223633,45.20000076293945,42.78501510620117,23147600,0.0,0.0,0.0
2024-12-12,45.119998931884766,45.20000076293945,44.790000915527344,44.834999084472656,42.43951416015625,21746200,0.0,0.0,0.0
2024-12-13,44.94499969482422,44.959999084472656,44.48500061035156,44.61000061035156,42.226539611816406,22346000,0.0,0.0,0.0
2024-12-16,44.48500061035156,44.48500061035156,43.595001220703125,43.630001068115234,41.29890060424805,25036200,0.0,0.0,0.0
2024-12-17,43.29999923706055,43.3849983215332,42.900001525878906,43.30500030517578,40.99126052856445,32011600,0.0,0.0,0.0
2024-12-18,43.185001373291016,43.38999938964844,42.025001525878906,42.025001525878906,39.7796516418457,39241200,0.0,0.0,0.0
2024-12-19,42.470001220703125,42.60499954223633,41.630001068115234,41.65999984741211,39.43415451049805,49981400,0.0,0.0,0.0
2024-12-20,41.654998779296875,42.21500015258789,41.54499816894531,42.06999969482422,39.82224655151367,35704800,0.0,0.0,0.0
2024-12-23,41.654998779296875,42.10499954223633,41.375,41.96500015258789,40.05610656738281,34445400,0.35,0.0,0.0
2024-12-24,42.084999084472656,42.400001525878906,41.810001373291016,42.31999969482422,40.39495849609375,15024200,0.0,0.0,0.0
2024-12-26,42.334999084472656,42.36000061035156,42.025001525878906,42.28499984741211,40.36154556274414,15386400,0.0,0.0,0.0
2024-12-27,42.25,42.7400016784668,42.06999969482422,42.279998779296875,40.35677719116211,20369800,0.0,0.0,0.0
2024-12-30,42.28499984741211,42.51499938964844,41.92499923706055,42.275001525878906,40.35200500488281,23545400,0.0,0.0,0.0
2024-12-31,42.375,42.95000076293945,42.290000915527344,42.83000183105469,40.88175964355469,21165000,0.0,0.0,0.0
2025-01-02,43.18000030517578,43.650001525878906,43.040000915527344,43.33000183105469,41.359012603759766,34887000,0.0,0.0,0.0
2025-01-03,43.584999084472656,43.880001068115234,43.40999984741211,43.73500061035156,41.7455940246582,22120800,0.0,0.0,0.0
2025-01-06,43.935001373291016,44.28499984741211,43.42499923706055,43.53499984741211,41.5546875,22835200,0.0,0.0,0.0
2025-01-07,43.85499954223633,44.30500030517578,43.59000015258789,43.970001220703125,41.96989822387695,25035800,0.0,0.0,0.0
2025-01-08,43.70000076293945,44.03499984741211,43.54499816894531,44.01499938964844,42.012855529785156,28483800,0.0,0.0,0.0
2025-01-10,44.584999084472656,45.099998474121094,43.959999084472656,44.19499969482422,42.18466567993164,34075800,0.0,0.0,0.0
2025-01-13,44.39500045776367,45.38999938964844,44.39500045776367,45.125,43.07236862182617,48896200,0.0,0.0,0.0
2025-01-14,45.04499816894531,45.650001525878906,44.97999954223633,45.61000061035156,43.53530502319336,31173000,0.0,0.0,0.0
2025-01-15,45.88999938964844,46.404998779296875,45.70000076293945,46.28499984741211,44.179595947265625,34657800,0.0,0.0,0.0
2025-01-16,46.130001068115234,46.665000915527344,46.07500076293945,46.619998931884766,44.499359130859375,25230600,0.0,0.0,0.0
2025-01-17,46.619998931884766,47.14500045776367,46.45500183105469,46.97999954223633,44.842979431152344,23899600,0.0,0.0,0.0
2025-01-21,46.86000061035156,47.0,46.494998931884766,46.7400016784668,44.61389923095703,49302000,0.0,0.0,0.0
2025-01-22,46.595001220703125,46.650001525878906,45.86000061035156,45.88999938964844,43.80256652832031,35880200,0.0,0.0,0.0
2025-01-23,46.2400016784668,46.40999984741211,45.775001525878906,46.099998474121094,44.00300979614258,29359200,0.0,0.0,0.0
2025-01-24,46.165000915527344,46.35499954223633,45.599998474121094,45.654998779296875,43.5782470703125,29156800,0.0,0.0,0.0
2025-01-27,45.5,45.58000183105469,44.8650016784668,45.18000030517578,43.12486267089844,31993400,0.0,0.0,0.0
2025-01-28,45.314998626708984,45.474998474121094,44.525001525878906,44.75,42.71442413330078,37401800,0.0,0.0,0.0
2025-01-29,44.63999938964844,45.08000183105469,44.57500076293945,44.849998474121094,42.80986785888672,20681800,0.0,0.0,0.0
2025-01-30,45.125,45.314998626708984,44.79999923706055,45.08000183105469,43.0294075012207,39092600,0.0,0.0,0.0
2025-01-31,44.95500183105469,45.05500030517578,43.71500015258789,43.81999969482422,41.82672119140625,44537400,0.0,0.0,0.0
2025-02-03,43.814998626708984,44.275001525878906,43.415000915527344,44.095001220703125,42.08921813964844,39816400,0.0,0.0,0.0
2025-02-04,43.88999938964844,45.1150016784668,43.814998626708984,45.02000045776367,42.972137451171875,40279800,0.0,0.0,0.0
2025-02-05,45.005001068115234,45.18000030517578,44.755001068115234,45.1150016784668,43.06281661987305,21772000,0.0,0.0,0.0
2025-02-06,45.31999969482422,45.43000030517578,44.04499816894531,44.28499984741211,42.270572662353516,41309600,0.0,0.0,0.0
2025-02-07,44.45000076293945,44.685001373291016,44.220001220703125,44.279998779296875,42.26579666137695,22568400,0.0,0.0,0.0
2025-02-10,44.67499923706055,45.33000183105469,44.67499923706055,45.255001068115234,43.19645309448242,25871400,0.0,0.0,0.0
2025-02-11,45.470001220703125,45.92499923706055,45.18000030517578,45.619998931884766,43.54484939575195,26226800,0.0,0.0,0.0
2025-02-12,45.244998931884766,45.55500030517578,44.439998626708984,44.52000045776367,42.49488067626953,38798800,0.0,0.0,0.0
2025-02-13,44.45000076293945,44.95500183105469,44.15999984741211,44.85499954223633,42.814640045166016,31550400,0.0,0.0,0.0
2025-02-14,45.025001525878906,45.665000915527344,45.025001525878906,45.03499984741211,42.986454010009766,25885800,0.0,0.0,0.0
2025-02-18,45.25,45.95000076293945,44.9900016784668,45.650001525878906,43.57347869873047,29574800,0.0,0.0,0.0
2025-02-19,45.84000015258789,46.439998626708984,45.814998626708984,46.0099983215332,43.91710662841797,24531200,0.0,0.0,0.0
2025-02-20,45.915000915527344,46.5099983215332,45.720001220703125,46.43000030517578,44.31800079345703,28332200,0.0,0.0,0.0
2025-02-21,46.150001525878906,46.275001525878906,45.439998626708984,45.46500015258789,43.39689636230469,31276600,0.0,0.0,0.0
2025-02-24,45.54499816894531,45.720001220703125,45.23500061035156,45.474998474121094,43.40644073486328,26295200,0.0,0.0,0.0
2025-02-25,45.46500015258789,45.67499923706055,44.45500183105469,44.81999969482422,42.78123474121094,26608600,0.0,0.0,0.0
2025-02-26,44.875,44.994998931884766,44.36000061035156,44.564998626708984,42.53783416748047,24305600,0.0,0.0,0.0
2025-02-27,44.875,45.35499954223633,44.4900016784668,44.80500030517578,42.76691818237305,30048000,0.0,0.0,0.0
2025-02-28,44.65999984741211,45.53499984741211,44.380001068115234,45.5,43.4303092956543,26627200,0.0,0.0,0.0
2025-03-03,45.67499923706055,45.935001373291016,43.505001068115234,43.90999984741211,41.91263198852539,49501800,0.0,0.0,0.0
2025-03-04,43.26499938964844,44.189998626708984,42.71500015258789,43.48500061035156,41.50696563720703,50677000,0.0,0.0,0.0
2025-03-05,42.85499954223633,43.07500076293945,42.01499938964844,42.849998474121094,40.900848388671875,56510800,0.0,0.0,0.0
2025-03-06,42.64500045776367,43.244998931884766,42.310001373291016,42.97999954223633,41.02493667602539,47104200,0.0,0.0,0.0
2025-03-07,43.17499923706055,44.029998779296875,43.17499923706055,43.71500015258789,41.72650146484375,44849200,0.0,0.0,0.0
2025-03-10,43.95500183105469,44.64500045776367,43.630001068115234,44.040000915527344,42.036720275878906,40045400,0.0,0.0,0.0
2025-03-11,44.220001220703125,44.40999984741211,43.45500183105469,43.689998626708984,41.70263671875,30230200,0.0,0.0,0.0
2025-03-12,43.720001220703125,44.29499816894531,43.55500030517578,43.88999938964844,41.89353942871094,32240400,0.0,0.0,0.0
2025-03-13,43.73500061035156,44.3650016784668,43.32500076293945,43.59000015258789,41.6071891784668,30742000,0.0,0.0,0.0
2025-03-14,43.83000183105469,44.939998626708984,43.630001068115234,44.880001068115234,42.83850860595703,32023200,0.0,0.0,0.0
2025-03-17,44.845001220703125,45.80500030517578,44.845001220703125,45.595001220703125,43.52098083496094,29761600,0.0,0.0,0.0
2025-03-18,45.849998474121094,45.95500183105469,45.310001373291016,45.66999816894531,43.59257125854492,30806600,0.0,0.0,0.0
2025-03-19,45.72999954223633,46.619998931884766,45.720001220703125,46.415000915527344,44.30368423461914,31742600,0.0,0.0,0.0
2025-03-20,46.15999984741211,46.7400016784668,45.96500015258789,46.584999084472656,44.4659538269043,33163600,0.0,0.0,0.0
2025-03-21,46.43000030517578,46.540000915527344,45.970001220703125,46.2599983215332,44.15572738647461,36975600,0.0,0.0,0.0
2025-03-24,46.11000061035156,46.70000076293945,46.03499984741211,46.42499923706055,44.658836364746094,23824600,0.358,0.0,0.0
2025-03-25,46.630001068115234,47.02000045776367,46.474998474121094,46.6150016784668,44.841609954833984,22292000,0.0,0.0,0.0
2025-03-26,47.04999923706055,47.40999984741211,46.775001525878906,46.88999938964844,45.10614776611328,25564600,0.0,0.0,0.0
2025-03-27,46.75,46.92499923706055,46.25,46.435001373291016,44.668460845947266,19147800,0.0,0.0,0.0
2025-03-28,46.40999984741211,46.584999084472656,45.98500061035156,46.21500015258789,44.456825256347656,22248800,0.0,0.0,0.0
2025-03-31,46.1150016784668,47.0,46.04999923706055,46.724998474121094,44.947425842285156,28813800,0.0,0.0,0.0
2025-04-01,46.75,47.04499816894531,46.244998931884766,47.0,45.21196365356445,27121200,0.0,0.0,0.0
2025-04-02,46.599998474121094,47.10499954223633,46.4900016784668,47.064998626708984,45.27448654174805,33960600,0.0,0.0,0.0
2025-04-03,44.82500076293945,45.16999816894531,43.35499954223633,43.369998931884766,41.72005844116211,75657800,0.0,0.0,0.0
2025-04-04,41.82500076293945,42.29499816894531,39.380001068115234,39.380001068115234,37.88185501098633,100752000,0.0,0.0,0.0
2025-04-07,38.10499954223633,40.790000915527344,37.4900016784668,39.125,37.63655090332031,113906800,0.0,0.0,0.0
2025-04-08,40.33000183105469,40.540000915527344,37.61000061035156,38.220001220703125,36.76598358154297,90538400,0.0,0.0,0.0
2025-04-09,37.474998474121094,41.60499954223633,37.244998931884766,41.18000030517578,39.61337661743164,118962400,0.0,0.0,0.0
2025-04-10,40.11000061035156,40.11000061035156,37.7400016784668,38.4900016784668,37.02571487426758,79046600,0.0,0.0,0.0
2025-04-11,38.66999816894531,39.7400016784668,37.90999984741211,39.44499969482422,37.94438171386719,41916800,0.0,0.0,0.0
2025-04-14,40.380001068115234,40.380001068115234,39.189998626708984,39.584999084472656,38.07905578613281,32748200,0.0,0.0,0.0
2025-04-15,39.54999923706055,40.2599983215332,39.505001068115234,39.525001525878906,38.021339416503906,22167000,0.0,0.0,0.0
2025-04-16,39.77000045776367,40.525001525878906,39.66999816894531,39.849998474121094,38.33397674560547,27331400,0.0,0.0,0.0
2025-04-17,40.17499923706055,41.380001068115234,40.154998779296875,40.75,39.19973373413086,47908800,0.0,0.0,0.0
2025-04-21,40.10499954223633,40.20500183105469,39.244998931884766,39.685001373291016,38.17524719238281,31012000,0.0,0.0,0.0
2025-04-22,40.20000076293945,40.994998931884766,40.025001525878906,40.69499969482422,39.14682388305664,22097400,0.0,0.0,0.0
2025-04-23,41.04999923706055,41.4900016784668,40.369998931884766,40.619998931884766,39.07468032836914,43216200,0.0,0.0,0.0
2025-04-24,41.0,41.38999938964844,40.64500045776367,41.27000045776367,39.699951171875,21219000,0.0,0.0,0.0
2025-04-25,40.900001525878906,41.22999954223633,40.7400016784668,41.19499969482422,39.6278076171875,17664800,0.0,0.0,0.0
2025-04-28,41.150001525878906,41.599998474121094,41.095001220703125,41.48500061035156,39.90677261352539,16436800,0.0,0.0,0.0
2025-04-29,41.02000045776367,41.51499938964844,40.939998626708984,41.3650016784668,39.79133605957031,19843400,0.0,0.0,0.0
2025-04-30,40.70000076293945,40.7599983215332,39.755001068115234,40.25,38.7187614440918,37814200,0.0,0.0,0.0
2025-05-01,39.91999816894531,40.93000030517578,39.91999816894531,40.400001525878906,38.8630485534668,36314400,0.0,0.0,0.0
2025-05-02,40.88999938964844,41.19499969482422,40.15999984741211,40.9900016784668,39.43060302734375,32038800,0.0,0.0,0.0
2025-05-05,40.474998474121094,40.529998779296875,40.025001525878906,40.25,38.7187614440918,29530200,0.0,0.0,0.0
2025-05-06,40.43000030517578,40.61000061035156,40.03499984741211,40.2599983215332,38.72837448120117,22995400,0.0,0.0,0.0
2025-05-07,40.349998474121094,40.47999954223633,39.970001220703125,40.275001525878906,38.74280548095703,22446200,0.0,0.0,0.0
2025-05-08,40.64500045776367,41.36000061035156,40.58000183105469,40.80500030517578,39.25264358520508,30565800,0.0,0.0,0.0
2025-05-09,41.29999923706055,41.41999816894531,40.880001068115234,41.21500015258789,39.64704513549805,19993200,0.0,0.0,0.0
2025-05-12,42.7400016784668,42.935001373291016,41.97999954223633,42.290000915527344,40.68114471435547,32610000,0.0,0.0,0.0
2025-05-13,42.5,43.224998474121094,42.33000183105469,42.8849983215332,41.25351333618164,29031600,0.0,0.0,0.0
2025-05-14,42.599998474121094,42.790000915527344,42.459999084472656,42.625,41.0034065246582,21332600,0.0,0.0,0.0
2025-05-15,42.084999084472656,42.83000183105469,41.97999954223633,42.80500030517578,41.17655563354492,29721600,0.0,0.0,0.0
2025-05-16,42.900001525878906,42.92499923706055,42.30500030517578,42.7400016784668,41.11402893066406,21725800,0.0,0.0,0.0
2025-05-19,42.3849983215332,42.43000030517578,41.875,42.185001373291016,40.58013916015625,24787000,0.0,0.0,0.0
2025-05-20,42.154998779296875,42.25,41.755001068115234,41.79499816894531,40.204978942871094,22782200,0.0,0.0,0.0
2025-05-21,41.54499816894531,41.625,41.02000045776367,41.025001525878906,39.46427536010742,25698400,0.0,0.0,0.0
2025-05-22,40.810001373291016,41.099998474121094,40.36000061035156,40.8650016784668,39.31036376953125,23732200,0.0,0.0,0.0
2025-05-23,40.505001068115234,41.099998474121094,40.4900016784668,40.994998931884766,39.43540954589844,23511000,0.0,0.0,0.0
2025-05-27,41.279998779296875,41.415000915527344,40.974998474121094,41.349998474121094,39.77690505981445,19028000,0.0,0.0,0.0
2025-05-28,41.54999923706055,41.67499923706055,40.720001220703125,40.82500076293945,39.27187728881836,29552600,0.0,0.0,0.0
2025-05-29,40.88999938964844,41.130001068115234,40.630001068115234,41.130001068115234,39.565284729003906,23792800,0.0,0.0,0.0
2025-05-30,40.814998626708984,40.97999954223633,40.439998626708984,40.76499938964844,39.21416091918945,31038600,0.0,0.0,0.0
2025-06-02,41.529998779296875,41.584999084472656,40.82500076293945,41.29999923706055,39.72881317138672,32031000,0.0,0.0,0.0
2025-06-03,41.33000183105469,42.04999923706055,40.939998626708984,41.790000915527344,40.200172424316406,30352600,0.0,0.0,0.0
2025-06-04,41.77000045776367,42.095001220703125,40.92499923706055,40.974998474121094,39.416175842285156,44939200,0.0,0.0,0.0
2025-06-05,41.279998779296875,41.29999923706055,40.83000183105469,40.935001373291016,39.3776969909668,27655000,0.0,0.0,0.0
2025-06-06,41.30500030517578,41.83000183105469,41.30500030517578,41.70500183105469,40.11840057373047,28556800,0.0,0.0,0.0
2025-06-09,41.869998931884766,42.220001220703125,41.540000915527344,41.78499984741211,40.19535827636719,28680400,0.0,0.0,0.0
2025-06-10,42.22999954223633,42.80500030517578,42.209999084472656,42.529998779296875,40.91201400756836,46092200,0.0,0.0,0.0
2025-06-11,42.81999969482422,43.21500015258789,42.400001525878906,43.14500045776367,41.50362014770508,48996600,0.0,0.0,0.0
2025-06-12,42.94499969482422,43.310001373291016,42.630001068115234,43.29499816894531,41.64791488647461,34028200,0.0,0.0,0.0
2025-06-13,44.10499954223633,44.28499984741211,43.474998474121094,44.04999923706055,42.37418746948242,84194800,0.0,0.0,0.0
2025-06-16,43.93000030517578,44.375,43.59000015258789,43.91999816894531,42.2491340637207,69406600,0.0,0.0,0.0
2025-06-17,44.28499984741211,44.65999984741211,44.0099983215332,44.33000183105469,42.64353942871094,67884200,0.0,0.0,0.0
2025-06-18,44.4900016784668,44.71500015258789,43.939998626708984,44.040000915527344,42.36457061767578,70473000,0.0,0.0,0.0
2025-06-20,44.21500015258789,44.6150016784668,44.084999084472656,44.4900016784668,42.79745864868164,56744800,0.0,0.0,0.0
2025-06-23,44.685001373291016,44.71500015258789,42.83000183105469,43.01499938964844,41.71517562866211,105688200,0.359,0.0,0.0
2025-06-24,42.38999938964844,42.900001525878906,42.29499816894531,42.45500183105469,41.172096252441406,65358800,0.0,0.0,0.0
2025-06-25,42.404998779296875,42.560001373291016,42.130001068115234,42.27000045776367,40.9926872253418,43723000,0.0,0.0,0.0
2025-06-26,42.3650016784668,42.959999084472656,42.2599983215332,42.875,41.579402923583984,33565600,0.0,0.0,0.0
2025-06-27,42.849998474121094,42.849998474121094,42.39500045776367,42.650001525878906,41.3612060546875,35411800,0.0,0.0,0.0
2025-06-30,42.48500061035156,42.66999816894531,42.279998779296875,42.404998779296875,41.12361145019531,26247600,0.0,0.0,0.0
2025-07-01,42.470001220703125,42.93000030517578,42.08000183105469,42.72999954223633,41.43878936767578,40772800,0.0,0.0,0.0
2025-07-02,43.09000015258789,43.53499984741211,42.6150016784668,43.46500015258789,42.15157699584961,42468800,0.0,0.0,0.0
2025-07-03,43.404998779296875,43.654998779296875,43.30500030517578,43.51499938964844,42.20006561279297,22266200,0.0,0.0,0.0
2025-07-07,43.25,43.47999954223633,42.650001525878906,43.095001220703125,41.792755126953125,35673000,0.0,0.0,0.0
2025-07-08,43.04499816894531,44.415000915527344,43.03499984741211,44.255001068115234,42.91770553588867,47472400,0.0,0.0,0.0
2025-07-09,44.14500045776367,44.31999969482422,43.900001525878906,44.029998779296875,42.699501037597656,28672400,0.0,0.0,0.0
2025-07-10,43.93000030517578,44.38999938964844,43.6150016784668,44.3650016784668,43.02437973022461,28823800,0.0,0.0,0.0
2025-07-11,44.290000915527344,44.720001220703125,44.154998779296875,44.564998626708984,43.21833801269531,30171600,0.0,0.0,0.0
2025-07-14,44.47999954223633,44.47999954223633,43.84000015258789,44.07500076293945,42.74314880371094,33441600,0.0,0.0,0.0
2025-07-15,43.9900016784668,44.18000030517578,43.3849983215332,43.439998626708984,42.1273307800293,33859000,0.0,0.0,0.0
2025-07-16,43.380001068115234,43.630001068115234,42.90999984741211,43.064998626708984,41.76366424560547,35501600,0.0,0.0,0.0
2025-07-17,42.845001220703125,43.39500045776367,42.7400016784668,43.33000183105469,42.02065658569336,36085600,0.0,0.0,0.0
2025-07-18,43.67499923706055,43.875,42.810001373291016,42.97999954223633,41.68122863769531,60975600,0.0,0.0,0.0
2025-07-21,43.0099983215332,43.084999084472656,42.45000076293945,42.53499984741211,41.24967956542969,30434400,0.0,0.0,0.0
2025-07-22,42.48500061035156,42.970001220703125,42.44499969482422,42.73500061035156,41.44363784790039,32444000,0.0,0.0,0.0
2025-07-23,42.90999984741211,43.43000030517578,42.79999923706055,43.404998779296875,42.09339141845703,28046000,0.0,0.0,0.0
2025-07-24,43.290000915527344,43.77000045776367,43.095001220703125,43.71500015258789,42.39402389526367,24022200,0.0,0.0,0.0
2025-07-25,43.7599983215332,43.834999084472656,43.32500076293945,43.54999923706055,42.2340087890625,20143200,0.0,0.0,0.0
2025-07-28,43.84000015258789,44.119998931884766,43.775001525878906,44.04499816894531,42.714046478271484,23705200,0.0,0.0,0.0
2025-07-29,44.1150016784668,44.4900016784668,43.970001220703125,44.474998474121094,43.13105010986328,24552000,0.0,0.0,0.0
2025-07-30,44.20000076293945,44.224998474121094,43.564998626708984,43.84000015258789,42.51524353027344,26552400,0.0,0.0,0.0
2025-07-31,43.380001068115234,44.11000061035156,43.380001068115234,43.60499954223633,42.28734588623047,24960800,0.0,0.0,0.0
2025-08-01,43.439998626708984,43.595001220703125,42.560001373291016,42.79499816894531,41.50182342529297,42329400,0.0,0.0,0.0
2025-08-04,42.720001220703125,43.040000915527344,42.47999954223633,42.70000076293945,41.40969467163086,26509600,0.0,0.0,0.0
2025-08-05,42.689998626708984,42.814998626708984,42.17499923706055,42.755001068115234,41.46303176879883,31413600,0.0,0.0,0.0
2025-08-06,43.025001525878906,43.275001525878906,42.23500061035156,42.36000061035156,41.07997131347656,38249400,0.0,0.0,0.0
2025-08-07,42.61000061035156,43.084999084472656,42.13999938964844,42.19499969482422,40.91995620727539,35042000,0.0,0.0,0.0
2025-08-08,42.39500045776367,42.85499954223633,42.18000030517578,42.46500015258789,41.18179702758789,40736200,0.0,0.0,0.0
2025-08-11,42.54999923706055,42.73500061035156,42.04999923706055,42.125,40.85206985473633,28828800,0.0,0.0,0.0
2025-08-12,42.209999084472656,42.70000076293945,42.084999084472656,42.33000183105469,41.05087661743164,34522600,0.0,0.0,0.0
2025-08-13,42.36000061035156,42.82500076293945,42.209999084472656,42.81999969482422,41.526065826416016,25601200,0.0,0.0,0.0
2025-08-14,42.790000915527344,42.845001220703125,42.32500076293945,42.779998779296875,41.48727798461914,24944600,0.0,0.0,0.0
2025-08-15,42.79999923706055,43.26499938964844,42.64500045776367,42.779998779296875,41.48727798461914,27297800,0.0,0.0,0.0
2025-08-18,42.55500030517578,42.724998474121094,42.279998779296875,42.525001525878906,41.239986419677734,26428400,0.0,0.0,0.0
2025-08-19,42.404998779296875,42.790000915527344,42.29499816894531,42.540000915527344,41.2545280456543,25693800,0.0,0.0,0.0
2025-08-20,42.61000061035156,43.06999969482422,42.56999969482422,42.89500045776367,41.59880447387695,27967200,0.0,0.0,0.0
2025-08-21,42.81999969482422,43.28499984741211,42.70500183105469,43.189998626708984,41.8848876953125,22088000,0.0,0.0,0.0
2025-08-22,43.334999084472656,44.17499923706055,43.26499938964844,44.06999969482422,42.73829650878906,30936400,0.0,0.0,0.0
2025-08-25,43.959999084472656,44.2400016784668,43.814998626708984,44.185001373291016,42.849822998046875,23412800,0.0,0.0,0.0
2025-08-26,44.0099983215332,44.154998779296875,43.70500183105469,44.1150016784668,42.78193664550781,22855600,0.0,0.0,0.0
2025-08-27,44.04999923706055,44.77000045776367,44.0,44.61000061035156,43.26197814941406,26877400,0.0,0.0,0.0
2025-08-28,44.625,45.01499938964844,44.33000183105469,44.95000076293945,43.59170150756836,24086200,0.0,0.0,0.0
2025-08-29,44.970001220703125,45.310001373291016,44.90999984741211,45.19499969482422,43.82929611206055,23745000,0.0,0.0,0.0
2025-09-02,45.07500076293945,45.34000015258789,44.73500061035156,45.2599983215332,43.892333984375,25964400,0.0,0.0,0.0
2025-09-03,44.900001525878906,45.275001525878906,44.095001220703125,44.244998931884766,42.90800476074219,36018200,0.0,0.0,0.0
2025-09-04,44.25,44.724998474121094,44.060001373291016,44.540000915527344,43.194091796875,25895400,0.0,0.0,0.0
2025-09-05,44.17499923706055,44.31999969482422,43.459999084472656,43.68000030517578,42.36008071899414,48182200,0.0,0.0,0.0
2025-09-08,43.82500076293945,44.01499938964844,43.19499969482422,43.58000183105469,42.26310348510742,34931800,0.0,0.0,0.0
2025-09-09,43.814998626708984,44.40999984741211,43.76499938964844,43.790000915527344,42.46675491333008,41193400,0.0,0.0,0.0
2025-09-10,43.88999938964844,44.58000183105469,43.790000915527344,44.55500030517578,43.208641052246094,29932800,0.0,0.0,0.0
2025-09-11,44.20000076293945,44.65999984741211,44.064998626708984,44.564998626708984,43.21833801269531,25176800,0.0,0.0,0.0
2025-09-12,44.75,44.95000076293945,44.290000915527344,44.29999923706055,42.961341857910156,22297800,0.0,0.0,0.0
2025-09-15,44.3849983215332,44.5,44.07500076293945,44.150001525878906,42.81587600708008,23287800,0.0,0.0,0.0
2025-09-16,44.345001220703125,45.029998779296875,44.334999084472656,44.88999938964844,43.53351593017578,41593000,0.0,0.0,0.0
2025-09-17,44.83000183105469,45.310001373291016,44.6349983215332,44.994998931884766,43.635345458984375,26044800,0.0,0.0,0.0
2025-09-18,45.03499984741211,45.125,44.51499938964844,44.85499954223633,43.499568939208984,28713000,0.0,0.0,0.0
2025-09-19,44.814998626708984,44.849998474121094,44.10499954223633,44.2599983215332,42.922550201416016,29979200,0.0,0.0,0.0
2025-09-22,43.72999954223633,44.04999923706055,43.55500030517578,43.834999084472656,42.8731575012207,22502400,0.3745,0.0,0.0
2025-09-23,44.0099983215332,45.06999969482422,44.0099983215332,44.59000015258789,43.611595153808594,44214800,0.0,0.0,0.0
2025-09-24,44.904998779296875,45.59000015258789,44.85499954223633,45.16999816894531,44.178871154785156,35406200,0.0,0.0,0.0
2025-09-25,45.165000915527344,45.619998931884766,45.040000915527344,45.57500076293945,44.574981689453125,31887200,0.0,0.0,0.0
2025-09-26,45.650001525878906,46.45500183105469,45.63999938964844,45.994998931884766,44.98576736450195,40161600,0.0,0.0,0.0
2025-09-29,45.67499923706055,45.7400016784668,44.915000915527344,45.150001525878906,44.15930938720703,37674400,0.0,0.0,0.0
2025-09-30,44.755001068115234,44.849998474121094,44.31999969482422,44.66999816894531,43.68983840942383,47544800,0.0,0.0,0.0
2025-10-01,44.45000076293945,44.81999969482422,44.400001525878906,44.66999816894531,43.68983840942383,27661200,0.0,0.0,0.0
2025-10-02,44.56999969482422,44.96500015258789,44.17499923706055,44.220001220703125,43.24971389770508,31793600,0.0,0.0,0.0
2025-10-03,44.44499969482422,44.71500015258789,44.38999938964844,44.45500183105469,43.479557037353516,24048000,0.0,0.0,0.0
2025-10-06,44.73500061035156,44.93000030517578,44.494998931884766,44.67499923706055,43.694732666015625,21488400,0.0,0.0,0.0
2025-10-07,44.6349983215332,44.779998779296875,43.95500183105469,44.744998931884766,43.7631950378418,25324000,0.0,0.0,0.0
2025-10-08,44.744998931884766,44.744998931884766,44.150001525878906,44.48500061035156,43.50889587402344,20024200,0.0,0.0,0.0
2025-10-09,44.58000183105469,44.959999084472656,43.834999084472656,43.880001068115234,42.91717529296875,23397800,0.0,0.0,0.0
2025-10-10,43.55500030517578,43.775001525878906,42.595001220703125,42.61000061035156,41.67504119873047,44892200,0.0,0.0,0.0
2025-10-13,42.935001373291016,43.244998931884766,42.79499816894531,43.189998626708984,42.2423095703125,22889600,0.0,0.0,0.0
2025-10-14,42.57500076293945,43.43000030517578,42.52000045776367,43.185001373291016,42.237422943115234,25084600,0.0,0.0,0.0
2025-10-15,43.459999084472656,43.70500183105469,42.84000015258789,43.15999984741211,42.21297073364258,24267000,0.0,0.0,0.0
2025-10-16,43.23500061035156,43.3650016784668,42.349998474121094,42.63999938964844,41.70438003540039,29193800,0.0,0.0,0.0
2025-10-17,42.81999969482422,43.08000183105469,42.64500045776367,42.9900016784668,42.04669952392578,24071800,0.0,0.0,0.0
2025-10-20,43.064998626708984,43.54499816894531,43.064998626708984,43.44499969482422,42.49171447753906,25352400,0.0,0.0,0.0
2025-10-21,43.564998626708984,43.665000915527344,43.125,43.345001220703125,42.39391326904297,25885200,0.0,0.0,0.0
2025-10-22,43.6349983215332,44.09000015258789,43.27000045776367,43.900001525878906,42.93673324584961,32814000,0.0,0.0,0.0
2025-10-23,44.685001373291016,44.779998779296875,44.21500015258789,44.48500061035156,43.50889587402344,47308800,0.0,0.0,0.0
2025-10-24,44.685001373291016,44.70000076293945,44.005001068115234,44.03499984741211,43.06877136230469,21191000,0.0,0.0,0.0
2025-10-27,44.17499923706055,44.31999969482422,43.94499969482422,44.13999938964844,43.17146682739258,19597200,0.0,0.0,0.0
2025-10-28,43.974998474121094,44.1150016784668,43.654998779296875,43.68000030517578,42.721561431884766,22474600,0.0,0.0,0.0
2025-10-29,43.72999954223633,44.22999954223633,43.63999938964844,44.005001068115234,43.0394287109375,26807800,0.0,0.0,0.0
2025-10-30,43.9900016784668,44.310001373291016,43.685001373291016,43.744998931884766,42.785133361816406,20663400,0.0,0.0,0.0
2025-10-31,43.849998474121094,44.314998626708984,43.65999984741211,44.064998626708984,43.098114013671875,26985400,0.0,0.0,0.0
2025-11-03,44.07500076293945,44.189998626708984,43.564998626708984,44.06999969482422,43.10300064086914,22232000,0.0,0.0,0.0
2025-11-04,43.529998779296875,43.71500015258789,43.185001373291016,43.595001220703125,42.638427734375,29477600,0.0,0.0,0.0
2025-11-05,43.599998474121094,44.19499969482422,43.54499816894531,43.709999084472656,42.75090026855469,23857200,0.0,0.0,0.0
2025-11-06,43.775001525878906,44.54999923706055,43.775001525878906,44.1349983215332,43.16657257080078,32154800,0.0,0.0,0.0
2025-11-07,44.290000915527344,44.875,44.16999816894531,44.77000045776367,43.78764724731445,35458400,0.0,0.0,0.0
2025-11-10,44.8849983215332,45.279998779296875,44.30500030517578,45.17499923706055,44.18375778198242,31264600,0.0,0.0,0.0
2025-11-11,45.44499969482422,46.084999084472656,45.40999984741211,45.76499938964844,44.76081466674805,38752800,0.0,0.0,0.0
2025-11-12,45.45500183105469,45.665000915527344,45.060001373291016,45.125,44.134857177734375,29863200,0.0,0.0,0.0
2025-11-13,45.27000045776367,45.650001525878906,45.040000915527344,45.2400016784668,44.24733352661133,32243800,0.0,0.0,0.0
2025-11-14,45.47999954223633,46.11000061035156,44.90999984741211,46.0099983215332,45.00043487548828,34179400,0.0,0.0,0.0
2025-11-17,45.95500183105469,45.970001220703125,44.9900016784668,45.16999816894531,44.178871154785156,37447400,0.0,0.0,0.0
2025-11-18,44.974998474121094,45.650001525878906,44.849998474121094,45.529998779296875,44.530967712402344,34839400,0.0,0.0,0.0
2025-11-19,44.724998474121094,45.084999084472656,44.40999984741211,44.939998626708984,43.953914642333984,41062800,0.0,0.0,0.0
2025-11-20,45.16999816894531,45.78499984741211,44.39500045776367,44.43000030517578,43.45510482788086,41630000,0.0,0.0,0.0
2025-11-21,44.505001068115234,44.904998779296875,44.03499984741211,44.709999084472656,43.72896194458008,39317200,0.0,0.0,0.0
2025-11-24,44.65999984741211,44.724998474121094,43.89500045776367,44.584999084472656,43.60670852661133,33681800,0.0,0.0,0.0
2025-11-25,44.23500061035156,44.47999954223633,43.939998626708984,44.30500030517578,43.332847595214844,29299000,0.0,0.0,0.0
2025-11-26,44.29499816894531,44.959999084472656,44.255001068115234,44.63999938964844,43.66049575805664,26611000,0.0,0.0,0.0
2025-11-28,44.665000915527344,45.41999816894531,44.599998474121094,45.224998474121094,44.23265838623047,16666600,0.0,0.0,0.0
2025-12-01,45.290000915527344,45.90999984741211,45.255001068115234,45.65999984741211,44.658119201660156,31150000,0.0,0.0,0.0
2025-12-02,45.59000015258789,45.59000015258789,44.845001220703125,45.06999969482422,44.08106231689453,33305000,0.0,0.0,0.0
2025-12-03,45.375,45.994998931884766,45.310001373291016,45.915000915527344,44.90752410888672,30174000,0.0,0.0,0.0
2025-12-04,45.88999938964844,46.185001373291016,45.755001068115234,46.11000061035156,45.098243713378906,23799600,0.0,0.0,0.0
2025-12-05,46.029998779296875,46.65999984741211,45.90999984741211,45.91999816894531,44.912410736083984,22164400,0.0,2.0,0.0
2025-12-08,45.65999984741211,45.91999816894531,45.27000045776367,45.41999816894531,44.42338180541992,27891900,0.0,0.0,0.0
2025-12-09,45.5,46.08000183105469,45.459999084472656,45.70000076293945,44.697242736816406,20917400,0.0,0.0,0.0
2025-12-10,45.84000015258789,46.27000045776367,45.630001068115234,46.18000030517578,45.166709899902344,26255100,0.0,0.0,0.0
2025-12-11,45.900001525878906,46.25,45.84000015258789,45.959999084472656,44.951534271240234,25827200,0.0,0.0,0.0
2025-12-12,46.04999923706055,46.2400016784668,45.38999938964844,45.5099983215332,44.51140594482422,33161200,0.0,0.0,0.0
2025-12-15,45.61000061035156,45.61000061035156,44.81999969482422,45.189998626708984,44.198429107666016,27521600,0.0,0.0,0.0
2025-12-16,44.83000183105469,44.849998474121094,43.77000045776367,43.810001373291016,42.84870910644531,49312400,0.0,0.0,0.0
2025-12-17,44.130001068115234,44.880001068115234,44.060001373291016,44.779998779296875,43.797428131103516,43375300,0.0,0.0,0.0
2025-12-18,44.650001525878906,44.709999084472656,43.97999954223633,44.130001068115234,43.16168975830078,29920200,0.0,0.0,0.0
2025-12-19,44.25,44.529998779296875,44.029998779296875,44.130001068115234,43.16168975830078,31959600,0.0,0.0,0.0
2025-12-22,44.13999938964844,44.4900016784668,44.09000015258789,44.209999084472656,43.608524322509766,23707400,0.373,0.0,0.0
2025-12-23,44.369998931884766,44.54999923706055,44.220001220703125,44.5,43.89457702636719,19137500,0.0,0.0,0.0
2025-12-24,44.41999816894531,44.560001373291016,44.310001373291016,44.369998931884766,43.7663459777832,11293900,0.0,0.0,0.0
2025-12-26,44.31999969482422,44.439998626708984,43.9900016784668,44.20000076293945,43.59865951538086,17884500,0.0,0.0,0.0
2025-12-29,44.5099983215332,44.7400016784668,44.290000915527344,44.619998931884766,44.01294708251953,31352100,0.0,0.0,0.0
2025-12-30,44.79999923706055,45.09000015258789,44.79999923706055,44.959999084472656,44.34832000732422,18654700,0.0,0.0,0.0
2025-12-31,44.93000030517578,45.02000045776367,44.56999969482422,44.709999084472656,44.101722717285156,16965900,0.0,0.0,0.0
2026-01-02,44.720001220703125,45.779998779296875,44.4900016784668,45.650001525878906,45.02893829345703,31935500,0.0,0.0,0.0
2026-01-05,47.15999984741211,47.31999969482422,45.75,46.88999938964844,46.2520637512207,94961000,0.0,0.0,0.0
2026-01-06,47.0,47.060001373291016,45.529998779296875,45.63999938964844,45.019065856933594,69568200,0.0,0.0,0.0
2026-01-07,45.81999969482422,45.81999969482422,45.08000183105469,45.130001068115234,44.51601028442383,42739200,0.0,0.0,0.0
2026-01-08,45.31999969482422,46.849998474121094,45.220001220703125,46.54999923706055,45.91668701171875,51451000,0.0,0.0,0.0
2026-01-09,46.75,46.880001068115234,46.5099983215332,46.66999816894531,46.03505325317383,38839900,0.0,0.0,0.0
2026-01-12,46.75,46.810001373291016,46.099998474121094,46.34000015258789,45.70954895019531,28264400,0.0,0.0,0.0
2026-01-13,46.72999954223633,47.38999938964844,46.68000030517578,47.0,46.36056900024414,50469200,0.0,0.0,0.0
2026-01-14,47.25,48.650001525878906,47.18000030517578,48.060001373291016,47.40614700317383,80750200,0.0,0.0,0.0
2026-01-15,47.630001068115234,48.06999969482422,47.27000045776367,47.61000061035156,46.9622688293457,49328800,0.0,0.0,0.0
2026-01-16,47.560001373291016,47.810001373291016,47.4900016784668,47.689998626708984,47.04117965698242,30796300,0.0,0.0,0.0
2026-01-20,48.09000015258789,48.310001373291016,47.5,47.599998474121094,46.9524040222168,50178700,0.0,0.0,0.0
2026-01-21,48.290000915527344,49.04999923706055,48.290000915527344,48.75,48.08675765991211,58996000,0.0,0.0,0.0
2026-01-22,48.619998931884766,49.0,48.41999816894531,48.90999984741211,48.24458312988281,50869500,0.0,0.0,0.0
2026-01-23,49.52000045776367,49.88999938964844,49.09000015258789,49.189998626708984,48.52077102661133,51431200,0.0,0.0,0.0
2026-01-26,49.869998931884766,49.88999938964844,48.95000076293945,49.220001220703125,48.55036544799805,40122600,0.0,0.0,0.0
2026-01-27,49.38999938964844,49.81999969482422,49.15999984741211,49.66999816894531,48.994239807128906,39840300,0.0,0.0,0.0
2026-01-28,49.970001220703125,50.13999938964844,49.560001373291016,50.04999923706055,49.36907196044922,41890400,0.0,0.0,0.0
2026-01-29,51.150001525878906,51.72999954223633,50.47999954223633,50.5099983215332,49.82281494140625,77520700,0.0,0.0,0.0
2026-01-30,50.36000061035156,51.09000015258789,49.880001068115234,51.04999923706055,50.355464935302734,74039400,0.0,0.0,0.0
2026-02-02,50.099998474121094,50.5099983215332,49.77000045776367,50.04999923706055,49.36907196044922,61479900,0.0,0.0,0.0
2026-02-03,50.2400016784668,51.779998779296875,50.02000045776367,51.66999816894531,50.9670295715332,83754100,0.0,0.0,0.0
2026-02-04,51.81999969482422,52.959999084472656,51.81999969482422,52.83000183105469,52.11125183105469,78149900,0.0,0.0,0.0
2026-02-05,52.2599983215332,52.4900016784668,51.439998626708984,52.209999084472656,51.49968719482422,54235600,0.0,0.0,0.0
2026-02-06,52.5,53.41999816894531,52.36000061035156,53.25,52.52553939819336,41669600,0.0,0.0,0.0
2026-02-09,53.209999084472656,53.720001220703125,52.97999954223633,53.63999938964844,52.91023254394531,38798500,0.0,0.0,0.0
2026-02-10,53.77000045776367,53.790000915527344,53.2400016784668,53.58000183105469,52.85104751586914,32146000,0.0,0.0,0.0
2026-02-11,54.279998779296875,55.11000061035156,54.25,54.97999954223633,54.231998443603516,57349700,0.0,0.0,0.0
2026-02-12,54.939998626708984,55.2400016784668,53.7599983215332,53.97999954223633,53.245601654052734,67427800,0.0,0.0,0.0
2026-02-13,53.939998626708984,54.58000183105469,53.810001373291016,54.349998474121094,53.61056900024414,48392100,0.0,0.0,0.0
2026-02-17,54.560001373291016,54.90999984741211,53.18000030517578,53.75,53.018733978271484,50499600,0.0,0.0,0.0
2026-02-18,54.529998779296875,54.86000061035156,54.220001220703125,54.779998779296875,54.03472137451172,59196100,0.0,0.0,0.0
2026-02-19,55.459999084472656,55.880001068115234,54.93000030517578,55.18000030517578,54.42927932739258,62513500,0.0,0.0,0.0
2026-02-20,55.0,55.290000915527344,54.5099983215332,54.880001068115234,54.13336181640625,50833500,0.0,0.0,0.0
2026-02-23,55.040000915527344,55.93000030517578,54.869998931884766,55.150001525878906,54.399688720703125,44013500,0.0,0.0,0.0
2026-02-24,55.11000061035156,55.220001220703125,54.400001525878906,55.099998474121094,54.350364685058594,42921700,0.0,0.0,0.0
2026-02-25,55.29999923706055,55.369998931884766,54.189998626708984,54.869998931884766,54.123497009277344,36207500,0.0,0.0,0.0
2026-02-26,54.369998931884766,55.66999816894531,54.119998931884766,55.04999923706055,54.301048278808594,47033500,0.0,0.0,0.0
2026-02-27,55.63999938964844,56.150001525878906,54.93000030517578,55.91999816894531,55.159210205078125,59071500,0.0,0.0,0.0
2026-03-02,57.77000045776367,57.880001068115234,56.27000045776367,57.040000915527344,56.26397705078125,135633300,0.0,0.0,0.0
2026-03-03,57.38999938964844,57.720001220703125,56.04999923706055,56.52000045776367,55.75104904174805,154770800,0.0,0.0,0.0
2026-03-04,56.060001373291016,56.43000030517578,55.33000183105469,56.189998626708984,55.425537109375,70732700,0.0,0.0,0.0
2026-03-05,56.529998779296875,57.060001373291016,56.08000183105469,56.47999954223633,55.71159362792969,85177800,0.0,0.0,0.0
2026-03-06,57.150001525878906,57.34000015258789,56.16999816894531,56.56999969482422,55.80036926269531,68219000,0.0,0.0,0.0
2026-03-09,56.84000015258789,57.150001525878906,55.939998626708984,56.31999969482422,55.553768157958984,88747400,0.0,0.0,0.0
2026-03-10,56.060001373291016,56.459999084472656,55.369998931884766,55.599998474121094,54.843563079833984,88817900,0.0,0.0,0.0
2026-03-11,55.630001068115234,57.040000915527344,55.540000915527344,56.97999954223633,56.20478820800781,48743700,0.0,0.0,0.0
2026-03-12,57.130001068115234,58.220001220703125,57.060001373291016,57.5099983215332,56.727577209472656,69358700,0.0,0.0,0.0
2026-03-13,57.5,57.93000030517578,57.099998474121094,57.70000076293945,56.91499328613281,43374600,0.0,0.0,0.0
2026-03-16,57.7599983215332,58.099998474121094,57.27000045776367,57.900001525878906,57.11227798461914,39474300,0.0,0.0,0.0
2026-03-17,58.22999954223633,59.04999923706055,57.97999954223633,58.5099983215332,57.71397399902344,40137700,0.0,0.0,0.0
2026-03-18,58.7400016784668,58.970001220703125,58.43000030517578,58.43000030517578,57.63506317138672,42908000,0.0,0.0,0.0
2026-03-19,58.869998931884766,59.720001220703125,58.52000045776367,59.36000061035156,58.55241012573242,69231400,0.0,0.0,0.0
2026-03-20,59.560001373291016,60.31999969482422,59.279998779296875,59.310001373291016,58.503089904785156,73003400,0.0,0.0,0.0
2026-03-23,57.88999938964844,59.84000015258789,57.65999984741211,59.630001068115234,59.203041076660156,71027200,0.385,0.0,0.0
2026-03-24,59.79999923706055,61.470001220703125,59.77000045776367,60.84000015258789,60.40437698364258,51207500,0.0,0.0,0.0
2026-03-25,60.31999969482422,61.0,60.2599983215332,60.56999969482422,60.13631057739258,42680700,0.0,0.0,0.0
2026-03-26,60.66999816894531,61.86000061035156,60.59000015258789,61.52000045776367,61.07950973510742,54967600,0.0,0.0,0.0
2026-03-27,61.529998779296875,62.790000915527344,61.2599983215332,62.560001373291016,62.112064361572266,59553200,0.0,0.0,0.0
2026-03-30,63.130001068115234,63.459999084472656,61.779998779296875,61.959999084472656,61.516357421875,49750100,0.0,0.0,0.0
2026-03-31,62.040000915527344,62.83000183105469,60.040000915527344,61.2599983215332,60.82136917114258,94766900,0.0,0.0,0.0
2026-04-01,59.720001220703125,60.619998931884766,58.36000061035156,58.970001220703125,58.547767639160156,96652900,0.0,0.0,0.0
2026-04-02,60.529998779296875,61.0099983215332,58.97999954223633,59.25,58.82576370239258,60400500,0.0,0.0,0.0
2026-04-06,59.11000061035156,59.689998626708984,58.88999938964844,59.68000030517578,59.252685546875,25474200,0.0,0.0,0.0
2026-04-07,59.810001373291016,60.77000045776367,59.790000915527344,60.15999984741211,59.729248046875,38811700,0.0,0.0,0.0
2026-04-08,56.68000030517578,58.189998626708984,56.18000030517578,58.04999923706055,57.63435363769531,88023600,0.0,0.0,0.0
2026-04-09,58.20000076293945,59.02000045776367,57.11000061035156,57.33000183105469,56.91950988769531,55088500,0.0,0.0,0.0
2026-04-10,57.16999816894531,57.47999954223633,56.400001525878906,56.939998626708984,56.53230285644531,42561700,0.0,0.0,0.0
2026-04-13,57.619998931884766,57.720001220703125,56.650001525878906,57.11000061035156,56.70108413696289,43100900,0.0,0.0,0.0
2026-04-14,56.5,56.5,55.40999984741211,55.95000076293945,55.54939270019531,58830100,0.0,0.0,0.0
2026-04-15,55.599998474121094,56.209999084472656,55.27000045776367,55.7599983215332,55.360748291015625,39551500,0.0,0.0,0.0
2026-04-16,55.84000015258789,56.880001068115234,55.77000045776367,56.58000183105469,56.17488098144531,31282600,0.0,0.0,0.0
2026-04-17,54.40999984741211,55.15999984741211,53.40999984741211,55.02000045776367,54.62604904174805,90913300,0.0,0.0,0.0
2026-04-20,55.099998474121094,55.720001220703125,54.79999923706055,55.06999969482422,54.675689697265625,35150000,0.0,0.0,0.0
2026-04-21,55.31999969482422,55.959999084472656,54.91999816894531,55.869998931884766,55.46996307373047,41299800,0.0,0.0,0.0
2026-04-22,56.36000061035156,56.779998779296875,56.130001068115234,56.540000915527344,56.13516616821289,40565500,0.0,0.0,0.0
2026-04-23,56.88999938964844,57.189998626708984,56.470001220703125,56.97999954223633,56.57201385498047,34707200,0.0,0.0,0.0
2026-04-24,56.77000045776367,56.91999816894531,56.16999816894531,56.869998931884766,56.46280288696289,36426700,0.0,0.0,0.0
2026-04-27,57.099998474121094,57.68000030517578,56.630001068115234,56.77000045776367,56.363521575927734,33070600,0.0,0.0,0.0
2026-04-28,57.720001220703125,58.04999923706055,57.380001068115234,57.709999084472656,57.29678726196289,39151300,0.0,0.0,0.0
2026-04-29,58.279998779296875,59.11000061035156,58.060001373291016,59.029998779296875,58.607337951660156,40616700,0.0,0.0,0.0
2026-04-30,58.20000076293945,59.84000015258789,57.939998626708984,59.650001525878906,59.222900390625,35896800,0.0,0.0,0.0
2026-05-01,59.060001373291016,59.599998474121094,58.2599983215332,58.849998474121094,58.42862319946289,35828400,0.0,0.0,0.0
2026-05-04,58.72999954223633,59.630001068115234,58.220001220703125,59.38999938964844,58.964759826660156,36883000,0.0,0.0,0.0
2026-05-05,59.22999954223633,59.7599983215332,58.88999938964844,59.45000076293945,59.024330139160156,27041400,0.0,0.0,0.0
2026-05-06,57.290000915527344,57.88999938964844,56.65999984741211,57.0,56.59187316894531,57907500,0.0,0.0,0.0
2026-05-07,55.869998931884766,56.150001525878906,55.130001068115234,55.95000076293945,55.54939270019531,52909900,0.0,0.0,0.0
2026-05-08,55.849998474121094,56.22999954223633,55.459999084472656,55.70000076293945,55.30118179321289,30573500,0.0,0.0,0.0
2026-05-11,56.2599983215332,57.220001220703125,56.2400016784668,57.16999816894531,56.76065444946289,31943300,0.0,0.0,0.0
2026-05-12,57.72999954223633,57.84000015258789,57.13999938964844,57.56999969482422,57.15779113769531,36814500,0.0,0.0,0.0
2026-05-13,57.470001220703125,57.709999084472656,56.959999084472656,57.630001068115234,57.21736145019531,22707200,0.0,0.0,0.0
2026-05-14,57.650001525878906,58.18000030517578,57.5099983215332,58.06999969482422,57.654212951660156,23487000,0.0,0.0,0.0
2026-05-15,58.70000076293945,59.470001220703125,58.47999954223633,59.439998626708984,59.014400482177734,33565500,0.0,0.0,0.0
2026-05-18,59.130001068115234,60.70000076293945,58.720001220703125,60.58000183105469,60.146240234375,41516600,0.0,0.0,0.0
2026-05-19,60.810001373291016,61.4900016784668,60.29999923706055,61.290000915527344,60.851158142089844,31111000,0.0,0.0,0.0
2026-05-20,60.810001373291016,61.70000076293945,59.68000030517578,59.79999923706055,59.371822357177734,61776800,0.0,0.0,0.0
2026-05-21,60.47999954223633,60.59000015258789,58.720001220703125,59.130001068115234,58.70662307739258,45851100,0.0,0.0,0.0
2026-05-22,58.9900016784668,59.61000061035156,58.83000183105469,59.4900016784668,59.06404495239258,42428900,0.0,0.0,0.0
2026-05-26,58.869998931884766,59.56999969482422,57.84000015258789,57.849998474121094,57.43578338623047,38819900,0.0,0.0,0.0
2026-05-27,57.0099983215332,57.5,56.47999954223633,56.9900016784668,56.581947326660156,48329800,0.0,0.0,0.0
2026-05-28,57.54999923706055,57.68000030517578,56.68000030517578,56.95000076293945,56.542232513427734,46554100,0.0,0.0,0.0
2026-05-29,56.68000030517578,56.790000915527344,55.9900016784668,56.290000915527344,55.886959075927734,32389600,0.0,0.0,0.0
2026-06-01,57.029998779296875,57.810001373291016,56.849998474121094,57.29999923706055,56.88972473144531,55879400,0.0,0.0,0.0
2026-06-02,57.189998626708984,58.16999816894531,57.08000183105469,57.959999084472656,57.54499816894531,23842600,0.0,0.0,0.0
2026-06-03,58.2400016784668,59.380001068115234,58.0099983215332,58.709999084472656,58.28962707519531,46312800,0.0,0.0,0.0
2026-06-04,58.5,59.029998779296875,58.16999816894531,58.75,58.329341888427734,23916300,0.0,0.0,0.0
2026-06-05,58.66999816894531,58.779998779296875,57.630001068115234,57.66999816894531,57.25707244873047,28213000,0.0,0.0,0.0
2026-06-08,58.08000183105469,58.959999084472656,57.970001220703125,58.33000183105469,57.912349700927734,25717800,0.0,0.0,0.0
2026-06-09,58.08000183105469,58.209999084472656,56.810001373291016,57.38999938964844,56.97908020019531,46026300,0.0,0.0,0.0
2026-06-10,57.939998626708984,59.040000915527344,57.779998779296875,58.25,57.832923889160156,36515300,0.0,0.0,0.0
2026-06-11,58.779998779296875,58.9900016784668,57.060001373291016,57.119998931884766,56.71101379394531,40863500,0.0,0.0,0.0
2026-06-12,56.790000915527344,58.150001525878906,56.630001068115234,57.54999923706055,57.137935638427734,31964700,0.0,0.0,0.0
2026-06-15,55.20000076293945,56.04999923706055,55.02000045776367,55.54999923706055,55.15225601196289,44319100,0.0,0.0,0.0
2026-06-16,55.0,55.47999954223633,54.95000076293945,55.36000061035156,54.96361541748047,42008400,0.0,0.0,0.0
2026-06-17,55.2599983215332,55.36000061035156,54.540000915527344,54.66999816894531,54.2785530090332,38553000,0.0,0.0,0.0
2026-06-18,54.13999938964844,54.25,53.25,53.77000045776367,53.38500213623047,39645700,0.0,0.0,0.0
2026-06-22,53.529998779296875,54.130001068115234,53.16999816894531,54.060001373291016,54.060001373291016,30765600,0.385,0.0,0.0
2026-06-23,54.13999938964844,54.560001373291016,53.869998931884766,54.459999084472656,54.459999084472656,38690400,0.0,0.0,0.0
2026-06-24,53.5,53.77000045776367,52.939998626708984,53.56999969482422,53.56999969482422,43034600,0.0,0.0,0.0
2026-06-25,53.20000076293945,54.31999969482422,53.0,54.09000015258789,54.09000015258789,28221700,0.0,0.0,0.0
2026-06-26,54.0,54.150001525878906,53.68000030517578,53.84000015258789,53.84000015258789,19025200,0.0,0.0,0.0
2026-06-29,53.97999954223633,54.279998779296875,53.470001220703125,53.58000183105469,53.58000183105469,25142300,0.0,0.0,0.0
2026-06-30,53.619998931884766,54.119998931884766,53.08000183105469,53.11000061035156,53.11000061035156,28284000,0.0,0.0,0.0
2026-07-01,53.04999923706055,53.439998626708984,52.619998931884766,52.810001373291016,52.810001373291016,33662700,0.0,0.0,0.0
2026-07-02,53.2400016784668,53.650001525878906,52.90999984741211,53.220001220703125,53.220001220703125,28525600,0.0,0.0,0.0
2026-07-06,53.060001373291016,53.54999923706055,53.0,53.130001068115234,53.130001068115234,24735300,0.0,0.0,0.0
2026-07-07,53.61000061035156,54.81999969482422,53.599998474121094,54.63999938964844,54.63999938964844,41833600,0.0,0.0,0.0
2026-07-08,55.459999084472656,56.040000915527344,54.869998931884766,55.599998474121094,55.599998474121094,39741400,0.0,0.0,0.0
2026-07-09,55.279998779296875,55.47999954223633,54.72999954223633,54.81999969482422,54.81999969482422,21770700,0.0,0.0,0.0
2026-07-10,55.08000183105469,55.2400016784668,54.36000061035156,55.08000183105469,55.08000183105469,22974700,0.0,0.0,0.0
2026-07-13,55.86000061035156,56.970001220703125,55.86000061035156,56.7400016784668,56.7400016784668,41200900,0.0,0.0,0.0
2026-07-14,57.0,57.220001220703125,56.290000915527344,56.95000076293945,56.95000076293945,32579000,0.0,0.0,0.0
2026-07-15,56.939998626708984,57.040000915527344,55.7599983215332,56.5,56.5,33184200,0.0,0.0,0.0
2026-07-16,56.65999984741211,57.29999923706055,56.599998474121094,57.02000045776367,57.02000045776367,27477000,0.0,0.0,0.0
2026-07-17,57.95000076293945,58.119998931884766,57.279998779296875,57.68000030517578,57.68000030517578,31397800,0.0,0.0,0.0
2026-07-20,57.560001373291016,58.38999938964844,57.40999984741211,57.939998626708984,57.939998626708984,27329300,0.0,0.0,0.0
2026-07-21,58.15999984741211,58.529998779296875,57.83000183105469,58.5,58.5,20315700,0.0,0.0,0.0
2026-07-22,59.27000045776367,59.52000045776367,58.900001525878906,59.20000076293945,59.20000076293945,29548600,0.0,0.0,0.0
2026-07-23,60.2400016784668,60.380001068115234,59.27000045776367,59.380001068115234,59.380001068115234,35838600,0.0,0.0,0.0
2026-07-24,59.400001525878906,60.45000076293945,59.400001525878906,59.619998931884766,59.619998931884766,34181900,0.0,0.0,0.0
2026-07-27,58.40999984741211,59.279998779296875,58.22999954223633,58.36000061035156,58.36000061035156,33819500,0.0,0.0,0.0
2026-07-28,58.40999984741211,58.790000915527344,57.25,57.56999969482422,57.56999969482422,27800800,0.0,0.0,0.0
2026-07-29,59.08000183105469,59.29999923706055,58.41999816894531,58.650001525878906,58.650001525878906,34166800,0.0,0.0,0.0
2026-07-30,58.08000183105469,59.11000061035156,58.02000045776367,58.959999084472656,58.959999084472656,23045700,0.0,0.0,0.0
2026-07-31,58.93000030517578,59.689998626708984,58.31999969482422,59.54999923706055,59.54999923706055,23556500,0.0,0.0,0.0
2026-08-03,58.689998626708984,59.33000183105469,58.15999984741211,58.790000915527344,58.790000915527344,26038400,0.0,0.0,0.0
2026-08-04,57.70000076293945,58.720001220703125,57.130001068115234,58.52000045776367,58.52000045776367,37661500,0.0,0.0,0.0
2026-08-05,58.77000045776367,58.97999954223633,57.209999084472656,57.310001373291016,57.310001373291016,33213500,0.0,0.0,0.0
2026-08-06,58.38999938964844,58.560001373291016,57.58000183105469,58.15999984741211,58.15999984741211,25084300,0.0,0.0,0.0
2026-08-07,57.529998779296875,58.04999923706055,57.11000061035156,57.5,57.5,21092700,0.0,0.0,0.0
2026-08-10,58.189998626708984,60.209999084472656,58.099998474121094,60.18000030517578,60.18000030517578,33677800,0.0,0.0,0.0
2026-08-11,59.9900016784668,61.08000183105469,59.9900016784668,60.93000030517578,60.93000030517578,22400800,0.0,0.0,0.0
2026-08-12,60.470001220703125,61.16999816894531,60.34000015258789,61.029998779296875,61.029998779296875,22584200,0.0,0.0,0.0
2026-08-13,60.52000045776367,61.130001068115234,60.22999954223633,61.060001373291016,61.060001373291016,20703600,0.0,0.0,0.0
2026-08-14,61.369998931884766,62.11000061035156,61.25,61.90999984741211,61.90999984741211,22777700,0.0,0.0,0.0
2026-08-17,62.220001220703125,62.689998626708984,61.790000915527344,62.58000183105469,62.58000183105469,23550300,0.0,0.0,0.0
2026-08-18,63.40999984741211,63.709999084472656,63.119998931884766,63.68000030517578,63.68000030517578,27280500,0.0,0.0,0.0
2026-08-19,63.849998474121094,64.25,63.400001525878906,63.58000183105469,63.58000183105469,25537800,0.0,0.0,0.0
2026-08-20,64.25,64.69999694824219,63.689998626708984,63.75,63.75,24304100,0.0,0.0,0.0
2026-08-21,63.90999984741211,64.30000305175781,63.349998474121094,63.63999938964844,63.63999938964844,27791900,0.0,0.0,0.0
2026-08-24,63.2400016784668,63.720001220703125,62.560001373291016,63.11000061035156,63.11000061035156,23007900,0.0,0.0,0.0
2026-08-25,62.20000076293945,62.790000915527344,62.040000915527344,62.060001373291016,62.060001373291016,27426400,0.0,0.0,0.0
2026-08-26,61.43000030517578,63.02000045776367,61.310001373291016,62.43000030517578,62.43000030517578,24394100,0.0,0.0,0.0
2026-08-27,62.22999954223633,62.720001220703125,61.54999923706055,62.290000915527344,62.290000915527344,29599300,0.0,0.0,0.0
2026-08-28,62.349998474121094,62.7400016784668,62.119998931884766,62.68000030517578,62.68000030517578,20624500,0.0,0.0,0.0
2026-08-31,63.79999923706055,64.44000244140625,63.13999938964844,63.959999084472656,63.959999084472656,27148800,0.0,0.0,0.0
2026-09-01,64.87000274658203,64.94999694824219,64.05000305175781,64.7699966430664,64.7699966430664,33275900,0.0,0.0,0.0
2026-09-02,64.2699966430664,65.3499984741211,64.25,65.0999984741211,65.0999984741211,27393300,0.0,0.0,0.0
2026-09-03,65.12000274658203,65.5199966430664,64.58000183105469,64.62000274658203,64.62000274658203,24070700,0.0,0.0,0.0
2026-09-04,64.04000091552734,64.33000183105469,63.380001068115234,64.05999755859375,64.05999755859375,26281800,0.0,0.0,0.0
2026-09-08,64.83000183105469,65.23999786376953,64.30999755859375,64.7699966430664,64.7699966430664,28070200,0.0,0.0,0.0
