date,Open,High,Low,Close,Adj Close,Volume,Dividends,Stock Splits
2023-01-03,109.77999877929688,110.0199966430664,105.48999786376953,106.51000213623047,94.18098449707031,15146200,0.0,0.0
2023-01-04,104.80000305175781,107.16000366210938,104.76000213623047,106.81999969482422,94.45508575439453,18058400,0.0,0.0
2023-01-05,106.33999633789062,109.94999694824219,106.30999755859375,109.20999908447266,96.56843566894531,15946600,0.0,0.0
2023-01-06,110.08000183105469,111.98999786376953,109.66999816894531,110.52999877929688,97.73564910888672,16348100,0.0,0.0
2023-01-09,111.63999938964844,111.63999938964844,107.80999755859375,108.47000122070312,95.91410827636719,17964600,0.0,0.0
2023-01-10,109.79000091552734,110.33000183105469,108.01000213623047,110.08999633789062,97.34657287597656,15104600,0.0,0.0
2023-01-11,110.98999786376953,111.44999694824219,109.08999633789062,111.37000274658203,98.4784164428711,16710400,0.0,0.0
2023-01-12,111.81999969482422,113.73999786376953,111.73999786376953,113.22000122070312,100.1142578125,15357300,0.0,0.0
2023-01-13,113.11000061035156,113.48999786376953,112.16000366210938,113.1500015258789,100.05237579345703,12011400,0.0,0.0
2023-01-17,113.41000366210938,114.08000183105469,112.66999816894531,112.93000030517578,99.85783386230469,16542200,0.0,0.0
2023-01-18,113.26000213623047,114.12000274658203,110.4000015258789,110.61000061035156,97.80638885498047,16399700,0.0,0.0
2023-01-19,110.06999969482422,112.12999725341797,109.58000183105469,111.31999969482422,98.43418884277344,12928000,0.0,0.0
2023-01-20,111.36000061035156,113.44000244140625,110.61000061035156,113.3499984741211,100.22920989990234,16515600,0.0,0.0
2023-01-23,113.63999938964844,114.58999633789062,112.63999938964844,112.76000213623047,99.70751953125,16584400,0.0,0.0
2023-01-24,109.16000366210938,114.0199966430664,104.87000274658203,113.80999755859375,100.63597106933594,13583000,0.0,0.0
2023-01-25,113.2300033569336,113.6500015258789,111.38999938964844,113.20999908447266,100.10541534423828,11914700,0.0,0.0
2023-01-26,114.72000122070312,117.77999877929688,114.33999633789062,117.76000213623047,104.12873840332031,21019700,0.0,0.0
2023-01-27,116.94999694824219,117.66999816894531,115.38999938964844,115.61000061035156,102.22761535644531,15179200,0.0,0.0
2023-01-30,115.08999633789062,115.48999786376953,113.1500015258789,113.55999755859375,100.4148941040039,18672100,0.0,0.0
2023-01-31,112.0999984741211,116.4000015258789,110.43000030517578,116.01000213623047,102.58130645751953,27861800,0.0,0.0
2023-02-01,115.83000183105469,117.37999725341797,113.33999633789062,114.73999786376953,101.45831298828125,19464900,0.0,0.0
2023-02-02,114.8499984741211,115.06999969482422,109.83000183105469,111.1500015258789,98.28388214111328,24562100,0.0,0.0
2023-02-03,111.9000015258789,114.11000061035156,111.55999755859375,111.91999816894531,98.9647445678711,20226600,0.0,0.0
2023-02-06,112.36000061035156,113.08999633789062,110.31999969482422,111.7300033569336,98.7967529296875,13855200,0.0,0.0
2023-02-07,112.38999938964844,115.30999755859375,112.0199966430664,114.91999816894531,101.61749267578125,16013300,0.0,0.0
2023-02-08,115.05000305175781,115.83000183105469,113.8499984741211,113.91999816894531,100.73322296142578,18459700,0.0,0.0
2023-02-09,114.62000274658203,116.23999786376953,114.18000030517578,114.3499984741211,101.11344909667969,17439300,0.0,0.0
2023-02-10,116.51000213623047,119.62999725341797,116.16000366210938,119.16999816894531,105.37552642822266,24918600,0.0,0.0
2023-02-13,117.72000122070312,118.18000030517578,115.9000015258789,117.80000305175781,104.96563720703125,14536200,0.91,0.0
2023-02-14,117.01000213623047,117.80999755859375,116.0199966430664,116.41999816894531,103.7359848022461,12079000,0.0,0.0
2023-02-15,115.72000122070312,116.08999633789062,114.13999938964844,116.06999969482422,103.42411804199219,13663400,0.0,0.0
2023-02-16,115.30999755859375,116.77999877929688,114.80000305175781,115.7300033569336,103.12117004394531,11360600,0.0,0.0
2023-02-17,114.19000244140625,114.19000244140625,110.9800033569336,111.27999877929688,99.15599822998047,20758300,0.0,0.0
2023-02-21,110.80999755859375,112.37999725341797,110.80999755859375,111.16999816894531,99.05797576904297,14469400,0.0,0.0
2023-02-22,110.4800033569336,110.97000122070312,108.63999938964844,109.7300033569336,97.77488708496094,13973800,0.0,0.0
2023-02-23,110.7300033569336,111.83000183105469,109.9000015258789,110.73999786376953,98.67481994628906,11289400,0.0,0.0
2023-02-24,109.33000183105469,110.95999908447266,109.0199966430664,110.75,98.68375396728516,14351000,0.0,0.0
2023-02-27,110.80000305175781,111.26000213623047,109.95999908447266,110.55000305175781,98.5055160522461,11710500,0.0,0.0
2023-02-28,111.23999786376953,111.36000061035156,109.22000122070312,109.91000366210938,97.93527221679688,18107000,0.0,0.0
2023-03-01,109.30999755859375,111.86000061035156,109.23999786376953,110.88999938964844,98.8084945678711,13200000,0.0,0.0
2023-03-02,110.62000274658203,111.69999694824219,110.16999816894531,111.4000015258789,99.26293182373047,10339900,0.0,0.0
2023-03-03,110.05000305175781,113.37000274658203,109.94999694824219,112.80999755859375,100.51930236816406,13006700,0.0,0.0
2023-03-06,111.98999786376953,113.83999633789062,111.87000274658203,113.80999755859375,101.41035461425781,14347400,0.0,0.0
2023-03-07,112.80999755859375,113.16999816894531,111.16999816894531,111.61000061035156,99.45002746582031,11525300,0.0,0.0
2023-03-08,111.2300033569336,112.41999816894531,109.06999969482422,109.9800033569336,97.99761199951172,13509800,0.0,0.0
2023-03-09,110.87000274658203,112.2300033569336,109.02999877929688,109.12999725341797,97.24022674560547,12961200,0.0,0.0
2023-03-10,109.55999755859375,111.04000091552734,107.1500015258789,107.77999877929688,96.03731536865234,15795700,0.0,0.0
2023-03-13,105.33999633789062,107.86000061035156,103.72000122070312,106.54000091552734,94.93242645263672,20745600,0.0,0.0
2023-03-14,106.3499984741211,109.01000213623047,104.95999908447266,106.94000244140625,95.28884887695312,18263500,0.0,0.0
2023-03-15,102.81999969482422,104.19999694824219,100.22000122070312,101.62000274658203,90.5484619140625,25733800,0.0,0.0
2023-03-16,99.11000061035156,101.68000030517578,98.0199966430664,101.02999877929688,90.0227279663086,27465200,0.0,0.0
2023-03-17,100.5999984741211,101.61000061035156,99.13999938964844,99.83999633789062,88.96239471435547,43199500,0.0,0.0
2023-03-20,99.62999725341797,102.4800033569336,99.5,102.44999694824219,91.28801727294922,32042100,0.0,0.0
2023-03-21,104.16999816894531,107.27999877929688,104.12999725341797,107.04000091552734,95.37796020507812,31592300,0.0,0.0
2023-03-22,106.80000305175781,107.18000030517578,104.55999755859375,104.58999633789062,93.19487762451172,14952700,0.0,0.0
2023-03-23,105.36000061035156,106.33999633789062,102.44000244140625,103.41000366210938,92.1434555053711,14385900,0.0,0.0
2023-03-24,101.47000122070312,103.8499984741211,100.91000366210938,103.52999877929688,92.2503433227539,13401600,0.0,0.0
2023-03-27,104.73999786376953,106.4800033569336,103.91000366210938,105.80000305175781,94.27305603027344,14805900,0.0,0.0
2023-03-28,105.44000244140625,107.6500015258789,105.19000244140625,107.12000274658203,95.4492416381836,11047600,0.0,0.0
2023-03-29,108.05999755859375,109.16000366210938,107.48999786376953,108.95999908447266,97.08876037597656,14219100,0.0,0.0
2023-03-30,109.55000305175781,109.56999969482422,108.5199966430664,109.48999786376953,97.5610122680664,11578200,0.0,0.0
2023-03-31,109.68000030517578,110.16999816894531,109.05000305175781,109.66000366210938,97.7125015258789,14418000,0.0,0.0
2023-04-03,113.38999938964844,116.8499984741211,113.12000274658203,116.12999725341797,103.47758483886719,28087700,0.0,0.0
2023-04-04,116.26000213623047,116.69999694824219,114.16999816894531,115.0199966430664,102.48851776123047,16365500,0.0,0.0
2023-04-05,115.3499984741211,117.0,114.30999755859375,116.98999786376953,104.24388885498047,16479500,0.0,0.0
2023-04-06,116.86000061035156,117.18000030517578,114.7699966430664,115.05000305175781,102.5152587890625,15778000,0.0,0.0
2023-04-10,114.77999877929688,116.18000030517578,114.16999816894531,114.54000091552734,102.06080627441406,13006600,0.0,0.0
2023-04-11,114.95999908447266,116.19999694824219,114.37999725341797,115.3499984741211,102.78255462646484,11758500,0.0,0.0
2023-04-12,116.16000366210938,116.58999633789062,114.93000030517578,115.2300033569336,102.67565155029297,10919000,0.0,0.0
2023-04-13,114.5999984741211,115.88999938964844,114.12999725341797,115.7699966430664,103.15680694580078,12399700,0.0,0.0
2023-04-14,115.9000015258789,116.66000366210938,115.12000274658203,116.05000305175781,103.40631866455078,11530800,0.0,0.0
2023-04-17,115.48999786376953,116.51000213623047,114.41999816894531,114.69999694824219,102.20338439941406,13260400,0.0,0.0
2023-04-18,114.38999938964844,117.20999908447266,114.30000305175781,116.94000244140625,104.19933319091797,17436100,0.0,0.0
2023-04-19,116.08000183105469,116.9000015258789,115.7699966430664,116.56999969482422,103.8696517944336,10682600,0.0,0.0
2023-04-20,115.12999725341797,115.68000030517578,113.2300033569336,115.63999938964844,103.04096221923828,17038700,0.0,0.0
2023-04-21,116.48999786376953,116.87999725341797,115.26000213623047,116.01000213623047,103.37066650390625,14315300,0.0,0.0
2023-04-24,115.91999816894531,118.88999938964844,115.87999725341797,118.19999694824219,105.32205200195312,15831300,0.0,0.0
2023-04-25,117.55000305175781,117.73999786376953,115.62999725341797,116.5199966430664,103.82508850097656,12179800,0.0,0.0
2023-04-26,116.02999877929688,117.08999633789062,114.68000030517578,115.44999694824219,102.87167358398438,15566100,0.0,0.0
2023-04-27,115.62000274658203,117.01000213623047,114.87999725341797,116.83000183105469,104.10133361816406,16279200,0.0,0.0
2023-04-28,117.25,119.91999816894531,116.83000183105469,118.33999633789062,105.4468002319336,24381900,0.0,0.0
2023-05-01,115.98999786376953,117.30000305175781,114.44999694824219,114.66999816894531,102.17665100097656,17355000,0.0,0.0
2023-05-02,113.94000244140625,113.94000244140625,109.29000091552734,110.0999984741211,98.10455322265625,24324100,0.0,0.0
2023-05-03,109.08000183105469,109.80999755859375,107.76000213623047,107.93000030517578,96.17098236083984,16212300,0.0,0.0
2023-05-04,107.9000015258789,108.75,105.91000366210938,106.04000091552734,94.48690032958984,17177200,0.0,0.0
2023-05-05,108.55000305175781,109.43000030517578,107.52999877929688,108.68000030517578,96.8392562866211,14968200,0.0,0.0
2023-05-08,110.5,110.97000122070312,109.04000091552734,109.11000061035156,97.22242736816406,11187800,0.0,0.0
2023-05-09,108.33999633789062,110.2300033569336,108.20999908447266,109.13999938964844,97.24913024902344,11370800,0.0,0.0
2023-05-10,109.73999786376953,110.01000213623047,106.70999908447266,107.73999786376953,96.0016860961914,14884800,0.0,0.0
2023-05-11,106.48999786376953,106.81999969482422,104.93000030517578,105.79000091552734,94.2641372680664,17165900,0.0,0.0
2023-05-12,106.30999755859375,107.01000213623047,104.77999877929688,105.77999877929688,94.2552261352539,12613300,0.0,0.0
2023-05-15,105.51000213623047,105.93000030517578,104.58000183105469,105.06999969482422,94.43498229980469,13715600,0.91,0.0
2023-05-16,104.62999725341797,104.80999755859375,102.0199966430664,102.5199966430664,92.14307403564453,14795200,0.0,0.0
2023-05-17,103.38999938964844,105.2300033569336,102.8499984741211,104.81999969482422,94.21027374267578,14064700,0.0,0.0
2023-05-18,104.55000305175781,105.91000366210938,104.12999725341797,105.7699966430664,95.06412506103516,12005600,0.0,0.0
2023-05-19,106.56999969482422,107.05000305175781,105.81999969482422,106.26000213623047,95.5045166015625,13359600,0.0,0.0
2023-05-22,105.83999633789062,107.04000091552734,104.87999725341797,104.97000122070312,94.34510040283203,12882000,0.0,0.0
2023-05-23,105.98999786376953,108.22000122070312,105.75,106.4000015258789,95.63036346435547,14394400,0.0,0.0
2023-05-24,107.37999725341797,108.51000213623047,106.7300033569336,107.58999633789062,96.69991302490234,16340300,0.0,0.0
2023-05-25,105.94000244140625,106.43000030517578,104.70999908447266,105.66000366210938,94.96525573730469,14316500,0.0,0.0
2023-05-26,106.47000122070312,106.94999694824219,104.83000183105469,104.97000122070312,94.34510040283203,12370300,0.0,0.0
2023-05-30,103.29000091552734,104.12000274658203,102.61000061035156,104.04000091552734,93.50924682617188,11938000,0.0,0.0
2023-05-31,102.29000091552734,103.04000091552734,101.73999786376953,102.18000030517578,91.8375015258789,24926100,0.0,0.0
2023-06-01,101.75,105.58000183105469,101.26000213623047,103.36000061035156,92.89805603027344,13551900,0.0,0.0
2023-06-02,105.16000366210938,106.12999725341797,104.52999877929688,105.76000213623047,95.05514526367188,14112000,0.0,0.0
2023-06-05,107.19000244140625,107.19000244140625,105.08999633789062,105.29000091552734,94.63270568847656,10628000,0.0,0.0
2023-06-06,104.1500015258789,106.2699966430664,103.9800033569336,106.1500015258789,95.40565490722656,12209800,0.0,0.0
2023-06-07,106.79000091552734,108.88999938964844,106.7300033569336,108.52999877929688,97.54476165771484,16027100,0.0,0.0
2023-06-08,108.7699966430664,109.13999938964844,105.9000015258789,108.19000244140625,97.23918914794922,13517100,0.0,0.0
2023-06-09,108.45999908447266,108.61000061035156,107.16000366210938,107.38999938964844,96.52014923095703,12251600,0.0,0.0
2023-06-12,105.80999755859375,107.05999755859375,105.55999755859375,106.41999816894531,95.6483383178711,14112000,0.0,0.0
2023-06-13,107.37999725341797,108.33999633789062,106.27999877929688,106.44000244140625,95.66630554199219,13533800,0.0,0.0
2023-06-14,107.44999694824219,108.11000061035156,104.38999938964844,105.16000366210938,94.515869140625,16627700,0.0,0.0
2023-06-15,105.5,107.02999877929688,105.44000244140625,105.88999938964844,95.1719741821289,16224100,0.0,0.0
2023-06-16,106.36000061035156,106.7699966430664,104.95999908447266,105.12999725341797,94.4888916015625,43128900,0.0,0.0
2023-06-20,104.68000030517578,104.7699966430664,102.12000274658203,102.72000122070312,92.32283782958984,17514100,0.0,0.0
2023-06-21,102.5,104.62999725341797,102.33000183105469,103.87000274658203,93.35643768310547,13285700,0.0,0.0
2023-06-22,102.83999633789062,103.88999938964844,102.6500015258789,103.30000305175781,92.8441390991211,12455300,0.0,0.0
2023-06-23,102.58999633789062,102.81999969482422,101.62000274658203,102.4000015258789,92.03524017333984,17933600,0.0,0.0
2023-06-26,102.19999694824219,104.91000366210938,102.19999694824219,104.29000091552734,93.73392486572266,14283400,0.0,0.0
2023-06-27,104.05000305175781,104.61000061035156,103.2699966430664,104.55000305175781,93.96760559082031,13227500,0.0,0.0
2023-06-28,104.30999755859375,105.81999969482422,103.19999694824219,105.4000015258789,94.73157501220703,13084100,0.0,0.0
2023-06-29,105.66000366210938,106.7300033569336,105.12999725341797,106.69999694824219,95.89998626708984,11364400,0.0,0.0
2023-06-30,107.31999969482422,107.87999725341797,106.80999755859375,107.25,96.39432525634766,13544700,0.0,0.0
2023-07-03,107.48999786376953,108.45999908447266,107.06999969482422,107.45999908447266,96.58306884765625,7397000,0.0,0.0
2023-07-05,107.62999725341797,107.91999816894531,106.0999984741211,106.91000366210938,96.0887451171875,12491200,0.0,0.0
2023-07-06,105.08999633789062,105.72000122070312,102.43000030517578,102.91999816894531,92.50260162353516,17961400,0.0,0.0
2023-07-07,101.91999816894531,104.0,101.55999755859375,103.16000366210938,92.71831512451172,21929200,0.0,0.0
2023-07-10,102.97000122070312,104.75,102.75,104.69000244140625,94.09342956542969,14877600,0.0,0.0
2023-07-11,105.26000213623047,106.16000366210938,104.80999755859375,105.97000122070312,95.24388885498047,12576500,0.0,0.0
2023-07-12,107.0,107.6500015258789,106.12999725341797,106.48999786376953,95.71125030517578,13238200,0.0,0.0
2023-07-13,105.97000122070312,106.2300033569336,103.31999969482422,104.54000091552734,93.95862579345703,26826800,0.0,0.0
2023-07-14,104.05000305175781,104.05000305175781,100.52999877929688,100.94000244140625,90.72299194335938,28181900,0.0,0.0
2023-07-17,100.72000122070312,101.66999816894531,100.22000122070312,101.37999725341797,91.11846160888672,18051300,0.0,0.0
2023-07-18,100.91999816894531,102.19999694824219,100.33999633789062,100.91999816894531,90.70502471923828,24617800,0.0,0.0
2023-07-19,101.05000305175781,102.4000015258789,100.80000305175781,101.62000274658203,91.33419799804688,15556500,0.0,0.0
2023-07-20,102.54000091552734,103.66000366210938,102.36000061035156,103.41000366210938,92.94300842285156,15740200,0.0,0.0
2023-07-21,104.16000366210938,104.37999725341797,103.26000213623047,103.88999938964844,93.37442016601562,17121500,0.0,0.0
2023-07-24,104.36000061035156,106.16000366210938,103.95999908447266,105.5199966430664,94.83943939208984,15090900,0.0,0.0
2023-07-25,105.05999755859375,106.08999633789062,104.54000091552734,105.68000030517578,94.98323822021484,14116100,0.0,0.0
2023-07-26,105.11000061035156,105.72000122070312,104.63999938964844,105.08999633789062,94.45296478271484,15159600,0.0,0.0
2023-07-27,106.0,106.98999786376953,104.73999786376953,105.41999816894531,94.74955749511719,17677900,0.0,0.0
2023-07-28,105.11000061035156,105.16000366210938,102.31999969482422,104.16000366210938,93.61709594726562,17566400,0.0,0.0
2023-07-31,105.19000244140625,107.86000061035156,105.19000244140625,107.23999786376953,96.38533020019531,24197000,0.0,0.0
2023-08-01,106.94999694824219,107.31999969482422,105.52999877929688,106.62000274658203,95.8281021118164,14177400,0.0,0.0
2023-08-02,106.26000213623047,106.37999725341797,104.56999969482422,105.29000091552734,94.63270568847656,13484100,0.0,0.0
2023-08-03,105.88999938964844,107.87999725341797,105.30000305175781,107.12000274658203,96.27749633789062,16280400,0.0,0.0
2023-08-04,107.95999908447266,109.23999786376953,107.33000183105469,107.41999816894531,96.54711151123047,14279600,0.0,0.0
2023-08-07,107.9000015258789,108.41999816894531,106.51000213623047,107.19999694824219,96.34937286376953,12410800,0.0,0.0
2023-08-08,106.04000091552734,107.75,104.83999633789062,107.7300033569336,96.82574462890625,14065600,0.0,0.0
2023-08-09,108.70999908447266,110.41999816894531,108.30999755859375,109.55999755859375,98.47050476074219,19919600,0.0,0.0
2023-08-10,110.19000244140625,111.62999725341797,109.44000244140625,110.12000274658203,98.97383117675781,15837200,0.0,0.0
2023-08-11,110.37000274658203,112.06999969482422,110.05000305175781,111.83000183105469,100.51073455810547,14047000,0.0,0.0
2023-08-14,111.68000030517578,111.9800033569336,110.77999877929688,111.91999816894531,100.59162139892578,12973400,0.0,0.0
2023-08-15,110.75,110.86000061035156,107.97000122070312,108.16000366210938,98.00910949707031,14909600,0.91,0.0
2023-08-16,108.27999877929688,109.33000183105469,106.27999877929688,106.33999633789062,96.35990905761719,13695100,0.0,0.0
2023-08-17,107.41999816894531,110.1500015258789,107.41999816894531,108.4000015258789,98.2265853881836,16709500,0.0,0.0
2023-08-18,107.63999938964844,110.19999694824219,107.62000274658203,110.04000091552734,99.7126693725586,16224000,0.0,0.0
2023-08-21,110.36000061035156,110.9800033569336,108.13999938964844,108.70999908447266,98.50748443603516,11092400,0.0,0.0
2023-08-22,109.16999816894531,109.72000122070312,107.94999694824219,108.0999984741211,97.9547348022461,10518800,0.0,0.0
2023-08-23,107.04000091552734,107.30000305175781,105.72000122070312,107.1500015258789,97.09388732910156,11435600,0.0,0.0
2023-08-24,106.41999816894531,107.7699966430664,106.06999969482422,106.3499984741211,96.36897277832031,10818500,0.0,0.0
2023-08-25,107.43000030517578,108.93000030517578,106.62000274658203,108.25,98.09066009521484,13579300,0.0,0.0
2023-08-28,108.44999694824219,110.04000091552734,108.44000244140625,109.16000366210938,98.91524505615234,10382100,0.0,0.0
2023-08-29,109.66000366210938,110.0199966430664,108.41999816894531,109.80999755859375,99.50424194335938,9665000,0.0,0.0
2023-08-30,110.44000244140625,111.13999938964844,109.9800033569336,110.87999725341797,100.47383117675781,11922100,0.0,0.0
2023-08-31,111.12000274658203,111.41999816894531,110.62000274658203,111.19000244140625,100.75473022460938,17479800,0.0,0.0
2023-09-01,112.19999694824219,113.81999969482422,112.19999694824219,113.5199966430664,102.86605834960938,14843500,0.0,0.0
2023-09-05,114.0999984741211,115.83000183105469,113.5,113.52999877929688,102.87512969970703,18304000,0.0,0.0
2023-09-06,113.4800033569336,114.58999633789062,113.2300033569336,114.51000213623047,103.76315307617188,13325500,0.0,0.0
2023-09-07,114.6500015258789,115.8499984741211,113.69999694824219,113.94999694824219,103.25570678710938,13248500,0.0,0.0
2023-09-08,114.52999877929688,116.05000305175781,114.31999969482422,115.61000061035156,104.75991821289062,14283200,0.0,0.0
2023-09-11,116.18000030517578,116.68000030517578,113.56999969482422,114.16000366210938,103.44600677490234,14383600,0.0,0.0
2023-09-12,115.33999633789062,117.66999816894531,115.2699966430664,117.48999786376953,106.46348571777344,20145800,0.0,0.0
2023-09-13,117.41000366210938,117.95999908447266,115.9000015258789,116.44000244140625,105.51202392578125,13472800,0.0,0.0
2023-09-14,117.55000305175781,118.66000366210938,117.33000183105469,118.5199966430664,107.39681243896484,15210700,0.0,0.0
2023-09-15,117.9000015258789,118.51000213623047,116.5,116.69999694824219,105.74761199951172,34568400,0.0,0.0
2023-09-18,117.52999877929688,118.23999786376953,116.69999694824219,117.63999938964844,106.59940338134766,14045300,0.0,0.0
2023-09-19,118.62000274658203,118.83999633789062,116.61000061035156,117.33000183105469,106.31848907470703,12562900,0.0,0.0
2023-09-20,116.54000091552734,118.0199966430664,116.31999969482422,116.4000015258789,105.47577667236328,11879900,0.0,0.0
2023-09-21,116.9800033569336,117.37000274658203,114.5999984741211,114.76000213623047,103.98969268798828,14400600,0.0,0.0
2023-09-22,115.70999908447266,116.68000030517578,114.80999755859375,114.94000244140625,104.15280151367188,13197300,0.0,0.0
2023-09-25,115.08999633789062,116.6500015258789,114.83000183105469,116.2300033569336,105.32173919677734,11316000,0.0,0.0
2023-09-26,115.5,116.7300033569336,115.37000274658203,116.41000366210938,105.4848403930664,11805400,0.0,0.0
2023-09-27,117.88999938964844,120.5,117.4000015258789,120.19999694824219,108.91913604736328,23976200,0.0,0.0
2023-09-28,119.9800033569336,120.69999694824219,118.19000244140625,119.47000122070312,108.25765228271484,16808100,0.0,0.0
2023-09-29,119.0999984741211,119.18000030517578,116.7300033569336,117.58000183105469,106.54503631591797,18813600,0.0,0.0
2023-10-02,117.52999877929688,117.79000091552734,114.55000305175781,115.62999725341797,104.77803039550781,14395000,0.0,0.0
2023-10-03,115.44000244140625,116.44000244140625,115.02999877929688,115.83000183105469,104.95927429199219,13297100,0.0,0.0
2023-10-04,114.05000305175781,114.08999633789062,110.5,111.5,101.03564453125,19622200,0.0,0.0
2023-10-05,109.80000305175781,110.9000015258789,108.69999694824219,108.98999786376953,98.7612075805664,20128800,0.0,0.0
2023-10-06,105.7300033569336,108.2699966430664,105.11000061035156,107.16999816894531,97.11203002929688,25367500,0.0,0.0
2023-10-09,110.44000244140625,112.06999969482422,109.5199966430664,110.91999816894531,100.51007080078125,22369900,0.0,0.0
2023-10-10,111.0199966430664,111.44999694824219,110.12000274658203,110.44999694824219,100.08419036865234,13892000,0.0,0.0
2023-10-11,106.95999908447266,107.16999816894531,104.83000183105469,106.48999786376953,96.49583435058594,57939000,0.0,0.0
2023-10-12,107.58999633789062,107.83999633789062,106.08999633789062,106.47000122070312,96.47770690917969,31183000,0.0,0.0
2023-10-13,108.02999877929688,110.19999694824219,107.83999633789062,109.87000274658203,99.55862426757812,30276500,0.0,0.0
2023-10-16,110.5,110.68000030517578,109.12999725341797,109.94999694824219,99.63111114501953,18452000,0.0,0.0
2023-10-17,109.7300033569336,111.80000305175781,109.68000030517578,111.38999938964844,100.93595886230469,19775400,0.0,0.0
2023-10-18,111.81999969482422,113.38999938964844,111.69999694824219,112.94999694824219,102.34955596923828,23380300,0.0,0.0
2023-10-19,112.72000122070312,113.97000122070312,111.33000183105469,113.0199966430664,102.41297912597656,20972500,0.0,0.0
2023-10-20,112.91999816894531,113.31999969482422,110.79000091552734,111.08000183105469,100.65507507324219,22445300,0.0,0.0
2023-10-23,110.62999725341797,110.95999908447266,108.68000030517578,109.44999694824219,99.17803192138672,18185000,0.0,0.0
2023-10-24,109.69999694824219,109.81999969482422,108.12000274658203,108.38999938964844,98.21752166748047,16786100,0.0,0.0
2023-10-25,108.5199966430664,109.5,108.12999725341797,108.58999633789062,98.39875030517578,22047300,0.0,0.0
2023-10-26,107.44999694824219,108.33999633789062,106.5,107.5999984741211,97.50166320800781,18768300,0.0,0.0
2023-10-27,108.88999938964844,109.86000061035156,104.95999908447266,105.55000305175781,95.6440658569336,23092000,0.0,0.0
2023-10-30,105.73999786376953,106.41999816894531,105.20999908447266,105.87999725341797,95.94308471679688,19379900,0.0,0.0
2023-10-31,105.58000183105469,106.16000366210938,104.54000091552734,105.8499984741211,95.9158935546875,22185200,0.0,0.0
2023-11-01,106.52999877929688,107.16999816894531,105.45999908447266,105.63999938964844,95.7256088256836,28984900,0.0,0.0
2023-11-02,105.87999725341797,109.19000244140625,105.5,109.11000061035156,98.86994171142578,25212700,0.0,0.0
2023-11-03,108.4000015258789,108.77999877929688,106.54000091552734,107.77999877929688,97.66476440429688,30555600,0.0,0.0
2023-11-06,108.16999816894531,108.2699966430664,105.7699966430664,105.87000274658203,95.93402862548828,19097300,0.0,0.0
2023-11-07,104.47000122070312,104.86000061035156,103.29000091552734,104.20999908447266,94.42981719970703,20272500,0.0,0.0
2023-11-08,103.7300033569336,104.9000015258789,102.88999938964844,102.93000030517578,93.26994323730469,19184100,0.0,0.0
2023-11-09,103.66999816894531,103.97000122070312,102.86000061035156,102.95999908447266,93.29712677001953,18380500,0.0,0.0
2023-11-10,103.93000030517578,104.41000366210938,102.91000366210938,103.75,94.01298522949219,17825500,0.0,0.0
2023-11-13,104.05000305175781,105.13999938964844,103.80999755859375,104.83999633789062,95.00068664550781,15308400,0.0,0.0
2023-11-14,104.30000305175781,104.81999969482422,103.87000274658203,104.29000091552734,95.36647033691406,18260500,0.95,0.0
2023-11-15,103.95999908447266,105.1500015258789,103.5,103.66000366210938,94.7903823852539,20137600,0.0,0.0
2023-11-16,102.9000015258789,103.2699966430664,101.1500015258789,102.45999908447266,93.69303894042969,22469100,0.0,0.0
2023-11-17,103.05999755859375,105.43000030517578,102.75,104.95999908447266,95.97913360595703,22984900,0.0,0.0
2023-11-20,105.37999725341797,105.87999725341797,104.43000030517578,104.5,95.55850219726562,17458800,0.0,0.0
2023-11-21,104.20999908447266,104.69999694824219,103.22000122070312,104.45999908447266,95.52191925048828,14989000,0.0,0.0
2023-11-22,102.58000183105469,104.12000274658203,101.94000244140625,104.01000213623047,95.11042785644531,18072000,0.0,0.0
2023-11-24,104.0199966430664,105.47000122070312,103.91000366210938,104.56999969482422,95.62250518798828,9480800,0.0,0.0
2023-11-27,104.0999984741211,104.4000015258789,103.18000030517578,103.95999908447266,95.06470489501953,18013500,0.0,0.0
2023-11-28,104.23999786376953,104.91000366210938,103.87999725341797,103.9000015258789,95.00985717773438,20629500,0.0,0.0
2023-11-29,104.2699966430664,104.58000183105469,101.63999938964844,102.33999633789062,93.58331298828125,26802100,0.0,0.0
2023-11-30,103.11000061035156,104.4800033569336,101.80999755859375,102.73999786376953,93.94908142089844,29254700,0.0,0.0
2023-12-01,102.5,104.22000122070312,102.22000122070312,102.98999786376953,94.17769622802734,17845300,0.0,0.0
2023-12-04,102.12999725341797,103.36000061035156,101.58999633789062,102.43000030517578,93.66563415527344,21523900,0.0,0.0
2023-12-05,102.2699966430664,102.33999633789062,100.29000091552734,100.44000244140625,91.84590148925781,22250300,0.0,0.0
2023-12-06,100.0,100.72000122070312,98.33999633789062,99.11000061035156,90.62968444824219,31154800,0.0,0.0
2023-12-07,99.86000061035156,100.83999633789062,98.08999633789062,98.41999816894531,89.99873352050781,29990700,0.0,0.0
2023-12-08,99.0199966430664,99.79000091552734,98.75,99.55000305175781,91.03204345703125,22074900,0.0,0.0
2023-12-11,99.80000305175781,99.86000061035156,98.58000183105469,99.62000274658203,91.09605407714844,22252300,0.0,0.0
2023-12-12,98.68000030517578,98.68000030517578,97.4800033569336,98.05000305175781,89.66038513183594,26084000,0.0,0.0
2023-12-13,98.04000091552734,99.02999877929688,97.66000366210938,98.91999816894531,90.4559555053711,19915400,0.0,0.0
2023-12-14,99.8499984741211,102.13999938964844,99.72000122070312,101.58000183105469,92.88835144042969,26165700,0.0,0.0
2023-12-15,100.58999633789062,101.0,100.30999755859375,100.9000015258789,92.26652526855469,55527000,0.0,0.0
2023-12-18,102.12999725341797,103.11000061035156,101.5199966430664,101.6500015258789,92.95235443115234,21610400,0.0,0.0
2023-12-19,102.0,103.19000244140625,101.79000091552734,102.98999786376953,94.17769622802734,18904700,0.0,0.0
2023-12-20,103.5,103.94000244140625,101.12999725341797,101.2699966430664,92.60487365722656,20988900,0.0,0.0
2023-12-21,101.47000122070312,102.01000213623047,100.80999755859375,101.7300033569336,93.02552032470703,19250900,0.0,0.0
2023-12-22,102.30999755859375,102.94000244140625,101.81999969482422,101.91000366210938,93.19012451171875,12927800,0.0,0.0
2023-12-26,102.73999786376953,103.02999877929688,102.12000274658203,102.13999938964844,93.40044403076172,16835100,0.0,0.0
2023-12-27,102.04000091552734,102.55000305175781,101.33999633789062,101.66000366210938,92.96151733398438,14558800,0.0,0.0
2023-12-28,101.38999938964844,101.61000061035156,100.12999725341797,100.19000244140625,91.61729431152344,16329300,0.0,0.0
2023-12-29,100.37000274658203,100.58999633789062,99.62000274658203,99.9800033569336,91.42525482177734,17746400,0.0,0.0
2024-01-02,100.91999816894531,103.0999984741211,100.8499984741211,102.36000061035156,93.60161590576172,23483000,0.0,0.0
2024-01-03,102.2699966430664,103.62000274658203,101.66000366210938,103.22000122070312,94.38801574707031,23490800,0.0,0.0
2024-01-04,104.08000183105469,104.56999969482422,102.05000305175781,102.31999969482422,93.56501770019531,19395200,0.0,0.0
2024-01-05,103.16999816894531,103.4000015258789,102.12999725341797,102.62999725341797,93.84849548339844,15827400,0.0,0.0
2024-01-08,100.7300033569336,101.04000091552734,98.9000015258789,100.91999816894531,92.2848129272461,23370100,0.0,0.0
2024-01-09,101.29000091552734,101.29000091552734,99.19000244140625,99.66999816894531,91.14177703857422,19496600,0.0,0.0
2024-01-10,99.80000305175781,99.80000305175781,98.16000366210938,98.69000244140625,90.2456283569336,18206100,0.0,0.0
2024-01-11,99.04000091552734,99.5,98.55999755859375,98.66999816894531,90.22733306884766,15833400,0.0,0.0
2024-01-12,100.13999938964844,100.6500015258789,99.16999816894531,99.94999694824219,91.39781951904297,18041700,0.0,0.0
2024-01-16,99.81999969482422,100.01000213623047,97.52999877929688,97.69000244140625,89.3311996459961,20235700,0.0,0.0
2024-01-17,96.5999984741211,97.95999908447266,96.58000183105469,96.9800033569336,88.68193817138672,18384000,0.0,0.0
2024-01-18,97.0,97.08999633789062,95.81999969482422,96.80000305175781,88.5173568725586,20940300,0.0,0.0
2024-01-19,96.72000122070312,97.0199966430664,96.41000366210938,96.94999694824219,88.65451049804688,20088400,0.0,0.0
2024-01-22,96.69999694824219,97.0999984741211,95.7699966430664,96.81999969482422,88.53564453125,19955900,0.0,0.0
2024-01-23,96.80999755859375,98.5,96.7300033569336,97.91000366210938,89.53236389160156,15863400,0.0,0.0
2024-01-24,98.31999969482422,99.6500015258789,97.73999786376953,99.5999984741211,91.07774353027344,17330600,0.0,0.0
2024-01-25,100.30999755859375,102.18000030517578,99.62000274658203,102.12999725341797,93.39128112792969,22089500,0.0,0.0
2024-01-26,101.97000122070312,103.08000183105469,101.19000244140625,103.0,94.18683624267578,20817200,0.0,0.0
2024-01-29,102.9800033569336,103.19999694824219,101.86000061035156,103.12999725341797,94.30572509765625,18317500,0.0,0.0
2024-01-30,102.41000366210938,104.87999725341797,102.0999984741211,104.8499984741211,95.8785400390625,19610900,0.0,0.0
2024-01-31,104.73999786376953,104.87999725341797,102.7699966430664,102.80999755859375,94.01309204101562,22415300,0.0,0.0
2024-02-01,103.56999969482422,104.01000213623047,101.62000274658203,102.38999938964844,93.62904357910156,19240700,0.0,0.0
2024-02-02,103.75,104.0,101.61000061035156,101.97000122070312,93.2449722290039,21973400,0.0,0.0
2024-02-05,101.44999694824219,102.37999725341797,100.5,101.55000305175781,92.86092376708984,17190900,0.0,0.0
2024-02-06,102.06999969482422,103.04000091552734,101.56999969482422,102.25,93.50101470947266,13347900,0.0,0.0
2024-02-07,102.25,102.7300033569336,101.18000030517578,102.22000122070312,93.47358703613281,13826800,0.0,0.0
2024-02-08,102.33999633789062,104.41999816894531,102.11000061035156,103.97000122070312,95.0738525390625,19636900,0.0,0.0
2024-02-09,104.0999984741211,104.83999633789062,101.69999694824219,101.7699966430664,93.06208038330078,20410500,0.0,0.0
2024-02-12,102.16000366210938,103.4000015258789,102.0,103.16999816894531,94.34230041503906,18173100,0.0,0.0
2024-02-13,102.76000213623047,103.08999633789062,100.5999984741211,101.33999633789062,93.53011322021484,18917400,0.95,0.0
2024-02-14,101.87000274658203,102.62000274658203,100.41999816894531,100.83999633789062,93.06865692138672,17651300,0.0,0.0
2024-02-15,100.5999984741211,103.94000244140625,100.5999984741211,103.7300033569336,95.73592376708984,23196300,0.0,0.0
2024-02-16,104.01000213623047,104.62999725341797,103.5199966430664,103.7300033569336,95.73592376708984,20151400,0.0,0.0
2024-02-20,103.83999633789062,104.12000274658203,102.6500015258789,102.75,94.83145141601562,17650000,0.0,0.0
2024-02-21,103.0199966430664,104.9800033569336,102.98999786376953,104.8499984741211,96.76961517333984,20991300,0.0,0.0
2024-02-22,104.16000366210938,105.41000366210938,103.44999694824219,104.76000213623047,96.68653869628906,20470700,0.0,0.0
2024-02-23,103.87999725341797,104.08999633789062,102.87999725341797,103.83999633789062,95.83744812011719,15975900,0.0,0.0
2024-02-26,103.72000122070312,104.94000244140625,103.05000305175781,104.25,96.21585083007812,13360800,0.0,0.0
2024-02-27,104.68000030517578,105.1500015258789,103.8499984741211,104.02999877929688,96.01280212402344,16360000,0.0,0.0
2024-02-28,104.47000122070312,105.43000030517578,104.0,104.31999969482422,96.28045654296875,14810500,0.0,0.0
2024-02-29,104.68000030517578,105.06999969482422,104.22000122070312,104.5199966430664,96.46504211425781,17566100,0.0,0.0
2024-03-01,105.72000122070312,106.38999938964844,105.37999725341797,105.83999633789062,97.68331909179688,18460100,0.0,0.0
2024-03-04,105.66000366210938,105.8499984741211,104.02999877929688,104.36000061035156,96.31736755371094,18138000,0.0,0.0
2024-03-05,104.52999877929688,106.2699966430664,104.31999969482422,105.63999938964844,97.49872589111328,19952700,0.0,0.0
2024-03-06,106.62000274658203,107.56999969482422,106.1500015258789,106.7699966430664,98.54163360595703,20472800,0.0,0.0
2024-03-07,106.5999984741211,107.9800033569336,106.5999984741211,107.37000274658203,99.09540557861328,15195400,0.0,0.0
2024-03-08,107.2300033569336,108.4000015258789,106.7699966430664,108.37999725341797,100.0275650024414,16281500,0.0,0.0
2024-03-11,108.25,109.12000274658203,107.33999633789062,109.0199966430664,100.61824798583984,17577300,0.0,0.0
2024-03-12,109.05999755859375,109.27999877929688,108.02999877929688,108.31999969482422,99.9721908569336,14957200,0.0,0.0
2024-03-13,109.13999938964844,110.3499984741211,109.11000061035156,109.52999877929688,101.08893585205078,17122200,0.0,0.0
2024-03-14,109.83000183105469,111.55000305175781,109.69000244140625,111.47000122070312,102.87943267822266,22121000,0.0,0.0
2024-03-15,110.8499984741211,112.30000305175781,110.8499984741211,111.2699966430664,102.69483184814453,38264400,0.0,0.0
2024-03-18,111.79000091552734,112.86000061035156,111.0999984741211,112.30000305175781,103.64547729492188,16770500,0.0,0.0
2024-03-19,112.22000122070312,113.48999786376953,112.05999755859375,113.08999633789062,104.37458801269531,14878800,0.0,0.0
2024-03-20,112.72000122070312,113.4000015258789,112.12999725341797,112.98999786376953,104.28228759765625,16119700,0.0,0.0
2024-03-21,112.91999816894531,113.91000366210938,112.56999969482422,113.48999786376953,104.74375915527344,14878000,0.0,0.0
2024-03-22,113.4800033569336,113.69000244140625,112.81999969482422,113.48999786376953,104.74375915527344,14701900,0.0,0.0
2024-03-25,113.83000183105469,115.77999877929688,113.83000183105469,114.6500015258789,105.81436920166016,14011700,0.0,0.0
2024-03-26,114.66000366210938,114.9800033569336,113.41000366210938,113.79000091552734,105.02064514160156,13152300,0.0,0.0
2024-03-27,113.4800033569336,115.05999755859375,113.41000366210938,114.97000122070312,106.10971069335938,12415700,0.0,0.0
2024-03-28,115.52999877929688,116.44999694824219,115.05999755859375,116.23999786376953,107.28182220458984,18482100,0.0,0.0
2024-04-01,116.41000366210938,117.23999786376953,115.37999725341797,116.98999786376953,107.9740219116211,13817000,0.0,0.0
2024-04-02,117.91999816894531,119.5999984741211,117.33000183105469,119.27999877929688,110.08753967285156,19919600,0.0,0.0
2024-04-03,119.4800033569336,119.75,118.7300033569336,119.30000305175781,110.10600280761719,16504300,0.0,0.0
2024-04-04,119.05000305175781,119.87999725341797,118.63999938964844,119.72000122070312,110.49363708496094,18467400,0.0,0.0
2024-04-05,119.9800033569336,122.1500015258789,119.63999938964844,121.37000274658203,112.01648712158203,21720600,0.0,0.0
2024-04-08,121.08000183105469,121.73999786376953,120.20999908447266,120.55000305175781,111.25967407226562,17513900,0.0,0.0
2024-04-09,121.0,121.6500015258789,120.33999633789062,121.18000030517578,111.84111785888672,14132300,0.0,0.0
2024-04-10,121.22000122070312,122.47000122070312,120.7300033569336,122.19999694824219,112.78250885009766,17409200,0.0,0.0
2024-04-11,122.69000244140625,122.69000244140625,120.33999633789062,121.79000091552734,112.40410614013672,17555900,0.0,0.0
2024-04-12,122.94999694824219,123.75,119.66999816894531,120.37000274658203,111.09354400634766,21556200,0.0,0.0
2024-04-15,121.08999633789062,121.69000244140625,119.44999694824219,119.68000030517578,110.45671844482422,15029500,0.0,0.0
2024-04-16,119.55999755859375,120.22000122070312,117.91999816894531,118.69000244140625,109.54302215576172,18082200,0.0,0.0
2024-04-17,118.55000305175781,119.3499984741211,117.12000274658203,118.62999725341797,109.4876480102539,14538600,0.0,0.0
2024-04-18,119.0,119.72000122070312,117.97000122070312,118.5199966430664,109.38611602783203,13821400,0.0,0.0
2024-04-19,119.16000366210938,120.93000030517578,118.94999694824219,119.87999725341797,110.64130401611328,21572400,0.0,0.0
2024-04-22,119.26000213623047,121.56999969482422,118.43000030517578,120.55999755859375,111.2688980102539,16340700,0.0,0.0
2024-04-23,120.0,121.05999755859375,119.44999694824219,121.02999877929688,111.70268249511719,13929800,0.0,0.0
2024-04-24,120.30000305175781,121.26000213623047,119.38999938964844,121.05000305175781,111.72115325927734,12101200,0.0,0.0
2024-04-25,121.02999877929688,121.76000213623047,119.4000015258789,121.33000183105469,111.97957611083984,16041000,0.0,0.0
2024-04-26,119.0,119.0999984741211,116.22000122070312,117.95999908447266,108.86927032470703,27289500,0.0,0.0
2024-04-29,117.76000213623047,120.05000305175781,117.76000213623047,119.63999938964844,110.4197998046875,17309900,0.0,0.0
2024-04-30,119.11000061035156,120.19999694824219,117.9800033569336,118.2699966430664,109.1553726196289,21083300,0.0,0.0
2024-05-01,118.27999877929688,118.47000122070312,115.66000366210938,116.02999877929688,107.08800506591797,27777700,0.0,0.0
2024-05-02,116.26000213623047,117.26000213623047,115.9000015258789,116.23999786376953,107.28182220458984,25513600,0.0,0.0
2024-05-03,116.0,116.06999969482422,114.12999725341797,116.0,107.06033325195312,28023300,0.0,0.0
2024-05-06,116.66999816894531,118.33999633789062,116.4000015258789,116.75,107.75252532958984,31401300,0.0,0.0
2024-05-07,117.27999877929688,117.58000183105469,115.93000030517578,116.16999816894531,107.21723175048828,30122000,0.0,0.0
2024-05-08,115.70999908447266,116.94999694824219,115.41000366210938,116.1500015258789,107.19877624511719,18957200,0.0,0.0
2024-05-09,116.19999694824219,118.52999877929688,116.19000244140625,118.44000244140625,109.3122787475586,17564000,0.0,0.0
2024-05-10,118.54000091552734,118.66000366210938,117.58000183105469,117.95999908447266,108.86927032470703,13648100,0.0,0.0
2024-05-13,118.41999816894531,119.04000091552734,117.12000274658203,117.91000366210938,108.82313537597656,15060600,0.0,0.0
2024-05-14,116.79000091552734,117.73999786376953,116.4800033569336,117.66999816894531,109.48373413085938,15079100,0.95,0.0
2024-05-15,117.61000061035156,118.83999633789062,116.08000183105469,118.58000183105469,110.33042907714844,18244300,0.0,0.0
2024-05-16,118.54000091552734,119.30000305175781,117.54000091552734,117.87000274658203,109.6698226928711,15745200,0.0,0.0
2024-05-17,118.30000305175781,119.83000183105469,117.95999908447266,119.63999938964844,111.31668090820312,15104500,0.0,0.0
2024-05-20,119.7300033569336,119.88999938964844,118.55000305175781,118.66999816894531,110.41416931152344,11551300,0.0,0.0
2024-05-21,118.4000015258789,119.44999694824219,117.77999877929688,117.8499984741211,109.65120697021484,14495000,0.0,0.0
2024-05-22,117.45999908447266,117.45999908447266,114.95999908447266,115.4800033569336,107.44610595703125,17879300,0.0,0.0
2024-05-23,115.5999984741211,117.51000213623047,113.36000061035156,113.51000213623047,105.61315155029297,15979800,0.0,0.0
2024-05-24,114.83999633789062,115.08000183105469,113.04000091552734,113.41999816894531,105.52941131591797,12212900,0.0,0.0
2024-05-28,113.5199966430664,115.11000061035156,113.06999969482422,114.86000061035156,106.86922454833984,13978300,0.0,0.0
2024-05-29,114.52999877929688,114.55000305175781,112.80999755859375,113.62999725341797,105.72479248046875,13902000,0.0,0.0
2024-05-30,113.2699966430664,114.12999725341797,112.95999908447266,113.98999786376953,106.05976104736328,14683700,0.0,0.0
2024-05-31,114.12000274658203,117.48999786376953,113.98999786376953,117.26000213623047,109.10226440429688,29037400,0.0,0.0
2024-06-03,116.30000305175781,116.36000061035156,113.76000213623047,114.44999694824219,106.48774719238281,19589300,0.0,0.0
2024-06-04,113.0,113.08999633789062,110.91999816894531,112.66999816894531,104.83158111572266,19412200,0.0,0.0
2024-06-05,112.88999938964844,113.19000244140625,111.4800033569336,113.12000274658203,105.25028228759766,14863500,0.0,0.0
2024-06-06,112.75,114.04000091552734,112.11000061035156,113.97000122070312,106.04114532470703,13154100,0.0,0.0
2024-06-07,113.79000091552734,114.9000015258789,112.66999816894531,112.75,104.906005859375,13289200,0.0,0.0
2024-06-10,113.05999755859375,114.22000122070312,112.69999694824219,113.08000183105469,105.21305084228516,15239700,0.0,0.0
2024-06-11,112.48999786376953,112.66999816894531,111.30999755859375,112.16999816894531,104.3663558959961,12462400,0.0,0.0
2024-06-12,113.30000305175781,113.30000305175781,110.54000091552734,110.93000030517578,103.21263122558594,13606800,0.0,0.0
2024-06-13,110.83999633789062,110.86000061035156,109.72000122070312,110.04000091552734,102.3845443725586,14466900,0.0,0.0
2024-06-14,110.0199966430664,110.20999908447266,108.58999633789062,109.11000061035156,101.51924896240234,13313400,0.0,0.0
2024-06-17,109.16999816894531,109.45999908447266,108.18000030517578,108.36000061035156,100.82142639160156,21147900,0.0,0.0
2024-06-18,109.02999877929688,110.72000122070312,108.80000305175781,109.37999725341797,101.77046966552734,17762900,0.0,0.0
2024-06-20,109.91000366210938,112.62000274658203,109.58999633789062,111.73999786376953,103.96627807617188,17433200,0.0,0.0
2024-06-21,111.9000015258789,112.69999694824219,110.76000213623047,110.76000213623047,103.05445861816406,52212500,0.0,0.0
2024-06-24,111.63999938964844,114.52999877929688,111.63999938964844,114.05000305175781,106.11558532714844,16266700,0.0,0.0
2024-06-25,114.11000061035156,114.55000305175781,113.45999908447266,114.37000274658203,106.41331481933594,14188900,0.0,0.0
2024-06-26,114.38999938964844,114.81999969482422,113.13999938964844,114.41000366210938,106.4505386352539,15771800,0.0,0.0
2024-06-27,114.98999786376953,114.98999786376953,114.11000061035156,114.9000015258789,106.90644073486328,16812700,0.0,0.0
2024-06-28,115.86000061035156,116.54000091552734,114.68000030517578,115.12000274658203,107.11114501953125,24565900,0.0,0.0
2024-07-01,115.70999908447266,116.73999786376953,114.52999877929688,114.95999908447266,106.96226501464844,11972900,0.0,0.0
2024-07-02,115.9000015258789,115.94000244140625,113.48999786376953,114.18000030517578,106.23652648925781,13326700,0.0,0.0
2024-07-03,114.2699966430664,115.66000366210938,114.2699966430664,114.76000213623047,106.77617645263672,7732900,0.0,0.0
2024-07-05,114.61000061035156,114.62999725341797,112.69000244140625,113.37000274658203,105.4828872680664,12631000,0.0,0.0
2024-07-08,112.38999938964844,113.55000305175781,111.41999816894531,112.18000030517578,104.37567138671875,13350500,0.0,0.0
2024-07-09,111.11000061035156,112.54000091552734,110.62000274658203,110.94000244140625,103.22193145751953,11727000,0.0,0.0
2024-07-10,110.91999816894531,111.95999908447266,110.41999816894531,111.91999816894531,104.1337661743164,10004100,0.0,0.0
2024-07-11,111.43000030517578,113.31999969482422,110.93000030517578,113.25,105.37123107910156,13082700,0.0,0.0
2024-07-12,113.98999786376953,114.1500015258789,112.62999725341797,113.2699966430664,105.38983917236328,11684900,0.0,0.0
2024-07-15,114.2699966430664,116.16000366210938,113.58000183105469,115.20999908447266,107.19486999511719,13032500,0.0,0.0
2024-07-16,114.3499984741211,116.3499984741211,113.70999908447266,116.04000091552734,107.96713256835938,13614100,0.0,0.0
2024-07-17,116.73999786376953,118.18000030517578,116.55000305175781,117.63999938964844,109.455810546875,13602800,0.0,0.0
2024-07-18,117.94999694824219,119.91999816894531,117.44000244140625,118.80000305175781,110.53511810302734,13033600,0.0,0.0
2024-07-19,118.58999633789062,118.87999725341797,115.87000274658203,116.06999969482422,107.99504852294922,16157700,0.0,0.0
2024-07-22,115.18000030517578,115.94000244140625,114.58000183105469,115.2699966430664,107.25069427490234,12065900,0.0,0.0
2024-07-23,114.80999755859375,115.16999816894531,113.16999816894531,113.41000366210938,105.5201187133789,11251700,0.0,0.0
2024-07-24,113.7699966430664,115.19999694824219,113.06999969482422,115.01000213623047,107.00879669189453,14925200,0.0,0.0
2024-07-25,115.16999816894531,118.02999877929688,114.55999755859375,117.43000030517578,109.26042938232422,17021700,0.0,0.0
2024-07-26,116.7699966430664,118.02999877929688,116.47000122070312,117.33000183105469,109.16739654541016,11252500,0.0,0.0
2024-07-29,117.31999969482422,117.38999938964844,115.37999725341797,116.0999984741211,108.02296447753906,8861800,0.0,0.0
2024-07-30,116.36000061035156,118.5999984741211,116.2300033569336,118.16999816894531,109.9489517211914,12483900,0.0,0.0
2024-07-31,119.63999938964844,119.76000213623047,118.55999755859375,118.58999633789062,110.3397216796875,15137700,0.0,0.0
2024-08-01,118.3499984741211,119.48999786376953,116.36000061035156,116.94999694824219,108.8138198852539,15051500,0.0,0.0
2024-08-02,115.97000122070312,118.87000274658203,115.41999816894531,116.87999725341797,108.74869537353516,20403800,0.0,0.0
2024-08-05,115.54000091552734,116.02999877929688,113.25,114.7699966430664,106.78547668457031,18025900,0.0,0.0
2024-08-06,114.44999694824219,115.62999725341797,113.62999725341797,114.16000366210938,106.21792602539062,13647800,0.0,0.0
2024-08-07,115.44999694824219,117.12000274658203,115.26000213623047,115.68000030517578,107.6321792602539,13660700,0.0,0.0
2024-08-08,116.08000183105469,118.11000061035156,115.7300033569336,117.88999938964844,109.68843078613281,13851000,0.0,0.0
2024-08-09,117.88999938964844,119.30999755859375,117.36000061035156,118.8499984741211,110.5816421508789,12151900,0.0,0.0
2024-08-12,119.55000305175781,120.16999816894531,118.0199966430664,119.0,110.72119903564453,13228900,0.0,0.0
2024-08-13,118.27999877929688,118.51000213623047,117.5,117.86000061035156,109.6605224609375,11585100,0.0,0.0
2024-08-14,118.0999984741211,119.9000015258789,117.62999725341797,118.94999694824219,110.6746826171875,12194500,0.0,0.0
2024-08-15,118.25,119.62999725341797,118.12000274658203,118.7300033569336,111.35938262939453,11579400,0.95,0.0
2024-08-16,117.98999786376953,118.4800033569336,117.66000366210938,118.16999816894531,110.8341293334961,10056000,0.0,0.0
2024-08-19,118.4000015258789,120.5,118.16999816894531,118.52999877929688,111.17178344726562,12417500,0.0,0.0
2024-08-20,118.6500015258789,118.6500015258789,114.51000213623047,114.58000183105469,107.46699523925781,15632000,0.0,0.0
2024-08-21,115.01000213623047,115.56999969482422,113.76000213623047,113.8499984741211,106.78230285644531,11752400,0.0,0.0
2024-08-22,113.77999877929688,115.01000213623047,113.63999938964844,114.7300033569336,107.60768127441406,10609500,0.0,0.0
2024-08-23,115.02999877929688,116.72000122070312,115.02999877929688,116.31999969482422,109.0989761352539,10381400,0.0,0.0
2024-08-26,117.76000213623047,118.94000244140625,116.91999816894531,118.80999755859375,111.43439483642578,13671000,0.0,0.0
2024-08-27,118.95999908447266,119.41000366210938,117.4000015258789,117.68000030517578,110.37455749511719,9991600,0.0,0.0
2024-08-28,117.0,117.58000183105469,116.26000213623047,116.5199966430664,109.28656005859375,10742900,0.0,0.0
2024-08-29,117.19999694824219,118.79000091552734,116.3499984741211,118.12999725341797,110.7966079711914,10753900,0.0,0.0
2024-08-30,116.79000091552734,118.0199966430664,116.29000091552734,117.94000244140625,110.61841583251953,13284700,0.0,0.0
2024-09-03,115.83999633789062,116.08999633789062,114.04000091552734,115.47000122070312,108.30174255371094,15725100,0.0,0.0
2024-09-04,115.29000091552734,116.1500015258789,113.9800033569336,114.05999755859375,106.97926330566406,12620600,0.0,0.0
2024-09-05,115.06999969482422,115.27999877929688,113.06999969482422,113.16999816894531,106.14452362060547,17200800,0.0,0.0
2024-09-06,113.58999633789062,114.18000030517578,111.7300033569336,112.63999938964844,105.64741516113281,13467700,0.0,0.0
2024-09-09,112.87000274658203,116.1500015258789,112.66000366210938,115.01000213623047,107.87030029296875,21645300,0.0,0.0
2024-09-10,115.0999984741211,115.4000015258789,110.16999816894531,110.81999969482422,103.9404067993164,20913400,0.0,0.0
2024-09-11,110.77999877929688,110.94999694824219,107.7699966430664,109.72000122070312,102.90869903564453,19571900,0.0,0.0
2024-09-12,109.9000015258789,111.33000183105469,109.76000213623047,111.2300033569336,104.32495880126953,15919500,0.0,0.0
2024-09-13,111.47000122070312,112.47000122070312,110.93000030517578,111.1500015258789,104.24993133544922,10035400,0.0,0.0
2024-09-16,112.05000305175781,113.08999633789062,111.69000244140625,112.70999908447266,105.71308135986328,11729000,0.0,0.0
2024-09-17,112.31999969482422,114.37000274658203,112.12000274658203,114.18000030517578,107.0918197631836,12202600,0.0,0.0
2024-09-18,114.11000061035156,115.62999725341797,113.80999755859375,114.58000183105469,107.46699523925781,12569900,0.0,0.0
2024-09-19,116.16000366210938,117.58000183105469,115.19000244140625,116.0,108.79883575439453,12660600,0.0,0.0
2024-09-20,115.45999908447266,115.51000213623047,114.25,115.2699966430664,108.11415100097656,36206200,0.0,0.0
2024-09-23,115.33000183105469,117.79000091552734,115.12000274658203,117.36000061035156,110.07442474365234,16066300,0.0,0.0
2024-09-24,117.83999633789062,118.16000366210938,116.83000183105469,117.05000305175781,109.7836685180664,11984900,0.0,0.0
2024-09-25,116.48999786376953,117.05000305175781,114.04000091552734,114.7699966430664,107.64519500732422,13816000,0.0,0.0
2024-09-26,111.13999938964844,113.4800033569336,111.13999938964844,112.80000305175781,105.79749298095703,16887900,0.0,0.0
2024-09-27,113.76000213623047,116.08999633789062,113.25,115.81999969482422,108.63002014160156,15964000,0.0,0.0
2024-09-30,115.45999908447266,117.38999938964844,114.95999908447266,117.22000122070312,109.94310760498047,13247600,0.0,0.0
2024-10-01,116.04000091552734,120.5999984741211,115.93000030517578,119.93000030517578,112.48487091064453,23235900,0.0,0.0
2024-10-02,121.93000030517578,122.81999969482422,120.19999694824219,121.5199966430664,113.97616577148438,17129700,0.0,0.0
2024-10-03,121.9000015258789,123.16999816894531,120.93000030517578,122.58000183105469,114.9703598022461,16524300,0.0,0.0
2024-10-04,123.19999694824219,125.19000244140625,122.43000030517578,124.83000183105469,117.0806884765625,19752300,0.0,0.0
2024-10-07,125.25,126.33999633789062,124.86000061035156,125.37000274658203,117.587158203125,15714400,0.0,0.0
2024-10-08,123.87999725341797,124.0199966430664,121.26000213623047,122.04000091552734,114.4638900756836,14818500,0.0,0.0
2024-10-09,120.9000015258789,122.58000183105469,120.80000305175781,122.08999633789062,114.5107650756836,11144900,0.0,0.0
2024-10-10,123.16000366210938,123.69999694824219,122.29000091552734,123.13999938964844,115.49559020996094,10243300,0.0,0.0
2024-10-11,123.0999984741211,124.02999877929688,122.94000244140625,123.61000061035156,115.9364242553711,8294800,0.0,0.0
2024-10-14,123.23999786376953,124.26000213623047,122.62000274658203,124.08000183105469,116.37725067138672,9808100,0.0,0.0
2024-10-15,120.81999969482422,121.94999694824219,119.77999877929688,120.3499984741211,112.87879943847656,15771300,0.0,0.0
2024-10-16,120.88999938964844,121.44000244140625,120.5999984741211,120.66000366210938,113.1695556640625,8426800,0.0,0.0
2024-10-17,120.76000213623047,121.58000183105469,119.70999908447266,120.3499984741211,112.87879943847656,11204900,0.0,0.0
2024-10-18,120.44000244140625,120.63999938964844,119.1500015258789,120.01000213623047,112.55990600585938,12898600,0.0,0.0
2024-10-21,120.9800033569336,121.4800033569336,119.72000122070312,120.08000183105469,112.62555694580078,10177800,0.0,0.0
2024-10-22,120.26000213623047,121.19000244140625,119.94000244140625,120.69999694824219,113.20707702636719,9201400,0.0,0.0
2024-10-23,119.97000122070312,120.75,119.4000015258789,120.2699966430664,112.80375671386719,8320300,0.0,0.0
2024-10-24,120.0,120.44000244140625,119.12999725341797,119.58999633789062,112.16596984863281,9905600,0.0,0.0
2024-10-25,120.19999694824219,120.43000030517578,119.31999969482422,119.48999786376953,112.07218933105469,10714600,0.0,0.0
2024-10-28,116.79000091552734,119.01000213623047,116.7699966430664,118.9000015258789,111.51880645751953,11844500,0.0,0.0
2024-10-29,118.58000183105469,119.16999816894531,117.06999969482422,117.27999877929688,109.9993896484375,14731000,0.0,0.0
2024-10-30,117.66000366210938,118.2699966430664,116.4800033569336,116.69000244140625,109.44601440429688,12303700,0.0,0.0
2024-10-31,117.1500015258789,118.66999816894531,116.68000030517578,116.77999877929688,109.5304183959961,20512000,0.0,0.0
2024-11-01,119.93000030517578,119.94999694824219,114.83999633789062,114.94999694824219,107.81401824951172,20939300,0.0,0.0
2024-11-04,116.06999969482422,118.69999694824219,115.93000030517578,118.61000061035156,111.24681854248047,14965400,0.0,0.0
2024-11-05,119.08000183105469,119.20999908447266,118.01000213623047,118.95999908447266,111.5750961303711,10436700,0.0,0.0
2024-11-06,121.1500015258789,121.91000366210938,119.30000305175781,121.0,113.48844146728516,20807700,0.0,0.0
2024-11-07,121.30000305175781,121.5,119.61000061035156,121.1500015258789,113.62914276123047,12184400,0.0,0.0
2024-11-08,120.9800033569336,121.41999816894531,119.66000366210938,121.11000061035156,113.59160614013672,12836000,0.0,0.0
2024-11-11,121.0,121.62000274658203,120.06999969482422,120.47000122070312,112.99134826660156,11969700,0.0,0.0
2024-11-12,121.12999725341797,121.30999755859375,119.83999633789062,120.3499984741211,112.87879943847656,11972800,0.0,0.0
2024-11-13,120.56999969482422,122.05000305175781,118.80000305175781,121.47000122070312,113.92926788330078,15127900,0.0,0.0
2024-11-14,121.66000366210938,121.87999725341797,120.33000183105469,120.55999755859375,114.00491333007812,13041800,0.99,0.0
2024-11-15,120.4000015258789,121.23999786376953,119.12999725341797,119.30999755859375,112.82289123535156,19051700,0.0,0.0
2024-11-18,119.79000091552734,120.62000274658203,119.2699966430664,120.30999755859375,113.76850891113281,14239700,0.0,0.0
2024-11-19,119.75,119.75,118.19999694824219,118.62999725341797,112.17985534667969,11584400,0.0,0.0
2024-11-20,119.16999816894531,120.47000122070312,118.63999938964844,120.31999969482422,113.77796936035156,11360900,0.0,0.0
2024-11-21,121.08000183105469,122.55000305175781,120.2699966430664,121.93000030517578,115.30042266845703,14675400,0.0,0.0
2024-11-22,121.81999969482422,123.20999908447266,121.63999938964844,121.79000091552734,115.16804504394531,13323400,0.0,0.0
2024-11-25,121.43000030517578,121.87999725341797,119.61000061035156,119.97000122070312,113.44700622558594,26580300,0.0,0.0
2024-11-26,119.52999877929688,119.68000030517578,117.8499984741211,117.97000122070312,111.55574035644531,14827300,0.0,0.0
2024-11-27,118.08999633789062,118.7300033569336,117.43000030517578,117.66000366210938,111.26260375976562,11079100,0.0,0.0
2024-11-29,117.44000244140625,118.5,116.94999694824219,117.95999908447266,111.5462875366211,9426500,0.0,0.0
2024-12-02,118.05000305175781,118.19999694824219,116.81999969482422,117.8499984741211,111.44227600097656,12687300,0.0,0.0
2024-12-03,118.72000122070312,118.72000122070312,117.26000213623047,117.66999816894531,111.27204895019531,11756600,0.0,0.0
2024-12-04,117.5,117.55000305175781,113.86000061035156,114.27999877929688,108.06637573242188,19520600,0.0,0.0
2024-12-05,114.70999908447266,115.62000274658203,114.05999755859375,114.77999877929688,108.53919219970703,15751200,0.0,0.0
2024-12-06,114.54000091552734,114.7699966430664,113.5,113.56999969482422,107.39498138427734,16171100,0.0,0.0
2024-12-09,114.63999938964844,114.94000244140625,112.75,112.9000015258789,106.76140594482422,17412600,0.0,0.0
2024-12-10,113.58999633789062,113.87999725341797,111.75,112.66999816894531,106.54391479492188,20990900,0.0,0.0
2024-12-11,112.0,112.38999938964844,111.11000061035156,111.91999816894531,105.8346939086914,32392200,0.0,0.0
2024-12-12,111.58999633789062,112.37999725341797,110.77999877929688,111.81999969482422,105.74012756347656,14543300,0.0,0.0
2024-12-13,111.9000015258789,111.9000015258789,110.25,110.83999633789062,104.81340026855469,13106100,0.0,0.0
2024-12-16,110.19999694824219,110.4000015258789,108.16000366210938,108.47000122070312,102.57227325439453,20256100,0.0,0.0
2024-12-17,107.23999786376953,108.16999816894531,106.79000091552734,108.01000213623047,102.13729858398438,17554000,0.0,0.0
2024-12-18,107.56999969482422,108.83000183105469,106.30999755859375,106.41999816894531,100.63373565673828,17114500,0.0,0.0
2024-12-19,107.38999938964844,107.66999816894531,105.20999908447266,105.51000213623047,99.77323150634766,20565600,0.0,0.0
2024-12-20,105.44999694824219,106.13999938964844,104.83999633789062,105.87000274658203,100.11363983154297,40141200,0.0,0.0
2024-12-23,105.30999755859375,106.5999984741211,104.91999816894531,106.30000305175781,100.52025604248047,12285100,0.0,0.0
2024-12-24,106.5199966430664,107.19000244140625,105.69999694824219,106.4000015258789,100.61481475830078,7807000,0.0,0.0
2024-12-26,106.5199966430664,107.02999877929688,105.94000244140625,106.48999786376953,100.6999282836914,9652400,0.0,0.0
2024-12-27,106.30000305175781,107.98999786376953,105.7699966430664,106.4800033569336,100.69049072265625,11943900,0.0,0.0
2024-12-30,106.30000305175781,106.55999755859375,105.51000213623047,105.76000213623047,100.00962829589844,11080800,0.0,0.0
2024-12-31,106.16999816894531,107.9000015258789,105.77999877929688,107.56999969482422,101.72120666503906,12387800,0.0,0.0
2025-01-02,108.27999877929688,109.0,106.87999725341797,107.30999755859375,101.47535705566406,12685400,0.0,0.0
2025-01-03,108.0,108.48999786376953,107.45999908447266,107.86000061035156,101.99544525146484,14237900,0.0,0.0
2025-01-06,108.23999786376953,109.77999877929688,107.5199966430664,107.73999786376953,101.88196563720703,15623700,0.0,0.0
2025-01-07,108.94000244140625,110.05999755859375,108.27999877929688,108.75,102.8370590209961,12625900,0.0,0.0
2025-01-08,107.30999755859375,107.70999908447266,106.01000213623047,106.93000030517578,101.11601257324219,17858100,0.0,0.0
2025-01-10,108.69999694824219,110.0999984741211,105.77999877929688,106.54000091552734,100.74722290039062,19304500,0.0,0.0
2025-01-13,107.12999725341797,109.62999725341797,107.12999725341797,109.29000091552734,103.34770202636719,17073400,0.0,0.0
2025-01-14,108.79000091552734,109.76000213623047,107.83000183105469,109.72000122070312,103.75431823730469,11191200,0.0,0.0
2025-01-15,110.05000305175781,111.7300033569336,109.47000122070312,111.51000213623047,105.44699096679688,14521100,0.0,0.0
2025-01-16,111.19000244140625,111.69000244140625,110.55000305175781,111.31999969482422,105.2673110961914,10366600,0.0,0.0
2025-01-17,111.02999877929688,112.87000274658203,110.81999969482422,112.31999969482422,106.21294403076172,19298500,0.0,0.0
2025-01-21,112.05000305175781,112.18000030517578,111.12999725341797,111.47000122070312,105.40916442871094,20416300,0.0,0.0
2025-01-22,111.19999694824219,111.56999969482422,109.4000015258789,109.52999877929688,103.57463836669922,15718000,0.0,0.0
2025-01-23,110.30999755859375,111.13999938964844,109.61000061035156,110.1500015258789,104.16094207763672,13726800,0.0,0.0
2025-01-24,110.23999786376953,110.70999908447266,108.41000366210938,108.66000366210938,102.75194549560547,14235900,0.0,0.0
2025-01-27,109.01000213623047,110.44999694824219,108.38999938964844,110.16999816894531,104.17984771728516,15926700,0.0,0.0
2025-01-28,110.41000366210938,110.87000274658203,107.79000091552734,108.04000091552734,102.1656723022461,15862000,0.0,0.0
2025-01-29,107.70999908447266,108.77999877929688,107.47000122070312,108.66999816894531,102.76140594482422,12345500,0.0,0.0
2025-01-30,109.23999786376953,109.8499984741211,108.69999694824219,109.56999969482422,103.61246490478516,14346300,0.0,0.0
2025-01-31,110.55000305175781,110.55000305175781,106.0999984741211,106.83000183105469,101.02145385742188,20376500,0.0,0.0
2025-02-03,106.63999938964844,107.30000305175781,105.31999969482422,107.08999633789062,101.26731872558594,14623200,0.0,0.0
2025-02-04,106.70999908447266,110.27999877929688,106.52999877929688,109.95999908447266,103.98125457763672,14835700,0.0,0.0
2025-02-05,109.73999786376953,110.01000213623047,109.0999984741211,109.87999725341797,103.9056167602539,13364400,0.0,0.0
2025-02-06,110.7699966430664,111.05000305175781,107.98999786376953,108.43000030517578,102.5344467163086,13411400,0.0,0.0
2025-02-07,108.77999877929688,109.7300033569336,108.31999969482422,108.88999938964844,102.96943664550781,10051600,0.0,0.0
2025-02-10,110.01000213623047,111.02999877929688,109.87999725341797,110.97000122070312,104.93634796142578,12142200,0.0,0.0
2025-02-11,111.5999984741211,112.51000213623047,110.81999969482422,111.66999816894531,105.59828186035156,12713100,0.0,0.0
2025-02-12,110.05000305175781,110.2300033569336,107.18000030517578,107.3499984741211,102.42117309570312,18244100,0.99,0.0
2025-02-13,107.1500015258789,108.41000366210938,106.5199966430664,108.12999725341797,103.16536712646484,15460000,0.0,0.0
2025-02-14,108.5199966430664,110.2300033569336,108.0999984741211,108.23999786376953,103.27032470703125,15733500,0.0,0.0
2025-02-18,108.62999725341797,110.98999786376953,108.31999969482422,110.13999938964844,105.08307647705078,20060300,0.0,0.0
2025-02-19,110.76000213623047,112.12999725341797,110.05999755859375,110.30000305175781,105.23573303222656,10964700,0.0,0.0
2025-02-20,110.56999969482422,112.41999816894531,109.94999694824219,112.0,106.8576889038086,16325800,0.0,0.0
2025-02-21,111.31999969482422,111.8499984741211,110.55999755859375,110.69000244140625,105.60784149169922,14710000,0.0,0.0
2025-02-24,110.93000030517578,111.86000061035156,110.31999969482422,111.2699966430664,106.16119384765625,13153500,0.0,0.0
2025-02-25,111.30000305175781,112.12999725341797,108.88999938964844,109.7300033569336,104.69190979003906,14497000,0.0,0.0
2025-02-26,109.73999786376953,109.87000274658203,108.5199966430664,109.45999908447266,104.43429565429688,10446400,0.0,0.0
2025-02-27,110.01000213623047,111.29000091552734,109.27999877929688,110.1500015258789,105.09262084960938,15293200,0.0,0.0
2025-02-28,110.11000061035156,111.58000183105469,109.33999633789062,111.33000183105469,106.21844482421875,18821700,0.0,0.0
2025-03-03,111.69999694824219,112.16000366210938,106.51000213623047,107.76000213623047,102.81236267089844,18706900,0.0,0.0
2025-03-04,106.36000061035156,108.95999908447266,105.94000244140625,107.54000091552734,102.60245513916016,19394900,0.0,0.0
2025-03-05,105.83999633789062,106.33000183105469,103.66999816894531,105.44000244140625,100.598876953125,24822200,0.0,0.0
2025-03-06,105.43000030517578,108.11000061035156,104.36000061035156,107.62000274658203,102.67878723144531,17150200,0.0,0.0
2025-03-07,108.41000366210938,110.4000015258789,108.30000305175781,109.0199966430664,104.01451110839844,19625000,0.0,0.0
2025-03-10,109.27999877929688,112.56999969482422,109.08000183105469,111.80000305175781,106.6668701171875,22749100,0.0,0.0
2025-03-11,111.91999816894531,112.0999984741211,108.79000091552734,109.16000366210938,104.14807891845703,19904700,0.0,0.0
2025-03-12,109.05000305175781,110.12999725341797,108.41999816894531,109.12999725341797,104.11945343017578,14051500,0.0,0.0
2025-03-13,108.33000183105469,110.81999969482422,107.62999725341797,108.66999816894531,103.68058013916016,17767800,0.0,0.0
2025-03-14,108.94000244140625,112.18000030517578,108.30999755859375,111.9000015258789,106.76227569580078,15890100,0.0,0.0
2025-03-17,111.80000305175781,114.5,111.7300033569336,113.76000213623047,108.53688049316406,19908800,0.0,0.0
2025-03-18,114.08999633789062,114.54000091552734,112.56999969482422,113.63999938964844,108.42237854003906,15998700,0.0,0.0
2025-03-19,114.19999694824219,115.81999969482422,113.83000183105469,115.41000366210938,110.11111450195312,17315000,0.0,0.0
2025-03-20,114.72000122070312,116.47000122070312,114.20999908447266,115.9000015258789,110.57861328125,16230800,0.0,0.0
2025-03-21,115.5,115.98999786376953,114.3499984741211,115.5,110.19698333740234,41102800,0.0,0.0
2025-03-24,115.68000030517578,116.91000366210938,115.58000183105469,115.80000305175781,110.48321533203125,14207500,0.0,0.0
2025-03-25,116.43000030517578,117.63999938964844,115.95999908447266,116.58999633789062,111.23693084716797,12081800,0.0,0.0
2025-03-26,117.68000030517578,119.18000030517578,117.68000030517578,118.2699966430664,112.83979797363281,14110800,0.0,0.0
2025-03-27,118.0999984741211,119.06999969482422,117.26000213623047,117.88999938964844,112.47724151611328,12740800,0.0,0.0
2025-03-28,118.0999984741211,118.45999908447266,117.23999786376953,117.7300033569336,112.32459259033203,10233400,0.0,0.0
2025-03-31,117.79000091552734,119.91000366210938,117.79000091552734,118.93000030517578,113.4695053100586,21652300,0.0,0.0
2025-04-01,119.22000122070312,119.27999877929688,117.93000030517578,119.04000091552734,113.57445526123047,12425400,0.0,0.0
2025-04-02,118.38999938964844,118.83999633789062,117.66000366210938,118.66999816894531,113.221435546875,12614600,0.0,0.0
2025-04-03,114.37000274658203,115.44999694824219,112.2300033569336,112.43000030517578,107.2679443359375,21204600,0.0,0.0
2025-04-04,109.87000274658203,110.83000183105469,103.83000183105469,104.33999633789062,99.54937744140625,30841300,0.0,0.0
2025-04-07,100.38999938964844,105.80000305175781,98.45999908447266,102.94000244140625,98.21366882324219,35068500,0.0,0.0
2025-04-08,105.45999908447266,105.5999984741211,99.01000213623047,100.7699966430664,96.1432876586914,27147800,0.0,0.0
2025-04-09,99.37000274658203,106.58000183105469,98.12999725341797,105.80000305175781,100.94234466552734,30063300,0.0,0.0
2025-04-10,103.70999908447266,103.77999877929688,97.80000305175781,99.93000030517578,95.34186553955078,33999300,0.0,0.0
2025-04-11,100.30000305175781,103.93000030517578,98.79000091552734,103.13999938964844,98.40447998046875,22884600,0.0,0.0
2025-04-14,105.02999877929688,105.08999633789062,102.72000122070312,103.38999938964844,98.64299011230469,18020000,0.0,0.0
2025-04-15,103.63999938964844,105.41000366210938,103.0,103.0999984741211,98.3663101196289,13164900,0.0,0.0
2025-04-16,103.94999694824219,105.58999633789062,103.69999694824219,104.19000244140625,99.4062728881836,13607000,0.0,0.0
2025-04-17,104.69000244140625,108.55000305175781,104.45999908447266,106.91999816894531,102.01091003417969,17916500,0.0,0.0
2025-04-21,105.61000061035156,105.62999725341797,104.12000274658203,105.3499984741211,100.51300048828125,16926500,0.0,0.0
2025-04-22,106.13999938964844,108.94000244140625,106.13999938964844,108.30000305175781,103.32757568359375,13147000,0.0,0.0
2025-04-23,108.80999755859375,109.30000305175781,106.47000122070312,107.37000274658203,102.44026184082031,14235700,0.0,0.0
2025-04-24,107.97000122070312,108.87999725341797,106.95999908447266,108.62999725341797,103.64241027832031,9849600,0.0,0.0
2025-04-25,108.13999938964844,108.76000213623047,107.41999816894531,108.56999969482422,103.58517456054688,11245800,0.0,0.0
2025-04-28,108.75,109.25,107.68000030517578,108.62999725341797,103.64241027832031,13890900,0.0,0.0
2025-04-29,107.73999786376953,108.83000183105469,107.5199966430664,108.36000061035156,103.38481140136719,9483100,0.0,0.0
2025-04-30,107.41999816894531,107.41999816894531,104.1500015258789,105.62999725341797,100.7801513671875,20379300,0.0,0.0
2025-05-01,105.0999984741211,106.91999816894531,104.9800033569336,105.77999877929688,100.92326354980469,18610300,0.0,0.0
2025-05-02,107.72000122070312,109.0,104.55000305175781,106.20999908447266,101.33352661132812,16581900,0.0,0.0
2025-05-05,104.6500015258789,104.66000366210938,103.06999969482422,103.2699966430664,98.52850341796875,19624000,0.0,0.0
2025-05-06,103.88999938964844,105.9800033569336,103.4800033569336,104.70999908447266,99.90239715576172,16303400,0.0,0.0
2025-05-07,104.98999786376953,105.29000091552734,104.06999969482422,104.61000061035156,99.8069839477539,12332200,0.0,0.0
2025-05-08,105.33999633789062,107.38999938964844,105.33999633789062,106.06999969482422,101.19994354248047,19196500,0.0,0.0
2025-05-09,107.13999938964844,107.75,106.37999725341797,107.30999755859375,102.38301086425781,10992100,0.0,0.0
2025-05-12,110.2699966430664,110.44000244140625,108.31999969482422,109.16000366210938,104.14807891845703,14244600,0.0,0.0
2025-05-13,109.31999969482422,110.51000213623047,109.0199966430664,109.45999908447266,104.43429565429688,13350800,0.0,0.0
2025-05-14,108.86000061035156,108.86000061035156,107.93000030517578,108.4800033569336,103.49930572509766,15494900,0.0,0.0
2025-05-15,106.48999786376953,108.6500015258789,105.97000122070312,108.58000183105469,104.54883575439453,15004300,0.99,0.0
2025-05-16,108.6500015258789,108.88999938964844,107.44999694824219,108.19000244140625,104.17330932617188,14042500,0.0,0.0
2025-05-19,107.56999969482422,107.56999969482422,105.72000122070312,106.47000122070312,102.51717376708984,16802700,0.0,0.0
2025-05-20,106.38999938964844,106.72000122070312,104.77999877929688,104.94999694824219,101.05359649658203,12429300,0.0,0.0
2025-05-21,104.52999877929688,104.97000122070312,103.63999938964844,103.66000366210938,99.8115005493164,16716100,0.0,0.0
2025-05-22,103.05999755859375,103.47000122070312,101.88999938964844,102.97000122070312,99.1471176147461,13417400,0.0,0.0
2025-05-23,102.5999984741211,103.47000122070312,102.06999969482422,103.02999877929688,99.20487976074219,12061600,0.0,0.0
2025-05-27,103.48999786376953,103.86000061035156,102.9000015258789,103.5199966430664,99.67667388916016,13043600,0.0,0.0
2025-05-28,104.29000091552734,104.43000030517578,101.79000091552734,102.11000061035156,98.31904602050781,14292400,0.0,0.0
2025-05-29,102.27999877929688,102.8499984741211,101.75,102.69000244140625,98.87751770019531,13825300,0.0,0.0
2025-05-30,102.16000366210938,102.38999938964844,101.19000244140625,102.30000305175781,98.50198364257812,28645800,0.0,0.0
2025-06-02,103.75,103.8499984741211,102.22000122070312,103.05000305175781,99.2241439819336,17290500,0.0,0.0
2025-06-03,102.9000015258789,104.66000366210938,102.20999908447266,103.80000305175781,99.94630432128906,19194300,0.0,0.0
2025-06-04,103.91999816894531,104.91999816894531,102.30000305175781,102.30000305175781,98.50198364257812,15648500,0.0,0.0
2025-06-05,102.9800033569336,103.05000305175781,101.7300033569336,101.83000183105469,98.0494384765625,13924800,0.0,0.0
2025-06-06,102.76000213623047,104.5,102.68000030517578,104.2699966430664,100.39883422851562,15487800,0.0,0.0
2025-06-09,104.33000183105469,105.8499984741211,103.83000183105469,104.97000122070312,101.07286834716797,17087300,0.0,0.0
2025-06-10,106.08000183105469,107.6500015258789,105.93000030517578,107.22000122070312,103.23932647705078,17634800,0.0,0.0
2025-06-11,107.76000213623047,109.38999938964844,106.45999908447266,109.30999755859375,105.25172424316406,22648200,0.0,0.0
2025-06-12,108.91999816894531,110.19000244140625,108.22000122070312,109.7300033569336,105.65613555908203,17469400,0.0,0.0
2025-06-13,112.3499984741211,112.52999877929688,110.68000030517578,112.12000274658203,107.95740509033203,28540200,0.0,0.0
2025-06-16,111.81999969482422,113.16000366210938,111.12999725341797,112.4800033569336,108.30403900146484,22986100,0.0,0.0
2025-06-17,113.94999694824219,114.93000030517578,113.11000061035156,114.0,109.76760864257812,19451700,0.0,0.0
2025-06-18,114.61000061035156,115.23999786376953,112.94000244140625,113.19000244140625,108.98768615722656,17968900,0.0,0.0
2025-06-20,113.44999694824219,115.04000091552734,113.18000030517578,114.69999694824219,110.44161987304688,36273300,0.0,0.0
2025-06-23,116.69999694824219,116.94999694824219,111.16000366210938,111.73999786376953,107.59150695800781,26631100,0.0,0.0
2025-06-24,109.25,110.94000244140625,107.91000366210938,108.33999633789062,104.31773376464844,24828300,0.0,0.0
2025-06-25,108.11000061035156,109.23999786376953,107.69999694824219,108.37000274658203,104.34663391113281,17483200,0.0,0.0
2025-06-26,108.94000244140625,110.44000244140625,108.55000305175781,109.98999786376953,105.90647888183594,18304800,0.0,0.0
2025-06-27,109.94000244140625,110.0999984741211,108.37000274658203,109.37999725341797,105.31912994384766,22002100,0.0,0.0
2025-06-30,108.63999938964844,108.83999633789062,107.72000122070312,107.80000305175781,103.79779052734375,19199000,0.0,0.0
2025-07-01,108.12999725341797,109.63999938964844,107.1500015258789,109.23999786376953,105.18431854248047,15536900,0.0,0.0
2025-07-02,110.0,111.36000061035156,108.83000183105469,111.05000305175781,106.92713165283203,11892200,0.0,0.0
2025-07-03,110.86000061035156,112.47000122070312,110.62000274658203,112.19999694824219,108.03443145751953,11223600,0.0,0.0
2025-07-07,111.54000091552734,112.05000305175781,110.22000122070312,111.11000061035156,106.98490905761719,15415900,0.0,0.0
2025-07-08,110.88999938964844,114.45999908447266,110.8499984741211,114.19000244140625,109.95055389404297,17913400,0.0,0.0
2025-07-09,113.91999816894531,114.2699966430664,113.2699966430664,113.80000305175781,109.57504272460938,10652100,0.0,0.0
2025-07-10,113.70999908447266,115.2699966430664,113.06999969482422,114.93000030517578,110.6630859375,14901700,0.0,0.0
2025-07-11,114.8499984741211,115.76000213623047,114.51000213623047,115.43000030517578,111.14451599121094,11683900,0.0,0.0
2025-07-14,115.2300033569336,115.2300033569336,113.22000122070312,113.91999816894531,109.69056701660156,13220300,0.0,0.0
2025-07-15,113.66000366210938,114.05999755859375,112.5999984741211,112.91000366210938,108.71807861328125,10959300,0.0,0.0
2025-07-16,112.87999725341797,113.5,112.0999984741211,112.2300033569336,108.06332397460938,11158900,0.0,0.0
2025-07-17,111.48999786376953,112.2300033569336,111.08999633789062,111.66000366210938,107.51448822021484,13151400,0.0,0.0
2025-07-18,111.11000061035156,111.7300033569336,107.33999633789062,107.7699966430664,103.76890563964844,32366600,0.0,0.0
2025-07-21,107.5999984741211,108.7699966430664,107.44000244140625,108.05000305175781,104.03851318359375,17010400,0.0,0.0
2025-07-22,107.9800033569336,109.44000244140625,107.61000061035156,108.54000091552734,104.51032257080078,13970900,0.0,0.0
2025-07-23,108.93000030517578,110.0,108.8499984741211,109.93000030517578,105.84871673583984,12002700,0.0,0.0
2025-07-24,109.66000366210938,110.94999694824219,109.12999725341797,110.79000091552734,106.6767807006836,15647200,0.0,0.0
2025-07-25,110.7300033569336,110.9800033569336,109.69999694824219,110.4000015258789,106.30126190185547,10548900,0.0,0.0
2025-07-28,111.0,112.11000061035156,110.83999633789062,111.44000244140625,107.30265808105469,12353000,0.0,0.0
2025-07-29,111.9000015258789,113.0,111.41000366210938,112.87999725341797,108.6891860961914,15928000,0.0,0.0
2025-07-30,112.41000366210938,112.61000061035156,111.26000213623047,111.9000015258789,107.74557495117188,12996900,0.0,0.0
2025-07-31,110.36000061035156,112.5,110.36000061035156,111.63999938964844,107.49523162841797,17233700,0.0,0.0
2025-08-01,112.0,112.54000091552734,108.86000061035156,109.63999938964844,105.56947326660156,19652000,0.0,0.0
2025-08-04,109.22000122070312,109.91999816894531,107.08999633789062,107.37000274658203,103.38375854492188,19129500,0.0,0.0
2025-08-05,107.22000122070312,107.81999969482422,106.06999969482422,107.23999786376953,103.25858306884766,21314300,0.0,0.0
2025-08-06,108.30999755859375,109.05000305175781,106.37000274658203,106.51000213623047,102.5556869506836,15321800,0.0,0.0
2025-08-07,107.13999938964844,108.05999755859375,105.88999938964844,105.94999694824219,102.01646423339844,13468300,0.0,0.0
2025-08-08,106.5,107.51000213623047,105.94999694824219,106.80000305175781,102.83493041992188,14417700,0.0,0.0
2025-08-11,107.11000061035156,107.52999877929688,105.52999877929688,105.83000183105469,101.90092468261719,13570700,0.0,0.0
2025-08-12,106.33999633789062,107.27999877929688,105.77999877929688,106.12999725341797,102.18978118896484,14109400,0.0,0.0
2025-08-13,106.0,107.5999984741211,105.73999786376953,107.5999984741211,103.60521697998047,17958700,0.0,0.0
2025-08-14,107.55000305175781,107.58999633789062,106.44000244140625,107.37999725341797,103.39337158203125,13683500,0.0,0.0
2025-08-15,106.19000244140625,107.55999755859375,105.94999694824219,106.48999786376953,103.49056243896484,19271900,0.99,0.0
2025-08-18,106.0999984741211,107.2300033569336,105.66999816894531,106.72000122070312,103.7140884399414,13040000,0.0,0.0
2025-08-19,106.19999694824219,107.45999908447266,106.1500015258789,107.41999816894531,104.39437103271484,16113600,0.0,0.0
2025-08-20,107.87999725341797,109.33000183105469,107.68000030517578,108.52999877929688,105.47310638427734,18959700,0.0,0.0
2025-08-21,108.41999816894531,109.56999969482422,107.95999908447266,109.2300033569336,106.15339660644531,12194900,0.0,0.0
2025-08-22,109.5999984741211,111.41000366210938,109.5999984741211,111.27999877929688,108.1456527709961,13586700,0.0,0.0
2025-08-25,110.9000015258789,111.91999816894531,110.54000091552734,111.73999786376953,108.59268951416016,9744900,0.0,0.0
2025-08-26,111.37000274658203,111.80999755859375,110.36000061035156,111.48999786376953,108.34972381591797,18143900,0.0,0.0
2025-08-27,111.41999816894531,112.9800033569336,111.41999816894531,112.75,109.57424926757812,15262600,0.0,0.0
2025-08-28,112.87000274658203,113.6500015258789,112.06999969482422,113.3499984741211,110.1573486328125,14189800,0.0,0.0
2025-08-29,113.72000122070312,114.79000091552734,113.58000183105469,114.29000091552734,111.07087707519531,14597900,0.0,0.0
2025-09-02,114.18000030517578,115.23999786376953,113.33000183105469,114.69000244140625,111.45960235595703,15206700,0.0,0.0
2025-09-03,113.97000122070312,114.43000030517578,111.45999908447266,111.91000366210938,108.7579116821289,14920100,0.0,0.0
2025-09-04,112.11000061035156,113.12999725341797,111.37999725341797,112.4000015258789,109.2341079711914,12864400,0.0,0.0
2025-09-05,111.5999984741211,111.77999877929688,109.0199966430664,109.2300033569336,106.15339660644531,16826700,0.0,0.0
2025-09-08,109.7300033569336,110.05000305175781,108.3499984741211,109.8499984741211,106.75593566894531,15440500,0.0,0.0
2025-09-09,110.52999877929688,112.51000213623047,110.52999877929688,110.6500015258789,107.53339385986328,14899500,0.0,0.0
2025-09-10,111.16000366210938,112.55999755859375,110.83999633789062,112.5,109.33129119873047,15837600,0.0,0.0
2025-09-11,111.4000015258789,112.7699966430664,110.87000274658203,112.13999938964844,108.9814224243164,11534500,0.0,0.0
2025-09-12,112.86000061035156,113.22000122070312,111.87999725341797,112.16000366210938,109.00086975097656,11105700,0.0,0.0
2025-09-15,112.18000030517578,112.45999908447266,111.31999969482422,112.3499984741211,109.18550872802734,12880500,0.0,0.0
2025-09-16,112.95999908447266,115.31999969482422,112.77999877929688,114.68000030517578,111.44988250732422,17208000,0.0,0.0
2025-09-17,114.52999877929688,115.48999786376953,114.05000305175781,115.29000091552734,112.0427017211914,13302000,0.0,0.0
2025-09-18,115.16999816894531,115.3499984741211,113.4000015258789,113.93000030517578,110.72101593017578,14628700,0.0,0.0
2025-09-19,113.9000015258789,113.9800033569336,112.63999938964844,112.81999969482422,109.64228057861328,38746500,0.0,0.0
2025-09-22,112.44999694824219,112.80000305175781,111.55999755859375,112.0199966430664,108.86479949951172,15611500,0.0,0.0
2025-09-23,112.72000122070312,114.75,112.4800033569336,113.94999694824219,110.74044036865234,25369100,0.0,0.0
2025-09-24,114.56999969482422,115.76000213623047,114.47000122070312,114.55999755859375,111.33326721191406,14756100,0.0,0.0
2025-09-25,114.63999938964844,115.9000015258789,114.41000366210938,115.58999633789062,112.33424377441406,15012600,0.0,0.0
2025-09-26,115.95999908447266,118.36000061035156,115.91999816894531,117.22000122070312,113.91835021972656,18568900,0.0,0.0
2025-09-29,116.05999755859375,116.5,113.66999816894531,114.22000122070312,111.00284576416016,19189300,0.0,0.0
2025-09-30,113.3499984741211,113.48999786376953,111.94000244140625,112.75,109.57424926757812,18076200,0.0,0.0
2025-10-01,112.55999755859375,113.0199966430664,111.29000091552734,111.98999786376953,108.83563995361328,16614000,0.0,0.0
2025-10-02,111.97000122070312,113.08999633789062,111.02999877929688,111.29000091552734,108.1553726196289,13062600,0.0,0.0
2025-10-03,111.9000015258789,113.75,111.9000015258789,113.26000213623047,110.06987762451172,12950100,0.0,0.0
2025-10-06,113.29000091552734,114.7699966430664,113.18000030517578,114.19999694824219,110.9833984375,12036800,0.0,0.0
2025-10-07,114.06999969482422,114.51000213623047,111.73999786376953,114.26000213623047,111.04170989990234,11945000,0.0,0.0
2025-10-08,114.37999725341797,115.01000213623047,113.41000366210938,114.0199966430664,110.80847930908203,12301000,0.0,0.0
2025-10-09,114.43000030517578,115.51000213623047,112.73999786376953,112.91000366210938,109.72974395751953,10976200,0.0,0.0
2025-10-10,112.26000213623047,112.62000274658203,110.70999908447266,110.7300033569336,107.61113739013672,13811600,0.0,0.0
2025-10-13,111.54000091552734,112.30000305175781,111.31999969482422,112.23999786376953,109.07860565185547,10296500,0.0,0.0
2025-10-14,110.76000213623047,112.95999908447266,110.70999908447266,112.29000091552734,109.12720489501953,11167200,0.0,0.0
2025-10-15,112.80000305175781,113.56999969482422,110.97000122070312,111.61000061035156,108.46635437011719,12182900,0.0,0.0
2025-10-16,111.87999725341797,112.19000244140625,110.38999938964844,110.63999938964844,107.52366638183594,11782200,0.0,0.0
2025-10-17,111.62999725341797,112.91000366210938,111.18000030517578,112.23999786376953,109.07860565185547,13460100,0.0,0.0
2025-10-20,112.0,113.1500015258789,111.9800033569336,112.69999694824219,109.52564239501953,9523600,0.0,0.0
2025-10-21,112.88999938964844,113.36000061035156,111.98999786376953,112.70999908447266,109.53536987304688,9202300,0.0,0.0
2025-10-22,113.44999694824219,115.18000030517578,113.08000183105469,114.70999908447266,111.47904205322266,12938800,0.0,0.0
2025-10-23,116.62999725341797,116.8499984741211,115.36000061035156,115.9800033569336,112.71327209472656,15001100,0.0,0.0
2025-10-24,116.3499984741211,116.47000122070312,115.18000030517578,115.38999938964844,112.13988494873047,9919400,0.0,0.0
2025-10-27,115.69999694824219,115.98999786376953,115.0999984741211,115.94000244140625,112.67439270019531,10975400,0.0,0.0
2025-10-28,115.48999786376953,116.18000030517578,114.98999786376953,115.02999877929688,111.79002380371094,9535200,0.0,0.0
2025-10-29,114.91999816894531,117.05000305175781,114.80999755859375,116.44999694824219,113.1700210571289,12570600,0.0,0.0
2025-10-30,116.43000030517578,116.5199966430664,114.52999877929688,114.69000244140625,111.45960235595703,16172900,0.0,0.0
2025-10-31,113.9800033569336,115.2300033569336,112.62000274658203,114.36000061035156,111.13890075683594,20213400,0.0,0.0
2025-11-03,114.5,114.98999786376953,113.63999938964844,113.76000213623047,110.55579376220703,12290300,0.0,0.0
2025-11-04,113.37999725341797,114.3499984741211,112.51000213623047,114.13999938964844,110.92509460449219,16860700,0.0,0.0
2025-11-05,114.08999633789062,115.18000030517578,113.66999816894531,113.68000030517578,110.4780502319336,12400900,0.0,0.0
2025-11-06,113.63999938964844,114.94000244140625,113.63999938964844,114.5,111.27495574951172,14219700,0.0,0.0
2025-11-07,115.20999908447266,117.51000213623047,114.9000015258789,117.22000122070312,113.91835021972656,17181100,0.0,0.0
2025-11-10,117.44000244140625,118.44999694824219,115.45999908447266,118.22000122070312,114.89018249511719,13048000,0.0,0.0
2025-11-11,118.83000183105469,120.80999755859375,118.83000183105469,119.77999877929688,116.40623474121094,16077100,0.0,0.0
2025-11-12,119.0999984741211,119.27999877929688,117.79000091552734,118.12000274658203,114.79299926757812,13790900,0.0,0.0
2025-11-13,118.62999725341797,119.76000213623047,118.27999877929688,118.79000091552734,115.4441146850586,17291900,0.0,0.0
2025-11-14,118.44999694824219,119.4800033569336,116.66000366210938,119.29000091552734,116.94403076171875,17064300,1.03,0.0
2025-11-17,118.97000122070312,119.5,117.11000061035156,117.68000030517578,115.36569213867188,16034900,0.0,0.0
2025-11-18,117.26000213623047,119.4800033569336,116.4800033569336,119.02999877929688,116.68914794921875,15808500,0.0,0.0
2025-11-19,116.8499984741211,118.18000030517578,115.93000030517578,117.3499984741211,115.04218292236328,15919200,0.0,0.0
2025-11-20,117.9800033569336,119.01000213623047,116.73999786376953,117.0199966430664,114.71866607666016,14401000,0.0,0.0
2025-11-21,116.98999786376953,117.37999725341797,115.6500015258789,117.08000183105469,114.7774887084961,15667600,0.0,0.0
2025-11-24,117.19999694824219,117.19999694824219,114.73999786376953,115.97000122070312,113.68932342529297,18034900,0.0,0.0
2025-11-25,115.18000030517578,115.9000015258789,114.19000244140625,114.51000213623047,112.25802612304688,14434600,0.0,0.0
2025-11-26,114.41000366210938,115.73999786376953,114.30999755859375,114.7699966430664,112.5129165649414,11650600,0.0,0.0
2025-11-28,114.94999694824219,118.73999786376953,114.81999969482422,115.91999816894531,113.64030456542969,7240800,0.0,0.0
2025-12-01,116.0999984741211,117.41000366210938,116.0999984741211,116.62999725341797,114.33634185791016,12658100,0.0,0.0
2025-12-02,116.44000244140625,116.5999984741211,114.69000244140625,115.37999725341797,113.11092376708984,14607700,0.0,0.0
2025-12-03,115.94999694824219,117.9800033569336,115.87999725341797,117.80000305175781,115.48332977294922,16819100,0.0,0.0
2025-12-04,117.5,118.33999633789062,116.66000366210938,117.13999938964844,114.83631134033203,13686900,0.0,0.0
2025-12-05,116.75,118.77999877929688,116.41000366210938,116.54000091552734,114.24810791015625,12516900,0.0,0.0
2025-12-08,115.83000183105469,117.0,115.04000091552734,115.9800033569336,113.69912719726562,14904200,0.0,0.0
2025-12-09,116.9000015258789,120.47000122070312,116.88999938964844,118.25,115.92448425292969,23790800,0.0,0.0
2025-12-10,118.7300033569336,119.87000274658203,118.37000274658203,119.54000091552734,117.1891098022461,19845200,0.0,0.0
2025-12-11,119.11000061035156,120.36000061035156,119.06999969482422,119.54000091552734,117.1891098022461,14781800,0.0,0.0
2025-12-12,119.44000244140625,119.91999816894531,118.30999755859375,118.81999969482422,116.48326873779297,14459500,0.0,0.0
2025-12-15,119.01000213623047,119.02999877929688,116.8499984741211,117.76000213623047,115.44412231445312,16358700,0.0,0.0
2025-12-16,116.7699966430664,116.83999633789062,114.61000061035156,114.68000030517578,112.42469024658203,17638700,0.0,0.0
2025-12-17,115.20999908447266,117.62000274658203,115.16999816894531,117.41000366210938,115.10101318359375,18502200,0.0,0.0
2025-12-18,116.98999786376953,116.98999786376953,115.62999725341797,116.54000091552734,114.24810791015625,13705600,0.0,0.0
2025-12-19,116.75,117.56999969482422,115.95999908447266,116.69000244140625,114.3951644897461,45412800,0.0,0.0
2025-12-22,117.33999633789062,118.45999908447266,117.33999633789062,118.1500015258789,115.82644653320312,11768600,0.0,0.0
2025-12-23,118.47000122070312,120.02999877929688,118.31999969482422,119.41999816894531,117.07146453857422,12567600,0.0,0.0
2025-12-24,119.33000183105469,120.05000305175781,119.12000274658203,119.22000122070312,116.87541198730469,6137400,0.0,0.0
2025-12-26,118.88999938964844,119.55000305175781,118.52999877929688,119.11000061035156,116.76757049560547,8066100,0.0,0.0
2025-12-29,120.1500015258789,121.30000305175781,119.4000015258789,120.52999877929688,118.1596450805664,14782500,0.0,0.0
2025-12-30,121.0999984741211,121.80000305175781,120.62999725341797,120.98999786376953,118.610595703125,11150500,0.0,0.0
2025-12-31,121.18000030517578,121.26000213623047,119.87000274658203,120.33999633789062,117.97338104248047,10559900,0.0,0.0
2026-01-02,120.08999633789062,122.68000030517578,119.61000061035156,122.6500015258789,120.23795318603516,14175100,0.0,0.0
2026-01-05,125.20999908447266,125.93000030517578,122.38999938964844,125.36000061035156,122.8946533203125,30112200,0.0,0.0
2026-01-06,125.3499984741211,125.80000305175781,121.0,121.05000305175781,118.66942596435547,23328600,0.0,0.0
2026-01-07,119.80000305175781,120.12000274658203,118.2699966430664,118.48999786376953,116.15975952148438,20353000,0.0,0.0
2026-01-08,118.9800033569336,123.62999725341797,118.66000366210938,122.91000366210938,120.49284362792969,20232700,0.0,0.0
2026-01-09,123.2300033569336,124.86000061035156,123.0999984741211,124.61000061035156,122.15940856933594,16137700,0.0,0.0
2026-01-12,124.45999908447266,124.5,122.55999755859375,124.02999877929688,121.59081268310547,15314900,0.0,0.0
2026-01-13,125.0,127.13999938964844,124.80999755859375,126.54000091552734,124.05144500732422,21619700,0.0,0.0
2026-01-14,127.3499984741211,131.72000122070312,127.12999725341797,130.1999969482422,127.63945770263672,27593900,0.0,0.0
2026-01-15,129.1300048828125,130.1999969482422,128.3000030517578,129.1300048828125,126.59052276611328,17400000,0.0,0.0
2026-01-16,128.91000366210938,130.16000366210938,128.8699951171875,129.88999938964844,127.33556365966797,16592400,0.0,0.0
2026-01-20,131.50999450683594,131.94000244140625,130.07000732421875,130.4600067138672,127.89437103271484,16477300,0.0,0.0
2026-01-21,131.91000366210938,133.72999572753906,131.91000366210938,133.61000061035156,130.982421875,18879900,0.0,0.0
2026-01-22,133.0500030517578,134.17999267578125,131.85000610351562,133.63999938964844,131.01182556152344,16600100,0.0,0.0
2026-01-23,135.08999633789062,135.97999572753906,134.47999572753906,134.97000122070312,132.315673828125,17758200,0.0,0.0
2026-01-26,136.92999267578125,136.94000244140625,134.1699981689453,134.83999633789062,132.18821716308594,16056100,0.0,0.0
2026-01-27,135.25,136.92999267578125,134.7100067138672,136.8300018310547,134.13906860351562,14517000,0.0,0.0
2026-01-28,137.69000244140625,138.00999450683594,136.6699981689453,137.5800018310547,134.87432861328125,15637300,0.0,0.0
2026-01-29,140.32000732421875,142.33999633789062,139.11000061035156,140.50999450683594,137.7467041015625,35760600,0.0,0.0
2026-01-30,138.74000549316406,142.2100067138672,137.8300018310547,141.39999389648438,138.61920166015625,29657700,0.0,0.0
2026-02-02,139.8300018310547,140.32000732421875,138.05999755859375,138.39999389648438,135.67819213867188,27735600,0.0,0.0
2026-02-03,138.63999938964844,145.00999450683594,138.30999755859375,143.72999572753906,140.90338134765625,37577800,0.0,0.0
2026-02-04,144.1199951171875,147.83999633789062,144.1199951171875,147.58999633789062,144.68746948242188,29426200,0.0,0.0
2026-02-05,146.5800018310547,146.72999572753906,143.8000030517578,146.0800018310547,143.20718383789062,18431700,0.0,0.0
2026-02-06,146.6199951171875,149.57000732421875,146.08999633789062,149.0500030517578,146.1187744140625,17216000,0.0,0.0
2026-02-09,149.25999450683594,151.5500030517578,148.6300048828125,151.2100067138672,148.2362823486328,21297300,0.0,0.0
2026-02-10,151.35000610351562,151.77999877929688,149.82000732421875,151.58999633789062,148.6088104248047,15800300,0.0,0.0
2026-02-11,153.97000122070312,156.92999267578125,153.57000732421875,155.55999755859375,152.50074768066406,23091500,0.0,0.0
2026-02-12,153.88999938964844,155.25,149.8800048828125,149.92999267578125,147.9611358642578,30652500,1.03,0.0
2026-02-13,150.5500030517578,151.66000366210938,147.97999572753906,148.4499969482422,146.50057983398438,20166000,0.0,0.0
2026-02-17,148.1999969482422,149.1300048828125,145.14999389648438,146.19000244140625,144.270263671875,19766600,0.0,0.0
2026-02-18,148.14999389648438,150.97999572753906,147.61000061035156,150.67999267578125,148.7012939453125,19849700,0.0,0.0
2026-02-19,152.1999969482422,153.3800048828125,150.83999633789062,150.97000122070312,148.98748779296875,20305000,0.0,0.0
2026-02-20,150.49000549316406,150.80999755859375,146.4600067138672,147.27999877929688,145.345947265625,25908600,0.0,0.0
2026-02-23,148.14999389648438,151.27000427246094,148.1300048828125,150.75999450683594,148.78024291992188,16073100,0.0,0.0
2026-02-24,150.4199981689453,150.72000122070312,148.02999877929688,149.25999450683594,147.29994201660156,14185500,0.0,0.0
2026-02-25,149.91000366210938,150.17999267578125,147.3300018310547,149.05999755859375,147.10256958007812,15225700,0.0,0.0
2026-02-26,147.80999755859375,150.9600067138672,146.77000427246094,148.5399932861328,146.58938598632812,15632100,0.0,0.0
2026-02-27,151.0,153.64999389648438,149.25,152.5,150.49740600585938,30275100,0.0,0.0
2026-03-02,159.35000610351562,159.61000061035156,153.02999877929688,154.22000122070312,152.19480895996094,31493100,0.0,0.0
2026-03-03,155.42999267578125,156.0500030517578,150.3000030517578,151.8300018310547,149.83619689941406,25198900,0.0,0.0
2026-03-04,150.72000122070312,151.16000366210938,147.86000061035156,149.82000732421875,147.85260009765625,16764800,0.0,0.0
2026-03-05,151.0,152.3300018310547,149.47000122070312,150.75999450683594,148.78024291992188,22969300,0.0,0.0
2026-03-06,153.14999389648438,153.8000030517578,149.9600067138672,151.2100067138672,149.22434997558594,21136400,0.0,0.0
2026-03-09,152.02000427246094,153.88999938964844,149.47000122070312,150.44000244140625,148.46444702148438,25532700,0.0,0.0
2026-03-10,149.25,150.39999389648438,147.6999969482422,148.1300048828125,146.18479919433594,19617600,0.0,0.0
2026-03-11,147.99000549316406,151.80999755859375,147.66000366210938,151.5800018310547,149.5894775390625,15297400,0.0,0.0
2026-03-12,152.27000427246094,155.0,151.6300048828125,153.52999877929688,151.5138702392578,26054000,0.0,0.0
2026-03-13,154.3000030517578,156.88999938964844,152.97999572753906,156.1199951171875,154.06985473632812,22414100,0.0,0.0
2026-03-16,156.0,157.77999877929688,154.75999450683594,157.22999572753906,155.165283203125,22835600,0.0,0.0
2026-03-17,158.25,160.4499969482422,156.8000030517578,158.80999755859375,156.7245330810547,21592200,0.0,0.0
2026-03-18,159.66000366210938,160.17999267578125,157.52999877929688,157.58999633789062,155.5205535888672,18947100,0.0,0.0
2026-03-19,158.25999450683594,159.55999755859375,154.83999633789062,158.16000366210938,156.08306884765625,27082700,0.0,0.0
2026-03-20,159.35000610351562,162.44000244140625,159.10000610351562,159.6699981689453,157.5732421875,53942100,0.0,0.0
2026-03-23,156.1199951171875,161.4199981689453,155.02000427246094,161.1300048828125,159.0140838623047,25021300,0.0,0.0
2026-03-24,161.7100067138672,167.47999572753906,161.25,165.3800048828125,163.20826721191406,26131800,0.0,0.0
2026-03-25,163.8699951171875,165.0,162.92999267578125,163.25999450683594,161.11610412597656,17192300,0.0,0.0
2026-03-26,164.08999633789062,165.67999267578125,162.05999755859375,165.42999267578125,163.25759887695312,18625200,0.0,0.0
2026-03-27,165.5800018310547,171.22999572753906,164.8000030517578,170.99000549316406,168.7445831298828,30338300,0.0,0.0
2026-03-30,172.50999450683594,176.41000366210938,171.0500030517578,171.47000122070312,169.21827697753906,29813500,0.0,0.0
2026-03-31,172.6699981689453,174.3800048828125,165.97000122070312,169.66000366210938,167.4320526123047,32006700,0.0,0.0
2026-04-01,165.77000427246094,168.0,159.52999877929688,160.77999877929688,158.66867065429688,37927600,0.0,0.0
2026-04-02,164.49000549316406,166.89999389648438,159.58999633789062,160.69000244140625,158.57984924316406,25377700,0.0,0.0
2026-04-06,160.57000732421875,163.75,159.52999877929688,163.3699951171875,161.2246551513672,16344300,0.0,0.0
2026-04-07,164.22000122070312,166.24000549316406,161.77000427246094,163.91000366210938,161.757568359375,25227500,0.0,0.0
2026-04-08,153.52000427246094,156.35000610351562,150.97999572753906,156.22000122070312,154.16854858398438,31311200,0.0,0.0
2026-04-09,156.86000061035156,159.22999572753906,154.30999755859375,155.0399932861328,153.00404357910156,25868400,0.0,0.0
2026-04-10,154.0399932861328,155.1199951171875,151.9199981689453,152.50999450683594,150.5072479248047,21065000,0.0,0.0
2026-04-13,154.27000427246094,154.6199951171875,151.27999877929688,152.63999938964844,150.63555908203125,18685600,0.0,0.0
2026-04-14,150.07000732421875,150.11000061035156,146.72000122070312,149.24000549316406,147.28021240234375,18528200,0.0,0.0
2026-04-15,148.60000610351562,150.22999572753906,146.89999389648438,149.00999450683594,147.05322265625,15626500,0.0,0.0
2026-04-16,149.52999877929688,152.77999877929688,149.35000610351562,151.97999572753906,149.98422241210938,15191000,0.0,0.0
2026-04-17,144.86000061035156,146.8000030517578,141.97000122070312,146.44000244140625,144.5169677734375,28947400,0.0,0.0
2026-04-20,147.3800048828125,149.3699951171875,146.35000610351562,147.67999267578125,145.7406768798828,16354400,0.0,0.0
2026-04-21,147.3699951171875,148.80999755859375,146.24000549316406,148.36000061035156,146.41175842285156,17515900,0.0,0.0
2026-04-22,149.3699951171875,150.67999267578125,148.17999267578125,149.5,147.5367889404297,13738700,0.0,0.0
2026-04-23,149.85000610351562,151.22999572753906,148.5,150.52999877929688,148.5532684326172,12970400,0.0,0.0
2026-04-24,149.63999938964844,150.3000030517578,146.9499969482422,148.91000366210938,146.9545440673828,13735900,0.0,0.0
2026-04-27,149.16000366210938,151.17999267578125,147.97000122070312,148.19000244140625,146.24400329589844,13940800,0.0,0.0
2026-04-28,151.52999877929688,152.30999755859375,149.8300018310547,150.55999755859375,148.58287048339844,15173600,0.0,0.0
2026-04-29,152.02000427246094,154.9499969482422,151.00999450683594,154.6699981689453,152.63890075683594,14669100,0.0,0.0
2026-04-30,152.42999267578125,155.69000244140625,151.33999633789062,154.3300018310547,152.30335998535156,22885900,0.0,0.0
2026-05-01,152.61000061035156,155.00999450683594,151.1300048828125,152.75,150.74411010742188,15458200,0.0,0.0
2026-05-04,152.6699981689453,154.47000122070312,149.52000427246094,153.69000244140625,151.67176818847656,14238500,0.0,0.0
2026-05-05,153.10000610351562,155.2899932861328,152.41000366210938,154.8800048828125,152.8461456298828,12494600,0.0,0.0
2026-05-06,149.07000732421875,150.3300018310547,147.08999633789062,148.69000244140625,146.7374267578125,20527000,0.0,0.0
2026-05-07,146.8000030517578,147.0800018310547,144.19000244140625,146.5800018310547,144.65513610839844,22509400,0.0,0.0
2026-05-08,145.85000610351562,146.5,143.9199981689453,144.57000732421875,142.67153930664062,19550100,0.0,0.0
2026-05-11,146.02000427246094,149.72000122070312,146.0,149.67999267578125,147.7144317626953,14849500,0.0,0.0
2026-05-12,151.25,151.80999755859375,149.77000427246094,150.6300048828125,148.65196228027344,16443100,0.0,0.0
2026-05-13,150.05999755859375,151.7899932861328,149.67999267578125,151.57000732421875,149.57962036132812,15772800,0.0,0.0
2026-05-14,151.89999389648438,153.1199951171875,151.25999450683594,152.77999877929688,150.77371215820312,11331500,0.0,0.0
2026-05-15,153.75,158.0,153.0,157.9199981689453,156.90402221679688,27882400,1.03,0.0
2026-05-18,157.32000732421875,161.72999572753906,155.22999572753906,160.49000549316406,159.45748901367188,20065200,0.0,0.0
2026-05-19,161.5,163.32000732421875,159.63999938964844,162.5500030517578,161.50424194335938,20715600,0.0,0.0
2026-05-20,161.61000061035156,163.67999267578125,156.27000427246094,156.27999877929688,155.27456665039062,18509700,0.0,0.0
2026-05-21,158.4199981689453,159.38999938964844,153.4600067138672,155.2899932861328,154.2909393310547,17061700,0.0,0.0
2026-05-22,154.02999877929688,155.5500030517578,153.1699981689453,154.9199981689453,153.92332458496094,12948500,0.0,0.0
2026-05-26,153.5,154.5500030517578,149.47000122070312,149.80999755859375,148.84619140625,13057800,0.0,0.0
2026-05-27,147.22999572753906,148.69000244140625,145.75,147.89999389648438,146.948486328125,16241100,0.0,0.0
2026-05-28,149.33999633789062,150.2100067138672,146.8699951171875,146.9600067138672,146.01454162597656,14012500,0.0,0.0
2026-05-29,146.19000244140625,146.92999267578125,144.7100067138672,145.25999450683594,144.32546997070312,27959900,0.0,0.0
2026-06-01,147.02000427246094,149.64999389648438,147.0,149.3800048828125,148.41897583007812,16732100,0.0,0.0
2026-06-02,149.02999877929688,150.8300018310547,148.5,149.55999755859375,148.59780883789062,10462400,0.0,0.0
2026-06-03,150.61000061035156,154.91000366210938,150.02000427246094,152.52999877929688,151.5487060546875,14373000,0.0,0.0
2026-06-04,152.0500030517578,153.42999267578125,150.94000244140625,152.0399932861328,151.0618438720703,11799400,0.0,0.0
2026-06-05,152.00999450683594,152.1300048828125,149.3000030517578,149.9199981689453,148.9554901123047,16584000,0.0,0.0
2026-06-08,151.16000366210938,153.80999755859375,150.89999389648438,151.75,150.77371215820312,13870900,0.0,0.0
2026-06-09,150.91000366210938,151.1300048828125,147.77999877929688,148.91000366210938,147.95199584960938,18163500,0.0,0.0
2026-06-10,151.22999572753906,152.49000549316406,149.55999755859375,150.6199951171875,149.65098571777344,14596500,0.0,0.0
2026-06-11,152.3000030517578,152.49000549316406,146.4199981689453,146.60000610351562,145.6568603515625,17285800,0.0,0.0
2026-06-12,145.6300048828125,148.91000366210938,145.14999389648438,147.00999450683594,146.064208984375,17713100,0.0,0.0
2026-06-15,139.74000549316406,141.97999572753906,137.72000122070312,140.9199981689453,140.01339721679688,23631400,0.0,0.0
2026-06-16,140.19000244140625,142.14999389648438,139.97999572753906,141.86000061035156,140.9473419189453,18925400,0.0,0.0
2026-06-17,141.22000122070312,142.33999633789062,140.32000732421875,140.74000549316406,139.8345489501953,16663200,0.0,0.0
2026-06-18,138.32000732421875,138.4600067138672,135.85000610351562,137.80999755859375,136.92340087890625,48063400,0.0,0.0
2026-06-22,138.5399932861328,139.0,137.02000427246094,138.47000122070312,137.57916259765625,15783300,0.0,0.0
2026-06-23,139.4600067138672,140.38999938964844,138.5,139.72999572753906,138.83103942871094,13699400,0.0,0.0
2026-06-24,137.1199951171875,137.63999938964844,135.58999633789062,136.89999389648438,136.01925659179688,16212900,0.0,0.0
2026-06-25,135.63999938964844,138.07000732421875,134.9499969482422,137.5500030517578,136.66506958007812,13288800,0.0,0.0
2026-06-26,136.97000122070312,137.5800018310547,135.9199981689453,136.5399932861328,135.66156005859375,22684200,0.0,0.0
2026-06-29,136.5800018310547,137.38999938964844,135.38999938964844,136.05999755859375,135.18466186523438,11972700,0.0,0.0
2026-06-30,136.47999572753906,137.3000030517578,135.3300018310547,136.72000122070312,135.8404083251953,28784000,0.0,0.0
2026-07-01,136.52999877929688,137.49000549316406,135.6300048828125,136.27999877929688,135.4032440185547,12433400,0.0,0.0
2026-07-02,137.14999389648438,139.13999938964844,136.3300018310547,137.08999633789062,136.20802307128906,13703300,0.0,0.0
2026-07-06,136.5500030517578,137.3699951171875,136.00999450683594,136.44000244140625,135.5622100830078,13915100,0.0,0.0
2026-07-07,138.55999755859375,141.74000549316406,138.1300048828125,141.69000244140625,140.7784423828125,14667800,0.0,0.0
2026-07-08,143.44000244140625,143.99000549316406,139.80999755859375,141.1300048828125,140.2220458984375,18291400,0.0,0.0
2026-07-09,139.66000366210938,140.0500030517578,137.1199951171875,137.4600067138672,136.57565307617188,14110200,0.0,0.0
2026-07-10,137.89999389648438,138.97000122070312,137.13999938964844,138.8800048828125,137.9865264892578,9753500,0.0,0.0
2026-07-13,140.9199981689453,145.22999572753906,140.49000549316406,144.50999450683594,143.58029174804688,18724300,0.0,0.0
2026-07-14,145.50999450683594,146.0,143.88999938964844,145.08999633789062,144.15655517578125,16096400,0.0,0.0
2026-07-15,145.08999633789062,145.08999633789062,142.02999877929688,144.50999450683594,143.58029174804688,13444500,0.0,0.0
2026-07-16,145.27999877929688,146.8699951171875,144.5500030517578,145.9499969482422,145.0110321044922,13518000,0.0,0.0
2026-07-17,149.02999877929688,150.0,147.1699981689453,147.36000061035156,146.41195678710938,19031400,0.0,0.0
2026-07-20,146.5,149.08999633789062,146.22999572753906,148.36000061035156,147.40553283691406,12149200,0.0,0.0
2026-07-21,149.00999450683594,151.75999450683594,148.47999572753906,151.7100067138672,150.73397827148438,13145300,0.0,0.0
2026-07-22,153.86000061035156,154.8000030517578,152.9499969482422,154.4499969482422,153.4563446044922,13788700,0.0,0.0
2026-07-23,156.60000610351562,158.57000732421875,156.05999755859375,156.88999938964844,155.88064575195312,15822800,0.0,0.0
2026-07-24,156.99000549316406,158.7100067138672,155.67999267578125,156.94000244140625,155.93032836914062,12091600,0.0,0.0
2026-07-27,153.07000732421875,155.4199981689453,152.5,154.77000427246094,153.7742919921875,13955800,0.0,0.0
2026-07-28,154.1699981689453,156.17999267578125,151.8800048828125,153.0399932861328,152.055419921875,16299900,0.0,0.0
2026-07-29,157.72000122070312,159.07000732421875,155.86000061035156,156.75,155.74154663085938,14571300,0.0,0.0
2026-07-30,155.08999633789062,157.77999877929688,154.52999877929688,156.97000122070312,155.96014404296875,12578100,0.0,0.0
2026-07-31,153.74000549316406,156.16000366210938,152.13999938964844,155.44000244140625,154.4399871826172,15714200,0.0,0.0
2026-08-03,153.4600067138672,155.91000366210938,152.64999389648438,155.05999755859375,154.0624237060547,14532800,0.0,0.0
2026-08-04,151.6199951171875,154.83999633789062,149.08999633789062,153.9600067138672,152.96951293945312,14347900,0.0,0.0
2026-08-05,155.0399932861328,155.0399932861328,151.14999389648438,151.6300048828125,150.6544952392578,12227500,0.0,0.0
2026-08-06,154.22000122070312,154.8699951171875,151.83999633789062,154.83999633789062,153.84384155273438,11879100,0.0,0.0
2026-08-07,152.63999938964844,153.6699981689453,151.52999877929688,153.0399932861328,152.055419921875,18455200,0.0,0.0
2026-08-10,154.5,160.3699951171875,154.4499969482422,159.7899932861328,158.76199340820312,19761600,0.0,0.0
2026-08-11,159.66000366210938,161.6699981689453,159.27000427246094,159.8000030517578,158.7719268798828,13744500,0.0,0.0
2026-08-12,158.5500030517578,160.22999572753906,157.55999755859375,159.75,158.7222442626953,13219500,0.0,0.0
2026-08-13,158.02999877929688,159.75999450683594,157.42999267578125,158.61000061035156,157.58958435058594,10542800,0.0,0.0
2026-08-14,159.7100067138672,161.25999450683594,159.25,160.10000610351562,159.07000732421875,10231300,0.0,0.0
2026-08-17,160.10000610351562,162.50999450683594,159.08999633789062,161.4600067138672,161.4600067138672,12858100,1.03,0.0
2026-08-18,164.35000610351562,165.6699981689453,163.25,165.55999755859375,165.55999755859375,18952700,0.0,0.0
2026-08-19,166.07000732421875,168.2100067138672,164.66000366210938,164.77000427246094,164.77000427246094,13648900,0.0,0.0
2026-08-20,167.02000427246094,168.63999938964844,166.07000732421875,166.14999389648438,166.14999389648438,13803000,0.0,0.0
2026-08-21,166.5399932861328,168.0,164.61000061035156,165.11000061035156,165.11000061035156,14314300,0.0,0.0
2026-08-24,163.8699951171875,165.22000122070312,162.25,164.0500030517578,164.0500030517578,10842500,0.0,0.0
2026-08-25,161.4499969482422,162.80999755859375,160.4600067138672,160.63999938964844,160.63999938964844,17525300,0.0,0.0
2026-08-26,158.0,161.1300048828125,157.75999450683594,158.19000244140625,158.19000244140625,14838400,0.0,0.0
2026-08-27,157.6300048828125,158.19000244140625,156.13999938964844,156.44000244140625,156.44000244140625,14288500,0.0,0.0
2026-08-28,156.60000610351562,157.4199981689453,155.32000732421875,156.7100067138672,156.7100067138672,11352600,0.0,0.0
2026-08-31,159.94000244140625,161.58999633789062,158.74000549316406,160.9499969482422,160.9499969482422,18363400,0.0,0.0
2026-09-01,163.60000610351562,164.6999969482422,162.22000122070312,164.5500030517578,164.5500030517578,11381800,0.0,0.0
2026-09-02,163.92999267578125,165.02000427246094,162.75999450683594,164.14999389648438,164.14999389648438,11287000,0.0,0.0
2026-09-03,164.42999267578125,165.64999389648438,162.08999633789062,162.2100067138672,162.2100067138672,13755100,0.0,0.0
2026-09-04,161.02000427246094,161.47999572753906,159.16000366210938,159.47000122070312,159.47000122070312,16206400,0.0,0.0
2026-09-08,160.61000061035156,163.11000061035156,158.75,160.66000366210938,160.66000366210938,12607700,0.0,0.0
